  0
SECTION
  2
HEADER
  9
$ACADVER
  1
AC1027
  9
$ACADMAINTVER
 70
105
  9
$DWGCODEPAGE
  3
ANSI_1252
  9
$LASTSAVEDBY
  1
ezdxf
  9
$REQUIREDVERSIONS
160
0
  9
$INSBASE
 10
0.0
 20
0.0
 30
0.0
  9
$EXTMIN
 10
1e+20
 20
1e+20
 30
1e+20
  9
$EXTMAX
 10
-1e+20
 20
-1e+20
 30
-1e+20
  9
$LIMMIN
 10
0.0
 20
0.0
  9
$LIMMAX
 10
420.0
 20
297.0
  9
$ORTHOMODE
 70
0
  9
$REGENMODE
 70
1
  9
$FILLMODE
 70
1
  9
$QTEXTMODE
 70
0
  9
$MIRRTEXT
 70
1
  9
$LTSCALE
 40
1.0
  9
$ATTMODE
 70
1
  9
$TEXTSIZE
 40
2.5
  9
$TRACEWID
 40
1.0
  9
$TEXTSTYLE
  7
Standard
  9
$CLAYER
  8
0
  9
$CELTYPE
  6
ByLayer
  9
$CECOLOR
 62
256
  9
$CELTSCALE
 40
1.0
  9
$DISPSILH
 70
0
  9
$DIMSCALE
 40
1.0
  9
$DIMASZ
 40
2.5
  9
$DIMEXO
 40
0.625
  9
$DIMDLI
 40
3.75
  9
$DIMRND
 40
0.0
  9
$DIMDLE
 40
0.0
  9
$DIMEXE
 40
1.25
  9
$DIMTP
 40
0.0
  9
$DIMTM
 40
0.0
  9
$DIMTXT
 40
2.5
  9
$DIMCEN
 40
2.5
  9
$DIMTSZ
 40
0.0
  9
$DIMTOL
 70
0
  9
$DIMLIM
 70
0
  9
$DIMTIH
 70
0
  9
$DIMTOH
 70
0
  9
$DIMSE1
 70
0
  9
$DIMSE2
 70
0
  9
$DIMTAD
 70
1
  9
$DIMZIN
 70
8
  9
$DIMBLK
  1

  9
$DIMASO
 70
1
  9
$DIMSHO
 70
1
  9
$DIMPOST
  1

  9
$DIMAPOST
  1

  9
$DIMALT
 70
0
  9
$DIMALTD
 70
3
  9
$DIMALTF
 40
0.03937007874
  9
$DIMLFAC
 40
1.0
  9
$DIMTOFL
 70
1
  9
$DIMTVP
 40
0.0
  9
$DIMTIX
 70
0
  9
$DIMSOXD
 70
0
  9
$DIMSAH
 70
0
  9
$DIMBLK1
  1

  9
$DIMBLK2
  1

  9
$DIMSTYLE
  2
ISO-25
  9
$DIMCLRD
 70
0
  9
$DIMCLRE
 70
0
  9
$DIMCLRT
 70
0
  9
$DIMTFAC
 40
1.0
  9
$DIMGAP
 40
0.625
  9
$DIMJUST
 70
0
  9
$DIMSD1
 70
0
  9
$DIMSD2
 70
0
  9
$DIMTOLJ
 70
0
  9
$DIMTZIN
 70
8
  9
$DIMALTZ
 70
0
  9
$DIMALTTZ
 70
0
  9
$DIMUPT
 70
0
  9
$DIMDEC
 70
2
  9
$DIMTDEC
 70
2
  9
$DIMALTU
 70
2
  9
$DIMALTTD
 70
3
  9
$DIMTXSTY
  7
Standard
  9
$DIMAUNIT
 70
0
  9
$DIMADEC
 70
0
  9
$DIMALTRND
 40
0.0
  9
$DIMAZIN
 70
0
  9
$DIMDSEP
 70
44
  9
$DIMATFIT
 70
3
  9
$DIMFRAC
 70
0
  9
$DIMLDRBLK
  1

  9
$DIMLUNIT
 70
2
  9
$DIMLWD
 70
-2
  9
$DIMLWE
 70
-2
  9
$DIMTMOVE
 70
0
  9
$DIMFXL
 40
1.0
  9
$DIMFXLON
 70
0
  9
$DIMJOGANG
 40
0.785398163397
  9
$DIMTFILL
 70
0
  9
$DIMTFILLCLR
 70
0
  9
$DIMARCSYM
 70
0
  9
$DIMLTYPE
  6

  9
$DIMLTEX1
  6

  9
$DIMLTEX2
  6

  9
$DIMTXTDIRECTION
 70
0
  9
$LUNITS
 70
2
  9
$LUPREC
 70
4
  9
$SKETCHINC
 40
1.0
  9
$FILLETRAD
 40
10.0
  9
$AUNITS
 70
0
  9
$AUPREC
 70
2
  9
$MENU
  1
.
  9
$ELEVATION
 40
0.0
  9
$PELEVATION
 40
0.0
  9
$THICKNESS
 40
0.0
  9
$LIMCHECK
 70
0
  9
$CHAMFERA
 40
0.0
  9
$CHAMFERB
 40
0.0
  9
$CHAMFERC
 40
0.0
  9
$CHAMFERD
 40
0.0
  9
$SKPOLY
 70
0
  9
$TDCREATE
 40
2461266.474479167
  9
$TDUCREATE
 40
2458532.153996898
  9
$TDUPDATE
 40
2461266.474479167
  9
$TDUUPDATE
 40
2458532.1544311
  9
$TDINDWG
 40
0.0
  9
$TDUSRTIMER
 40
0.0
  9
$USRTIMER
 70
1
  9
$ANGBASE
 50
0.0
  9
$ANGDIR
 70
0
  9
$PDMODE
 70
0
  9
$PDSIZE
 40
0.0
  9
$PLINEWID
 40
0.0
  9
$SPLFRAME
 70
0
  9
$SPLINETYPE
 70
6
  9
$SPLINESEGS
 70
8
  9
$HANDSEED
  5
1104
  9
$SURFTAB1
 70
6
  9
$SURFTAB2
 70
6
  9
$SURFTYPE
 70
6
  9
$SURFU
 70
6
  9
$SURFV
 70
6
  9
$UCSBASE
  2

  9
$UCSNAME
  2

  9
$UCSORG
 10
0.0
 20
0.0
 30
0.0
  9
$UCSXDIR
 10
1.0
 20
0.0
 30
0.0
  9
$UCSYDIR
 10
0.0
 20
1.0
 30
0.0
  9
$UCSORTHOREF
  2

  9
$UCSORTHOVIEW
 70
0
  9
$UCSORGTOP
 10
0.0
 20
0.0
 30
0.0
  9
$UCSORGBOTTOM
 10
0.0
 20
0.0
 30
0.0
  9
$UCSORGLEFT
 10
0.0
 20
0.0
 30
0.0
  9
$UCSORGRIGHT
 10
0.0
 20
0.0
 30
0.0
  9
$UCSORGFRONT
 10
0.0
 20
0.0
 30
0.0
  9
$UCSORGBACK
 10
0.0
 20
0.0
 30
0.0
  9
$PUCSBASE
  2

  9
$PUCSNAME
  2

  9
$PUCSORG
 10
0.0
 20
0.0
 30
0.0
  9
$PUCSXDIR
 10
1.0
 20
0.0
 30
0.0
  9
$PUCSYDIR
 10
0.0
 20
1.0
 30
0.0
  9
$PUCSORTHOREF
  2

  9
$PUCSORTHOVIEW
 70
0
  9
$PUCSORGTOP
 10
0.0
 20
0.0
 30
0.0
  9
$PUCSORGBOTTOM
 10
0.0
 20
0.0
 30
0.0
  9
$PUCSORGLEFT
 10
0.0
 20
0.0
 30
0.0
  9
$PUCSORGRIGHT
 10
0.0
 20
0.0
 30
0.0
  9
$PUCSORGFRONT
 10
0.0
 20
0.0
 30
0.0
  9
$PUCSORGBACK
 10
0.0
 20
0.0
 30
0.0
  9
$USERI1
 70
0
  9
$USERI2
 70
0
  9
$USERI3
 70
0
  9
$USERI4
 70
0
  9
$USERI5
 70
0
  9
$USERR1
 40
0.0
  9
$USERR2
 40
0.0
  9
$USERR3
 40
0.0
  9
$USERR4
 40
0.0
  9
$USERR5
 40
0.0
  9
$WORLDVIEW
 70
1
  9
$SHADEDGE
 70
3
  9
$SHADEDIF
 70
70
  9
$TILEMODE
 70
1
  9
$MAXACTVP
 70
64
  9
$PINSBASE
 10
0.0
 20
0.0
 30
0.0
  9
$PLIMCHECK
 70
0
  9
$PEXTMIN
 10
1e+20
 20
1e+20
 30
1e+20
  9
$PEXTMAX
 10
-1e+20
 20
-1e+20
 30
-1e+20
  9
$PLIMMIN
 10
0.0
 20
0.0
  9
$PLIMMAX
 10
420.0
 20
297.0
  9
$UNITMODE
 70
0
  9
$VISRETAIN
 70
1
  9
$PLINEGEN
 70
0
  9
$PSLTSCALE
 70
1
  9
$TREEDEPTH
 70
3020
  9
$CMLSTYLE
  2
Standard
  9
$CMLJUST
 70
0
  9
$CMLSCALE
 40
20.0
  9
$PROXYGRAPHICS
 70
1
  9
$MEASUREMENT
 70
1
  9
$CELWEIGHT
370
-1
  9
$ENDCAPS
280
0
  9
$JOINSTYLE
280
0
  9
$LWDISPLAY
290
0
  9
$INSUNITS
 70
6
  9
$HYPERLINKBASE
  1

  9
$STYLESHEET
  1

  9
$XEDIT
290
1
  9
$CEPSNTYPE
380
0
  9
$PSTYLEMODE
290
1
  9
$FINGERPRINTGUID
  2
{82B2CD95-FD4E-4815-A2D7-D95294311B44}
  9
$VERSIONGUID
  2
{7AD459B8-2641-420D-8EDA-FF5A4C1FBA6E}
  9
$EXTNAMES
290
1
  9
$PSVPSCALE
 40
0.0
  9
$OLESTARTUP
290
0
  9
$SORTENTS
280
127
  9
$INDEXCTL
280
0
  9
$HIDETEXT
280
1
  9
$XCLIPFRAME
280
1
  9
$HALOGAP
280
0
  9
$OBSCOLOR
 70
257
  9
$OBSLTYPE
280
0
  9
$INTERSECTIONDISPLAY
280
0
  9
$INTERSECTIONCOLOR
 70
257
  9
$DIMASSOC
280
2
  9
$PROJECTNAME
  1

  9
$CAMERADISPLAY
290
0
  9
$LENSLENGTH
 40
50.0
  9
$CAMERAHEIGHT
 40
0.0
  9
$STEPSPERSEC
 40
24.0
  9
$STEPSIZE
 40
100.0
  9
$3DDWFPREC
 40
2.0
  9
$PSOLWIDTH
 40
0.005
  9
$PSOLHEIGHT
 40
0.08
  9
$LOFTANG1
 40
1.570796326795
  9
$LOFTANG2
 40
1.570796326795
  9
$LOFTMAG1
 40
0.0
  9
$LOFTMAG2
 40
0.0
  9
$LOFTPARAM
 70
7
  9
$LOFTNORMALS
280
1
  9
$LATITUDE
 40
37.795
  9
$LONGITUDE
 40
-122.394
  9
$NORTHDIRECTION
 40
0.0
  9
$TIMEZONE
 70
-8000
  9
$LIGHTGLYPHDISPLAY
280
1
  9
$TILEMODELIGHTSYNCH
280
1
  9
$CMATERIAL
347
20
  9
$SOLIDHIST
280
0
  9
$SHOWHIST
280
1
  9
$DWFFRAME
280
2
  9
$DGNFRAME
280
2
  9
$REALWORLDSCALE
290
1
  9
$INTERFERECOLOR
 62
256
  9
$CSHADOW
280
0
  9
$SHADOWPLANELOCATION
 40
0.0
  0
ENDSEC
  0
SECTION
  2
CLASSES
  0
CLASS
  1
ACDBDICTIONARYWDFLT
  2
AcDbDictionaryWithDefault
  3
ObjectDBX Classes
 90
0
 91
0
280
0
281
0
  0
CLASS
  1
SUN
  2
AcDbSun
  3
SCENEOE
 90
1153
 91
0
280
0
281
0
  0
CLASS
  1
VISUALSTYLE
  2
AcDbVisualStyle
  3
ObjectDBX Classes
 90
4095
 91
0
280
0
281
0
  0
CLASS
  1
MATERIAL
  2
AcDbMaterial
  3
ObjectDBX Classes
 90
1153
 91
0
280
0
281
0
  0
CLASS
  1
SCALE
  2
AcDbScale
  3
ObjectDBX Classes
 90
1153
 91
0
280
0
281
0
  0
CLASS
  1
TABLESTYLE
  2
AcDbTableStyle
  3
ObjectDBX Classes
 90
4095
 91
0
280
0
281
0
  0
CLASS
  1
MLEADERSTYLE
  2
AcDbMLeaderStyle
  3
ACDB_MLEADERSTYLE_CLASS
 90
4095
 91
0
280
0
281
0
  0
CLASS
  1
DICTIONARYVAR
  2
AcDbDictionaryVar
  3
ObjectDBX Classes
 90
0
 91
0
280
0
281
0
  0
CLASS
  1
CELLSTYLEMAP
  2
AcDbCellStyleMap
  3
ObjectDBX Classes
 90
1152
 91
0
280
0
281
0
  0
CLASS
  1
MENTALRAYRENDERSETTINGS
  2
AcDbMentalRayRenderSettings
  3
SCENEOE
 90
1024
 91
0
280
0
281
0
  0
CLASS
  1
ACDBDETAILVIEWSTYLE
  2
AcDbDetailViewStyle
  3
ObjectDBX Classes
 90
1025
 91
0
280
0
281
0
  0
CLASS
  1
ACDBSECTIONVIEWSTYLE
  2
AcDbSectionViewStyle
  3
ObjectDBX Classes
 90
1025
 91
0
280
0
281
0
  0
CLASS
  1
RASTERVARIABLES
  2
AcDbRasterVariables
  3
ISM
 90
0
 91
0
280
0
281
0
  0
CLASS
  1
ACDBPLACEHOLDER
  2
AcDbPlaceHolder
  3
ObjectDBX Classes
 90
0
 91
0
280
0
281
0
  0
CLASS
  1
LAYOUT
  2
AcDbLayout
  3
ObjectDBX Classes
 90
0
 91
0
280
0
281
0
  0
ENDSEC
  0
SECTION
  2
TABLES
  0
TABLE
  2
VPORT
  5
8
330
0
100
AcDbSymbolTable
 70
1
  0
VPORT
  5
23
330
8
100
AcDbSymbolTableRecord
100
AcDbViewportTableRecord
  2
*Active
 70
0
 10
0.0
 20
0.0
 11
1.0
 21
1.0
 12
0.0
 22
0.0
 13
0.0
 23
0.0
 14
0.5
 24
0.5
 15
0.5
 25
0.5
 16
0.0
 26
0.0
 36
1.0
 17
0.0
 27
0.0
 37
0.0
 40
1000.0
 41
1.34
 42
50.0
 43
0.0
 44
0.0
 50
0.0
 51
0.0
 71
0
 72
1000
 73
1
 74
3
 75
0
 76
0
 77
0
 78
0
281
0
 65
0
146
0.0
  0
ENDTAB
  0
TABLE
  2
LTYPE
  5
2
330
0
100
AcDbSymbolTable
 70
3
  0
LTYPE
  5
24
330
2
100
AcDbSymbolTableRecord
100
AcDbLinetypeTableRecord
  2
ByBlock
 70
0
  3

 72
65
 73
0
 40
0.0
  0
LTYPE
  5
25
330
2
100
AcDbSymbolTableRecord
100
AcDbLinetypeTableRecord
  2
ByLayer
 70
0
  3

 72
65
 73
0
 40
0.0
  0
LTYPE
  5
26
330
2
100
AcDbSymbolTableRecord
100
AcDbLinetypeTableRecord
  2
Continuous
 70
0
  3

 72
65
 73
0
 40
0.0
  0
ENDTAB
  0
TABLE
  2
LAYER
  5
1
330
0
100
AcDbSymbolTable
 70
101
  0
LAYER
  5
27
330
1
100
AcDbSymbolTableRecord
100
AcDbLayerTableRecord
  2
0
 70
0
 62
7
  6
Continuous
370
-3
390
13
347
21
  0
LAYER
  5
28
330
1
100
AcDbSymbolTableRecord
100
AcDbLayerTableRecord
  2
Defpoints
 70
0
 62
7
  6
Continuous
290
0
370
-3
390
13
347
21
  0
LAYER
  5
2F
330
1
100
AcDbSymbolTableRecord
100
AcDbLayerTableRecord
  2
DOTE
 70
0
 62
7
  6
Continuous
370
-3
390
13
347
21
  0
LAYER
  5
30
330
1
100
AcDbSymbolTableRecord
100
AcDbLayerTableRecord
  2
PUB_TEXT
 70
0
 62
7
  6
Continuous
370
-3
390
13
347
21
  0
LAYER
  5
31
330
1
100
AcDbSymbolTableRecord
100
AcDbLayerTableRecord
  2
WALL
 70
0
 62
7
  6
Continuous
370
-3
390
13
347
21
  0
LAYER
  5
32
330
1
100
AcDbSymbolTableRecord
100
AcDbLayerTableRecord
  2
WINDOW
 70
0
 62
7
  6
Continuous
370
-3
390
13
347
21
  0
LAYER
  5
33
330
1
100
AcDbSymbolTableRecord
100
AcDbLayerTableRecord
  2
WINDOW_TEXT
 70
0
 62
7
  6
Continuous
370
-3
390
13
347
21
  0
LAYER
  5
34
330
1
100
AcDbSymbolTableRecord
100
AcDbLayerTableRecord
  2
PUB_DIM
 70
0
 62
7
  6
Continuous
370
-3
390
13
347
21
  0
LAYER
  5
35
330
1
100
AcDbSymbolTableRecord
100
AcDbLayerTableRecord
  2
STAIR
 70
0
 62
7
  6
Continuous
370
-3
390
13
347
21
  0
LAYER
  5
36
330
1
100
AcDbSymbolTableRecord
100
AcDbLayerTableRecord
  2
SURFACE
 70
0
 62
7
  6
Continuous
370
-3
390
13
347
21
  0
LAYER
  5
37
330
1
100
AcDbSymbolTableRecord
100
AcDbLayerTableRecord
  2
COLUMN-FILL
 70
0
 62
7
  6
Continuous
370
-3
390
13
347
21
  0
LAYER
  5
38
330
1
100
AcDbSymbolTableRecord
100
AcDbLayerTableRecord
  2
DIM_SYMB
 70
0
 62
7
  6
Continuous
370
-3
390
13
347
21
  0
LAYER
  5
39
330
1
100
AcDbSymbolTableRecord
100
AcDbLayerTableRecord
  2
AXIS
 70
0
 62
7
  6
Continuous
370
-3
390
13
347
21
  0
LAYER
  5
3A
330
1
100
AcDbSymbolTableRecord
100
AcDbLayerTableRecord
  2
AXIS_TEXT
 70
0
 62
7
  6
Continuous
370
-3
390
13
347
21
  0
LAYER
  5
3B
330
1
100
AcDbSymbolTableRecord
100
AcDbLayerTableRecord
  2
PUB_TITLE
 70
0
 62
7
  6
Continuous
370
-3
390
13
347
21
  0
LAYER
  5
3C
330
1
100
AcDbSymbolTableRecord
100
AcDbLayerTableRecord
  2
E_WINDOW
 70
0
 62
7
  6
Continuous
370
-3
390
13
347
21
  0
LAYER
  5
3D
330
1
100
AcDbSymbolTableRecord
100
AcDbLayerTableRecord
  2
TUK
 70
0
 62
7
  6
Continuous
370
-3
390
13
347
21
  0
LAYER
  5
3E
330
1
100
AcDbSymbolTableRecord
100
AcDbLayerTableRecord
  2
DIM_ELEV
 70
0
 62
7
  6
Continuous
370
-3
390
13
347
21
  0
LAYER
  5
3F
330
1
100
AcDbSymbolTableRecord
100
AcDbLayerTableRecord
  2
门窗编号
 70
0
 62
7
  6
Continuous
370
-3
390
13
347
21
  0
LAYER
  5
40
330
1
100
AcDbSymbolTableRecord
100
AcDbLayerTableRecord
  2
DIM_LEAD
 70
0
 62
7
  6
Continuous
370
-3
390
13
347
21
  0
LAYER
  5
41
330
1
100
AcDbSymbolTableRecord
100
AcDbLayerTableRecord
  2
PROMPT
 70
0
 62
7
  6
Continuous
370
-3
390
13
347
21
  0
LAYER
  5
42
330
1
100
AcDbSymbolTableRecord
100
AcDbLayerTableRecord
  2
PUB_HATCH
 70
0
 62
7
  6
Continuous
370
-3
390
13
347
21
  0
LAYER
  5
43
330
1
100
AcDbSymbolTableRecord
100
AcDbLayerTableRecord
  2
COLUMN
 70
0
 62
7
  6
Continuous
370
-3
390
13
347
21
  0
LAYER
  5
44
330
1
100
AcDbSymbolTableRecord
100
AcDbLayerTableRecord
  2
3T_BAR
 70
0
 62
7
  6
Continuous
370
-3
390
13
347
21
  0
LAYER
  5
45
330
1
100
AcDbSymbolTableRecord
100
AcDbLayerTableRecord
  2
3T_GLASS
 70
0
 62
7
  6
Continuous
370
-3
390
13
347
21
  0
LAYER
  5
46
330
1
100
AcDbSymbolTableRecord
100
AcDbLayerTableRecord
  2
3T_WOOD
 70
0
 62
7
  6
Continuous
370
-3
390
13
347
21
  0
LAYER
  5
47
330
1
100
AcDbSymbolTableRecord
100
AcDbLayerTableRecord
  2
HANDRAIL
 70
0
 62
7
  6
Continuous
370
-3
390
13
347
21
  0
LAYER
  5
48
330
1
100
AcDbSymbolTableRecord
100
AcDbLayerTableRecord
  2
RAIL
 70
0
 62
7
  6
Continuous
370
-3
390
13
347
21
  0
LAYER
  5
49
330
1
100
AcDbSymbolTableRecord
100
AcDbLayerTableRecord
  2
S_SURFACE
 70
0
 62
7
  6
Continuous
370
-3
390
13
347
21
  0
LAYER
  5
4A
330
1
100
AcDbSymbolTableRecord
100
AcDbLayerTableRecord
  2
填充
 70
0
 62
7
  6
Continuous
370
-3
390
13
347
21
  0
LAYER
  5
4B
330
1
100
AcDbSymbolTableRecord
100
AcDbLayerTableRecord
  2
A-WALL-INSL
 70
0
 62
7
  6
Continuous
370
-3
390
13
347
21
  0
LAYER
  5
4C
330
1
100
AcDbSymbolTableRecord
100
AcDbLayerTableRecord
  2
A-DOOR-IDEN
 70
0
 62
7
  6
Continuous
370
-3
390
13
347
21
  0
LAYER
  5
4D
330
1
100
AcDbSymbolTableRecord
100
AcDbLayerTableRecord
  2
A-WALL-BLOK
 70
0
 62
7
  6
Continuous
370
-3
390
13
347
21
  0
LAYER
  5
4E
330
1
100
AcDbSymbolTableRecord
100
AcDbLayerTableRecord
  2
A-DOOR
 70
0
 62
7
  6
Continuous
370
-3
390
13
347
21
  0
LAYER
  5
4F
330
1
100
AcDbSymbolTableRecord
100
AcDbLayerTableRecord
  2
A-FLOR-OTHER
 70
0
 62
7
  6
Continuous
370
-3
390
13
347
21
  0
LAYER
  5
50
330
1
100
AcDbSymbolTableRecord
100
AcDbLayerTableRecord
  2
A-FLOR-SPCL
 70
0
 62
7
  6
Continuous
370
-3
390
13
347
21
  0
LAYER
  5
51
330
1
100
AcDbSymbolTableRecord
100
AcDbLayerTableRecord
  2
A-FLOR-IDEN
 70
0
 62
7
  6
Continuous
370
-3
390
13
347
21
  0
LAYER
  5
52
330
1
100
AcDbSymbolTableRecord
100
AcDbLayerTableRecord
  2
A-ANNO-TEXT
 70
0
 62
7
  6
Continuous
370
-3
390
13
347
21
  0
LAYER
  5
53
330
1
100
AcDbSymbolTableRecord
100
AcDbLayerTableRecord
  2
A-FLOR-HRAL
 70
0
 62
7
  6
Continuous
370
-3
390
13
347
21
  0
LAYER
  5
54
330
1
100
AcDbSymbolTableRecord
100
AcDbLayerTableRecord
  2
A-ANNO-IDEN
 70
0
 62
7
  6
Continuous
370
-3
390
13
347
21
  0
LAYER
  5
55
330
1
100
AcDbSymbolTableRecord
100
AcDbLayerTableRecord
  2
A-FLOR-STR
 70
0
 62
7
  6
Continuous
370
-3
390
13
347
21
  0
LAYER
  5
56
330
1
100
AcDbSymbolTableRecord
100
AcDbLayerTableRecord
  2
A-栏杆百叶
 70
0
 62
7
  6
Continuous
370
-3
390
13
347
21
  0
LAYER
  5
57
330
1
100
AcDbSymbolTableRecord
100
AcDbLayerTableRecord
  2
A-ANNO-IDEN-TEXT
 70
0
 62
7
  6
Continuous
370
-3
390
13
347
21
  0
LAYER
  5
58
330
1
100
AcDbSymbolTableRecord
100
AcDbLayerTableRecord
  2
A-面积
 70
0
 62
7
  6
Continuous
370
-3
390
13
347
21
  0
LAYER
  5
59
330
1
100
AcDbSymbolTableRecord
100
AcDbLayerTableRecord
  2
A-WALL
 70
0
 62
7
  6
Continuous
370
-3
390
13
347
21
  0
LAYER
  5
5A
330
1
100
AcDbSymbolTableRecord
100
AcDbLayerTableRecord
  2
A-造型看线
 70
0
 62
7
  6
Continuous
370
-3
390
13
347
21
  0
LAYER
  5
5B
330
1
100
AcDbSymbolTableRecord
100
AcDbLayerTableRecord
  2
A-SPACE_HATCH
 70
0
 62
7
  6
Continuous
370
-3
390
13
347
21
  0
LAYER
  5
5C
330
1
100
AcDbSymbolTableRecord
100
AcDbLayerTableRecord
  2
235
 70
0
 62
7
  6
Continuous
370
-3
390
13
347
21
  0
LAYER
  5
5D
330
1
100
AcDbSymbolTableRecord
100
AcDbLayerTableRecord
  2
LAYER1
 70
0
 62
7
  6
Continuous
370
-3
390
13
347
21
  0
LAYER
  5
5E
330
1
100
AcDbSymbolTableRecord
100
AcDbLayerTableRecord
  2
管道
 70
0
 62
7
  6
Continuous
370
-3
390
13
347
21
  0
LAYER
  5
5F
330
1
100
AcDbSymbolTableRecord
100
AcDbLayerTableRecord
  2
层710
 70
0
 62
7
  6
Continuous
370
-3
390
13
347
21
  0
LAYER
  5
60
330
1
100
AcDbSymbolTableRecord
100
AcDbLayerTableRecord
  2
GROUND
 70
0
 62
7
  6
Continuous
370
-3
390
13
347
21
  0
LAYER
  5
61
330
1
100
AcDbSymbolTableRecord
100
AcDbLayerTableRecord
  2
转
 70
0
 62
7
  6
Continuous
370
-3
390
13
347
21
  0
LAYER
  5
62
330
1
100
AcDbSymbolTableRecord
100
AcDbLayerTableRecord
  2
外墙
 70
0
 62
7
  6
Continuous
370
-3
390
13
347
21
  0
LAYER
  5
63
330
1
100
AcDbSymbolTableRecord
100
AcDbLayerTableRecord
  2
沙土
 70
0
 62
7
  6
Continuous
370
-3
390
13
347
21
  0
LAYER
  5
64
330
1
100
AcDbSymbolTableRecord
100
AcDbLayerTableRecord
  2
看线
 70
0
 62
7
  6
Continuous
370
-3
390
13
347
21
  0
LAYER
  5
65
330
1
100
AcDbSymbolTableRecord
100
AcDbLayerTableRecord
  2
DIM_IDEN
 70
0
 62
7
  6
Continuous
370
-3
390
13
347
21
  0
LAYER
  5
66
330
1
100
AcDbSymbolTableRecord
100
AcDbLayerTableRecord
  2
A-ANNO-DIMS
 70
0
 62
7
  6
Continuous
370
-3
390
13
347
21
  0
LAYER
  5
67
330
1
100
AcDbSymbolTableRecord
100
AcDbLayerTableRecord
  2
雨水
 70
0
 62
7
  6
Continuous
370
-3
390
13
347
21
  0
LAYER
  5
68
330
1
100
AcDbSymbolTableRecord
100
AcDbLayerTableRecord
  2
PUB_STRM
 70
0
 62
7
  6
Continuous
370
-3
390
13
347
21
  0
LAYER
  5
69
330
1
100
AcDbSymbolTableRecord
100
AcDbLayerTableRecord
  2
高差
 70
0
 62
7
  6
Continuous
370
-3
390
13
347
21
  0
LAYER
  5
6A
330
1
100
AcDbSymbolTableRecord
100
AcDbLayerTableRecord
  2
TWT_TITLE
 70
0
 62
7
  6
Continuous
370
-3
390
13
347
21
  0
LAYER
  5
6B
330
1
100
AcDbSymbolTableRecord
100
AcDbLayerTableRecord
  2
A-WALL-CURT-GLAZ
 70
0
 62
7
  6
Continuous
370
-3
390
13
347
21
  0
LAYER
  5
6C
330
1
100
AcDbSymbolTableRecord
100
AcDbLayerTableRecord
  2
A-ANNO-HAT-SOLDG
 70
0
 62
7
  6
Continuous
370
-3
390
13
347
21
  0
LAYER
  5
6D
330
1
100
AcDbSymbolTableRecord
100
AcDbLayerTableRecord
  2
S_E_STAIR
 70
0
 62
7
  6
Continuous
370
-3
390
13
347
21
  0
LAYER
  5
6E
330
1
100
AcDbSymbolTableRecord
100
AcDbLayerTableRecord
  2
A-ANNO-DOTE
 70
0
 62
7
  6
Continuous
370
-3
390
13
347
21
  0
LAYER
  5
6F
330
1
100
AcDbSymbolTableRecord
100
AcDbLayerTableRecord
  2
A-ANNO-IDEN-LEVL
 70
0
 62
7
  6
Continuous
370
-3
390
13
347
21
  0
LAYER
  5
70
330
1
100
AcDbSymbolTableRecord
100
AcDbLayerTableRecord
  2
P-PLDR-DSCP-FD
 70
0
 62
7
  6
Continuous
370
-3
390
13
347
21
  0
LAYER
  5
71
330
1
100
AcDbSymbolTableRecord
100
AcDbLayerTableRecord
  2
台阶
 70
0
 62
7
  6
Continuous
370
-3
390
13
347
21
  0
LAYER
  5
72
330
1
100
AcDbSymbolTableRecord
100
AcDbLayerTableRecord
  2
A-ANNO-IDEN-INDX
 70
0
 62
7
  6
Continuous
370
-3
390
13
347
21
  0
LAYER
  5
73
330
1
100
AcDbSymbolTableRecord
100
AcDbLayerTableRecord
  2
PUB_TAB
 70
0
 62
7
  6
Continuous
370
-3
390
13
347
21
  0
LAYER
  5
74
330
1
100
AcDbSymbolTableRecord
100
AcDbLayerTableRecord
  2
A-ANNO-HAT-PATT
 70
0
 62
7
  6
Continuous
370
-3
390
13
347
21
  0
LAYER
  5
75
330
1
100
AcDbSymbolTableRecord
100
AcDbLayerTableRecord
  2
A-ANNO-HAT-PAAT
 70
0
 62
7
  6
Continuous
370
-3
390
13
347
21
  0
LAYER
  5
76
330
1
100
AcDbSymbolTableRecord
100
AcDbLayerTableRecord
  2
线
 70
0
 62
7
  6
Continuous
370
-3
390
13
347
21
  0
LAYER
  5
77
330
1
100
AcDbSymbolTableRecord
100
AcDbLayerTableRecord
  2
S_ConcWall
 70
0
 62
7
  6
Continuous
370
-3
390
13
347
21
  0
LAYER
  5
78
330
1
100
AcDbSymbolTableRecord
100
AcDbLayerTableRecord
  2
TEXT
 70
0
 62
7
  6
Continuous
370
-3
390
13
347
21
  0
LAYER
  5
79
330
1
100
AcDbSymbolTableRecord
100
AcDbLayerTableRecord
  2
剪力墙填充
 70
0
 62
7
  6
Continuous
370
-3
390
13
347
21
  0
LAYER
  5
7A
330
1
100
AcDbSymbolTableRecord
100
AcDbLayerTableRecord
  2
桌椅
 70
0
 62
7
  6
Continuous
370
-3
390
13
347
21
  0
LAYER
  5
7B
330
1
100
AcDbSymbolTableRecord
100
AcDbLayerTableRecord
  2
文字
 70
0
 62
7
  6
Continuous
370
-3
390
13
347
21
  0
LAYER
  5
7C
330
1
100
AcDbSymbolTableRecord
100
AcDbLayerTableRecord
  2
标注
 70
0
 62
7
  6
Continuous
370
-3
390
13
347
21
  0
LAYER
  5
7D
330
1
100
AcDbSymbolTableRecord
100
AcDbLayerTableRecord
  2
PUB_WALL
 70
0
 62
7
  6
Continuous
370
-3
390
13
347
21
  0
LAYER
  5
7E
330
1
100
AcDbSymbolTableRecord
100
AcDbLayerTableRecord
  2
LOUTI
 70
0
 62
7
  6
Continuous
370
-3
390
13
347
21
  0
LAYER
  5
7F
330
1
100
AcDbSymbolTableRecord
100
AcDbLayerTableRecord
  2
素混凝土
 70
0
 62
7
  6
Continuous
370
-3
390
13
347
21
  0
LAYER
  5
80
330
1
100
AcDbSymbolTableRecord
100
AcDbLayerTableRecord
  2
PUB_BG
 70
0
 62
7
  6
Continuous
370
-3
390
13
347
21
  0
LAYER
  5
81
330
1
100
AcDbSymbolTableRecord
100
AcDbLayerTableRecord
  2
建筑修改
 70
0
 62
7
  6
Continuous
370
-3
390
13
347
21
  0
LAYER
  5
82
330
1
100
AcDbSymbolTableRecord
100
AcDbLayerTableRecord
  2
近处看线
 70
0
 62
7
  6
Continuous
370
-3
390
13
347
21
  0
LAYER
  5
83
330
1
100
AcDbSymbolTableRecord
100
AcDbLayerTableRecord
  2
SURF-ALUM
 70
0
 62
7
  6
Continuous
370
-3
390
13
347
21
  0
LAYER
  5
84
330
1
100
AcDbSymbolTableRecord
100
AcDbLayerTableRecord
  2
8
 70
0
 62
7
  6
Continuous
370
-3
390
13
347
21
  0
LAYER
  5
85
330
1
100
AcDbSymbolTableRecord
100
AcDbLayerTableRecord
  2
A-ELEV-2
 70
0
 62
7
  6
Continuous
370
-3
390
13
347
21
  0
LAYER
  5
86
330
1
100
AcDbSymbolTableRecord
100
AcDbLayerTableRecord
  2
混凝土
 70
0
 62
7
  6
Continuous
370
-3
390
13
347
21
  0
LAYER
  5
87
330
1
100
AcDbSymbolTableRecord
100
AcDbLayerTableRecord
  2
密封材料
 70
0
 62
7
  6
Continuous
370
-3
390
13
347
21
  0
LAYER
  5
88
330
1
100
AcDbSymbolTableRecord
100
AcDbLayerTableRecord
  2
填充1
 70
0
 62
7
  6
Continuous
370
-3
390
13
347
21
  0
LAYER
  5
89
330
1
100
AcDbSymbolTableRecord
100
AcDbLayerTableRecord
  2
加砌墙
 70
0
 62
7
  6
Continuous
370
-3
390
13
347
21
  0
LAYER
  5
8A
330
1
100
AcDbSymbolTableRecord
100
AcDbLayerTableRecord
  2
面积
 70
0
 62
7
  6
Continuous
370
-3
390
13
347
21
  0
LAYER
  5
8B
330
1
100
AcDbSymbolTableRecord
100
AcDbLayerTableRecord
  2
A-WALL-CONC
 70
0
 62
7
  6
Continuous
370
-3
390
13
347
21
  0
LAYER
  5
8C
330
1
100
AcDbSymbolTableRecord
100
AcDbLayerTableRecord
  2
A-WALL-FINI
 70
0
 62
7
  6
Continuous
370
-3
390
13
347
21
  0
LAYER
  5
8D
330
1
100
AcDbSymbolTableRecord
100
AcDbLayerTableRecord
  2
设备洞
 70
0
 62
7
  6
Continuous
370
-3
390
13
347
21
  0
LAYER
  5
8E
330
1
100
AcDbSymbolTableRecord
100
AcDbLayerTableRecord
  2
EQUIP_消火栓
 70
0
 62
7
  6
Continuous
370
-3
390
13
347
21
  0
LAYER
  5
8F
330
1
100
AcDbSymbolTableRecord
100
AcDbLayerTableRecord
  2
S_E_A-FLOR-STR
 70
0
 62
7
  6
Continuous
370
-3
390
13
347
21
  0
LAYER
  5
90
330
1
100
AcDbSymbolTableRecord
100
AcDbLayerTableRecord
  2
AC$0$A-ANNO-IDEN-TEXT
 70
0
 62
7
  6
Continuous
370
-3
390
13
347
21
  0
LAYER
  5
91
330
1
100
AcDbSymbolTableRecord
100
AcDbLayerTableRecord
  2
A-COLU-CONC
 70
0
 62
7
  6
Continuous
370
-3
390
13
347
21
  0
ENDTAB
  0
TABLE
  2
STYLE
  5
5
330
0
100
AcDbSymbolTable
 70
37
  0
STYLE
  5
29
330
5
100
AcDbSymbolTableRecord
100
AcDbTextStyleTableRecord
  2
Standard
 70
0
 40
0.0
 41
1.0
 50
0.0
 71
0
 42
2.5
  3
txt
  4

  0
STYLE
  5
92
330
5
100
AcDbSymbolTableRecord
100
AcDbTextStyleTableRecord
  2
DIM_FONT
 70
0
 40
0.0
 41
1.0
 50
0.0
 71
0
 42
2.5
  3
SIMPLEX.shx
  4

  0
STYLE
  5
93
330
5
100
AcDbSymbolTableRecord
100
AcDbTextStyleTableRecord
  2
_TCH_DIM
 70
0
 40
0.0
 41
1.0
 50
0.0
 71
0
 42
2.5
  3
SIMPLEX
  4

  0
STYLE
  5
94
330
5
100
AcDbSymbolTableRecord
100
AcDbTextStyleTableRecord
  2
_TCH_WINDOW
 70
0
 40
0.0
 41
1.0
 50
0.0
 71
0
 42
2.5
  3
SIMPLEX
  4

  0
STYLE
  5
95
330
5
100
AcDbSymbolTableRecord
100
AcDbTextStyleTableRecord
  2
_HZTXT
 70
0
 40
0.0
 41
1.0
 50
0.0
 71
0
 42
2.5
  3
txt.shx
  4

  0
STYLE
  5
96
330
5
100
AcDbSymbolTableRecord
100
AcDbTextStyleTableRecord
  2
_TCH_AXIS
 70
0
 40
0.0
 41
1.0
 50
0.0
 71
0
 42
2.5
  3
COMPLEX
  4

  0
STYLE
  5
97
330
5
100
AcDbSymbolTableRecord
100
AcDbTextStyleTableRecord
  2
COMPLEX
 70
0
 40
0.0
 41
1.0
 50
0.0
 71
0
 42
2.5
  3
COMPLEX
  4

  0
STYLE
  5
98
330
5
100
AcDbSymbolTableRecord
100
AcDbTextStyleTableRecord
  2
STYLE1
 70
0
 40
0.0
 41
1.0
 50
0.0
 71
0
 42
2.5
  3
宋体1_0.ttf
  4

  0
STYLE
  5
99
330
5
100
AcDbSymbolTableRecord
100
AcDbTextStyleTableRecord
  2
HZ2
 70
0
 40
0.0
 41
1.0
 50
0.0
 71
0
 42
2.5
  3
STXINWEI.TTF
  4

  0
STYLE
  5
9A
330
5
100
AcDbSymbolTableRecord
100
AcDbTextStyleTableRecord
  2
HZTXT
 70
0
 40
0.0
 41
1.0
 50
0.0
 71
0
 42
2.5
  3
txt
  4

  0
STYLE
  5
9B
330
5
100
AcDbSymbolTableRecord
100
AcDbTextStyleTableRecord
  2
HZ
 70
0
 40
0.0
 41
1.0
 50
0.0
 71
0
 42
2.5
  3
txt
  4

  0
STYLE
  5
9C
330
5
100
AcDbSymbolTableRecord
100
AcDbTextStyleTableRecord
  2
bzhz
 70
0
 40
0.0
 41
1.0
 50
0.0
 71
0
 42
2.5
  3
BZXW
  4

  0
STYLE
  5
9D
330
5
100
AcDbSymbolTableRecord
100
AcDbTextStyleTableRecord
  2
dly
 70
0
 40
0.0
 41
1.0
 50
0.0
 71
0
 42
2.5
  3
txt.shx
  4

  0
STYLE
  5
9E
330
5
100
AcDbSymbolTableRecord
100
AcDbTextStyleTableRecord
  2
fs
 70
0
 40
0.0
 41
1.0
 50
0.0
 71
0
 42
2.5
  3
仿宋_GB2312_0.TTF
  4

  0
STYLE
  5
9F
330
5
100
AcDbSymbolTableRecord
100
AcDbTextStyleTableRecord
  2
_TCH_LABEL
 70
0
 40
0.0
 41
1.0
 50
0.0
 71
0
 42
2.5
  3
COMPLEX
  4

  0
STYLE
  5
A0
330
5
100
AcDbSymbolTableRecord
100
AcDbTextStyleTableRecord
  2
ROS
 70
0
 40
0.0
 41
1.0
 50
0.0
 71
0
 42
2.5
  3
ros.shx
  4

  0
STYLE
  5
A1
330
5
100
AcDbSymbolTableRecord
100
AcDbTextStyleTableRecord
  2
黑体
 70
0
 40
0.0
 41
1.0
 50
0.0
 71
0
 42
2.5
  3
simhei.ttf
  4

  0
STYLE
  5
A2
330
5
100
AcDbSymbolTableRecord
100
AcDbTextStyleTableRecord
  2
_TCH_DIM_T3
 70
0
 40
0.0
 41
1.0
 50
0.0
 71
0
 42
2.5
  3
SIMPLEX
  4

  0
STYLE
  5
A3
330
5
100
AcDbSymbolTableRecord
100
AcDbTextStyleTableRecord
  2
-宋体
 70
0
 40
0.0
 41
1.0
 50
0.0
 71
0
 42
2.5
  3
宋体1_0.ttf
  4

  0
STYLE
  5
A4
330
5
100
AcDbSymbolTableRecord
100
AcDbTextStyleTableRecord
  2
-黑体
 70
0
 40
0.0
 41
1.0
 50
0.0
 71
0
 42
2.5
  3
simhei.ttf
  4

  0
STYLE
  5
A5
330
5
100
AcDbSymbolTableRecord
100
AcDbTextStyleTableRecord
  2
ST
 70
0
 40
0.0
 41
1.0
 50
0.0
 71
0
 42
2.5
  3
宋体1_0.ttf
  4

  0
STYLE
  5
A6
330
5
100
AcDbSymbolTableRecord
100
AcDbTextStyleTableRecord
  2
HZ1
 70
0
 40
0.0
 41
1.0
 50
0.0
 71
0
 42
2.5
  3
txt
  4

  0
STYLE
  5
A7
330
5
100
AcDbSymbolTableRecord
100
AcDbTextStyleTableRecord
  2
TSSD_Rein
 70
0
 40
0.0
 41
1.0
 50
0.0
 71
0
 42
2.5
  3
Tssdeng.shx
  4

  0
STYLE
  5
A8
330
5
100
AcDbSymbolTableRecord
100
AcDbTextStyleTableRecord
  2
_TCH_WDTABLE
 70
0
 40
0.0
 41
1.0
 50
0.0
 71
0
 42
2.5
  3
SIMPLEX
  4

  0
STYLE
  5
A9
330
5
100
AcDbSymbolTableRecord
100
AcDbTextStyleTableRecord
  2
宋体
 70
0
 40
0.0
 41
1.0
 50
0.0
 71
0
 42
2.5
  3
宋体1_0.ttf
  4

  0
STYLE
  5
AA
330
5
100
AcDbSymbolTableRecord
100
AcDbTextStyleTableRecord
  2
XM
 70
0
 40
0.0
 41
1.0
 50
0.0
 71
0
 42
2.5
  3
gbenor.shx
  4

  0
STYLE
  5
AB
330
5
100
AcDbSymbolTableRecord
100
AcDbTextStyleTableRecord
  2
样式 1
 70
0
 40
0.0
 41
1.0
 50
0.0
 71
0
 42
2.5
  3
宋体1_0.ttf
  4

  0
STYLE
  5
AC
330
5
100
AcDbSymbolTableRecord
100
AcDbTextStyleTableRecord
  2
ROMANC
 70
0
 40
0.0
 41
1.0
 50
0.0
 71
0
 42
2.5
  3
romanc
  4

  0
STYLE
  5
AD
330
5
100
AcDbSymbolTableRecord
100
AcDbTextStyleTableRecord
  2
tqzt-1
 70
0
 40
0.0
 41
1.0
 50
0.0
 71
0
 42
2.5
  3
simhei.ttf
  4

  0
STYLE
  5
AE
330
5
100
AcDbSymbolTableRecord
100
AcDbTextStyleTableRecord
  2
tqzt-2
 70
0
 40
0.0
 41
1.0
 50
0.0
 71
0
 42
2.5
  3
simkai.ttf
  4

  0
STYLE
  5
AF
330
5
100
AcDbSymbolTableRecord
100
AcDbTextStyleTableRecord
  2
_TCH_SPACE
 70
0
 40
0.0
 41
1.0
 50
0.0
 71
0
 42
2.5
  3
SIMPLEX
  4

  0
STYLE
  5
B0
330
5
100
AcDbSymbolTableRecord
100
AcDbTextStyleTableRecord
  2
dcf
 70
0
 40
0.0
 41
1.0
 50
0.0
 71
0
 42
2.5
  3
BZXW.shx
  4

  0
STYLE
  5
B1
330
5
100
AcDbSymbolTableRecord
100
AcDbTextStyleTableRecord
  2
﹫dcf
 70
0
 40
0.0
 41
1.0
 50
0.0
 71
0
 42
2.5
  3
BZXW.shx
  4

  0
STYLE
  5
B2
330
5
100
AcDbSymbolTableRecord
100
AcDbTextStyleTableRecord
  2
_TWT_CIRCLE
 70
0
 40
0.0
 41
1.0
 50
0.0
 71
0
 42
2.5
  3
宋体1_0.ttf
  4

  0
STYLE
  5
B3
330
5
100
AcDbSymbolTableRecord
100
AcDbTextStyleTableRecord
  2
_TWT_SERIAL
 70
0
 40
0.0
 41
1.0
 50
0.0
 71
0
 42
2.5
  3
COMPLEX
  4

  0
STYLE
  5
B4
330
5
100
AcDbSymbolTableRecord
100
AcDbTextStyleTableRecord
  2
_TWT_PIPETEXT
 70
0
 40
0.0
 41
1.0
 50
0.0
 71
0
 42
2.5
  3
SIMPLEX
  4

  0
STYLE
  5
B5
330
5
100
AcDbSymbolTableRecord
100
AcDbTextStyleTableRecord
  2
_TCH_DYN
 70
0
 40
0.0
 41
1.0
 50
0.0
 71
0
 42
2.5
  3
宋体1_0.ttf
  4

  0
ENDTAB
  0
TABLE
  2
VIEW
  5
7
330
0
100
AcDbSymbolTable
 70
0
  0
ENDTAB
  0
TABLE
  2
UCS
  5
6
330
0
100
AcDbSymbolTable
 70
0
  0
ENDTAB
  0
TABLE
  2
APPID
  5
3
330
0
100
AcDbSymbolTable
 70
3
  0
APPID
  5
2A
330
3
100
AcDbSymbolTableRecord
100
AcDbRegAppTableRecord
  2
ACAD
 70
0
  0
APPID
  5
1101
330
3
100
AcDbSymbolTableRecord
100
AcDbRegAppTableRecord
  2
HATCHBACKGROUNDCOLOR
 70
0
  0
APPID
  5
1102
330
3
100
AcDbSymbolTableRecord
100
AcDbRegAppTableRecord
  2
EZDXF
 70
0
  0
ENDTAB
  0
TABLE
  2
DIMSTYLE
  5
4
330
0
100
AcDbSymbolTable
 70
10
100
AcDbDimStyleTable
  0
DIMSTYLE
105
2B
330
4
100
AcDbSymbolTableRecord
100
AcDbDimStyleTableRecord
  2
Standard
 70
0
 40
1.0
 41
2.5
 42
0.625
 43
3.75
 44
1.25
 45
0.0
 46
0.0
 47
0.0
 48
0.0
 49
2.5
140
2.5
141
2.5
142
0.0
143
0.03937007874
144
1.0
145
0.0
146
1.0
147
0.625
148
0.0
 69
0
 70
0
 71
0
 72
0
 73
0
 74
0
 75
0
 76
0
 77
1
 78
8
 79
3
170
0
171
3
172
1
173
0
174
0
175
0
176
0
177
0
178
0
179
2
271
2
272
2
273
2
274
3
275
0
276
0
277
2
278
44
279
0
280
0
281
0
282
0
283
0
284
8
285
0
286
0
288
0
289
3
290
0
371
-2
372
-2
  0
DIMSTYLE
105
B6
330
4
100
AcDbSymbolTableRecord
100
AcDbDimStyleTableRecord
  2
NORMAL
 70
0
 40
1.0
 41
2.5
 42
0.625
 43
3.75
 44
1.25
 45
0.0
 46
0.0
 47
0.0
 48
0.0
 49
2.5
140
2.5
141
2.5
142
0.0
143
0.03937007874
144
1.0
145
0.0
146
1.0
147
0.625
148
0.0
 69
0
 70
0
 71
0
 72
0
 73
0
 74
0
 75
0
 76
0
 77
1
 78
8
 79
3
170
0
171
3
172
1
173
0
174
0
175
0
176
0
177
0
178
0
179
2
271
2
272
2
273
2
274
3
275
0
276
0
277
2
278
44
279
0
280
0
281
0
282
0
283
0
284
8
285
0
286
0
288
0
289
3
290
0
371
-2
372
-2
  0
DIMSTYLE
105
B7
330
4
100
AcDbSymbolTableRecord
100
AcDbDimStyleTableRecord
  2
_TCH_ARCH
 70
0
 40
1.0
 41
2.5
 42
0.625
 43
3.75
 44
1.25
 45
0.0
 46
0.0
 47
0.0
 48
0.0
 49
2.5
140
2.5
141
2.5
142
0.0
143
0.03937007874
144
1.0
145
0.0
146
1.0
147
0.625
148
0.0
 69
0
 70
0
 71
0
 72
0
 73
0
 74
0
 75
0
 76
0
 77
1
 78
8
 79
3
170
0
171
3
172
1
173
0
174
0
175
0
176
0
177
0
178
0
179
2
271
2
272
2
273
2
274
3
275
0
276
0
277
2
278
44
279
0
280
0
281
0
282
0
283
0
284
8
285
0
286
0
288
0
289
3
290
0
371
-2
372
-2
  0
DIMSTYLE
105
B8
330
4
100
AcDbSymbolTableRecord
100
AcDbDimStyleTableRecord
  2
_TCH_ARCH&&100
 70
0
 40
1.0
 41
2.5
 42
0.625
 43
3.75
 44
1.25
 45
0.0
 46
0.0
 47
0.0
 48
0.0
 49
2.5
140
2.5
141
2.5
142
0.0
143
0.03937007874
144
1.0
145
0.0
146
1.0
147
0.625
148
0.0
 69
0
 70
0
 71
0
 72
0
 73
0
 74
0
 75
0
 76
0
 77
1
 78
8
 79
3
170
0
171
3
172
1
173
0
174
0
175
0
176
0
177
0
178
0
179
2
271
2
272
2
273
2
274
3
275
0
276
0
277
2
278
44
279
0
280
0
281
0
282
0
283
0
284
8
285
0
286
0
288
0
289
3
290
0
371
-2
372
-2
  0
DIMSTYLE
105
B9
330
4
100
AcDbSymbolTableRecord
100
AcDbDimStyleTableRecord
  2
_TCH_ARCH&&20
 70
0
 40
1.0
 41
2.5
 42
0.625
 43
3.75
 44
1.25
 45
0.0
 46
0.0
 47
0.0
 48
0.0
 49
2.5
140
2.5
141
2.5
142
0.0
143
0.03937007874
144
1.0
145
0.0
146
1.0
147
0.625
148
0.0
 69
0
 70
0
 71
0
 72
0
 73
0
 74
0
 75
0
 76
0
 77
1
 78
8
 79
3
170
0
171
3
172
1
173
0
174
0
175
0
176
0
177
0
178
0
179
2
271
2
272
2
273
2
274
3
275
0
276
0
277
2
278
44
279
0
280
0
281
0
282
0
283
0
284
8
285
0
286
0
288
0
289
3
290
0
371
-2
372
-2
  0
DIMSTYLE
105
BA
330
4
100
AcDbSymbolTableRecord
100
AcDbDimStyleTableRecord
  2
DIMN20
 70
0
 40
1.0
 41
2.5
 42
0.625
 43
3.75
 44
1.25
 45
0.0
 46
0.0
 47
0.0
 48
0.0
 49
2.5
140
2.5
141
2.5
142
0.0
143
0.03937007874
144
1.0
145
0.0
146
1.0
147
0.625
148
0.0
 69
0
 70
0
 71
0
 72
0
 73
0
 74
0
 75
0
 76
0
 77
1
 78
8
 79
3
170
0
171
3
172
1
173
0
174
0
175
0
176
0
177
0
178
0
179
2
271
2
272
2
273
2
274
3
275
0
276
0
277
2
278
44
279
0
280
0
281
0
282
0
283
0
284
8
285
0
286
0
288
0
289
3
290
0
371
-2
372
-2
  0
DIMSTYLE
105
BB
330
4
100
AcDbSymbolTableRecord
100
AcDbDimStyleTableRecord
  2
_TCH_ARCH&&50
 70
0
 40
1.0
 41
2.5
 42
0.625
 43
3.75
 44
1.25
 45
0.0
 46
0.0
 47
0.0
 48
0.0
 49
2.5
140
2.5
141
2.5
142
0.0
143
0.03937007874
144
1.0
145
0.0
146
1.0
147
0.625
148
0.0
 69
0
 70
0
 71
0
 72
0
 73
0
 74
0
 75
0
 76
0
 77
1
 78
8
 79
3
170
0
171
3
172
1
173
0
174
0
175
0
176
0
177
0
178
0
179
2
271
2
272
2
273
2
274
3
275
0
276
0
277
2
278
44
279
0
280
0
281
0
282
0
283
0
284
8
285
0
286
0
288
0
289
3
290
0
371
-2
372
-2
  0
DIMSTYLE
105
BC
330
4
100
AcDbSymbolTableRecord
100
AcDbDimStyleTableRecord
  2
_TCH_ARCH&&80
 70
0
 40
1.0
 41
2.5
 42
0.625
 43
3.75
 44
1.25
 45
0.0
 46
0.0
 47
0.0
 48
0.0
 49
2.5
140
2.5
141
2.5
142
0.0
143
0.03937007874
144
1.0
145
0.0
146
1.0
147
0.625
148
0.0
 69
0
 70
0
 71
0
 72
0
 73
0
 74
0
 75
0
 76
0
 77
1
 78
8
 79
3
170
0
171
3
172
1
173
0
174
0
175
0
176
0
177
0
178
0
179
2
271
2
272
2
273
2
274
3
275
0
276
0
277
2
278
44
279
0
280
0
281
0
282
0
283
0
284
8
285
0
286
0
288
0
289
3
290
0
371
-2
372
-2
  0
DIMSTYLE
105
BD
330
4
100
AcDbSymbolTableRecord
100
AcDbDimStyleTableRecord
  2
_TCH_ARCH&&60
 70
0
 40
1.0
 41
2.5
 42
0.625
 43
3.75
 44
1.25
 45
0.0
 46
0.0
 47
0.0
 48
0.0
 49
2.5
140
2.5
141
2.5
142
0.0
143
0.03937007874
144
1.0
145
0.0
146
1.0
147
0.625
148
0.0
 69
0
 70
0
 71
0
 72
0
 73
0
 74
0
 75
0
 76
0
 77
1
 78
8
 79
3
170
0
171
3
172
1
173
0
174
0
175
0
176
0
177
0
178
0
179
2
271
2
272
2
273
2
274
3
275
0
276
0
277
2
278
44
279
0
280
0
281
0
282
0
283
0
284
8
285
0
286
0
288
0
289
3
290
0
371
-2
372
-2
  0
DIMSTYLE
105
BE
330
4
100
AcDbSymbolTableRecord
100
AcDbDimStyleTableRecord
  2
_TCH_ARCH&&150
 70
0
 40
1.0
 41
2.5
 42
0.625
 43
3.75
 44
1.25
 45
0.0
 46
0.0
 47
0.0
 48
0.0
 49
2.5
140
2.5
141
2.5
142
0.0
143
0.03937007874
144
1.0
145
0.0
146
1.0
147
0.625
148
0.0
 69
0
 70
0
 71
0
 72
0
 73
0
 74
0
 75
0
 76
0
 77
1
 78
8
 79
3
170
0
171
3
172
1
173
0
174
0
175
0
176
0
177
0
178
0
179
2
271
2
272
2
273
2
274
3
275
0
276
0
277
2
278
44
279
0
280
0
281
0
282
0
283
0
284
8
285
0
286
0
288
0
289
3
290
0
371
-2
372
-2
  0
ENDTAB
  0
TABLE
  2
BLOCK_RECORD
  5
9
330
0
100
AcDbSymbolTable
 70
23
  0
BLOCK_RECORD
  5
17
330
9
100
AcDbSymbolTableRecord
100
AcDbBlockTableRecord
  2
*Model_Space
340
1A
 70
0
280
1
281
0
  0
BLOCK_RECORD
  5
1B
330
9
100
AcDbSymbolTableRecord
100
AcDbBlockTableRecord
  2
*Paper_Space
340
1E
 70
0
280
1
281
0
  0
BLOCK_RECORD
  5
DCC
330
9
100
AcDbSymbolTableRecord
100
AcDbBlockTableRecord
  2
_AXISO
340
0
 70
0
280
1
281
0
  0
BLOCK_RECORD
  5
DD1
330
9
100
AcDbSymbolTableRecord
100
AcDbBlockTableRecord
  2
$lvtry$00000168
340
0
 70
0
280
1
281
0
  0
BLOCK_RECORD
  5
DD8
330
9
100
AcDbSymbolTableRecord
100
AcDbBlockTableRecord
  2
$plan$00001629
340
0
 70
0
280
1
281
0
  0
BLOCK_RECORD
  5
E1A
330
9
100
AcDbSymbolTableRecord
100
AcDbBlockTableRecord
  2
_ArchTick
340
0
 70
0
280
1
281
0
  0
BLOCK_RECORD
  5
E1E
330
9
100
AcDbSymbolTableRecord
100
AcDbBlockTableRecord
  2
$WINLIB2D$00000039
340
0
 70
0
280
1
281
0
  0
BLOCK_RECORD
  5
E36
330
9
100
AcDbSymbolTableRecord
100
AcDbBlockTableRecord
  2
$DorLib2D$00000127
340
0
 70
0
280
1
281
0
  0
BLOCK_RECORD
  5
E42
330
9
100
AcDbSymbolTableRecord
100
AcDbBlockTableRecord
  2
bzc1
340
0
 70
0
280
1
281
0
  0
BLOCK_RECORD
  5
FE2
330
9
100
AcDbSymbolTableRecord
100
AcDbBlockTableRecord
  2
$DorLib2D$00000001
340
0
 70
0
280
1
281
0
  0
BLOCK_RECORD
  5
FEA
330
9
100
AcDbSymbolTableRecord
100
AcDbBlockTableRecord
  2
A$C48D17288
340
0
 70
0
280
1
281
0
  0
BLOCK_RECORD
  5
1044
330
9
100
AcDbSymbolTableRecord
100
AcDbBlockTableRecord
  2
A$C64C607FF
340
0
 70
0
280
1
281
0
  0
BLOCK_RECORD
  5
1068
330
9
100
AcDbSymbolTableRecord
100
AcDbBlockTableRecord
  2
A$C6DED0C2E
340
0
 70
0
280
1
281
0
  0
BLOCK_RECORD
  5
1076
330
9
100
AcDbSymbolTableRecord
100
AcDbBlockTableRecord
  2
A$C2E946E6E
340
0
 70
0
280
1
281
0
  0
BLOCK_RECORD
  5
1084
330
9
100
AcDbSymbolTableRecord
100
AcDbBlockTableRecord
  2
$DorLib2D$00000114
340
0
 70
0
280
1
281
0
  0
BLOCK_RECORD
  5
1089
330
9
100
AcDbSymbolTableRecord
100
AcDbBlockTableRecord
  2
$DorLib2D$00000226
340
0
 70
0
280
1
281
0
  0
BLOCK_RECORD
  5
1090
330
9
100
AcDbSymbolTableRecord
100
AcDbBlockTableRecord
  2
$TCHSYS$WIN2D
340
0
 70
0
280
1
281
0
  0
BLOCK_RECORD
  5
1097
330
9
100
AcDbSymbolTableRecord
100
AcDbBlockTableRecord
  2
ktg
340
0
 70
0
280
1
281
0
  0
BLOCK_RECORD
  5
109D
330
9
100
AcDbSymbolTableRecord
100
AcDbBlockTableRecord
  2
A$C2DEF7CDB
340
0
 70
0
280
1
281
0
  0
BLOCK_RECORD
  5
10C3
330
9
100
AcDbSymbolTableRecord
100
AcDbBlockTableRecord
  2
A$C09BB3BC1
340
0
 70
0
280
1
281
0
  0
BLOCK_RECORD
  5
10C8
330
9
100
AcDbSymbolTableRecord
100
AcDbBlockTableRecord
  2
$DorLib2D$00000231
340
0
 70
0
280
1
281
0
  0
BLOCK_RECORD
  5
10CF
330
9
100
AcDbSymbolTableRecord
100
AcDbBlockTableRecord
  2
$lvtry$00000209
340
0
 70
0
280
1
281
0
  0
BLOCK_RECORD
  5
10F0
330
9
100
AcDbSymbolTableRecord
100
AcDbBlockTableRecord
  2
$DorLib2D$00000131
340
0
 70
0
280
1
281
0
  0
ENDTAB
  0
ENDSEC
  0
SECTION
  2
BLOCKS
  0
BLOCK
  5
18
330
17
100
AcDbEntity
  8
0
100
AcDbBlockBegin
  2
*Model_Space
 70
0
 10
0.0
 20
0.0
 30
0.0
  3
*Model_Space
  1

  0
ENDBLK
  5
19
330
17
100
AcDbEntity
  8
0
100
AcDbBlockEnd
  0
BLOCK
  5
1C
330
1B
100
AcDbEntity
  8
0
100
AcDbBlockBegin
  2
*Paper_Space
 70
0
 10
0.0
 20
0.0
 30
0.0
  3
*Paper_Space
  1

  0
ENDBLK
  5
1D
330
1B
100
AcDbEntity
  8
0
100
AcDbBlockEnd
  0
BLOCK
  5
DCD
330
DCC
100
AcDbEntity
  8
0
100
AcDbBlockBegin
  2
_AXISO
 70
2
 10
0.0
 20
0.0
 30
0.0
  3
_AXISO
  1

  0
CIRCLE
  5
DCF
330
DCC
100
AcDbEntity
  8
0
100
AcDbCircle
 10
0.0
 20
0.0
 30
0.0
 40
0.5
  0
ATTDEF
  5
DD0
330
DCC
100
AcDbEntity
  8
AXIS_TEXT
100
AcDbText
 10
-0.25
 20
-0.28
 30
0.0
 40
0.56
  1

  7
COMPLEX
 41
1.041666666666667
 72
5
 11
0.25
 21
-0.28
 31
0.0
100
AcDbAttributeDefinition
  3

  2
A
 70
0
  0
ENDBLK
  5
DCE
330
DCC
100
AcDbEntity
  8
0
100
AcDbBlockEnd
  0
BLOCK
  5
DD2
330
DD1
100
AcDbEntity
  8
0
100
AcDbBlockBegin
  2
$lvtry$00000168
 70
0
 10
0.0
 20
0.0
 30
0.0
  3
$lvtry$00000168
  1

  0
ARC
  5
DD4
330
DD1
100
AcDbEntity
  8
0
100
AcDbCircle
 10
0.0
 20
-394.9999999999964
 30
0.0
 40
50.0
100
AcDbArc
 50
121.0331935238048
 51
58.9668064761952
  0
POINT
  5
DD5
330
DD1
100
AcDbEntity
  8
0
100
AcDbPoint
 10
3.638e-12
 20
-222.5000000049986
 30
0.0
1001
SANITARYDRAIN
1000
$TwtSys$00000147
1000
TWTSYS(00000103)
1040
0.45
1040
0.15
  0
POINT
  5
DD6
330
DD1
100
AcDbEntity
  8
0
100
AcDbPoint
 10
0.0
 20
0.0
 30
0.0
1001
SANITARYFEED
1000
$TWTSYS$00000225
1000
TWTSYS(00000344)
1040
0.75
1040
0.0
  0
LINE
  5
DD7
330
DD1
100
AcDbEntity
  8
0
100
AcDbLine
 10
3.638e-12
 20
0.0
 30
0.0
 11
0.0
 21
-394.9999999999964
 31
0.0
  0
ENDBLK
  5
DD3
330
DD1
100
AcDbEntity
  8
0
100
AcDbBlockEnd
  0
BLOCK
  5
DD9
330
DD8
100
AcDbEntity
  8
0
100
AcDbBlockBegin
  2
$plan$00001629
 70
0
 10
0.0
 20
0.0
 30
0.0
  3
$plan$00001629
  1

  0
ARC
  5
DDB
330
DD8
100
AcDbEntity
  8
0
100
AcDbCircle
 10
52.97627643834494
 20
-277.9203362163662
 30
0.0
 40
174.417123143144
100
AcDbArc
 50
29.66340120871218
 51
53.9726266149347
  0
ARC
  5
DDC
330
DD8
100
AcDbEntity
  8
0
100
AcDbCircle
 10
89.79611807895708
 20
-230.0
 30
0.0
 40
190.2038819210429
100
AcDbArc
 50
0.0
 51
26.75998177402982
  0
ARC
  5
DDD
330
DD8
100
AcDbEntity
  8
0
100
AcDbCircle
 10
89.79611807895708
 20
-229.9999999999909
 30
0.0
 40
173.2038819210402
100
AcDbArc
 50
0.0
 51
26.75998177402982
  0
ARC
  5
DDE
330
DD8
100
AcDbEntity
  8
0
100
AcDbCircle
 10
-52.97627643836677
 20
-277.9203362163298
 30
0.0
 40
174.4171231430993
100
AcDbArc
 50
126.0273733850653
 51
150.3365987912878
  0
ARC
  5
DDF
330
DD8
100
AcDbEntity
  8
0
100
AcDbCircle
 10
0.0
 20
-170.0
 30
0.0
 40
35.0
100
AcDbArc
 50
118.7783242745637
 51
61.22167572576055
  0
ARC
  5
DE0
330
DD8
100
AcDbEntity
  8
0
100
AcDbCircle
 10
0.0
 20
-170.0
 30
0.0
 40
25.0
100
AcDbArc
 50
129.0728482841947
 51
50.92715171588623
  0
ARC
  5
DE1
330
DD8
100
AcDbEntity
  8
0
100
AcDbCircle
 10
-89.79611807896617
 20
-229.9999999999909
 30
0.0
 40
190.2038819210333
100
AcDbArc
 50
153.2400182259702
 51
180.0
  0
ARC
  5
DE2
330
DD8
100
AcDbEntity
  8
0
100
AcDbCircle
 10
-89.79611807896617
 20
-230.0
 30
0.0
 40
173.2038819210352
100
AcDbArc
 50
153.2400182259702
 51
180.0
  0
ARC
  5
DE3
330
DD8
100
AcDbEntity
  8
0
100
AcDbCircle
 10
-18.31063416833786
 20
-173.8945854212034
 30
0.0
 40
283.0756337975021
100
AcDbArc
 50
230.5993393365177
 51
251.2092895865379
  0
ARC
  5
DE4
330
DD8
100
AcDbEntity
  8
0
100
AcDbCircle
 10
-18.31063416834149
 20
-173.8945854212034
 30
0.0
 40
266.0756337975045
100
AcDbArc
 50
230.5993393365177
 51
251.2092895865379
  0
ARC
  5
DE5
330
DD8
100
AcDbEntity
  8
0
100
AcDbCircle
 10
-52.97627643836677
 20
-222.0796637836793
 30
0.0
 40
174.4171231430922
100
AcDbArc
 50
209.6634012087122
 51
233.9726266149347
  0
ARC
  5
DE6
330
DD8
100
AcDbEntity
  8
0
100
AcDbCircle
 10
-46.43749498305624
 20
-208.1359811956372
 30
0.0
 40
238.7631808765496
100
AcDbArc
 50
206.7599817740298
 51
230.5993393365177
  0
ARC
  5
DE7
330
DD8
100
AcDbEntity
  8
0
100
AcDbCircle
 10
-46.43749498305078
 20
-208.1359811956372
 30
0.0
 40
221.7631808765483
100
AcDbArc
 50
206.7599817740298
 51
230.5993393365177
  0
ARC
  5
DE8
330
DD8
100
AcDbEntity
  8
0
100
AcDbCircle
 10
-101.9985705180079
 20
-250.0
 30
0.0
 40
118.0014294819921
100
AcDbArc
 50
180.0
 51
209.6634012087122
  0
ARC
  5
DE9
330
DD8
100
AcDbEntity
  8
0
100
AcDbCircle
 10
-89.79611807896617
 20
-230.0000000000091
 30
0.0
 40
190.2038819210338
100
AcDbArc
 50
180.0
 51
206.7599817740298
  0
ARC
  5
DEA
330
DD8
100
AcDbEntity
  8
0
100
AcDbCircle
 10
-89.79611807896617
 20
-230.0
 30
0.0
 40
173.2038819210356
100
AcDbArc
 50
180.0
 51
206.7599817740298
  0
ARC
  5
DEB
330
DD8
100
AcDbEntity
  8
0
100
AcDbCircle
 10
-101.9985705179988
 20
-250.0
 30
0.0
 40
118.0014294820012
100
AcDbArc
 50
150.3365987912878
 51
180.0
  0
ARC
  5
DEC
330
DD8
100
AcDbEntity
  8
0
100
AcDbCircle
 10
52.97627643836677
 20
-222.0796637836702
 30
0.0
 40
174.4171231430993
100
AcDbArc
 50
306.0273733850653
 51
330.3365987912878
  0
ARC
  5
DED
330
DD8
100
AcDbEntity
  8
0
100
AcDbCircle
 10
46.4374949830526
 20
-208.1359811956463
 30
0.0
 40
221.7631808765424
100
AcDbArc
 50
309.4006606634823
 51
333.2400182259702
  0
ARC
  5
DEE
330
DD8
100
AcDbEntity
  8
0
100
AcDbCircle
 10
46.4374949830526
 20
-208.1359811956372
 30
0.0
 40
238.7631808765494
100
AcDbArc
 50
309.4006606634823
 51
333.2400182259702
  0
ARC
  5
DEF
330
DD8
100
AcDbEntity
  8
0
100
AcDbCircle
 10
20.94017001812608
 20
-178.0300174558488
 30
0.0
 40
228.8843927292957
100
AcDbArc
 50
286.7647295952501
 51
306.0273733850653
  0
ARC
  5
DF0
330
DD8
100
AcDbEntity
  8
0
100
AcDbCircle
 10
0.0
 20
-120.0788516101056
 30
0.0
 40
339.9211483898944
100
AcDbArc
 50
270.0
 51
288.7907104134621
  0
ARC
  5
DF1
330
DD8
100
AcDbEntity
  8
0
100
AcDbCircle
 10
-3.638e-12
 20
-120.0788516101056
 30
0.0
 40
322.9211483898985
100
AcDbArc
 50
270.0
 51
288.7907104134621
  0
ARC
  5
DF2
330
DD8
100
AcDbEntity
  8
0
100
AcDbCircle
 10
-20.94017001814245
 20
-178.0300174558761
 30
0.0
 40
228.8843927292629
100
AcDbArc
 50
233.9726266149347
 51
253.2352704047499
  0
ARC
  5
DF3
330
DD8
100
AcDbEntity
  8
0
100
AcDbCircle
 10
-9.0949e-12
 20
-108.5182090786748
 30
0.0
 40
301.481790921325
100
AcDbArc
 50
253.2352704047499
 51
270.0
  0
ARC
  5
DF4
330
DD8
100
AcDbEntity
  8
0
100
AcDbCircle
 10
0.0
 20
-120.0788516101147
 30
0.0
 40
339.9211483898875
100
AcDbArc
 50
251.2092895865379
 51
270.0
  0
ARC
  5
DF5
330
DD8
100
AcDbEntity
  8
0
100
AcDbCircle
 10
5.457e-12
 20
-120.0788516101147
 30
0.0
 40
322.9211483898915
100
AcDbArc
 50
251.2092895865379
 51
270.0
  0
ARC
  5
DF6
330
DD8
100
AcDbEntity
  8
0
100
AcDbCircle
 10
9.0949e-12
 20
-108.5182090786384
 30
0.0
 40
301.4817909213616
100
AcDbArc
 50
270.0
 51
286.7647295952501
  0
ARC
  5
DF7
330
DD8
100
AcDbEntity
  8
0
100
AcDbCircle
 10
18.31063416832876
 20
-173.8945854212034
 30
0.0
 40
283.0756337975069
100
AcDbArc
 50
288.7907104134621
 51
309.4006606634823
  0
ARC
  5
DF8
330
DD8
100
AcDbEntity
  8
0
100
AcDbCircle
 10
18.31063416833422
 20
-173.8945854212034
 30
0.0
 40
266.0756337975079
100
AcDbArc
 50
288.7907104134621
 51
309.4006606634823
  0
ARC
  5
DF9
330
DD8
100
AcDbEntity
  8
0
100
AcDbCircle
 10
89.79611807895708
 20
-230.0
 30
0.0
 40
190.2038819210425
100
AcDbArc
 50
333.2400182259702
 51
0.0
  0
ARC
  5
DFA
330
DD8
100
AcDbEntity
  8
0
100
AcDbCircle
 10
101.9985705179988
 20
-250.0
 30
0.0
 40
118.0014294820012
100
AcDbArc
 50
330.3365987912878
 51
0.0
  0
ARC
  5
DFB
330
DD8
100
AcDbEntity
  8
0
100
AcDbCircle
 10
89.79611807895708
 20
-230.0
 30
0.0
 40
173.2038819210402
100
AcDbArc
 50
333.2400182259702
 51
0.0
  0
ARC
  5
DFC
330
DD8
100
AcDbEntity
  8
0
100
AcDbCircle
 10
101.9985705179679
 20
-249.9999999999909
 30
0.0
 40
118.001429482033
100
AcDbArc
 50
0.0
 51
29.66340120871218
  0
ARC
  5
DFD
330
DD8
100
AcDbEntity
  8
0
100
AcDbCircle
 10
-18.31063416834695
 20
-286.1054145787875
 30
0.0
 40
283.075633797496
100
AcDbArc
 50
108.790710413462
 51
129.4006606634823
  0
ARC
  5
DFE
330
DD8
100
AcDbEntity
  8
0
100
AcDbCircle
 10
-18.31063416834695
 20
-286.1054145787784
 30
0.0
 40
266.0756337974856
100
AcDbArc
 50
108.790710413462
 51
129.4006606634823
  0
LINE
  5
DFF
330
DD8
100
AcDbEntity
  8
0
100
AcDbLine
 10
-252.2756082078286
 20
-170.0
 30
0.0
 11
-171.5415345362908
 21
-150.0
 31
0.0
  0
ARC
  5
E00
330
DD8
100
AcDbEntity
  8
0
100
AcDbCircle
 10
-46.43749498305078
 20
-251.8640188043628
 30
0.0
 40
238.7631808765523
100
AcDbArc
 50
129.4006606634823
 51
153.2400182259702
  0
ARC
  5
E01
330
DD8
100
AcDbEntity
  8
0
100
AcDbCircle
 10
-46.43749498304715
 20
-251.8640188043628
 30
0.0
 40
221.7631808765523
100
AcDbArc
 50
129.4006606634823
 51
153.2400182259702
  0
ARC
  5
E02
330
DD8
100
AcDbEntity
  8
0
100
AcDbCircle
 10
18.31063416833422
 20
-286.1054145787875
 30
0.0
 40
283.0756337974968
100
AcDbArc
 50
50.5993393365177
 51
71.20928958653796
  0
ARC
  5
E03
330
DD8
100
AcDbEntity
  8
0
100
AcDbCircle
 10
18.31063416833422
 20
-286.1054145787875
 30
0.0
 40
266.0756337975038
100
AcDbArc
 50
50.5993393365177
 51
71.20928958653796
  0
ARC
  5
E04
330
DD8
100
AcDbEntity
  8
0
100
AcDbCircle
 10
20.94017001813518
 20
-321.969982544133
 30
0.0
 40
228.8843927292774
100
AcDbArc
 50
53.9726266149347
 51
73.23527040474984
  0
LINE
  5
E05
330
DD8
100
AcDbEntity
  8
0
100
AcDbLine
 10
75.0
 20
-35.0
 30
0.0
 11
75.0
 21
-85.0
 31
0.0
  0
ARC
  5
E06
330
DD8
100
AcDbEntity
  8
0
100
AcDbCircle
 10
0.0
 20
-146.4491650803302
 30
0.0
 40
16.29303397808485
100
AcDbArc
 50
180.0
 51
0.0
  0
CIRCLE
  5
E07
330
DD8
100
AcDbEntity
  8
0
100
AcDbCircle
 10
1.237757498010978
 20
-60.0
 30
0.0
 40
10.0
  0
LINE
  5
E08
330
DD8
100
AcDbEntity
  8
0
100
AcDbLine
 10
-16.29303397808508
 20
-146.4491650803302
 30
0.0
 11
-25.0
 21
-35.0
 31
0.0
  0
LINE
  5
E09
330
DD8
100
AcDbEntity
  8
0
100
AcDbLine
 10
16.29303397808144
 20
-146.4491650803302
 30
0.0
 11
25.0
 21
-35.0
 31
0.0
  0
ARC
  5
E0A
330
DD8
100
AcDbEntity
  8
0
100
AcDbCircle
 10
-20.94017001812426
 20
-321.9699825441512
 30
0.0
 40
228.8843927292957
100
AcDbArc
 50
106.7647295952501
 51
126.0273733850653
  0
LINE
  5
E0B
330
DD8
100
AcDbEntity
  8
0
100
AcDbLine
 10
-75.0
 20
-35.0
 30
0.0
 11
-75.0
 21
-85.0
 31
0.0
  0
ARC
  5
E0C
330
DD8
100
AcDbEntity
  8
0
100
AcDbCircle
 10
-2.455636e-10
 20
-391.4817909214798
 30
0.0
 40
301.4817909214059
100
AcDbArc
 50
93.92713535758868
 51
106.7647295952201
  0
LINE
  5
E0D
330
DD8
100
AcDbEntity
  8
0
100
AcDbLine
 10
-75.0
 20
-85.0
 30
0.0
 11
-21.09374999999454
 21
-85.0
 31
0.0
  0
ARC
  5
E0E
330
DD8
100
AcDbEntity
  8
0
100
AcDbCircle
 10
2.728484e-10
 20
-391.4817909214526
 30
0.0
 40
301.4817909213765
100
AcDbArc
 50
73.23527040477991
 51
86.07286464241132
  0
LINE
  5
E0F
330
DD8
100
AcDbEntity
  8
0
100
AcDbLine
 10
21.09374999999091
 20
-85.0
 30
0.0
 11
75.0
 21
-85.0
 31
0.0
  0
LINE
  5
E10
330
DD8
100
AcDbEntity
  8
0
100
AcDbLine
 10
-75.0
 20
-35.0
 30
0.0
 11
75.0
 21
-35.0
 31
0.0
  0
LINE
  5
E11
330
DD8
100
AcDbEntity
  8
0
100
AcDbLine
 10
171.5415345361962
 20
-150.0
 30
0.0
 11
252.2756082077103
 21
-170.0
 31
0.0
  0
ARC
  5
E12
330
DD8
100
AcDbEntity
  8
0
100
AcDbCircle
 10
46.43749498304715
 20
-251.8640188043628
 30
0.0
 40
221.7631808765534
100
AcDbArc
 50
26.75998177402982
 51
50.5993393365177
  0
ARC
  5
E13
330
DD8
100
AcDbEntity
  8
0
100
AcDbCircle
 10
46.43749498304715
 20
-251.8640188043628
 30
0.0
 40
238.7631808765516
100
AcDbArc
 50
26.75998177402982
 51
50.5993393365177
  0
ARC
  5
E14
330
DD8
100
AcDbEntity
  8
0
100
AcDbCircle
 10
9.0949e-12
 20
-339.9211483899217
 30
0.0
 40
339.9211483899234
100
AcDbArc
 50
71.20928958653796
 51
90.0
  0
ARC
  5
E15
330
DD8
100
AcDbEntity
  8
0
100
AcDbCircle
 10
5.457e-12
 20
-339.9211483899217
 30
0.0
 40
322.9211483899252
100
AcDbArc
 50
71.20928958653796
 51
90.0
  0
ARC
  5
E16
330
DD8
100
AcDbEntity
  8
0
100
AcDbCircle
 10
0.0
 20
-339.9211483899217
 30
0.0
 40
339.9211483899217
100
AcDbArc
 50
90.0
 51
108.790710413462
  0
ARC
  5
E17
330
DD8
100
AcDbEntity
  8
0
100
AcDbCircle
 10
5.457e-12
 20
-339.9211483899217
 30
0.0
 40
322.9211483899257
100
AcDbArc
 50
90.0
 51
108.790710413462
  0
CIRCLE
  5
E18
330
DD8
100
AcDbEntity
  8
0
100
AcDbCircle
 10
50.0
 20
-60.0
 30
0.0
 40
20.0
  0
CIRCLE
  5
E19
330
DD8
100
AcDbEntity
  8
0
100
AcDbCircle
 10
-50.0
 20
-60.0
 30
0.0
 40
20.0
  0
ENDBLK
  5
DDA
330
DD8
100
AcDbEntity
  8
0
100
AcDbBlockEnd
  0
BLOCK
  5
E1B
330
E1A
100
AcDbEntity
  8
0
100
AcDbBlockBegin
  2
_ArchTick
 70
0
 10
0.0
 20
0.0
 30
0.0
  3
_ArchTick
  1

  0
LWPOLYLINE
  5
E1D
330
E1A
100
AcDbEntity
  8
0
  6
ByBlock
 62
0
100
AcDbPolyline
 90
2
 70
0
 43
0.4
 10
-0.5
 20
-0.5
 10
0.5
 20
0.5
  0
ENDBLK
  5
E1C
330
E1A
100
AcDbEntity
  8
0
100
AcDbBlockEnd
  0
BLOCK
  5
E1F
330
E1E
100
AcDbEntity
  8
0
100
AcDbBlockBegin
  2
$WINLIB2D$00000039
 70
0
 10
0.0
 20
0.0
 30
0.0
  3
$WINLIB2D$00000039
  1

  0
LWPOLYLINE
  5
E21
330
E1E
100
AcDbEntity
  8
0
 62
0
100
AcDbPolyline
 90
2
 70
0
 10
0.4999999999983338
 20
-0.5000000000463842
 10
0.4999999999999609
 20
0.4999999999999432
  0
LWPOLYLINE
  5
E22
330
E1E
100
AcDbEntity
  8
0
 62
0
100
AcDbPolyline
 90
2
 70
0
 10
-0.4999999999983409
 20
0.5000000000445652
 10
-0.4999999999999964
 20
-0.4999999999999716
  0
LWPOLYLINE
  5
E23
330
E1E
100
AcDbEntity
  8
0
 62
0
100
AcDbPolyline
 90
2
 70
0
 10
0.4999999999983338
 20
-0.5000000000463842
 10
-0.5000000000016662
 20
-0.4999999999554348
  0
LWPOLYLINE
  5
E24
330
E1E
100
AcDbEntity
  8
0
 62
0
100
AcDbPolyline
 90
2
 70
0
 10
0.5000000000016591
 20
0.4999999999536158
 10
-0.4999999999983409
 20
0.5000000000445652
  0
LWPOLYLINE
  5
E25
330
E1E
100
AcDbEntity
  8
0
 62
0
100
AcDbPolyline
 90
2
 70
0
 10
-0.499999999999428
 20
0.1666666667124446
 10
0.500000000000572
 20
0.1666666666205998
  0
LWPOLYLINE
  5
E26
330
E1E
100
AcDbEntity
  8
0
 62
0
100
AcDbPolyline
 90
2
 70
0
 10
-0.500000000000572
 20
-0.1666666666214951
 10
0.499999999999428
 20
-0.1666666667124446
  0
LWPOLYLINE
  5
E27
330
E1E
100
AcDbEntity
  8
0
 62
0
100
AcDbPolyline
 90
2
 70
0
 10
0.4999999999916831
 20
-0.1666666667115209
 10
0.4358974358904746
 20
0.1666666666260568
  0
LWPOLYLINE
  5
E28
330
E1E
100
AcDbEntity
  8
0
 62
0
100
AcDbPolyline
 90
2
 70
0
 10
0.3640179266869801
 20
-0.1666666667006069
 10
0.2999153625854838
 20
0.166666666639685
  0
LWPOLYLINE
  5
E29
330
E1E
100
AcDbEntity
  8
0
 62
0
100
AcDbPolyline
 90
2
 70
0
 10
0.4320089633395341
 20
-0.1666666667060639
 10
0.3679063992380058
 20
0.166666666632409
  0
LWPOLYLINE
  5
E2A
330
E1E
100
AcDbEntity
  8
0
 62
0
100
AcDbPolyline
 90
2
 70
0
 10
0.2280358533819644
 20
-0.166666666687874
 10
0.163933289280525
 20
0.1666666666505989
  0
LWPOLYLINE
  5
E2B
330
E1E
100
AcDbEntity
  8
0
 62
0
100
AcDbPolyline
 90
2
 70
0
 10
0.2960268900345753
 20
-0.1666666666942547
 10
0.231924325933047
 20
0.1666666666460657
  0
LWPOLYLINE
  5
E2C
330
E1E
100
AcDbEntity
  8
0
 62
0
100
AcDbPolyline
 90
2
 70
0
 10
0.092053780077034
 20
-0.1666666666751411
 10
0.0279512159755768
 20
0.1666666666642556
  0
LWPOLYLINE
  5
E2D
330
E1E
100
AcDbEntity
  8
0
 62
0
100
AcDbPolyline
 90
2
 70
0
 10
0.1600448167296129
 20
-0.1666666666815217
 10
0.0959422526280953
 20
0.1666666666578749
  0
LWPOLYLINE
  5
E2E
330
E1E
100
AcDbEntity
  8
0
 62
0
100
AcDbPolyline
 90
2
 70
0
 10
-0.0439282932278893
 20
-0.1666666666633319
 10
-0.1080308573293216
 20
0.1666666666760648
  0
LWPOLYLINE
  5
E2F
330
E1E
100
AcDbEntity
  8
0
 62
0
100
AcDbPolyline
 90
2
 70
0
 10
0.024062743424718
 20
-0.1666666666696841
 10
-0.0400398206768031
 20
0.1666666666697125
  0
LWPOLYLINE
  5
E30
330
E1E
100
AcDbEntity
  8
0
 62
0
100
AcDbPolyline
 90
2
 70
0
 10
-0.1799103665328481
 20
-0.1666666666505989
 10
-0.2440129306343159
 20
0.1666666666887977
  0
LWPOLYLINE
  5
E31
330
E1E
100
AcDbEntity
  8
0
 62
0
100
AcDbPolyline
 90
2
 70
0
 10
-0.1119193298802692
 20
-0.1666666666569512
 10
-0.1760218939817904
 20
0.1666666666824455
  0
LWPOLYLINE
  5
E32
330
E1E
100
AcDbEntity
  8
0
 62
0
100
AcDbPolyline
 90
2
 70
0
 10
-0.3158924398378069
 20
-0.166666666637866
 10
-0.3799950039392748
 20
0.1666666667006353
  0
LWPOLYLINE
  5
E33
330
E1E
100
AcDbEntity
  8
0
 62
0
100
AcDbPolyline
 90
2
 70
0
 10
-0.2479014031851996
 20
-0.166666666645142
 10
-0.3120039672867243
 20
0.1666666666951784
  0
LWPOLYLINE
  5
E34
330
E1E
100
AcDbEntity
  8
0
 62
0
100
AcDbPolyline
 90
2
 70
0
 10
-0.4518745131427302
 20
-0.1666666666260284
 10
-0.5000000000072298
 20
0.083585865078021
  0
LWPOLYLINE
  5
E35
330
E1E
100
AcDbEntity
  8
0
 62
0
100
AcDbPolyline
 90
2
 70
0
 10
-0.3838834764901549
 20
-0.166666666632409
 10
-0.4479860405916831
 20
0.1666666667079113
  0
ENDBLK
  5
E20
330
E1E
100
AcDbEntity
  8
0
100
AcDbBlockEnd
  0
BLOCK
  5
E37
330
E36
100
AcDbEntity
  8
0
100
AcDbBlockBegin
  2
$DorLib2D$00000127
 70
0
 10
0.0
 20
0.0
 30
0.0
  3
$DorLib2D$00000127
  1

  0
LINE
  5
E39
330
E36
100
AcDbEntity
  8
0
  6
Continuous
 62
0
100
AcDbLine
 10
0.5000000000000533
 20
0.4999999999999787
 30
-93.75
 11
-0.500000000000032
 21
0.4999999999999787
 31
-93.75
  0
LINE
  5
E3A
330
E36
100
AcDbEntity
  8
0
  6
Continuous
 62
0
100
AcDbLine
 10
0.0333333333334629
 20
0.79489831543669
 30
-93.75
 11
0.0333333333334629
 21
0.6904056441872441
 31
-93.75
  0
LINE
  5
E3B
330
E36
100
AcDbEntity
  8
0
  6
Continuous
 62
0
100
AcDbLine
 10
-0.0333333333331787
 20
0.79489831543669
 30
-93.75
 11
-0.5333333333324752
 21
0.79489831543669
 31
-93.75
  0
LINE
  5
E3C
330
E36
100
AcDbEntity
  8
0
  6
Continuous
 62
0
100
AcDbLine
 10
-0.0333333333331787
 20
0.6904056441872441
 30
-93.75
 11
-0.5333333333324752
 21
0.6904056441872441
 31
-93.75
  0
LINE
  5
E3D
330
E36
100
AcDbEntity
  8
0
  6
Continuous
 62
0
100
AcDbLine
 10
-0.0333333333331787
 20
0.79489831543669
 30
-93.75
 11
-0.0333333333331787
 21
0.6904056441872441
 31
-93.75
  0
LINE
  5
E3E
330
E36
100
AcDbEntity
  8
0
  6
Continuous
 62
0
100
AcDbLine
 10
0.533333333332763
 20
0.79489831543669
 30
-93.75
 11
0.533333333332763
 21
0.6904056441872441
 31
-93.75
  0
LINE
  5
E3F
330
E36
100
AcDbEntity
  8
0
  6
Continuous
 62
0
100
AcDbLine
 10
-0.5333333333324752
 20
0.79489831543669
 30
-93.75
 11
-0.5333333333324752
 21
0.6904056441872441
 31
-93.75
  0
LINE
  5
E40
330
E36
100
AcDbEntity
  8
0
  6
Continuous
 62
0
100
AcDbLine
 10
0.533333333332763
 20
0.6904056441872441
 30
-93.75
 11
0.0333333333334629
 21
0.6904056441872441
 31
-93.75
  0
LINE
  5
E41
330
E36
100
AcDbEntity
  8
0
  6
Continuous
 62
0
100
AcDbLine
 10
0.533333333332763
 20
0.79489831543669
 30
-93.75
 11
0.0333333333334629
 21
0.79489831543669
 31
-93.75
  0
ENDBLK
  5
E38
330
E36
100
AcDbEntity
  8
0
100
AcDbBlockEnd
  0
BLOCK
  5
E43
330
E42
100
AcDbEntity
  8
0
100
AcDbBlockBegin
  2
bzc1
 70
0
 10
0.0
 20
0.0
 30
0.0
  3
bzc1
  1

  0
LINE
  5
E45
330
E42
100
AcDbEntity
  8
WALL
 62
2
100
AcDbLine
 10
27690.0
 20
1380.0
 30
0.0
 11
27690.0
 21
3210.0
 31
0.0
1001
AcDbBlockRepETag
1070
1
1071
0
1005
151B
  0
LINE
  5
E46
330
E42
100
AcDbEntity
  8
WALL
 62
2
100
AcDbLine
 10
27510.0
 20
1380.0
 30
0.0
 11
27510.0
 21
3210.0
 31
0.0
1001
AcDbBlockRepETag
1070
1
1071
1
1005
151C
  0
LINE
  5
E47
330
E42
100
AcDbEntity
  8
WALL
 62
2
100
AcDbLine
 10
27510.0
 20
3210.0
 30
0.0
 11
27690.0
 21
3210.0
 31
0.0
1001
AcDbBlockRepETag
1070
1
1071
2
1005
151D
  0
LINE
  5
E48
330
E42
100
AcDbEntity
  8
WALL
 62
2
100
AcDbLine
 10
35390.0
 20
1200.0
 30
0.0
 11
35390.0
 21
3010.0
 31
0.0
1001
AcDbBlockRepETag
1070
1
1071
3
1005
151E
  0
LINE
  5
E49
330
E42
100
AcDbEntity
  8
WALL
 62
2
100
AcDbLine
 10
35210.0
 20
1380.0
 30
0.0
 11
35210.0
 21
3010.0
 31
0.0
1001
AcDbBlockRepETag
1070
1
1071
4
1005
151F
  0
LINE
  5
E4A
330
E42
100
AcDbEntity
  8
WALL
 62
2
100
AcDbLine
 10
35390.0
 20
3010.0
 30
0.0
 11
35210.0
 21
3010.0
 31
0.0
1001
AcDbBlockRepETag
1070
1
1071
5
1005
1520
  0
LINE
  5
E4B
330
E42
100
AcDbEntity
  8
WALL
 62
2
100
AcDbLine
 10
35390.0
 20
5010.0
 30
0.0
 11
35210.0
 21
5010.0
 31
0.0
1001
AcDbBlockRepETag
1070
1
1071
6
1005
1521
  0
LINE
  5
E4C
330
E42
100
AcDbEntity
  8
WALL
 62
2
100
AcDbLine
 10
35390.0
 20
5010.0
 30
0.0
 11
35390.0
 21
6800.0
 31
0.0
1001
AcDbBlockRepETag
1070
1
1071
7
1005
1522
  0
LINE
  5
E4D
330
E42
100
AcDbEntity
  8
WALL
 62
2
100
AcDbLine
 10
35210.0
 20
5010.0
 30
0.0
 11
35210.0
 21
6800.0
 31
0.0
1001
AcDbBlockRepETag
1070
1
1071
8
1005
1523
  0
LINE
  5
E4E
330
E42
100
AcDbEntity
  8
WALL
 62
2
100
AcDbLine
 10
35210.0
 20
6800.0
 30
0.0
 11
35390.0
 21
6800.0
 31
0.0
1001
AcDbBlockRepETag
1070
1
1071
9
1005
1524
  0
LINE
  5
E4F
330
E42
100
AcDbEntity
  8
WALL
 62
2
100
AcDbLine
 10
33900.0
 20
14520.0
 30
0.0
 11
34420.0
 21
14520.0
 31
0.0
1001
AcDbBlockRepETag
1070
1
1071
10
1005
1525
  0
LINE
  5
E50
330
E42
100
AcDbEntity
  8
WALL
 62
2
100
AcDbLine
 10
33900.0
 20
14700.0
 30
0.0
 11
34600.0
 21
14700.0
 31
0.0
1001
AcDbBlockRepETag
1070
1
1071
11
1005
1526
  0
LINE
  5
E51
330
E42
100
AcDbEntity
  8
WALL
 62
2
100
AcDbLine
 10
33900.0
 20
14520.0
 30
0.0
 11
33900.0
 21
14700.0
 31
0.0
1001
AcDbBlockRepETag
1070
1
1071
12
1005
1527
  0
LINE
  5
E52
330
E42
100
AcDbEntity
  8
WALL
 62
2
100
AcDbLine
 10
25700.0
 20
14520.0
 30
0.0
 11
26380.0
 21
14520.0
 31
0.0
1001
AcDbBlockRepETag
1070
1
1071
13
1005
1528
  0
LINE
  5
E53
330
E42
100
AcDbEntity
  8
WALL
 62
2
100
AcDbLine
 10
25700.0
 20
14700.0
 30
0.0
 11
26200.0
 21
14700.0
 31
0.0
1001
AcDbBlockRepETag
1070
1
1071
14
1005
1529
  0
LINE
  5
E54
330
E42
100
AcDbEntity
  8
WALL
 62
2
100
AcDbLine
 10
25700.0
 20
14520.0
 30
0.0
 11
25700.0
 21
14700.0
 31
0.0
1001
AcDbBlockRepETag
1070
1
1071
15
1005
152A
  0
LINE
  5
E55
330
E42
100
AcDbEntity
  8
WALL
 62
2
100
AcDbLine
 10
20780.0
 20
14520.0
 30
0.0
 11
21300.0
 21
14520.0
 31
0.0
1001
AcDbBlockRepETag
1070
1
1071
16
1005
152B
  0
LINE
  5
E56
330
E42
100
AcDbEntity
  8
WALL
 62
2
100
AcDbLine
 10
20600.0
 20
14700.0
 30
0.0
 11
21300.0
 21
14700.0
 31
0.0
1001
AcDbBlockRepETag
1070
1
1071
17
1005
152C
  0
LINE
  5
E57
330
E42
100
AcDbEntity
  8
WALL
 62
2
100
AcDbLine
 10
21300.0
 20
14700.0
 30
0.0
 11
21300.0
 21
14520.0
 31
0.0
1001
AcDbBlockRepETag
1070
1
1071
18
1005
152D
  0
LINE
  5
E58
330
E42
100
AcDbEntity
  8
WALL
 62
2
100
AcDbLine
 10
27690.0
 20
5390.0
 30
0.0
 11
27690.0
 21
5790.0
 31
0.0
1001
AcDbBlockRepETag
1070
1
1071
19
1005
152E
  0
LINE
  5
E59
330
E42
100
AcDbEntity
  8
WALL
 62
2
100
AcDbLine
 10
27510.0
 20
5210.0
 30
0.0
 11
27510.0
 21
5610.0
 31
0.0
1001
AcDbBlockRepETag
1070
1
1071
20
1005
152F
  0
LINE
  5
E5A
330
E42
100
AcDbEntity
  8
WALL
 62
2
100
AcDbLine
 10
27510.0
 20
5210.0
 30
0.0
 11
29990.0
 21
5210.0
 31
0.0
1001
AcDbBlockRepETag
1070
1
1071
21
1005
1530
  0
LINE
  5
E5B
330
E42
100
AcDbEntity
  8
WALL
 62
2
100
AcDbLine
 10
27690.0
 20
5390.0
 30
0.0
 11
29810.0
 21
5390.0
 31
0.0
1001
AcDbBlockRepETag
1070
1
1071
22
1005
1531
  0
LINE
  5
E5C
330
E42
100
AcDbEntity
  8
WALL
 62
2
100
AcDbLine
 10
34600.0
 20
11010.0
 30
0.0
 11
34600.0
 21
14700.0
 31
0.0
1001
AcDbBlockRepETag
1070
1
1071
23
1005
1532
  0
LINE
  5
E5D
330
E42
100
AcDbEntity
  8
WALL
 62
2
100
AcDbLine
 10
34420.0
 20
11190.0
 30
0.0
 11
34420.0
 21
14520.0
 31
0.0
1001
AcDbBlockRepETag
1070
1
1071
24
1005
1533
  0
LINE
  5
E5E
330
E42
100
AcDbEntity
  8
WALL
 62
2
100
AcDbLine
 10
33900.0
 20
11010.0
 30
0.0
 11
34600.0
 21
11010.0
 31
0.0
1001
AcDbBlockRepETag
1070
1
1071
25
1005
1534
  0
LINE
  5
E5F
330
E42
100
AcDbEntity
  8
WALL
 62
2
100
AcDbLine
 10
33900.0
 20
11190.0
 30
0.0
 11
34420.0
 21
11190.0
 31
0.0
1001
AcDbBlockRepETag
1070
1
1071
26
1005
1535
  0
LINE
  5
E60
330
E42
100
AcDbEntity
  8
WALL
 62
2
100
AcDbLine
 10
33900.0
 20
11010.0
 30
0.0
 11
33900.0
 21
11190.0
 31
0.0
1001
AcDbBlockRepETag
1070
1
1071
27
1005
1536
  0
LINE
  5
E61
330
E42
100
AcDbEntity
  8
WALL
 62
2
100
AcDbLine
 10
29990.0
 20
11010.0
 30
0.0
 11
30500.0
 21
11010.0
 31
0.0
1001
AcDbBlockRepETag
1070
1
1071
28
1005
1537
  0
LINE
  5
E62
330
E42
100
AcDbEntity
  8
WALL
 62
2
100
AcDbLine
 10
29990.0
 20
11190.0
 30
0.0
 11
30500.0
 21
11190.0
 31
0.0
1001
AcDbBlockRepETag
1070
1
1071
29
1005
1538
  0
LINE
  5
E63
330
E42
100
AcDbEntity
  8
WALL
 62
2
100
AcDbLine
 10
30500.0
 20
11190.0
 30
0.0
 11
30500.0
 21
11010.0
 31
0.0
1001
AcDbBlockRepETag
1070
1
1071
30
1005
1539
  0
LINE
  5
E64
330
E42
100
AcDbEntity
  8
WALL
 62
2
100
AcDbLine
 10
24390.0
 20
11010.0
 30
0.0
 11
25210.0
 21
11010.0
 31
0.0
1001
AcDbBlockRepETag
1070
1
1071
31
1005
153A
  0
LINE
  5
E65
330
E42
100
AcDbEntity
  8
WALL
 62
2
100
AcDbLine
 10
24390.0
 20
11190.0
 30
0.0
 11
25210.0
 21
11190.0
 31
0.0
1001
AcDbBlockRepETag
1070
1
1071
32
1005
153B
  0
LINE
  5
E66
330
E42
100
AcDbEntity
  8
WALL
 62
2
100
AcDbLine
 10
24390.0
 20
11010.0
 30
0.0
 11
24390.0
 21
11190.0
 31
0.0
1001
AcDbBlockRepETag
1070
1
1071
33
1005
153C
  0
LINE
  5
E67
330
E42
100
AcDbEntity
  8
WALL
 62
2
100
AcDbLine
 10
20600.0
 20
11010.0
 30
0.0
 11
21300.0
 21
11010.0
 31
0.0
1001
AcDbBlockRepETag
1070
1
1071
34
1005
153D
  0
LINE
  5
E68
330
E42
100
AcDbEntity
  8
WALL
 62
2
100
AcDbLine
 10
20780.0
 20
11190.0
 30
0.0
 11
21300.0
 21
11190.0
 31
0.0
1001
AcDbBlockRepETag
1070
1
1071
35
1005
153E
  0
LINE
  5
E69
330
E42
100
AcDbEntity
  8
WALL
 62
2
100
AcDbLine
 10
21300.0
 20
11190.0
 30
0.0
 11
21300.0
 21
11010.0
 31
0.0
1001
AcDbBlockRepETag
1070
1
1071
36
1005
153F
  0
LINE
  5
E6A
330
E42
100
AcDbEntity
  8
WALL
 62
2
100
AcDbLine
 10
34600.0
 20
6620.0
 30
0.0
 11
34600.0
 21
7400.0
 31
0.0
1001
AcDbBlockRepETag
1070
1
1071
37
1005
1540
  0
LINE
  5
E6B
330
E42
100
AcDbEntity
  8
WALL
 62
2
100
AcDbLine
 10
34420.0
 20
6800.0
 30
0.0
 11
34420.0
 21
7400.0
 31
0.0
1001
AcDbBlockRepETag
1070
1
1071
38
1005
1541
  0
LINE
  5
E6C
330
E42
100
AcDbEntity
  8
WALL
 62
2
100
AcDbLine
 10
34420.0
 20
7400.0
 30
0.0
 11
34600.0
 21
7400.0
 31
0.0
1001
AcDbBlockRepETag
1070
1
1071
39
1005
1542
  0
LINE
  5
E6D
330
E42
100
AcDbEntity
  8
WALL
 62
2
100
AcDbLine
 10
31710.0
 20
6620.0
 30
0.0
 11
34600.0
 21
6620.0
 31
0.0
1001
AcDbBlockRepETag
1070
1
1071
40
1005
1543
  0
LINE
  5
E6E
330
E42
100
AcDbEntity
  8
WALL
 62
2
100
AcDbLine
 10
31710.0
 20
6800.0
 30
0.0
 11
34420.0
 21
6800.0
 31
0.0
1001
AcDbBlockRepETag
1070
1
1071
41
1005
1544
  0
LINE
  5
E6F
330
E42
100
AcDbEntity
  8
WALL
 62
2
100
AcDbLine
 10
31710.0
 20
6620.0
 30
0.0
 11
31710.0
 21
6800.0
 31
0.0
1001
AcDbBlockRepETag
1070
1
1071
42
1005
1545
  0
LINE
  5
E70
330
E42
100
AcDbEntity
  8
WALL
 62
2
100
AcDbLine
 10
29300.0
 20
7910.0
 30
0.0
 11
29810.0
 21
7910.0
 31
0.0
1001
AcDbBlockRepETag
1070
1
1071
43
1005
1546
  0
LINE
  5
E71
330
E42
100
AcDbEntity
  8
WALL
 62
2
100
AcDbLine
 10
29300.0
 20
8090.0
 30
0.0
 11
29990.0
 21
8090.0
 31
0.0
1001
AcDbBlockRepETag
1070
1
1071
44
1005
1547
  0
LINE
  5
E72
330
E42
100
AcDbEntity
  8
WALL
 62
2
100
AcDbLine
 10
29300.0
 20
7910.0
 30
0.0
 11
29300.0
 21
8090.0
 31
0.0
1001
AcDbBlockRepETag
1070
1
1071
45
1005
1548
  0
LINE
  5
E73
330
E42
100
AcDbEntity
  8
WALL
 62
2
100
AcDbLine
 10
27000.0
 20
7910.0
 30
0.0
 11
27510.0
 21
7910.0
 31
0.0
1001
AcDbBlockRepETag
1070
1
1071
46
1005
1549
  0
LINE
  5
E74
330
E42
100
AcDbEntity
  8
WALL
 62
2
100
AcDbLine
 10
27000.0
 20
8090.0
 30
0.0
 11
27690.0
 21
8090.0
 31
0.0
1001
AcDbBlockRepETag
1070
1
1071
47
1005
154A
  0
LINE
  5
E75
330
E42
100
AcDbEntity
  8
WALL
 62
2
100
AcDbLine
 10
27000.0
 20
7910.0
 30
0.0
 11
27000.0
 21
8090.0
 31
0.0
1001
AcDbBlockRepETag
1070
1
1071
48
1005
154B
  0
LINE
  5
E76
330
E42
100
AcDbEntity
  8
WALL
 62
2
100
AcDbLine
 10
27690.0
 20
7910.0
 30
0.0
 11
28200.0
 21
7910.0
 31
0.0
1001
AcDbBlockRepETag
1070
1
1071
49
1005
154C
  0
LINE
  5
E77
330
E42
100
AcDbEntity
  8
WALL
 62
2
100
AcDbLine
 10
27690.0
 20
8090.0
 30
0.0
 11
28200.0
 21
8090.0
 31
0.0
1001
AcDbBlockRepETag
1070
1
1071
50
1005
154D
  0
LINE
  5
E78
330
E42
100
AcDbEntity
  8
WALL
 62
2
100
AcDbLine
 10
28200.0
 20
8090.0
 30
0.0
 11
28200.0
 21
7910.0
 31
0.0
1001
AcDbBlockRepETag
1070
1
1071
51
1005
154E
  0
LINE
  5
E79
330
E42
100
AcDbEntity
  8
WALL
 62
2
100
AcDbLine
 10
25390.0
 20
7910.0
 30
0.0
 11
25900.0
 21
7910.0
 31
0.0
1001
AcDbBlockRepETag
1070
1
1071
52
1005
154F
  0
LINE
  5
E7A
330
E42
100
AcDbEntity
  8
WALL
 62
2
100
AcDbLine
 10
25210.0
 20
8090.0
 30
0.0
 11
25900.0
 21
8090.0
 31
0.0
1001
AcDbBlockRepETag
1070
1
1071
53
1005
1550
  0
LINE
  5
E7B
330
E42
100
AcDbEntity
  8
WALL
 62
2
100
AcDbLine
 10
25900.0
 20
8090.0
 30
0.0
 11
25900.0
 21
7910.0
 31
0.0
1001
AcDbBlockRepETag
1070
1
1071
54
1005
1551
  0
LINE
  5
E7C
330
E42
100
AcDbEntity
  8
WALL
 62
2
100
AcDbLine
 10
25390.0
 20
5790.0
 30
0.0
 11
25390.0
 21
7910.0
 31
0.0
1001
AcDbBlockRepETag
1070
1
1071
55
1005
1552
  0
LINE
  5
E7D
330
E42
100
AcDbEntity
  8
WALL
 62
2
100
AcDbLine
 10
25210.0
 20
5610.0
 30
0.0
 11
25210.0
 21
8090.0
 31
0.0
1001
AcDbBlockRepETag
1070
1
1071
56
1005
1553
  0
LINE
  5
E7E
330
E42
100
AcDbEntity
  8
WALL
 62
2
100
AcDbLine
 10
25390.0
 20
10310.0
 30
0.0
 11
25390.0
 21
11190.0
 31
0.0
1001
AcDbBlockRepETag
1070
1
1071
57
1005
1554
  0
LINE
  5
E7F
330
E42
100
AcDbEntity
  8
WALL
 62
2
100
AcDbLine
 10
25210.0
 20
10310.0
 30
0.0
 11
25210.0
 21
11010.0
 31
0.0
1001
AcDbBlockRepETag
1070
1
1071
58
1005
1555
  0
LINE
  5
E80
330
E42
100
AcDbEntity
  8
WALL
 62
2
100
AcDbLine
 10
25390.0
 20
10310.0
 30
0.0
 11
25210.0
 21
10310.0
 31
0.0
1001
AcDbBlockRepETag
1070
1
1071
59
1005
1556
  0
LINE
  5
E81
330
E42
100
AcDbEntity
  8
WALL
 62
2
100
AcDbLine
 10
25390.0
 20
11190.0
 30
0.0
 11
25390.0
 21
12010.0
 31
0.0
1001
AcDbBlockRepETag
1070
1
1071
60
1005
1557
  0
LINE
  5
E82
330
E42
100
AcDbEntity
  8
WALL
 62
2
100
AcDbLine
 10
25210.0
 20
11190.0
 30
0.0
 11
25210.0
 21
12190.0
 31
0.0
1001
AcDbBlockRepETag
1070
1
1071
61
1005
1558
  0
LINE
  5
E83
330
E42
100
AcDbEntity
  8
WALL
 62
2
100
AcDbLine
 10
29990.0
 20
5210.0
 30
0.0
 11
29990.0
 21
8090.0
 31
0.0
1001
AcDbBlockRepETag
1070
1
1071
62
1005
1559
  0
LINE
  5
E84
330
E42
100
AcDbEntity
  8
WALL
 62
2
100
AcDbLine
 10
29810.0
 20
5390.0
 30
0.0
 11
29810.0
 21
7910.0
 31
0.0
1001
AcDbBlockRepETag
1070
1
1071
63
1005
155A
  0
LINE
  5
E85
330
E42
100
AcDbEntity
  8
WALL
 62
2
100
AcDbLine
 10
29990.0
 20
10310.0
 30
0.0
 11
29990.0
 21
11010.0
 31
0.0
1001
AcDbBlockRepETag
1070
1
1071
64
1005
155B
  0
LINE
  5
E86
330
E42
100
AcDbEntity
  8
WALL
 62
2
100
AcDbLine
 10
29810.0
 20
10310.0
 30
0.0
 11
29810.0
 21
11190.0
 31
0.0
1001
AcDbBlockRepETag
1070
1
1071
65
1005
155C
  0
LINE
  5
E87
330
E42
100
AcDbEntity
  8
WALL
 62
2
100
AcDbLine
 10
29990.0
 20
10310.0
 30
0.0
 11
29810.0
 21
10310.0
 31
0.0
1001
AcDbBlockRepETag
1070
1
1071
66
1005
155D
  0
LINE
  5
E88
330
E42
100
AcDbEntity
  8
WALL
 62
2
100
AcDbLine
 10
29990.0
 20
11190.0
 30
0.0
 11
29990.0
 21
12190.0
 31
0.0
1001
AcDbBlockRepETag
1070
1
1071
67
1005
155E
  0
LINE
  5
E89
330
E42
100
AcDbEntity
  8
WALL
 62
2
100
AcDbLine
 10
29810.0
 20
11190.0
 30
0.0
 11
29810.0
 21
12010.0
 31
0.0
1001
AcDbBlockRepETag
1070
1
1071
68
1005
155F
  0
LINE
  5
E8A
330
E42
100
AcDbEntity
  8
WALL
 62
2
100
AcDbLine
 10
28820.0
 20
14520.0
 30
0.0
 11
29500.0
 21
14520.0
 31
0.0
1001
AcDbBlockRepETag
1070
1
1071
69
1005
1560
  0
LINE
  5
E8B
330
E42
100
AcDbEntity
  8
WALL
 62
2
100
AcDbLine
 10
29000.0
 20
14700.0
 30
0.0
 11
29500.0
 21
14700.0
 31
0.0
1001
AcDbBlockRepETag
1070
1
1071
70
1005
1561
  0
LINE
  5
E8C
330
E42
100
AcDbEntity
  8
WALL
 62
2
100
AcDbLine
 10
29500.0
 20
14700.0
 30
0.0
 11
29500.0
 21
14520.0
 31
0.0
1001
AcDbBlockRepETag
1070
1
1071
71
1005
1562
  0
LINE
  5
E8D
330
E42
100
AcDbEntity
  8
WALL
 62
2
100
AcDbLine
 10
29000.0
 20
14700.0
 30
0.0
 11
29000.0
 21
17600.0
 31
0.0
1001
AcDbBlockRepETag
1070
1
1071
72
1005
1563
  0
LINE
  5
E8E
330
E42
100
AcDbEntity
  8
WALL
 62
2
100
AcDbLine
 10
28820.0
 20
14520.0
 30
0.0
 11
28820.0
 21
17600.0
 31
0.0
1001
AcDbBlockRepETag
1070
1
1071
73
1005
1564
  0
LINE
  5
E8F
330
E42
100
AcDbEntity
  8
WALL
 62
2
100
AcDbLine
 10
28820.0
 20
17600.0
 30
0.0
 11
29000.0
 21
17600.0
 31
0.0
1001
AcDbBlockRepETag
1070
1
1071
74
1005
1565
  0
LINE
  5
E90
330
E42
100
AcDbEntity
  8
WALL
 62
2
100
AcDbLine
 10
28820.0
 20
12010.0
 30
0.0
 11
29810.0
 21
12010.0
 31
0.0
1001
AcDbBlockRepETag
1070
1
1071
75
1005
1566
  0
LINE
  5
E91
330
E42
100
AcDbEntity
  8
WALL
 62
2
100
AcDbLine
 10
28820.0
 20
12190.0
 30
0.0
 11
29990.0
 21
12190.0
 31
0.0
1001
AcDbBlockRepETag
1070
1
1071
76
1005
1567
  0
LINE
  5
E92
330
E42
100
AcDbEntity
  8
WALL
 62
2
100
AcDbLine
 10
28820.0
 20
12010.0
 30
0.0
 11
28820.0
 21
12190.0
 31
0.0
1001
AcDbBlockRepETag
1070
1
1071
77
1005
1568
  0
LINE
  5
E93
330
E42
100
AcDbEntity
  8
WALL
 62
2
100
AcDbLine
 10
25390.0
 20
12010.0
 30
0.0
 11
26380.0
 21
12010.0
 31
0.0
1001
AcDbBlockRepETag
1070
1
1071
78
1005
1569
  0
LINE
  5
E94
330
E42
100
AcDbEntity
  8
WALL
 62
2
100
AcDbLine
 10
25210.0
 20
12190.0
 30
0.0
 11
26380.0
 21
12190.0
 31
0.0
1001
AcDbBlockRepETag
1070
1
1071
79
1005
156A
  0
LINE
  5
E95
330
E42
100
AcDbEntity
  8
WALL
 62
2
100
AcDbLine
 10
26380.0
 20
12190.0
 30
0.0
 11
26380.0
 21
12010.0
 31
0.0
1001
AcDbBlockRepETag
1070
1
1071
80
1005
156B
  0
LINE
  5
E96
330
E42
100
AcDbEntity
  8
WALL
 62
2
100
AcDbLine
 10
38090.0
 20
1200.0
 30
0.0
 11
38830.0
 21
1200.0
 31
0.0
1001
AcDbBlockRepETag
1070
1
1071
81
1005
156C
  0
LINE
  5
E97
330
E42
100
AcDbEntity
  8
WALL
 62
2
100
AcDbLine
 10
38090.0
 20
1380.0
 30
0.0
 11
38650.0
 21
1380.0
 31
0.0
1001
AcDbBlockRepETag
1070
1
1071
82
1005
156D
  0
LINE
  5
E98
330
E42
100
AcDbEntity
  8
WALL
 62
2
100
AcDbLine
 10
38090.0
 20
1200.0
 30
0.0
 11
38090.0
 21
1380.0
 31
0.0
1001
AcDbBlockRepETag
1070
1
1071
83
1005
156E
  0
LINE
  5
E99
330
E42
100
AcDbEntity
  8
WALL
 62
2
100
AcDbLine
 10
34450.0
 20
1200.0
 30
0.0
 11
35390.0
 21
1200.0
 31
0.0
1001
AcDbBlockRepETag
1070
1
1071
84
1005
156F
  0
LINE
  5
E9A
330
E42
100
AcDbEntity
  8
WALL
 62
2
100
AcDbLine
 10
34450.0
 20
1380.0
 30
0.0
 11
35210.0
 21
1380.0
 31
0.0
1001
AcDbBlockRepETag
1070
1
1071
85
1005
1570
  0
LINE
  5
E9B
330
E42
100
AcDbEntity
  8
WALL
 62
2
100
AcDbLine
 10
34450.0
 20
1200.0
 30
0.0
 11
34450.0
 21
1380.0
 31
0.0
1001
AcDbBlockRepETag
1070
1
1071
86
1005
1571
  0
LINE
  5
E9C
330
E42
100
AcDbEntity
  8
WALL
 62
2
100
AcDbLine
 10
31890.0
 20
1380.0
 30
0.0
 11
31890.0
 21
4000.0
 31
0.0
1001
AcDbBlockRepETag
1070
1
1071
87
1005
1572
  0
LINE
  5
E9D
330
E42
100
AcDbEntity
  8
WALL
 62
2
100
AcDbLine
 10
31710.0
 20
1380.0
 30
0.0
 11
31710.0
 21
4000.0
 31
0.0
1001
AcDbBlockRepETag
1070
1
1071
88
1005
1573
  0
LINE
  5
E9E
330
E42
100
AcDbEntity
  8
WALL
 62
2
100
AcDbLine
 10
31710.0
 20
4000.0
 30
0.0
 11
31890.0
 21
4000.0
 31
0.0
1001
AcDbBlockRepETag
1070
1
1071
89
1005
1574
  0
LINE
  5
E9F
330
E42
100
AcDbEntity
  8
WALL
 62
2
100
AcDbLine
 10
31150.0
 20
1200.0
 30
0.0
 11
31890.0
 21
1200.0
 31
0.0
1001
AcDbBlockRepETag
1070
1
1071
90
1005
1575
  0
LINE
  5
EA0
330
E42
100
AcDbEntity
  8
WALL
 62
2
100
AcDbLine
 10
31150.0
 20
1380.0
 30
0.0
 11
31710.0
 21
1380.0
 31
0.0
1001
AcDbBlockRepETag
1070
1
1071
91
1005
1576
  0
LINE
  5
EA1
330
E42
100
AcDbEntity
  8
WALL
 62
2
100
AcDbLine
 10
31150.0
 20
1200.0
 30
0.0
 11
31150.0
 21
1380.0
 31
0.0
1001
AcDbBlockRepETag
1070
1
1071
92
1005
1577
  0
LINE
  5
EA2
330
E42
100
AcDbEntity
  8
WALL
 62
2
100
AcDbLine
 10
31890.0
 20
1200.0
 30
0.0
 11
32650.0
 21
1200.0
 31
0.0
1001
AcDbBlockRepETag
1070
1
1071
93
1005
1578
  0
LINE
  5
EA3
330
E42
100
AcDbEntity
  8
WALL
 62
2
100
AcDbLine
 10
31890.0
 20
1380.0
 30
0.0
 11
32650.0
 21
1380.0
 31
0.0
1001
AcDbBlockRepETag
1070
1
1071
94
1005
1579
  0
LINE
  5
EA4
330
E42
100
AcDbEntity
  8
WALL
 62
2
100
AcDbLine
 10
32650.0
 20
1380.0
 30
0.0
 11
32650.0
 21
1200.0
 31
0.0
1001
AcDbBlockRepETag
1070
1
1071
95
1005
157A
  0
LINE
  5
EA5
330
E42
100
AcDbEntity
  8
WALL
 62
2
100
AcDbLine
 10
26950.0
 20
1200.0
 30
0.0
 11
27510.0
 21
1200.0
 31
0.0
1001
AcDbBlockRepETag
1070
1
1071
96
1005
157B
  0
LINE
  5
EA6
330
E42
100
AcDbEntity
  8
WALL
 62
2
100
AcDbLine
 10
26950.0
 20
1380.0
 30
0.0
 11
27510.0
 21
1380.0
 31
0.0
1001
AcDbBlockRepETag
1070
1
1071
97
1005
157C
  0
LINE
  5
EA7
330
E42
100
AcDbEntity
  8
WALL
 62
2
100
AcDbLine
 10
26950.0
 20
1200.0
 30
0.0
 11
26950.0
 21
1380.0
 31
0.0
1001
AcDbBlockRepETag
1070
1
1071
98
1005
157D
  0
LINE
  5
EA8
330
E42
100
AcDbEntity
  8
WALL
 62
2
100
AcDbLine
 10
27510.0
 20
1200.0
 30
0.0
 11
28250.0
 21
1200.0
 31
0.0
1001
AcDbBlockRepETag
1070
1
1071
99
1005
157E
  0
LINE
  5
EA9
330
E42
100
AcDbEntity
  8
WALL
 62
2
100
AcDbLine
 10
27690.0
 20
1380.0
 30
0.0
 11
28250.0
 21
1380.0
 31
0.0
1001
AcDbBlockRepETag
1070
1
1071
100
1005
157F
  0
LINE
  5
EAA
330
E42
100
AcDbEntity
  8
WALL
 62
2
100
AcDbLine
 10
28250.0
 20
1380.0
 30
0.0
 11
28250.0
 21
1200.0
 31
0.0
1001
AcDbBlockRepETag
1070
1
1071
101
1005
1580
  0
LINE
  5
EAB
330
E42
100
AcDbEntity
  8
WALL
 62
2
100
AcDbLine
 10
23490.0
 20
1380.0
 30
0.0
 11
23490.0
 21
4000.0
 31
0.0
1001
AcDbBlockRepETag
1070
1
1071
102
1005
1581
  0
LINE
  5
EAC
330
E42
100
AcDbEntity
  8
WALL
 62
2
100
AcDbLine
 10
23310.0
 20
1380.0
 30
0.0
 11
23310.0
 21
4000.0
 31
0.0
1001
AcDbBlockRepETag
1070
1
1071
103
1005
1582
  0
LINE
  5
EAD
330
E42
100
AcDbEntity
  8
WALL
 62
2
100
AcDbLine
 10
23310.0
 20
4000.0
 30
0.0
 11
23490.0
 21
4000.0
 31
0.0
1001
AcDbBlockRepETag
1070
1
1071
104
1005
1583
  0
LINE
  5
EAE
330
E42
100
AcDbEntity
  8
WALL
 62
2
100
AcDbLine
 10
22550.0
 20
1200.0
 30
0.0
 11
23310.0
 21
1200.0
 31
0.0
1001
AcDbBlockRepETag
1070
1
1071
105
1005
1584
  0
LINE
  5
EAF
330
E42
100
AcDbEntity
  8
WALL
 62
2
100
AcDbLine
 10
22550.0
 20
1380.0
 30
0.0
 11
23310.0
 21
1380.0
 31
0.0
1001
AcDbBlockRepETag
1070
1
1071
106
1005
1585
  0
LINE
  5
EB0
330
E42
100
AcDbEntity
  8
WALL
 62
2
100
AcDbLine
 10
22550.0
 20
1200.0
 30
0.0
 11
22550.0
 21
1380.0
 31
0.0
1001
AcDbBlockRepETag
1070
1
1071
107
1005
1586
  0
LINE
  5
EB1
330
E42
100
AcDbEntity
  8
WALL
 62
2
100
AcDbLine
 10
23310.0
 20
1200.0
 30
0.0
 11
24050.0
 21
1200.0
 31
0.0
1001
AcDbBlockRepETag
1070
1
1071
108
1005
1587
  0
LINE
  5
EB2
330
E42
100
AcDbEntity
  8
WALL
 62
2
100
AcDbLine
 10
23490.0
 20
1380.0
 30
0.0
 11
24050.0
 21
1380.0
 31
0.0
1001
AcDbBlockRepETag
1070
1
1071
109
1005
1588
  0
LINE
  5
EB3
330
E42
100
AcDbEntity
  8
WALL
 62
2
100
AcDbLine
 10
24050.0
 20
1380.0
 30
0.0
 11
24050.0
 21
1200.0
 31
0.0
1001
AcDbBlockRepETag
1070
1
1071
110
1005
1589
  0
LINE
  5
EB4
330
E42
100
AcDbEntity
  8
WALL
 62
2
100
AcDbLine
 10
19250.0
 20
1200.0
 30
0.0
 11
19990.0
 21
1200.0
 31
0.0
1001
AcDbBlockRepETag
1070
1
1071
111
1005
158A
  0
LINE
  5
EB5
330
E42
100
AcDbEntity
  8
WALL
 62
2
100
AcDbLine
 10
19250.0
 20
1380.0
 30
0.0
 11
19810.0
 21
1380.0
 31
0.0
1001
AcDbBlockRepETag
1070
1
1071
112
1005
158B
  0
LINE
  5
EB6
330
E42
100
AcDbEntity
  8
WALL
 62
2
100
AcDbLine
 10
19250.0
 20
1200.0
 30
0.0
 11
19250.0
 21
1380.0
 31
0.0
1001
AcDbBlockRepETag
1070
1
1071
113
1005
158C
  0
LINE
  5
EB7
330
E42
100
AcDbEntity
  8
WALL
 62
2
100
AcDbLine
 10
16710.0
 20
1200.0
 30
0.0
 11
17450.0
 21
1200.0
 31
0.0
1001
AcDbBlockRepETag
1070
1
1071
114
1005
158D
  0
LINE
  5
EB8
330
E42
100
AcDbEntity
  8
WALL
 62
2
100
AcDbLine
 10
16890.0
 20
1380.0
 30
0.0
 11
17450.0
 21
1380.0
 31
0.0
1001
AcDbBlockRepETag
1070
1
1071
115
1005
158E
  0
LINE
  5
EB9
330
E42
100
AcDbEntity
  8
WALL
 62
2
100
AcDbLine
 10
17450.0
 20
1380.0
 30
0.0
 11
17450.0
 21
1200.0
 31
0.0
1001
AcDbBlockRepETag
1070
1
1071
116
1005
158F
  0
LINE
  5
EBA
330
E42
100
AcDbEntity
  8
WALL
 62
2
100
AcDbLine
 10
20600.0
 20
6620.0
 30
0.0
 11
23490.0
 21
6620.0
 31
0.0
1001
AcDbBlockRepETag
1070
1
1071
117
1005
1590
  0
LINE
  5
EBB
330
E42
100
AcDbEntity
  8
WALL
 62
2
100
AcDbLine
 10
20780.0
 20
6800.0
 30
0.0
 11
23490.0
 21
6800.0
 31
0.0
1001
AcDbBlockRepETag
1070
1
1071
118
1005
1591
  0
LINE
  5
EBC
330
E42
100
AcDbEntity
  8
WALL
 62
2
100
AcDbLine
 10
23490.0
 20
6800.0
 30
0.0
 11
23490.0
 21
6620.0
 31
0.0
1001
AcDbBlockRepETag
1070
1
1071
119
1005
1592
  0
LINE
  5
EBD
330
E42
100
AcDbEntity
  8
WALL
 62
2
100
AcDbLine
 10
20780.0
 20
6800.0
 30
0.0
 11
20780.0
 21
7400.0
 31
0.0
1001
AcDbBlockRepETag
1070
1
1071
120
1005
1593
  0
LINE
  5
EBE
330
E42
100
AcDbEntity
  8
WALL
 62
2
100
AcDbLine
 10
20600.0
 20
6620.0
 30
0.0
 11
20600.0
 21
7400.0
 31
0.0
1001
AcDbBlockRepETag
1070
1
1071
121
1005
1594
  0
LINE
  5
EBF
330
E42
100
AcDbEntity
  8
WALL
 62
2
100
AcDbLine
 10
20600.0
 20
7400.0
 30
0.0
 11
20780.0
 21
7400.0
 31
0.0
1001
AcDbBlockRepETag
1070
1
1071
122
1005
1595
  0
LINE
  5
EC0
330
E42
100
AcDbEntity
  8
WALL
 62
2
100
AcDbLine
 10
20780.0
 20
11190.0
 30
0.0
 11
20780.0
 21
14520.0
 31
0.0
1001
AcDbBlockRepETag
1070
1
1071
123
1005
1596
  0
LINE
  5
EC1
330
E42
100
AcDbEntity
  8
WALL
 62
2
100
AcDbLine
 10
20600.0
 20
11010.0
 30
0.0
 11
20600.0
 21
14700.0
 31
0.0
1001
AcDbBlockRepETag
1070
1
1071
124
1005
1597
  0
LINE
  5
EC2
330
E42
100
AcDbEntity
  8
WALL
 62
2
100
AcDbLine
 10
0.0
 20
0.0
 30
0.0
 11
700.0
 21
0.0
 31
0.0
1001
AcDbBlockRepETag
1070
1
1071
125
1005
1598
  0
LINE
  5
EC3
330
E42
100
AcDbEntity
  8
WALL
 62
2
100
AcDbLine
 10
180.0
 20
180.0
 30
0.0
 11
700.0
 21
180.0
 31
0.0
1001
AcDbBlockRepETag
1070
1
1071
126
1005
1599
  0
LINE
  5
EC4
330
E42
100
AcDbEntity
  8
WALL
 62
2
100
AcDbLine
 10
700.0
 20
180.0
 30
0.0
 11
700.0
 21
0.0
 31
0.0
1001
AcDbBlockRepETag
1070
1
1071
127
1005
159A
  0
LINE
  5
EC5
330
E42
100
AcDbEntity
  8
WALL
 62
2
100
AcDbLine
 10
2400.0
 20
0.0
 30
0.0
 11
3290.0
 21
0.0
 31
0.0
1001
AcDbBlockRepETag
1070
1
1071
128
1005
159B
  0
LINE
  5
EC6
330
E42
100
AcDbEntity
  8
WALL
 62
2
100
AcDbLine
 10
2400.0
 20
180.0
 30
0.0
 11
3110.0
 21
180.0
 31
0.0
1001
AcDbBlockRepETag
1070
1
1071
129
1005
159C
  0
LINE
  5
EC7
330
E42
100
AcDbEntity
  8
WALL
 62
2
100
AcDbLine
 10
2400.0
 20
0.0
 30
0.0
 11
2400.0
 21
180.0
 31
0.0
1001
AcDbBlockRepETag
1070
1
1071
130
1005
159D
  0
LINE
  5
EC8
330
E42
100
AcDbEntity
  8
WALL
 62
2
100
AcDbLine
 10
54840.0
 20
0.0
 30
0.0
 11
55540.0
 21
0.0
 31
0.0
1001
AcDbBlockRepETag
1070
1
1071
131
1005
159E
  0
LINE
  5
EC9
330
E42
100
AcDbEntity
  8
WALL
 62
2
100
AcDbLine
 10
54840.0
 20
180.0
 30
0.0
 11
55360.0
 21
180.0
 31
0.0
1001
AcDbBlockRepETag
1070
1
1071
132
1005
159F
  0
LINE
  5
ECA
330
E42
100
AcDbEntity
  8
WALL
 62
2
100
AcDbLine
 10
54840.0
 20
0.0
 30
0.0
 11
54840.0
 21
180.0
 31
0.0
1001
AcDbBlockRepETag
1070
1
1071
133
1005
15A0
  0
LINE
  5
ECB
330
E42
100
AcDbEntity
  8
WALL
 62
2
100
AcDbLine
 10
43200.0
 20
7170.0
 30
0.0
 11
44170.0
 21
7170.0
 31
0.0
1001
AcDbBlockRepETag
1070
1
1071
134
1005
15A1
  0
LINE
  5
ECC
330
E42
100
AcDbEntity
  8
WALL
 62
2
100
AcDbLine
 10
43380.0
 20
7350.0
 30
0.0
 11
44170.0
 21
7350.0
 31
0.0
1001
AcDbBlockRepETag
1070
1
1071
135
1005
15A2
  0
LINE
  5
ECD
330
E42
100
AcDbEntity
  8
WALL
 62
2
100
AcDbLine
 10
44170.0
 20
7350.0
 30
0.0
 11
44170.0
 21
7170.0
 31
0.0
1001
AcDbBlockRepETag
1070
1
1071
136
1005
15A3
  0
LINE
  5
ECE
330
E42
100
AcDbEntity
  8
WALL
 62
2
100
AcDbLine
 10
6240.0
 20
9460.0
 30
0.0
 11
6640.0
 21
9460.0
 31
0.0
1001
AcDbBlockRepETag
1070
1
1071
137
1005
15A4
  0
LINE
  5
ECF
330
E42
100
AcDbEntity
  8
WALL
 62
2
100
AcDbLine
 10
6060.0
 20
9640.0
 30
0.0
 11
6460.0
 21
9640.0
 31
0.0
1001
AcDbBlockRepETag
1070
1
1071
138
1005
15A5
  0
LINE
  5
ED0
330
E42
100
AcDbEntity
  8
WALL
 62
2
100
AcDbLine
 10
16710.0
 20
9460.0
 30
0.0
 11
18700.0
 21
9460.0
 31
0.0
1001
AcDbBlockRepETag
1070
1
1071
139
1005
15A6
  0
LINE
  5
ED1
330
E42
100
AcDbEntity
  8
WALL
 62
2
100
AcDbLine
 10
16710.0
 20
9640.0
 30
0.0
 11
18520.0
 21
9640.0
 31
0.0
1001
AcDbBlockRepETag
1070
1
1071
140
1005
15A7
  0
LINE
  5
ED2
330
E42
100
AcDbEntity
  8
WALL
 62
2
100
AcDbLine
 10
16710.0
 20
9460.0
 30
0.0
 11
16710.0
 21
9640.0
 31
0.0
1001
AcDbBlockRepETag
1070
1
1071
141
1005
15A8
  0
LINE
  5
ED3
330
E42
100
AcDbEntity
  8
WALL
 62
2
100
AcDbLine
 10
36840.0
 20
9460.0
 30
0.0
 11
38830.0
 21
9460.0
 31
0.0
1001
AcDbBlockRepETag
1070
1
1071
142
1005
15A9
  0
LINE
  5
ED4
330
E42
100
AcDbEntity
  8
WALL
 62
2
100
AcDbLine
 10
37020.0
 20
9640.0
 30
0.0
 11
38830.0
 21
9640.0
 31
0.0
1001
AcDbBlockRepETag
1070
1
1071
143
1005
15AA
  0
LINE
  5
ED5
330
E42
100
AcDbEntity
  8
WALL
 62
2
100
AcDbLine
 10
38830.0
 20
9640.0
 30
0.0
 11
38830.0
 21
9460.0
 31
0.0
1001
AcDbBlockRepETag
1070
1
1071
144
1005
15AB
  0
LINE
  5
ED6
330
E42
100
AcDbEntity
  8
WALL
 62
2
100
AcDbLine
 10
46780.0
 20
9460.0
 30
0.0
 11
48900.0
 21
9460.0
 31
0.0
1001
AcDbBlockRepETag
1070
1
1071
145
1005
15AC
  0
LINE
  5
ED7
330
E42
100
AcDbEntity
  8
WALL
 62
2
100
AcDbLine
 10
46780.0
 20
9640.0
 30
0.0
 11
48900.0
 21
9640.0
 31
0.0
1001
AcDbBlockRepETag
1070
1
1071
146
1005
15AD
  0
LINE
  5
ED8
330
E42
100
AcDbEntity
  8
WALL
 62
2
100
AcDbLine
 10
37020.0
 20
12970.0
 30
0.0
 11
37740.0
 21
12970.0
 31
0.0
1001
AcDbBlockRepETag
1070
1
1071
147
1005
15AE
  0
LINE
  5
ED9
330
E42
100
AcDbEntity
  8
WALL
 62
2
100
AcDbLine
 10
36840.0
 20
13150.0
 30
0.0
 11
37740.0
 21
13150.0
 31
0.0
1001
AcDbBlockRepETag
1070
1
1071
148
1005
15AF
  0
LINE
  5
EDA
330
E42
100
AcDbEntity
  8
WALL
 62
2
100
AcDbLine
 10
37740.0
 20
13150.0
 30
0.0
 11
37740.0
 21
12970.0
 31
0.0
1001
AcDbBlockRepETag
1070
1
1071
149
1005
15B0
  0
LINE
  5
EDB
330
E42
100
AcDbEntity
  8
WALL
 62
2
100
AcDbLine
 10
39240.0
 20
12970.0
 30
0.0
 11
39960.0
 21
12970.0
 31
0.0
1001
AcDbBlockRepETag
1070
1
1071
150
1005
15B1
  0
LINE
  5
EDC
330
E42
100
AcDbEntity
  8
WALL
 62
2
100
AcDbLine
 10
39240.0
 20
13150.0
 30
0.0
 11
40140.0
 21
13150.0
 31
0.0
1001
AcDbBlockRepETag
1070
1
1071
151
1005
15B2
  0
LINE
  5
EDD
330
E42
100
AcDbEntity
  8
WALL
 62
2
100
AcDbLine
 10
39240.0
 20
12970.0
 30
0.0
 11
39240.0
 21
13150.0
 31
0.0
1001
AcDbBlockRepETag
1070
1
1071
152
1005
15B3
  0
LINE
  5
EDE
330
E42
100
AcDbEntity
  8
WALL
 62
2
100
AcDbLine
 10
180.0
 20
180.0
 30
0.0
 11
180.0
 21
4000.0
 31
0.0
1001
AcDbBlockRepETag
1070
1
1071
153
1005
15B4
  0
LINE
  5
EDF
330
E42
100
AcDbEntity
  8
WALL
 62
2
100
AcDbLine
 10
0.0
 20
0.0
 30
0.0
 11
0.0
 21
4000.0
 31
0.0
1001
AcDbBlockRepETag
1070
1
1071
154
1005
15B5
  0
LINE
  5
EE0
330
E42
100
AcDbEntity
  8
WALL
 62
2
100
AcDbLine
 10
0.0
 20
4000.0
 30
0.0
 11
180.0
 21
4000.0
 31
0.0
1001
AcDbBlockRepETag
1070
1
1071
155
1005
15B6
  0
LINE
  5
EE1
330
E42
100
AcDbEntity
  8
WALL
 62
2
100
AcDbLine
 10
3290.0
 20
0.0
 30
0.0
 11
3290.0
 21
1550.0
 31
0.0
1001
AcDbBlockRepETag
1070
1
1071
156
1005
15B7
  0
LINE
  5
EE2
330
E42
100
AcDbEntity
  8
WALL
 62
2
100
AcDbLine
 10
3110.0
 20
180.0
 30
0.0
 11
3110.0
 21
1730.0
 31
0.0
1001
AcDbBlockRepETag
1070
1
1071
157
1005
15B8
  0
LINE
  5
EE3
330
E42
100
AcDbEntity
  8
WALL
 62
2
100
AcDbLine
 10
16890.0
 20
1380.0
 30
0.0
 11
16890.0
 21
1730.0
 31
0.0
1001
AcDbBlockRepETag
1070
1
1071
158
1005
15B9
  0
LINE
  5
EE4
330
E42
100
AcDbEntity
  8
WALL
 62
2
100
AcDbLine
 10
16710.0
 20
1200.0
 30
0.0
 11
16710.0
 21
1550.0
 31
0.0
1001
AcDbBlockRepETag
1070
1
1071
159
1005
15BA
  0
LINE
  5
EE5
330
E42
100
AcDbEntity
  8
WALL
 62
2
100
AcDbLine
 10
12340.0
 20
7170.0
 30
0.0
 11
12340.0
 21
9640.0
 31
0.0
1001
AcDbBlockRepETag
1070
1
1071
160
1005
15BB
  0
LINE
  5
EE6
330
E42
100
AcDbEntity
  8
WALL
 62
2
100
AcDbLine
 10
12160.0
 20
7350.0
 30
0.0
 11
12160.0
 21
9640.0
 31
0.0
1001
AcDbBlockRepETag
1070
1
1071
161
1005
15BC
  0
LINE
  5
EE7
330
E42
100
AcDbEntity
  8
WALL
 62
2
100
AcDbLine
 10
12160.0
 20
9640.0
 30
0.0
 11
12340.0
 21
9640.0
 31
0.0
1001
AcDbBlockRepETag
1070
1
1071
162
1005
15BD
  0
LINE
  5
EE8
330
E42
100
AcDbEntity
  8
WALL
 62
2
100
AcDbLine
 10
15580.0
 20
11350.0
 30
0.0
 11
15580.0
 21
11950.0
 31
0.0
1001
AcDbBlockRepETag
1070
1
1071
163
1005
15BE
  0
LINE
  5
EE9
330
E42
100
AcDbEntity
  8
WALL
 62
2
100
AcDbLine
 10
15400.0
 20
11350.0
 30
0.0
 11
15400.0
 21
11770.0
 31
0.0
1001
AcDbBlockRepETag
1070
1
1071
164
1005
15BF
  0
LINE
  5
EEA
330
E42
100
AcDbEntity
  8
WALL
 62
2
100
AcDbLine
 10
15580.0
 20
11350.0
 30
0.0
 11
15400.0
 21
11350.0
 31
0.0
1001
AcDbBlockRepETag
1070
1
1071
165
1005
15C0
  0
LINE
  5
EEB
330
E42
100
AcDbEntity
  8
WALL
 62
2
100
AcDbLine
 10
18700.0
 20
9460.0
 30
0.0
 11
18700.0
 21
13150.0
 31
0.0
1001
AcDbBlockRepETag
1070
1
1071
166
1005
15C1
  0
LINE
  5
EEC
330
E42
100
AcDbEntity
  8
WALL
 62
2
100
AcDbLine
 10
18520.0
 20
9640.0
 30
0.0
 11
18520.0
 21
12970.0
 31
0.0
1001
AcDbBlockRepETag
1070
1
1071
167
1005
15C2
  0
LINE
  5
EED
330
E42
100
AcDbEntity
  8
WALL
 62
2
100
AcDbLine
 10
6230.0
 20
14370.0
 30
0.0
 11
8750.0
 21
14370.0
 31
0.0
1001
AcDbBlockRepETag
1070
1
1071
168
1005
15C3
  0
LINE
  5
EEE
330
E42
100
AcDbEntity
  8
WALL
 62
2
100
AcDbLine
 10
6050.0
 20
14550.0
 30
0.0
 11
8750.0
 21
14550.0
 31
0.0
1001
AcDbBlockRepETag
1070
1
1071
169
1005
15C4
  0
LINE
  5
EEF
330
E42
100
AcDbEntity
  8
WALL
 62
2
100
AcDbLine
 10
8750.0
 20
14550.0
 30
0.0
 11
8750.0
 21
14370.0
 31
0.0
1001
AcDbBlockRepETag
1070
1
1071
170
1005
15C5
  0
LINE
  5
EF0
330
E42
100
AcDbEntity
  8
WALL
 62
2
100
AcDbLine
 10
46790.0
 20
14370.0
 30
0.0
 11
49310.0
 21
14370.0
 31
0.0
1001
AcDbBlockRepETag
1070
1
1071
171
1005
15C6
  0
LINE
  5
EF1
330
E42
100
AcDbEntity
  8
WALL
 62
2
100
AcDbLine
 10
46790.0
 20
14550.0
 30
0.0
 11
49490.0
 21
14550.0
 31
0.0
1001
AcDbBlockRepETag
1070
1
1071
172
1005
15C7
  0
LINE
  5
EF2
330
E42
100
AcDbEntity
  8
WALL
 62
2
100
AcDbLine
 10
46790.0
 20
14370.0
 30
0.0
 11
46790.0
 21
14550.0
 31
0.0
1001
AcDbBlockRepETag
1070
1
1071
173
1005
15C8
  0
LINE
  5
EF3
330
E42
100
AcDbEntity
  8
WALL
 62
2
100
AcDbLine
 10
27690.0
 20
5790.0
 30
0.0
 11
27690.0
 21
7910.0
 31
0.0
1001
AcDbBlockRepETag
1070
1
1071
174
1005
15C9
  0
LINE
  5
EF4
330
E42
100
AcDbEntity
  8
WALL
 62
2
100
AcDbLine
 10
27510.0
 20
5790.0
 30
0.0
 11
27510.0
 21
7910.0
 31
0.0
1001
AcDbBlockRepETag
1070
1
1071
175
1005
15CA
  0
LINE
  5
EF5
330
E42
100
AcDbEntity
  8
WALL
 62
2
100
AcDbLine
 10
25210.0
 20
5610.0
 30
0.0
 11
27510.0
 21
5610.0
 31
0.0
1001
AcDbBlockRepETag
1070
1
1071
176
1005
15CB
  0
LINE
  5
EF6
330
E42
100
AcDbEntity
  8
WALL
 62
2
100
AcDbLine
 10
25390.0
 20
5790.0
 30
0.0
 11
27510.0
 21
5790.0
 31
0.0
1001
AcDbBlockRepETag
1070
1
1071
177
1005
15CC
  0
LINE
  5
EF7
330
E42
100
AcDbEntity
  8
WALL
 62
2
100
AcDbLine
 10
180.0
 20
11770.0
 30
0.0
 11
900.0
 21
11770.0
 31
0.0
1001
AcDbBlockRepETag
1070
1
1071
178
1005
15CD
  0
LINE
  5
EF8
330
E42
100
AcDbEntity
  8
WALL
 62
2
100
AcDbLine
 10
0.0
 20
11950.0
 30
0.0
 11
900.0
 21
11950.0
 31
0.0
1001
AcDbBlockRepETag
1070
1
1071
179
1005
15CE
  0
LINE
  5
EF9
330
E42
100
AcDbEntity
  8
WALL
 62
2
100
AcDbLine
 10
900.0
 20
11950.0
 30
0.0
 11
900.0
 21
11770.0
 31
0.0
1001
AcDbBlockRepETag
1070
1
1071
180
1005
15CF
  0
LINE
  5
EFA
330
E42
100
AcDbEntity
  8
WALL
 62
2
100
AcDbLine
 10
2400.0
 20
11770.0
 30
0.0
 11
3110.0
 21
11770.0
 31
0.0
1001
AcDbBlockRepETag
1070
1
1071
181
1005
15D0
  0
LINE
  5
EFB
330
E42
100
AcDbEntity
  8
WALL
 62
2
100
AcDbLine
 10
2400.0
 20
11950.0
 30
0.0
 11
3110.0
 21
11950.0
 31
0.0
1001
AcDbBlockRepETag
1070
1
1071
182
1005
15D1
  0
LINE
  5
EFC
330
E42
100
AcDbEntity
  8
WALL
 62
2
100
AcDbLine
 10
2400.0
 20
11770.0
 30
0.0
 11
2400.0
 21
11950.0
 31
0.0
1001
AcDbBlockRepETag
1070
1
1071
183
1005
15D2
  0
LINE
  5
EFD
330
E42
100
AcDbEntity
  8
WALL
 62
2
100
AcDbLine
 10
3290.0
 20
11770.0
 30
0.0
 11
3975.0
 21
11770.0
 31
0.0
1001
AcDbBlockRepETag
1070
1
1071
184
1005
15D3
  0
LINE
  5
EFE
330
E42
100
AcDbEntity
  8
WALL
 62
2
100
AcDbLine
 10
3110.0
 20
11950.0
 30
0.0
 11
3975.0
 21
11950.0
 31
0.0
1001
AcDbBlockRepETag
1070
1
1071
185
1005
15D4
  0
LINE
  5
EFF
330
E42
100
AcDbEntity
  8
WALL
 62
2
100
AcDbLine
 10
3975.0
 20
11950.0
 30
0.0
 11
3975.0
 21
11770.0
 31
0.0
1001
AcDbBlockRepETag
1070
1
1071
186
1005
15D5
  0
LINE
  5
F00
330
E42
100
AcDbEntity
  8
WALL
 62
2
100
AcDbLine
 10
15580.0
 20
11950.0
 30
0.0
 11
15580.0
 21
12970.0
 31
0.0
1001
AcDbBlockRepETag
1070
1
1071
187
1005
15D6
  0
LINE
  5
F01
330
E42
100
AcDbEntity
  8
WALL
 62
2
100
AcDbLine
 10
15400.0
 20
11950.0
 30
0.0
 11
15400.0
 21
13150.0
 31
0.0
1001
AcDbBlockRepETag
1070
1
1071
188
1005
15D7
  0
LINE
  5
F02
330
E42
100
AcDbEntity
  8
WALL
 62
2
100
AcDbLine
 10
14725.0
 20
11770.0
 30
0.0
 11
15400.0
 21
11770.0
 31
0.0
1001
AcDbBlockRepETag
1070
1
1071
189
1005
15D8
  0
LINE
  5
F03
330
E42
100
AcDbEntity
  8
WALL
 62
2
100
AcDbLine
 10
14725.0
 20
11950.0
 30
0.0
 11
15400.0
 21
11950.0
 31
0.0
1001
AcDbBlockRepETag
1070
1
1071
190
1005
15D9
  0
LINE
  5
F04
330
E42
100
AcDbEntity
  8
WALL
 62
2
100
AcDbLine
 10
14725.0
 20
11770.0
 30
0.0
 11
14725.0
 21
11950.0
 31
0.0
1001
AcDbBlockRepETag
1070
1
1071
191
1005
15DA
  0
LINE
  5
F05
330
E42
100
AcDbEntity
  8
WALL
 62
2
100
AcDbLine
 10
40140.0
 20
11770.0
 30
0.0
 11
40815.0
 21
11770.0
 31
0.0
1001
AcDbBlockRepETag
1070
1
1071
192
1005
15DB
  0
LINE
  5
F06
330
E42
100
AcDbEntity
  8
WALL
 62
2
100
AcDbLine
 10
40140.0
 20
11950.0
 30
0.0
 11
40815.0
 21
11950.0
 31
0.0
1001
AcDbBlockRepETag
1070
1
1071
193
1005
15DC
  0
LINE
  5
F07
330
E42
100
AcDbEntity
  8
WALL
 62
2
100
AcDbLine
 10
40815.0
 20
11950.0
 30
0.0
 11
40815.0
 21
11770.0
 31
0.0
1001
AcDbBlockRepETag
1070
1
1071
194
1005
15DD
  0
LINE
  5
F08
330
E42
100
AcDbEntity
  8
WALL
 62
2
100
AcDbLine
 10
51565.0
 20
11770.0
 30
0.0
 11
52250.0
 21
11770.0
 31
0.0
1001
AcDbBlockRepETag
1070
1
1071
195
1005
15DE
  0
LINE
  5
F09
330
E42
100
AcDbEntity
  8
WALL
 62
2
100
AcDbLine
 10
51565.0
 20
11950.0
 30
0.0
 11
52430.0
 21
11950.0
 31
0.0
1001
AcDbBlockRepETag
1070
1
1071
196
1005
15DF
  0
LINE
  5
F0A
330
E42
100
AcDbEntity
  8
WALL
 62
2
100
AcDbLine
 10
51565.0
 20
11770.0
 30
0.0
 11
51565.0
 21
11950.0
 31
0.0
1001
AcDbBlockRepETag
1070
1
1071
197
1005
15E0
  0
LINE
  5
F0B
330
E42
100
AcDbEntity
  8
WALL
 62
2
100
AcDbLine
 10
54640.0
 20
11770.0
 30
0.0
 11
55360.0
 21
11770.0
 31
0.0
1001
AcDbBlockRepETag
1070
1
1071
198
1005
15E1
  0
LINE
  5
F0C
330
E42
100
AcDbEntity
  8
WALL
 62
2
100
AcDbLine
 10
54640.0
 20
11950.0
 30
0.0
 11
55540.0
 21
11950.0
 31
0.0
1001
AcDbBlockRepETag
1070
1
1071
199
1005
15E2
  0
LINE
  5
F0D
330
E42
100
AcDbEntity
  8
WALL
 62
2
100
AcDbLine
 10
54640.0
 20
11770.0
 30
0.0
 11
54640.0
 21
11950.0
 31
0.0
1001
AcDbBlockRepETag
1070
1
1071
200
1005
15E3
  0
LINE
  5
F0E
330
E42
100
AcDbEntity
  8
WALL
 62
2
100
AcDbLine
 10
180.0
 20
8160.0
 30
0.0
 11
180.0
 21
11770.0
 31
0.0
1001
AcDbBlockRepETag
1070
1
1071
201
1005
15E4
  0
LINE
  5
F0F
330
E42
100
AcDbEntity
  8
WALL
 62
2
100
AcDbLine
 10
0.0
 20
8160.0
 30
0.0
 11
0.0
 21
11950.0
 31
0.0
1001
AcDbBlockRepETag
1070
1
1071
202
1005
15E5
  0
LINE
  5
F10
330
E42
100
AcDbEntity
  8
WALL
 62
2
100
AcDbLine
 10
180.0
 20
8160.0
 30
0.0
 11
0.0
 21
8160.0
 31
0.0
1001
AcDbBlockRepETag
1070
1
1071
203
1005
15E6
  0
LINE
  5
F11
330
E42
100
AcDbEntity
  8
WALL
 62
2
100
AcDbLine
 10
3290.0
 20
8160.0
 30
0.0
 11
3290.0
 21
11770.0
 31
0.0
1001
AcDbBlockRepETag
1070
1
1071
204
1005
15E7
  0
LINE
  5
F12
330
E42
100
AcDbEntity
  8
WALL
 62
2
100
AcDbLine
 10
3110.0
 20
8160.0
 30
0.0
 11
3110.0
 21
11770.0
 31
0.0
1001
AcDbBlockRepETag
1070
1
1071
205
1005
15E8
  0
LINE
  5
F13
330
E42
100
AcDbEntity
  8
WALL
 62
2
100
AcDbLine
 10
3290.0
 20
8160.0
 30
0.0
 11
3110.0
 21
8160.0
 31
0.0
1001
AcDbBlockRepETag
1070
1
1071
206
1005
15E9
  0
LINE
  5
F14
330
E42
100
AcDbEntity
  8
WALL
 62
2
100
AcDbLine
 10
6640.0
 20
9460.0
 30
0.0
 11
8760.0
 21
9460.0
 31
0.0
1001
AcDbBlockRepETag
1070
1
1071
207
1005
15EA
  0
LINE
  5
F15
330
E42
100
AcDbEntity
  8
WALL
 62
2
100
AcDbLine
 10
6640.0
 20
9640.0
 30
0.0
 11
8760.0
 21
9640.0
 31
0.0
1001
AcDbBlockRepETag
1070
1
1071
208
1005
15EB
  0
LINE
  5
F16
330
E42
100
AcDbEntity
  8
WALL
 62
2
100
AcDbLine
 10
6640.0
 20
11770.0
 30
0.0
 11
8760.0
 21
11770.0
 31
0.0
1001
AcDbBlockRepETag
1070
1
1071
209
1005
15EC
  0
LINE
  5
F17
330
E42
100
AcDbEntity
  8
WALL
 62
2
100
AcDbLine
 10
6640.0
 20
11950.0
 30
0.0
 11
8940.0
 21
11950.0
 31
0.0
1001
AcDbBlockRepETag
1070
1
1071
210
1005
15ED
  0
LINE
  5
F18
330
E42
100
AcDbEntity
  8
WALL
 62
2
100
AcDbLine
 10
6640.0
 20
9640.0
 30
0.0
 11
6640.0
 21
11770.0
 31
0.0
1001
AcDbBlockRepETag
1070
1
1071
211
1005
15EE
  0
LINE
  5
F19
330
E42
100
AcDbEntity
  8
WALL
 62
2
100
AcDbLine
 10
6460.0
 20
9640.0
 30
0.0
 11
6460.0
 21
11770.0
 31
0.0
1001
AcDbBlockRepETag
1070
1
1071
212
1005
15EF
  0
LINE
  5
F1A
330
E42
100
AcDbEntity
  8
WALL
 62
2
100
AcDbLine
 10
6240.0
 20
7350.0
 30
0.0
 11
6240.0
 21
9460.0
 31
0.0
1001
AcDbBlockRepETag
1070
1
1071
213
1005
15F0
  0
LINE
  5
F1B
330
E42
100
AcDbEntity
  8
WALL
 62
2
100
AcDbLine
 10
6060.0
 20
7170.0
 30
0.0
 11
6060.0
 21
9640.0
 31
0.0
1001
AcDbBlockRepETag
1070
1
1071
214
1005
15F1
  0
LINE
  5
F1C
330
E42
100
AcDbEntity
  8
WALL
 62
2
100
AcDbLine
 10
6050.0
 20
11770.0
 30
0.0
 11
6460.0
 21
11770.0
 31
0.0
1001
AcDbBlockRepETag
1070
1
1071
215
1005
15F2
  0
LINE
  5
F1D
330
E42
100
AcDbEntity
  8
WALL
 62
2
100
AcDbLine
 10
6230.0
 20
11950.0
 30
0.0
 11
6640.0
 21
11950.0
 31
0.0
1001
AcDbBlockRepETag
1070
1
1071
216
1005
15F3
  0
LINE
  5
F1E
330
E42
100
AcDbEntity
  8
WALL
 62
2
100
AcDbLine
 10
6230.0
 20
11950.0
 30
0.0
 11
6230.0
 21
14370.0
 31
0.0
1001
AcDbBlockRepETag
1070
1
1071
217
1005
15F4
  0
LINE
  5
F1F
330
E42
100
AcDbEntity
  8
WALL
 62
2
100
AcDbLine
 10
6050.0
 20
11770.0
 30
0.0
 11
6050.0
 21
14550.0
 31
0.0
1001
AcDbBlockRepETag
1070
1
1071
218
1005
15F5
  0
LINE
  5
F20
330
E42
100
AcDbEntity
  8
WALL
 62
2
100
AcDbLine
 10
11370.0
 20
11770.0
 30
0.0
 11
12340.0
 21
11770.0
 31
0.0
1001
AcDbBlockRepETag
1070
1
1071
219
1005
15F6
  0
LINE
  5
F21
330
E42
100
AcDbEntity
  8
WALL
 62
2
100
AcDbLine
 10
11550.0
 20
11950.0
 30
0.0
 11
12340.0
 21
11950.0
 31
0.0
1001
AcDbBlockRepETag
1070
1
1071
220
1005
15F7
  0
LINE
  5
F22
330
E42
100
AcDbEntity
  8
WALL
 62
2
100
AcDbLine
 10
12340.0
 20
11950.0
 30
0.0
 11
12340.0
 21
11770.0
 31
0.0
1001
AcDbBlockRepETag
1070
1
1071
221
1005
15F8
  0
LINE
  5
F23
330
E42
100
AcDbEntity
  8
WALL
 62
2
100
AcDbLine
 10
11550.0
 20
11950.0
 30
0.0
 11
11550.0
 21
14550.0
 31
0.0
1001
AcDbBlockRepETag
1070
1
1071
222
1005
15F9
  0
LINE
  5
F24
330
E42
100
AcDbEntity
  8
WALL
 62
2
100
AcDbLine
 10
11370.0
 20
11770.0
 30
0.0
 11
11370.0
 21
14550.0
 31
0.0
1001
AcDbBlockRepETag
1070
1
1071
223
1005
15FA
  0
LINE
  5
F25
330
E42
100
AcDbEntity
  8
WALL
 62
2
100
AcDbLine
 10
11370.0
 20
14550.0
 30
0.0
 11
11550.0
 21
14550.0
 31
0.0
1001
AcDbBlockRepETag
1070
1
1071
224
1005
15FB
  0
LINE
  5
F26
330
E42
100
AcDbEntity
  8
WALL
 62
2
100
AcDbLine
 10
19990.0
 20
1200.0
 30
0.0
 11
20750.0
 21
1200.0
 31
0.0
1001
AcDbBlockRepETag
1070
1
1071
225
1005
15FC
  0
LINE
  5
F27
330
E42
100
AcDbEntity
  8
WALL
 62
2
100
AcDbLine
 10
19990.0
 20
1380.0
 30
0.0
 11
20750.0
 21
1380.0
 31
0.0
1001
AcDbBlockRepETag
1070
1
1071
226
1005
15FD
  0
LINE
  5
F28
330
E42
100
AcDbEntity
  8
WALL
 62
2
100
AcDbLine
 10
20750.0
 20
1380.0
 30
0.0
 11
20750.0
 21
1200.0
 31
0.0
1001
AcDbBlockRepETag
1070
1
1071
227
1005
15FE
  0
LINE
  5
F29
330
E42
100
AcDbEntity
  8
WALL
 62
2
100
AcDbLine
 10
19990.0
 20
1380.0
 30
0.0
 11
19990.0
 21
3300.0
 31
0.0
1001
AcDbBlockRepETag
1070
1
1071
228
1005
15FF
  0
LINE
  5
F2A
330
E42
100
AcDbEntity
  8
WALL
 62
2
100
AcDbLine
 10
19810.0
 20
1380.0
 30
0.0
 11
19810.0
 21
3300.0
 31
0.0
1001
AcDbBlockRepETag
1070
1
1071
229
1005
1600
  0
LINE
  5
F2B
330
E42
100
AcDbEntity
  8
WALL
 62
2
100
AcDbLine
 10
19990.0
 20
3300.0
 30
0.0
 11
19810.0
 21
3300.0
 31
0.0
1001
AcDbBlockRepETag
1070
1
1071
230
1005
1601
  0
LINE
  5
F2C
330
E42
100
AcDbEntity
  8
WALL
 62
2
100
AcDbLine
 10
19990.0
 20
5300.0
 30
0.0
 11
19810.0
 21
5300.0
 31
0.0
1001
AcDbBlockRepETag
1070
1
1071
231
1005
1602
  0
LINE
  5
F2D
330
E42
100
AcDbEntity
  8
WALL
 62
2
100
AcDbLine
 10
19990.0
 20
5300.0
 30
0.0
 11
19990.0
 21
7350.0
 31
0.0
1001
AcDbBlockRepETag
1070
1
1071
232
1005
1603
  0
LINE
  5
F2E
330
E42
100
AcDbEntity
  8
WALL
 62
2
100
AcDbLine
 10
19810.0
 20
5300.0
 30
0.0
 11
19810.0
 21
7350.0
 31
0.0
1001
AcDbBlockRepETag
1070
1
1071
233
1005
1604
  0
LINE
  5
F2F
330
E42
100
AcDbEntity
  8
WALL
 62
2
100
AcDbLine
 10
19810.0
 20
7350.0
 30
0.0
 11
19990.0
 21
7350.0
 31
0.0
1001
AcDbBlockRepETag
1070
1
1071
234
1005
1605
  0
LINE
  5
F30
330
E42
100
AcDbEntity
  8
WALL
 62
2
100
AcDbLine
 10
8940.0
 20
7170.0
 30
0.0
 11
8940.0
 21
7850.0
 31
0.0
1001
AcDbBlockRepETag
1070
1
1071
235
1005
1606
  0
LINE
  5
F31
330
E42
100
AcDbEntity
  8
WALL
 62
2
100
AcDbLine
 10
8760.0
 20
7350.0
 30
0.0
 11
8760.0
 21
7850.0
 31
0.0
1001
AcDbBlockRepETag
1070
1
1071
236
1005
1607
  0
LINE
  5
F32
330
E42
100
AcDbEntity
  8
WALL
 62
2
100
AcDbLine
 10
8760.0
 20
7850.0
 30
0.0
 11
8940.0
 21
7850.0
 31
0.0
1001
AcDbBlockRepETag
1070
1
1071
237
1005
1608
  0
LINE
  5
F33
330
E42
100
AcDbEntity
  8
WALL
 62
2
100
AcDbLine
 10
8940.0
 20
8950.0
 30
0.0
 11
8940.0
 21
9460.0
 31
0.0
1001
AcDbBlockRepETag
1070
1
1071
238
1005
1609
  0
LINE
  5
F34
330
E42
100
AcDbEntity
  8
WALL
 62
2
100
AcDbLine
 10
8760.0
 20
8950.0
 30
0.0
 11
8760.0
 21
9460.0
 31
0.0
1001
AcDbBlockRepETag
1070
1
1071
239
1005
160A
  0
LINE
  5
F35
330
E42
100
AcDbEntity
  8
WALL
 62
2
100
AcDbLine
 10
8940.0
 20
8950.0
 30
0.0
 11
8760.0
 21
8950.0
 31
0.0
1001
AcDbBlockRepETag
1070
1
1071
240
1005
160B
  0
LINE
  5
F36
330
E42
100
AcDbEntity
  8
WALL
 62
2
100
AcDbLine
 10
8940.0
 20
9460.0
 30
0.0
 11
8940.0
 21
10150.0
 31
0.0
1001
AcDbBlockRepETag
1070
1
1071
241
1005
160C
  0
LINE
  5
F37
330
E42
100
AcDbEntity
  8
WALL
 62
2
100
AcDbLine
 10
8760.0
 20
9640.0
 30
0.0
 11
8760.0
 21
10150.0
 31
0.0
1001
AcDbBlockRepETag
1070
1
1071
242
1005
160D
  0
LINE
  5
F38
330
E42
100
AcDbEntity
  8
WALL
 62
2
100
AcDbLine
 10
8760.0
 20
10150.0
 30
0.0
 11
8940.0
 21
10150.0
 31
0.0
1001
AcDbBlockRepETag
1070
1
1071
243
1005
160E
  0
LINE
  5
F39
330
E42
100
AcDbEntity
  8
WALL
 62
2
100
AcDbLine
 10
8940.0
 20
11250.0
 30
0.0
 11
8940.0
 21
11950.0
 31
0.0
1001
AcDbBlockRepETag
1070
1
1071
244
1005
160F
  0
LINE
  5
F3A
330
E42
100
AcDbEntity
  8
WALL
 62
2
100
AcDbLine
 10
8760.0
 20
11250.0
 30
0.0
 11
8760.0
 21
11770.0
 31
0.0
1001
AcDbBlockRepETag
1070
1
1071
245
1005
1610
  0
LINE
  5
F3B
330
E42
100
AcDbEntity
  8
WALL
 62
2
100
AcDbLine
 10
8940.0
 20
11250.0
 30
0.0
 11
8760.0
 21
11250.0
 31
0.0
1001
AcDbBlockRepETag
1070
1
1071
246
1005
1611
  0
LINE
  5
F3C
330
E42
100
AcDbEntity
  8
WALL
 62
2
100
AcDbLine
 10
35550.0
 20
1200.0
 30
0.0
 11
36290.0
 21
1200.0
 31
0.0
1001
AcDbBlockRepETag
1070
1
1071
247
1005
1612
  0
LINE
  5
F3D
330
E42
100
AcDbEntity
  8
WALL
 62
2
100
AcDbLine
 10
35730.0
 20
1380.0
 30
0.0
 11
36290.0
 21
1380.0
 31
0.0
1001
AcDbBlockRepETag
1070
1
1071
248
1005
1613
  0
LINE
  5
F3E
330
E42
100
AcDbEntity
  8
WALL
 62
2
100
AcDbLine
 10
36290.00000000024
 20
1380.0
 30
0.0
 11
36290.00000000024
 21
1200.0
 31
0.0
1001
AcDbBlockRepETag
1070
1
1071
249
1005
1614
  0
LINE
  5
F3F
330
E42
100
AcDbEntity
  8
WALL
 62
2
100
AcDbLine
 10
35730.00000000024
 20
1379.999999999767
 30
0.0
 11
35730.0
 21
3010.0
 31
0.0
1001
AcDbBlockRepETag
1070
1
1071
250
1005
1615
  0
LINE
  5
F40
330
E42
100
AcDbEntity
  8
WALL
 62
2
100
AcDbLine
 10
35550.0
 20
1200.0
 30
0.0
 11
35550.0
 21
3010.0
 31
0.0
1001
AcDbBlockRepETag
1070
1
1071
251
1005
1616
  0
LINE
  5
F41
330
E42
100
AcDbEntity
  8
WALL
 62
2
100
AcDbLine
 10
35730.0
 20
3010.0
 30
0.0
 11
35550.0
 21
3010.0
 31
0.0
1001
AcDbBlockRepETag
1070
1
1071
252
1005
1617
  0
LINE
  5
F42
330
E42
100
AcDbEntity
  8
WALL
 62
2
100
AcDbLine
 10
35730.0
 20
5010.0
 30
0.0
 11
35550.0
 21
5010.0
 31
0.0
1001
AcDbBlockRepETag
1070
1
1071
253
1005
1618
  0
LINE
  5
F43
330
E42
100
AcDbEntity
  8
WALL
 62
2
100
AcDbLine
 10
35730.0
 20
5010.0
 30
0.0
 11
35730.0
 21
7350.0
 31
0.0
1001
AcDbBlockRepETag
1070
1
1071
254
1005
1619
  0
LINE
  5
F44
330
E42
100
AcDbEntity
  8
WALL
 62
2
100
AcDbLine
 10
35550.0
 20
5010.0
 30
0.0
 11
35550.0
 21
7350.0
 31
0.0
1001
AcDbBlockRepETag
1070
1
1071
255
1005
161A
  0
LINE
  5
F45
330
E42
100
AcDbEntity
  8
WALL
 62
2
100
AcDbLine
 10
35550.0
 20
7350.0
 30
0.0
 11
35730.0
 21
7350.0
 31
0.0
1001
AcDbBlockRepETag
1070
1
1071
256
1005
161B
  0
LINE
  5
F46
330
E42
100
AcDbEntity
  8
WALL
 62
2
100
AcDbLine
 10
42730.0
 20
5660.0
 30
0.0
 11
42940.0
 21
5660.0
 31
0.0
1001
AcDbBlockRepETag
1070
1
1071
257
1005
161C
  0
LINE
  5
F47
330
E42
100
AcDbEntity
  8
WALL
 62
2
100
AcDbLine
 10
42550.0
 20
5840.0
 30
0.0
 11
42940.0
 21
5840.0
 31
0.0
1001
AcDbBlockRepETag
1070
1
1071
258
1005
161D
  0
LINE
  5
F48
330
E42
100
AcDbEntity
  8
WALL
 62
2
100
AcDbLine
 10
42940.0
 20
5840.0
 30
0.0
 11
42940.0
 21
5660.0
 31
0.0
1001
AcDbBlockRepETag
1070
1
1071
259
1005
161E
  0
LINE
  5
F49
330
E42
100
AcDbEntity
  8
WALL
 62
2
100
AcDbLine
 10
55540.0
 20
0.0
 30
0.0
 11
55540.0
 21
4000.0
 31
0.0
1001
AcDbBlockRepETag
1070
1
1071
260
1005
161F
  0
LINE
  5
F4A
330
E42
100
AcDbEntity
  8
WALL
 62
2
100
AcDbLine
 10
55360.0
 20
180.0
 30
0.0
 11
55360.0
 21
4000.0
 31
0.0
1001
AcDbBlockRepETag
1070
1
1071
261
1005
1620
  0
LINE
  5
F4B
330
E42
100
AcDbEntity
  8
WALL
 62
2
100
AcDbLine
 10
55360.0
 20
4000.0
 30
0.0
 11
55540.0
 21
4000.0
 31
0.0
1001
AcDbBlockRepETag
1070
1
1071
262
1005
1621
  0
LINE
  5
F4C
330
E42
100
AcDbEntity
  8
WALL
 62
2
100
AcDbLine
 10
55540.0
 20
8160.0
 30
0.0
 11
55540.0
 21
11950.0
 31
0.0
1001
AcDbBlockRepETag
1070
1
1071
263
1005
1622
  0
LINE
  5
F4D
330
E42
100
AcDbEntity
  8
WALL
 62
2
100
AcDbLine
 10
55360.0
 20
8160.0
 30
0.0
 11
55360.0
 21
11770.0
 31
0.0
1001
AcDbBlockRepETag
1070
1
1071
264
1005
1623
  0
LINE
  5
F4E
330
E42
100
AcDbEntity
  8
WALL
 62
2
100
AcDbLine
 10
55540.0
 20
8160.0
 30
0.0
 11
55360.0
 21
8160.0
 31
0.0
1001
AcDbBlockRepETag
1070
1
1071
265
1005
1624
  0
LINE
  5
F4F
330
E42
100
AcDbEntity
  8
WALL
 62
2
100
AcDbLine
 10
52250.0
 20
0.0
 30
0.0
 11
53140.0
 21
0.0
 31
0.0
1001
AcDbBlockRepETag
1070
1
1071
266
1005
1625
  0
LINE
  5
F50
330
E42
100
AcDbEntity
  8
WALL
 62
2
100
AcDbLine
 10
52430.0
 20
180.0
 30
0.0
 11
53140.0
 21
180.0
 31
0.0
1001
AcDbBlockRepETag
1070
1
1071
267
1005
1626
  0
LINE
  5
F51
330
E42
100
AcDbEntity
  8
WALL
 62
2
100
AcDbLine
 10
53140.0
 20
180.0
 30
0.0
 11
53140.0
 21
0.0
 31
0.0
1001
AcDbBlockRepETag
1070
1
1071
268
1005
1627
  0
LINE
  5
F52
330
E42
100
AcDbEntity
  8
WALL
 62
2
100
AcDbLine
 10
52430.0
 20
180.0
 30
0.0
 11
52430.0
 21
1730.0
 31
0.0
1001
AcDbBlockRepETag
1070
1
1071
269
1005
1628
  0
LINE
  5
F53
330
E42
100
AcDbEntity
  8
WALL
 62
2
100
AcDbLine
 10
52250.0
 20
0.0
 30
0.0
 11
52250.0
 21
1550.0
 31
0.0
1001
AcDbBlockRepETag
1070
1
1071
270
1005
1629
  0
LINE
  5
F54
330
E42
100
AcDbEntity
  8
WALL
 62
2
100
AcDbLine
 10
52430.0
 20
11770.0
 30
0.0
 11
53140.0
 21
11770.0
 31
0.0
1001
AcDbBlockRepETag
1070
1
1071
271
1005
162A
  0
LINE
  5
F55
330
E42
100
AcDbEntity
  8
WALL
 62
2
100
AcDbLine
 10
52430.0
 20
11950.0
 30
0.0
 11
53140.0
 21
11950.0
 31
0.0
1001
AcDbBlockRepETag
1070
1
1071
272
1005
162B
  0
LINE
  5
F56
330
E42
100
AcDbEntity
  8
WALL
 62
2
100
AcDbLine
 10
53140.0
 20
11950.0
 30
0.0
 11
53140.0
 21
11770.0
 31
0.0
1001
AcDbBlockRepETag
1070
1
1071
273
1005
162C
  0
LINE
  5
F57
330
E42
100
AcDbEntity
  8
WALL
 62
2
100
AcDbLine
 10
52430.0
 20
8160.0
 30
0.0
 11
52430.0
 21
11770.0
 31
0.0
1001
AcDbBlockRepETag
1070
1
1071
274
1005
162D
  0
LINE
  5
F58
330
E42
100
AcDbEntity
  8
WALL
 62
2
100
AcDbLine
 10
52250.0
 20
8160.0
 30
0.0
 11
52250.0
 21
11770.0
 31
0.0
1001
AcDbBlockRepETag
1070
1
1071
275
1005
162E
  0
LINE
  5
F59
330
E42
100
AcDbEntity
  8
WALL
 62
2
100
AcDbLine
 10
52430.0
 20
8160.0
 30
0.0
 11
52250.0
 21
8160.0
 31
0.0
1001
AcDbBlockRepETag
1070
1
1071
276
1005
162F
  0
LINE
  5
F5A
330
E42
100
AcDbEntity
  8
WALL
 62
2
100
AcDbLine
 10
38830.0
 20
1200.0
 30
0.0
 11
38830.0
 21
1550.0
 31
0.0
1001
AcDbBlockRepETag
1070
1
1071
277
1005
1630
  0
LINE
  5
F5B
330
E42
100
AcDbEntity
  8
WALL
 62
2
100
AcDbLine
 10
38650.0
 20
1380.0
 30
0.0
 11
38650.0
 21
1730.0
 31
0.0
1001
AcDbBlockRepETag
1070
1
1071
278
1005
1631
  0
LINE
  5
F5C
330
E42
100
AcDbEntity
  8
WALL
 62
2
100
AcDbLine
 10
43380.0
 20
7350.0
 30
0.0
 11
43380.0
 21
9640.0
 31
0.0
1001
AcDbBlockRepETag
1070
1
1071
279
1005
1632
  0
LINE
  5
F5D
330
E42
100
AcDbEntity
  8
WALL
 62
2
100
AcDbLine
 10
43200.0
 20
7170.0
 30
0.0
 11
43200.0
 21
9640.0
 31
0.0
1001
AcDbBlockRepETag
1070
1
1071
280
1005
1633
  0
LINE
  5
F5E
330
E42
100
AcDbEntity
  8
WALL
 62
2
100
AcDbLine
 10
43200.0
 20
9640.0
 30
0.0
 11
43380.0
 21
9640.0
 31
0.0
1001
AcDbBlockRepETag
1070
1
1071
281
1005
1634
  0
LINE
  5
F5F
330
E42
100
AcDbEntity
  8
WALL
 62
2
100
AcDbLine
 10
43200.0
 20
11770.0
 30
0.0
 11
44170.0
 21
11770.0
 31
0.0
1001
AcDbBlockRepETag
1070
1
1071
282
1005
1635
  0
LINE
  5
F60
330
E42
100
AcDbEntity
  8
WALL
 62
2
100
AcDbLine
 10
43200.0
 20
11950.0
 30
0.0
 11
43990.0
 21
11950.0
 31
0.0
1001
AcDbBlockRepETag
1070
1
1071
283
1005
1636
  0
LINE
  5
F61
330
E42
100
AcDbEntity
  8
WALL
 62
2
100
AcDbLine
 10
43200.0
 20
11770.0
 30
0.0
 11
43200.0
 21
11950.0
 31
0.0
1001
AcDbBlockRepETag
1070
1
1071
284
1005
1637
  0
LINE
  5
F62
330
E42
100
AcDbEntity
  8
WALL
 62
2
100
AcDbLine
 10
40140.0
 20
11350.0
 30
0.0
 11
40140.0
 21
11770.0
 31
0.0
1001
AcDbBlockRepETag
1070
1
1071
285
1005
1638
  0
LINE
  5
F63
330
E42
100
AcDbEntity
  8
WALL
 62
2
100
AcDbLine
 10
39960.0
 20
11350.0
 30
0.0
 11
39960.0
 21
11950.0
 31
0.0
1001
AcDbBlockRepETag
1070
1
1071
286
1005
1639
  0
LINE
  5
F64
330
E42
100
AcDbEntity
  8
WALL
 62
2
100
AcDbLine
 10
40140.0
 20
11350.0
 30
0.0
 11
39960.0
 21
11350.0
 31
0.0
1001
AcDbBlockRepETag
1070
1
1071
287
1005
163A
  0
LINE
  5
F65
330
E42
100
AcDbEntity
  8
WALL
 62
2
100
AcDbLine
 10
40140.0
 20
11950.0
 30
0.0
 11
40140.0
 21
13150.0
 31
0.0
1001
AcDbBlockRepETag
1070
1
1071
288
1005
163B
  0
LINE
  5
F66
330
E42
100
AcDbEntity
  8
WALL
 62
2
100
AcDbLine
 10
39960.0
 20
11950.0
 30
0.0
 11
39960.0
 21
12970.0
 31
0.0
1001
AcDbBlockRepETag
1070
1
1071
289
1005
163C
  0
LINE
  5
F67
330
E42
100
AcDbEntity
  8
WALL
 62
2
100
AcDbLine
 10
37020.0
 20
9640.0
 30
0.0
 11
37020.0
 21
12970.0
 31
0.0
1001
AcDbBlockRepETag
1070
1
1071
290
1005
163D
  0
LINE
  5
F68
330
E42
100
AcDbEntity
  8
WALL
 62
2
100
AcDbLine
 10
36840.0
 20
9460.0
 30
0.0
 11
36840.0
 21
13150.0
 31
0.0
1001
AcDbBlockRepETag
1070
1
1071
291
1005
163E
  0
LINE
  5
F69
330
E42
100
AcDbEntity
  8
WALL
 62
2
100
AcDbLine
 10
48900.0
 20
9460.0
 30
0.0
 11
49300.0
 21
9460.0
 31
0.0
1001
AcDbBlockRepETag
1070
1
1071
292
1005
163F
  0
LINE
  5
F6A
330
E42
100
AcDbEntity
  8
WALL
 62
2
100
AcDbLine
 10
49080.0
 20
9640.0
 30
0.0
 11
49480.0
 21
9640.0
 31
0.0
1001
AcDbBlockRepETag
1070
1
1071
293
1005
1640
  0
LINE
  5
F6B
330
E42
100
AcDbEntity
  8
WALL
 62
2
100
AcDbLine
 10
49080.0
 20
11770.0
 30
0.0
 11
49490.0
 21
11770.0
 31
0.0
1001
AcDbBlockRepETag
1070
1
1071
294
1005
1641
  0
LINE
  5
F6C
330
E42
100
AcDbEntity
  8
WALL
 62
2
100
AcDbLine
 10
48900.0
 20
11950.0
 30
0.0
 11
49310.0
 21
11950.0
 31
0.0
1001
AcDbBlockRepETag
1070
1
1071
295
1005
1642
  0
LINE
  5
F6D
330
E42
100
AcDbEntity
  8
WALL
 62
2
100
AcDbLine
 10
49080.0
 20
9640.0
 30
0.0
 11
49080.0
 21
11770.0
 31
0.0
1001
AcDbBlockRepETag
1070
1
1071
296
1005
1643
  0
LINE
  5
F6E
330
E42
100
AcDbEntity
  8
WALL
 62
2
100
AcDbLine
 10
48900.0
 20
9640.0
 30
0.0
 11
48900.0
 21
11770.0
 31
0.0
1001
AcDbBlockRepETag
1070
1
1071
297
1005
1644
  0
LINE
  5
F6F
330
E42
100
AcDbEntity
  8
WALL
 62
2
100
AcDbLine
 10
49480.0
 20
7170.0
 30
0.0
 11
49480.0
 21
9640.0
 31
0.0
1001
AcDbBlockRepETag
1070
1
1071
298
1005
1645
  0
LINE
  5
F70
330
E42
100
AcDbEntity
  8
WALL
 62
2
100
AcDbLine
 10
49300.0
 20
7350.0
 30
0.0
 11
49300.0
 21
9460.0
 31
0.0
1001
AcDbBlockRepETag
1070
1
1071
299
1005
1646
  0
LINE
  5
F71
330
E42
100
AcDbEntity
  8
WALL
 62
2
100
AcDbLine
 10
49490.0
 20
11770.0
 30
0.0
 11
49490.0
 21
14550.0
 31
0.0
1001
AcDbBlockRepETag
1070
1
1071
300
1005
1647
  0
LINE
  5
F72
330
E42
100
AcDbEntity
  8
WALL
 62
2
100
AcDbLine
 10
49310.0
 20
11950.0
 30
0.0
 11
49310.0
 21
14370.0
 31
0.0
1001
AcDbBlockRepETag
1070
1
1071
301
1005
1648
  0
LINE
  5
F73
330
E42
100
AcDbEntity
  8
WALL
 62
2
100
AcDbLine
 10
46600.0
 20
7170.0
 30
0.0
 11
49480.0
 21
7170.0
 31
0.0
1001
AcDbBlockRepETag
1070
1
1071
302
1005
1649
  0
LINE
  5
F74
330
E42
100
AcDbEntity
  8
WALL
 62
2
100
AcDbLine
 10
46780.0
 20
7350.0
 30
0.0
 11
49300.0
 21
7350.0
 31
0.0
1001
AcDbBlockRepETag
1070
1
1071
303
1005
164A
  0
LINE
  5
F75
330
E42
100
AcDbEntity
  8
WALL
 62
2
100
AcDbLine
 10
46780.0
 20
7350.0
 30
0.0
 11
46780.0
 21
7850.0
 31
0.0
1001
AcDbBlockRepETag
1070
1
1071
304
1005
164B
  0
LINE
  5
F76
330
E42
100
AcDbEntity
  8
WALL
 62
2
100
AcDbLine
 10
46600.0
 20
7170.0
 30
0.0
 11
46600.0
 21
7850.0
 31
0.0
1001
AcDbBlockRepETag
1070
1
1071
305
1005
164C
  0
LINE
  5
F77
330
E42
100
AcDbEntity
  8
WALL
 62
2
100
AcDbLine
 10
46600.0
 20
7850.0
 30
0.0
 11
46780.0
 21
7850.0
 31
0.0
1001
AcDbBlockRepETag
1070
1
1071
306
1005
164D
  0
LINE
  5
F78
330
E42
100
AcDbEntity
  8
WALL
 62
2
100
AcDbLine
 10
46780.0
 20
8950.0
 30
0.0
 11
46780.0
 21
9460.0
 31
0.0
1001
AcDbBlockRepETag
1070
1
1071
307
1005
164E
  0
LINE
  5
F79
330
E42
100
AcDbEntity
  8
WALL
 62
2
100
AcDbLine
 10
46600.0
 20
8950.0
 30
0.0
 11
46600.0
 21
9640.0
 31
0.0
1001
AcDbBlockRepETag
1070
1
1071
308
1005
164F
  0
LINE
  5
F7A
330
E42
100
AcDbEntity
  8
WALL
 62
2
100
AcDbLine
 10
46780.0
 20
8950.0
 30
0.0
 11
46600.0
 21
8950.0
 31
0.0
1001
AcDbBlockRepETag
1070
1
1071
309
1005
1650
  0
LINE
  5
F7B
330
E42
100
AcDbEntity
  8
WALL
 62
2
100
AcDbLine
 10
46780.0
 20
9640.0
 30
0.0
 11
46780.0
 21
10150.0
 31
0.0
1001
AcDbBlockRepETag
1070
1
1071
310
1005
1651
  0
LINE
  5
F7C
330
E42
100
AcDbEntity
  8
WALL
 62
2
100
AcDbLine
 10
46600.0
 20
9640.0
 30
0.0
 11
46600.0
 21
10150.0
 31
0.0
1001
AcDbBlockRepETag
1070
1
1071
311
1005
1652
  0
LINE
  5
F7D
330
E42
100
AcDbEntity
  8
WALL
 62
2
100
AcDbLine
 10
46600.0
 20
10150.0
 30
0.0
 11
46780.0
 21
10150.0
 31
0.0
1001
AcDbBlockRepETag
1070
1
1071
312
1005
1653
  0
LINE
  5
F7E
330
E42
100
AcDbEntity
  8
WALL
 62
2
100
AcDbLine
 10
46780.0
 20
11770.0
 30
0.0
 11
48900.0
 21
11770.0
 31
0.0
1001
AcDbBlockRepETag
1070
1
1071
313
1005
1654
  0
LINE
  5
F7F
330
E42
100
AcDbEntity
  8
WALL
 62
2
100
AcDbLine
 10
46600.0
 20
11950.0
 30
0.0
 11
48900.0
 21
11950.0
 31
0.0
1001
AcDbBlockRepETag
1070
1
1071
314
1005
1655
  0
LINE
  5
F80
330
E42
100
AcDbEntity
  8
WALL
 62
2
100
AcDbLine
 10
46780.0
 20
11250.0
 30
0.0
 11
46780.0
 21
11770.0
 31
0.0
1001
AcDbBlockRepETag
1070
1
1071
315
1005
1656
  0
LINE
  5
F81
330
E42
100
AcDbEntity
  8
WALL
 62
2
100
AcDbLine
 10
46600.0
 20
11250.0
 30
0.0
 11
46600.0
 21
11950.0
 31
0.0
1001
AcDbBlockRepETag
1070
1
1071
316
1005
1657
  0
LINE
  5
F82
330
E42
100
AcDbEntity
  8
WALL
 62
2
100
AcDbLine
 10
46780.0
 20
11250.0
 30
0.0
 11
46600.0
 21
11250.0
 31
0.0
1001
AcDbBlockRepETag
1070
1
1071
317
1005
1658
  0
LINE
  5
F83
330
E42
100
AcDbEntity
  8
WALL
 62
2
100
AcDbLine
 10
52430.0
 20
1730.0
 30
0.0
 11
52430.0
 21
4000.0
 31
0.0
1001
AcDbBlockRepETag
1070
1
1071
318
1005
1659
  0
LINE
  5
F84
330
E42
100
AcDbEntity
  8
WALL
 62
2
100
AcDbLine
 10
52250.0
 20
1730.0
 30
0.0
 11
52250.0
 21
4000.0
 31
0.0
1001
AcDbBlockRepETag
1070
1
1071
319
1005
165A
  0
LINE
  5
F85
330
E42
100
AcDbEntity
  8
WALL
 62
2
100
AcDbLine
 10
52250.0
 20
4000.0
 30
0.0
 11
52430.0
 21
4000.0
 31
0.0
1001
AcDbBlockRepETag
1070
1
1071
320
1005
165B
  0
LINE
  5
F86
330
E42
100
AcDbEntity
  8
WALL
 62
2
100
AcDbLine
 10
51590.0
 20
1550.0
 30
0.0
 11
52250.0
 21
1550.0
 31
0.0
1001
AcDbBlockRepETag
1070
1
1071
321
1005
165C
  0
LINE
  5
F87
330
E42
100
AcDbEntity
  8
WALL
 62
2
100
AcDbLine
 10
51590.0
 20
1730.0
 30
0.0
 11
52250.0
 21
1730.0
 31
0.0
1001
AcDbBlockRepETag
1070
1
1071
322
1005
165D
  0
LINE
  5
F88
330
E42
100
AcDbEntity
  8
WALL
 62
2
100
AcDbLine
 10
51590.0
 20
1550.0
 30
0.0
 11
51590.0
 21
1730.0
 31
0.0
1001
AcDbBlockRepETag
1070
1
1071
323
1005
165E
  0
LINE
  5
F89
330
E42
100
AcDbEntity
  8
WALL
 62
2
100
AcDbLine
 10
48530.0
 20
1730.0
 30
0.0
 11
48530.0
 21
4000.0
 31
0.0
1001
AcDbBlockRepETag
1070
1
1071
324
1005
165F
  0
LINE
  5
F8A
330
E42
100
AcDbEntity
  8
WALL
 62
2
100
AcDbLine
 10
48350.0
 20
1730.0
 30
0.0
 11
48350.0
 21
4000.0
 31
0.0
1001
AcDbBlockRepETag
1070
1
1071
325
1005
1660
  0
LINE
  5
F8B
330
E42
100
AcDbEntity
  8
WALL
 62
2
100
AcDbLine
 10
48350.0
 20
4000.0
 30
0.0
 11
48530.0
 21
4000.0
 31
0.0
1001
AcDbBlockRepETag
1070
1
1071
326
1005
1661
  0
LINE
  5
F8C
330
E42
100
AcDbEntity
  8
WALL
 62
2
100
AcDbLine
 10
47840.0
 20
1550.0
 30
0.0
 11
48530.0
 21
1550.0
 31
0.0
1001
AcDbBlockRepETag
1070
1
1071
327
1005
1662
  0
LINE
  5
F8D
330
E42
100
AcDbEntity
  8
WALL
 62
2
100
AcDbLine
 10
47840.0
 20
1730.0
 30
0.0
 11
48350.0
 21
1730.0
 31
0.0
1001
AcDbBlockRepETag
1070
1
1071
328
1005
1663
  0
LINE
  5
F8E
330
E42
100
AcDbEntity
  8
WALL
 62
2
100
AcDbLine
 10
47840.0
 20
1550.0
 30
0.0
 11
47840.0
 21
1730.0
 31
0.0
1001
AcDbBlockRepETag
1070
1
1071
329
1005
1664
  0
LINE
  5
F8F
330
E42
100
AcDbEntity
  8
WALL
 62
2
100
AcDbLine
 10
48530.0
 20
1550.0
 30
0.0
 11
49190.0
 21
1550.0
 31
0.0
1001
AcDbBlockRepETag
1070
1
1071
330
1005
1665
  0
LINE
  5
F90
330
E42
100
AcDbEntity
  8
WALL
 62
2
100
AcDbLine
 10
48530.0
 20
1730.0
 30
0.0
 11
49190.0
 21
1730.0
 31
0.0
1001
AcDbBlockRepETag
1070
1
1071
331
1005
1666
  0
LINE
  5
F91
330
E42
100
AcDbEntity
  8
WALL
 62
2
100
AcDbLine
 10
49190.0
 20
1730.0
 30
0.0
 11
49190.0
 21
1550.0
 31
0.0
1001
AcDbBlockRepETag
1070
1
1071
332
1005
1667
  0
LINE
  5
F92
330
E42
100
AcDbEntity
  8
WALL
 62
2
100
AcDbLine
 10
45630.0
 20
1730.0
 30
0.0
 11
45630.0
 21
4000.0
 31
0.0
1001
AcDbBlockRepETag
1070
1
1071
333
1005
1668
  0
LINE
  5
F93
330
E42
100
AcDbEntity
  8
WALL
 62
2
100
AcDbLine
 10
45450.0
 20
1730.0
 30
0.0
 11
45450.0
 21
4000.0
 31
0.0
1001
AcDbBlockRepETag
1070
1
1071
334
1005
1669
  0
LINE
  5
F94
330
E42
100
AcDbEntity
  8
WALL
 62
2
100
AcDbLine
 10
45450.0
 20
4000.0
 30
0.0
 11
45630.0
 21
4000.0
 31
0.0
1001
AcDbBlockRepETag
1070
1
1071
335
1005
166A
  0
LINE
  5
F95
330
E42
100
AcDbEntity
  8
WALL
 62
2
100
AcDbLine
 10
44940.0
 20
1550.0
 30
0.0
 11
45450.0
 21
1550.0
 31
0.0
1001
AcDbBlockRepETag
1070
1
1071
336
1005
166B
  0
LINE
  5
F96
330
E42
100
AcDbEntity
  8
WALL
 62
2
100
AcDbLine
 10
44940.0
 20
1730.0
 30
0.0
 11
45450.0
 21
1730.0
 31
0.0
1001
AcDbBlockRepETag
1070
1
1071
337
1005
166C
  0
LINE
  5
F97
330
E42
100
AcDbEntity
  8
WALL
 62
2
100
AcDbLine
 10
44940.0
 20
1550.0
 30
0.0
 11
44940.0
 21
1730.0
 31
0.0
1001
AcDbBlockRepETag
1070
1
1071
338
1005
166D
  0
LINE
  5
F98
330
E42
100
AcDbEntity
  8
WALL
 62
2
100
AcDbLine
 10
45450.0
 20
1550.0
 30
0.0
 11
46140.0
 21
1550.0
 31
0.0
1001
AcDbBlockRepETag
1070
1
1071
339
1005
166E
  0
LINE
  5
F99
330
E42
100
AcDbEntity
  8
WALL
 62
2
100
AcDbLine
 10
45630.0
 20
1730.0
 30
0.0
 11
46140.0
 21
1730.0
 31
0.0
1001
AcDbBlockRepETag
1070
1
1071
340
1005
166F
  0
LINE
  5
F9A
330
E42
100
AcDbEntity
  8
WALL
 62
2
100
AcDbLine
 10
46140.0
 20
1730.0
 30
0.0
 11
46140.0
 21
1550.0
 31
0.0
1001
AcDbBlockRepETag
1070
1
1071
341
1005
1670
  0
LINE
  5
F9B
330
E42
100
AcDbEntity
  8
WALL
 62
2
100
AcDbLine
 10
42730.0
 20
1730.0
 30
0.0
 11
42730.0
 21
5660.0
 31
0.0
1001
AcDbBlockRepETag
1070
1
1071
342
1005
1671
  0
LINE
  5
F9C
330
E42
100
AcDbEntity
  8
WALL
 62
2
100
AcDbLine
 10
42550.0
 20
1730.0
 30
0.0
 11
42550.0
 21
5840.0
 31
0.0
1001
AcDbBlockRepETag
1070
1
1071
343
1005
1672
  0
LINE
  5
F9D
330
E42
100
AcDbEntity
  8
WALL
 62
2
100
AcDbLine
 10
41890.0
 20
1550.0
 30
0.0
 11
43240.0
 21
1550.0
 31
0.0
1001
AcDbBlockRepETag
1070
1
1071
344
1005
1673
  0
LINE
  5
F9E
330
E42
100
AcDbEntity
  8
WALL
 62
2
100
AcDbLine
 10
41890.0
 20
1730.0
 30
0.0
 11
42550.0
 21
1730.0
 31
0.0
1001
AcDbBlockRepETag
1070
1
1071
345
1005
1674
  0
LINE
  5
F9F
330
E42
100
AcDbEntity
  8
WALL
 62
2
100
AcDbLine
 10
41890.0
 20
1550.0
 30
0.0
 11
41890.0
 21
1730.0
 31
0.0
1001
AcDbBlockRepETag
1070
1
1071
346
1005
1675
  0
LINE
  5
FA0
330
E42
100
AcDbEntity
  8
WALL
 62
2
100
AcDbLine
 10
42730.0
 20
1730.0
 30
0.0
 11
43240.0
 21
1730.0
 31
0.0
1001
AcDbBlockRepETag
1070
1
1071
347
1005
1676
  0
LINE
  5
FA1
330
E42
100
AcDbEntity
  8
WALL
 62
2
100
AcDbLine
 10
43240.0
 20
1730.0
 30
0.0
 11
43240.0
 21
1550.0
 31
0.0
1001
AcDbBlockRepETag
1070
1
1071
348
1005
1677
  0
LINE
  5
FA2
330
E42
100
AcDbEntity
  8
WALL
 62
2
100
AcDbLine
 10
38830.0
 20
1730.0
 30
0.0
 11
38830.0
 21
4890.0
 31
0.0
1001
AcDbBlockRepETag
1070
1
1071
349
1005
1678
  0
LINE
  5
FA3
330
E42
100
AcDbEntity
  8
WALL
 62
2
100
AcDbLine
 10
38650.0
 20
1730.0
 30
0.0
 11
38650.0
 21
4890.0
 31
0.0
1001
AcDbBlockRepETag
1070
1
1071
350
1005
1679
  0
LINE
  5
FA4
330
E42
100
AcDbEntity
  8
WALL
 62
2
100
AcDbLine
 10
38650.0
 20
4890.0
 30
0.0
 11
38830.0
 21
4890.0
 31
0.0
1001
AcDbBlockRepETag
1070
1
1071
351
1005
167A
  0
LINE
  5
FA5
330
E42
100
AcDbEntity
  8
WALL
 62
2
100
AcDbLine
 10
38830.0
 20
1550.0
 30
0.0
 11
39490.0
 21
1550.0
 31
0.0
1001
AcDbBlockRepETag
1070
1
1071
352
1005
167B
  0
LINE
  5
FA6
330
E42
100
AcDbEntity
  8
WALL
 62
2
100
AcDbLine
 10
38830.0
 20
1730.0
 30
0.0
 11
39490.0
 21
1730.0
 31
0.0
1001
AcDbBlockRepETag
1070
1
1071
353
1005
167C
  0
LINE
  5
FA7
330
E42
100
AcDbEntity
  8
WALL
 62
2
100
AcDbLine
 10
39490.0
 20
1730.0
 30
0.0
 11
39490.0
 21
1550.0
 31
0.0
1001
AcDbBlockRepETag
1070
1
1071
354
1005
167D
  0
LINE
  5
FA8
330
E42
100
AcDbEntity
  8
WALL
 62
2
100
AcDbLine
 10
16890.0
 20
1730.0
 30
0.0
 11
16890.0
 21
4890.0
 31
0.0
1001
AcDbBlockRepETag
1070
1
1071
355
1005
167E
  0
LINE
  5
FA9
330
E42
100
AcDbEntity
  8
WALL
 62
2
100
AcDbLine
 10
16710.0
 20
1730.0
 30
0.0
 11
16710.0
 21
4890.0
 31
0.0
1001
AcDbBlockRepETag
1070
1
1071
356
1005
167F
  0
LINE
  5
FAA
330
E42
100
AcDbEntity
  8
WALL
 62
2
100
AcDbLine
 10
16710.0
 20
4890.0
 30
0.0
 11
16890.0
 21
4890.0
 31
0.0
1001
AcDbBlockRepETag
1070
1
1071
357
1005
1680
  0
LINE
  5
FAB
330
E42
100
AcDbEntity
  8
WALL
 62
2
100
AcDbLine
 10
16050.0
 20
1550.0
 30
0.0
 11
16710.0
 21
1550.0
 31
0.0
1001
AcDbBlockRepETag
1070
1
1071
358
1005
1681
  0
LINE
  5
FAC
330
E42
100
AcDbEntity
  8
WALL
 62
2
100
AcDbLine
 10
16050.0
 20
1730.0
 30
0.0
 11
16710.0
 21
1730.0
 31
0.0
1001
AcDbBlockRepETag
1070
1
1071
359
1005
1682
  0
LINE
  5
FAD
330
E42
100
AcDbEntity
  8
WALL
 62
2
100
AcDbLine
 10
16050.0
 20
1550.0
 30
0.0
 11
16050.0
 21
1730.0
 31
0.0
1001
AcDbBlockRepETag
1070
1
1071
360
1005
1683
  0
LINE
  5
FAE
330
E42
100
AcDbEntity
  8
WALL
 62
2
100
AcDbLine
 10
12990.0
 20
1730.0
 30
0.0
 11
12990.0
 21
5840.0
 31
0.0
1001
AcDbBlockRepETag
1070
1
1071
361
1005
1684
  0
LINE
  5
FAF
330
E42
100
AcDbEntity
  8
WALL
 62
2
100
AcDbLine
 10
12810.0
 20
1730.0
 30
0.0
 11
12810.0
 21
5660.0
 31
0.0
1001
AcDbBlockRepETag
1070
1
1071
362
1005
1685
  0
LINE
  5
FB0
330
E42
100
AcDbEntity
  8
WALL
 62
2
100
AcDbLine
 10
12300.0
 20
1550.0
 30
0.0
 11
12990.0
 21
1550.0
 31
0.0
1001
AcDbBlockRepETag
1070
1
1071
363
1005
1686
  0
LINE
  5
FB1
330
E42
100
AcDbEntity
  8
WALL
 62
2
100
AcDbLine
 10
12300.0
 20
1730.0
 30
0.0
 11
12810.0
 21
1730.0
 31
0.0
1001
AcDbBlockRepETag
1070
1
1071
364
1005
1687
  0
LINE
  5
FB2
330
E42
100
AcDbEntity
  8
WALL
 62
2
100
AcDbLine
 10
12300.0
 20
1550.0
 30
0.0
 11
12300.0
 21
1730.0
 31
0.0
1001
AcDbBlockRepETag
1070
1
1071
365
1005
1688
  0
LINE
  5
FB3
330
E42
100
AcDbEntity
  8
WALL
 62
2
100
AcDbLine
 10
12990.0
 20
1550.0
 30
0.0
 11
13650.0
 21
1550.0
 31
0.0
1001
AcDbBlockRepETag
1070
1
1071
366
1005
1689
  0
LINE
  5
FB4
330
E42
100
AcDbEntity
  8
WALL
 62
2
100
AcDbLine
 10
12990.0
 20
1730.0
 30
0.0
 11
13650.0
 21
1730.0
 31
0.0
1001
AcDbBlockRepETag
1070
1
1071
367
1005
168A
  0
LINE
  5
FB5
330
E42
100
AcDbEntity
  8
WALL
 62
2
100
AcDbLine
 10
13650.0
 20
1730.0
 30
0.0
 11
13650.0
 21
1550.0
 31
0.0
1001
AcDbBlockRepETag
1070
1
1071
368
1005
168B
  0
LINE
  5
FB6
330
E42
100
AcDbEntity
  8
WALL
 62
2
100
AcDbLine
 10
10090.0
 20
1730.0
 30
0.0
 11
10090.0
 21
4000.0
 31
0.0
1001
AcDbBlockRepETag
1070
1
1071
369
1005
168C
  0
LINE
  5
FB7
330
E42
100
AcDbEntity
  8
WALL
 62
2
100
AcDbLine
 10
9910.0
 20
1730.0
 30
0.0
 11
9910.0
 21
4000.0
 31
0.0
1001
AcDbBlockRepETag
1070
1
1071
370
1005
168D
  0
LINE
  5
FB8
330
E42
100
AcDbEntity
  8
WALL
 62
2
100
AcDbLine
 10
9910.0
 20
4000.0
 30
0.0
 11
10090.0
 21
4000.0
 31
0.0
1001
AcDbBlockRepETag
1070
1
1071
371
1005
168E
  0
LINE
  5
FB9
330
E42
100
AcDbEntity
  8
WALL
 62
2
100
AcDbLine
 10
9400.0
 20
1550.0
 30
0.0
 11
9910.0
 21
1550.0
 31
0.0
1001
AcDbBlockRepETag
1070
1
1071
372
1005
168F
  0
LINE
  5
FBA
330
E42
100
AcDbEntity
  8
WALL
 62
2
100
AcDbLine
 10
9400.0
 20
1730.0
 30
0.0
 11
9910.0
 21
1730.0
 31
0.0
1001
AcDbBlockRepETag
1070
1
1071
373
1005
1690
  0
LINE
  5
FBB
330
E42
100
AcDbEntity
  8
WALL
 62
2
100
AcDbLine
 10
9400.0
 20
1550.0
 30
0.0
 11
9400.0
 21
1730.0
 31
0.0
1001
AcDbBlockRepETag
1070
1
1071
374
1005
1691
  0
LINE
  5
FBC
330
E42
100
AcDbEntity
  8
WALL
 62
2
100
AcDbLine
 10
9910.0
 20
1550.0
 30
0.0
 11
10600.0
 21
1550.0
 31
0.0
1001
AcDbBlockRepETag
1070
1
1071
375
1005
1692
  0
LINE
  5
FBD
330
E42
100
AcDbEntity
  8
WALL
 62
2
100
AcDbLine
 10
10090.0
 20
1730.0
 30
0.0
 11
10600.0
 21
1730.0
 31
0.0
1001
AcDbBlockRepETag
1070
1
1071
376
1005
1693
  0
LINE
  5
FBE
330
E42
100
AcDbEntity
  8
WALL
 62
2
100
AcDbLine
 10
10600.0
 20
1730.0
 30
0.0
 11
10600.0
 21
1550.0
 31
0.0
1001
AcDbBlockRepETag
1070
1
1071
377
1005
1694
  0
LINE
  5
FBF
330
E42
100
AcDbEntity
  8
WALL
 62
2
100
AcDbLine
 10
7190.0
 20
1730.0
 30
0.0
 11
7190.0
 21
4000.0
 31
0.0
1001
AcDbBlockRepETag
1070
1
1071
378
1005
1695
  0
LINE
  5
FC0
330
E42
100
AcDbEntity
  8
WALL
 62
2
100
AcDbLine
 10
7010.0
 20
1730.0
 30
0.0
 11
7010.0
 21
4000.0
 31
0.0
1001
AcDbBlockRepETag
1070
1
1071
379
1005
1696
  0
LINE
  5
FC1
330
E42
100
AcDbEntity
  8
WALL
 62
2
100
AcDbLine
 10
7010.0
 20
4000.0
 30
0.0
 11
7190.0
 21
4000.0
 31
0.0
1001
AcDbBlockRepETag
1070
1
1071
380
1005
1697
  0
LINE
  5
FC2
330
E42
100
AcDbEntity
  8
WALL
 62
2
100
AcDbLine
 10
6350.0
 20
1550.0
 30
0.0
 11
7010.0
 21
1550.0
 31
0.0
1001
AcDbBlockRepETag
1070
1
1071
381
1005
1698
  0
LINE
  5
FC3
330
E42
100
AcDbEntity
  8
WALL
 62
2
100
AcDbLine
 10
6350.0
 20
1730.0
 30
0.0
 11
7010.0
 21
1730.0
 31
0.0
1001
AcDbBlockRepETag
1070
1
1071
382
1005
1699
  0
LINE
  5
FC4
330
E42
100
AcDbEntity
  8
WALL
 62
2
100
AcDbLine
 10
6350.0
 20
1550.0
 30
0.0
 11
6350.0
 21
1730.0
 31
0.0
1001
AcDbBlockRepETag
1070
1
1071
383
1005
169A
  0
LINE
  5
FC5
330
E42
100
AcDbEntity
  8
WALL
 62
2
100
AcDbLine
 10
7010.0
 20
1550.0
 30
0.0
 11
7700.0
 21
1550.0
 31
0.0
1001
AcDbBlockRepETag
1070
1
1071
384
1005
169B
  0
LINE
  5
FC6
330
E42
100
AcDbEntity
  8
WALL
 62
2
100
AcDbLine
 10
7190.0
 20
1730.0
 30
0.0
 11
7700.0
 21
1730.0
 31
0.0
1001
AcDbBlockRepETag
1070
1
1071
385
1005
169C
  0
LINE
  5
FC7
330
E42
100
AcDbEntity
  8
WALL
 62
2
100
AcDbLine
 10
7700.0
 20
1730.0
 30
0.0
 11
7700.0
 21
1550.0
 31
0.0
1001
AcDbBlockRepETag
1070
1
1071
386
1005
169D
  0
LINE
  5
FC8
330
E42
100
AcDbEntity
  8
WALL
 62
2
100
AcDbLine
 10
3290.0
 20
1730.0
 30
0.0
 11
3290.0
 21
4000.0
 31
0.0
1001
AcDbBlockRepETag
1070
1
1071
387
1005
169E
  0
LINE
  5
FC9
330
E42
100
AcDbEntity
  8
WALL
 62
2
100
AcDbLine
 10
3110.0
 20
1730.0
 30
0.0
 11
3110.0
 21
4000.0
 31
0.0
1001
AcDbBlockRepETag
1070
1
1071
388
1005
169F
  0
LINE
  5
FCA
330
E42
100
AcDbEntity
  8
WALL
 62
2
100
AcDbLine
 10
3110.0
 20
4000.0
 30
0.0
 11
3290.0
 21
4000.0
 31
0.0
1001
AcDbBlockRepETag
1070
1
1071
389
1005
16A0
  0
LINE
  5
FCB
330
E42
100
AcDbEntity
  8
WALL
 62
2
100
AcDbLine
 10
3290.0
 20
1550.0
 30
0.0
 11
3950.0
 21
1550.0
 31
0.0
1001
AcDbBlockRepETag
1070
1
1071
390
1005
16A1
  0
LINE
  5
FCC
330
E42
100
AcDbEntity
  8
WALL
 62
2
100
AcDbLine
 10
3290.0
 20
1730.0
 30
0.0
 11
3950.0
 21
1730.0
 31
0.0
1001
AcDbBlockRepETag
1070
1
1071
391
1005
16A2
  0
LINE
  5
FCD
330
E42
100
AcDbEntity
  8
WALL
 62
2
100
AcDbLine
 10
3950.0
 20
1730.0
 30
0.0
 11
3950.0
 21
1550.0
 31
0.0
1001
AcDbBlockRepETag
1070
1
1071
392
1005
16A3
  0
LINE
  5
FCE
330
E42
100
AcDbEntity
  8
WALL
 62
2
100
AcDbLine
 10
6060.0
 20
7170.0
 30
0.0
 11
8940.0
 21
7170.0
 31
0.0
1001
AcDbBlockRepETag
1070
1
1071
393
1005
16A4
  0
LINE
  5
FCF
330
E42
100
AcDbEntity
  8
WALL
 62
2
100
AcDbLine
 10
6240.0
 20
7350.0
 30
0.0
 11
8760.0
 21
7350.0
 31
0.0
1001
AcDbBlockRepETag
1070
1
1071
394
1005
16A5
  0
LINE
  5
FD0
330
E42
100
AcDbEntity
  8
WALL
 62
2
100
AcDbLine
 10
11370.0
 20
7170.0
 30
0.0
 11
12340.0
 21
7170.0
 31
0.0
1001
AcDbBlockRepETag
1070
1
1071
395
1005
16A6
  0
LINE
  5
FD1
330
E42
100
AcDbEntity
  8
WALL
 62
2
100
AcDbLine
 10
11370.0
 20
7350.0
 30
0.0
 11
12160.0
 21
7350.0
 31
0.0
1001
AcDbBlockRepETag
1070
1
1071
396
1005
16A7
  0
LINE
  5
FD2
330
E42
100
AcDbEntity
  8
WALL
 62
2
100
AcDbLine
 10
11370.0
 20
7170.0
 30
0.0
 11
11370.0
 21
7350.0
 31
0.0
1001
AcDbBlockRepETag
1070
1
1071
397
1005
16A8
  0
LINE
  5
FD3
330
E42
100
AcDbEntity
  8
WALL
 62
2
100
AcDbLine
 10
15580.0
 20
12970.0
 30
0.0
 11
16300.0
 21
12970.0
 31
0.0
1001
AcDbBlockRepETag
1070
1
1071
398
1005
16A9
  0
LINE
  5
FD4
330
E42
100
AcDbEntity
  8
WALL
 62
2
100
AcDbLine
 10
15400.0
 20
13150.0
 30
0.0
 11
16300.0
 21
13150.0
 31
0.0
1001
AcDbBlockRepETag
1070
1
1071
399
1005
16AA
  0
LINE
  5
FD5
330
E42
100
AcDbEntity
  8
WALL
 62
2
100
AcDbLine
 10
16300.0
 20
13150.0
 30
0.0
 11
16300.0
 21
12970.0
 31
0.0
1001
AcDbBlockRepETag
1070
1
1071
400
1005
16AB
  0
LINE
  5
FD6
330
E42
100
AcDbEntity
  8
WALL
 62
2
100
AcDbLine
 10
17800.0
 20
12970.0
 30
0.0
 11
18520.0
 21
12970.0
 31
0.0
1001
AcDbBlockRepETag
1070
1
1071
401
1005
16AC
  0
LINE
  5
FD7
330
E42
100
AcDbEntity
  8
WALL
 62
2
100
AcDbLine
 10
17800.0
 20
13150.0
 30
0.0
 11
18700.0
 21
13150.0
 31
0.0
1001
AcDbBlockRepETag
1070
1
1071
402
1005
16AD
  0
LINE
  5
FD8
330
E42
100
AcDbEntity
  8
WALL
 62
2
100
AcDbLine
 10
17800.0
 20
12970.0
 30
0.0
 11
17800.0
 21
13150.0
 31
0.0
1001
AcDbBlockRepETag
1070
1
1071
403
1005
16AE
  0
LINE
  5
FD9
330
E42
100
AcDbEntity
  8
WALL
 62
2
100
AcDbLine
 10
44170.0
 20
11770.0
 30
0.0
 11
44170.0
 21
14550.0
 31
0.0
1001
AcDbBlockRepETag
1070
1
1071
404
1005
16AF
  0
LINE
  5
FDA
330
E42
100
AcDbEntity
  8
WALL
 62
2
100
AcDbLine
 10
43990.0
 20
11950.0
 30
0.0
 11
43990.0
 21
14550.0
 31
0.0
1001
AcDbBlockRepETag
1070
1
1071
405
1005
16B0
  0
LINE
  5
FDB
330
E42
100
AcDbEntity
  8
WALL
 62
2
100
AcDbLine
 10
43990.0
 20
14550.0
 30
0.0
 11
44170.0
 21
14550.0
 31
0.0
1001
AcDbBlockRepETag
1070
1
1071
406
1005
16B1
  0
LINE
  5
FDC
330
E42
100
AcDbEntity
  8
WALL
 62
2
100
AcDbLine
 10
26380.0
 20
14520.0
 30
0.0
 11
26380.0
 21
17600.0
 31
0.0
1001
AcDbBlockRepETag
1070
1
1071
407
1005
16B2
  0
LINE
  5
FDD
330
E42
100
AcDbEntity
  8
WALL
 62
2
100
AcDbLine
 10
26200.0
 20
14700.0
 30
0.0
 11
26200.0
 21
17600.0
 31
0.0
1001
AcDbBlockRepETag
1070
1
1071
408
1005
16B3
  0
LINE
  5
FDE
330
E42
100
AcDbEntity
  8
WALL
 62
2
100
AcDbLine
 10
26200.0
 20
17600.0
 30
0.0
 11
26380.0
 21
17600.0
 31
0.0
1001
AcDbBlockRepETag
1070
1
1071
409
1005
16B4
  0
LINE
  5
FDF
330
E42
100
AcDbEntity
  8
WALL
 62
2
100
AcDbLine
 10
12600.0
 20
5660.0
 30
0.0
 11
12810.0
 21
5660.0
 31
0.0
1001
AcDbBlockRepETag
1070
1
1071
410
1005
16B5
  0
LINE
  5
FE0
330
E42
100
AcDbEntity
  8
WALL
 62
2
100
AcDbLine
 10
12600.0
 20
5840.0
 30
0.0
 11
12990.0
 21
5840.0
 31
0.0
1001
AcDbBlockRepETag
1070
1
1071
411
1005
16B6
  0
LINE
  5
FE1
330
E42
100
AcDbEntity
  8
WALL
 62
2
100
AcDbLine
 10
12600.0
 20
5660.0
 30
0.0
 11
12600.0
 21
5840.0
 31
0.0
1001
AcDbBlockRepETag
1070
1
1071
412
1005
16B7
  0
ENDBLK
  5
E44
330
E42
100
AcDbEntity
  8
0
100
AcDbBlockEnd
  0
BLOCK
  5
FE3
330
FE2
100
AcDbEntity
  8
0
100
AcDbBlockBegin
  2
$DorLib2D$00000001
 70
0
 10
0.0
 20
0.0
 30
0.0
  3
$DorLib2D$00000001
  1

  0
LINE
  5
FE5
330
FE2
100
AcDbEntity
  8
0
100
AcDbLine
 10
0.45
 20
0.9750000000000001
 30
0.0
 11
0.5000000000000002
 21
0.9750000000000001
 31
0.0
  0
LINE
  5
FE6
330
FE2
100
AcDbEntity
  8
0
100
AcDbLine
 10
0.5
 20
0.0
 30
0.0
 11
0.45
 21
0.0
 31
0.0
  0
ARC
  5
FE7
330
FE2
100
AcDbEntity
  8
0
370
13
100
AcDbCircle
 10
0.475
 20
0.0
 30
0.0
 40
0.975
100
AcDbArc
 50
91.4692835813538
 51
180.0
  0
LINE
  5
FE8
330
FE2
100
AcDbEntity
  8
0
100
AcDbLine
 10
0.5
 20
0.0
 30
0.0
 11
0.5
 21
0.9750000000000001
 31
0.0
  0
LINE
  5
FE9
330
FE2
100
AcDbEntity
  8
0
100
AcDbLine
 10
0.45
 20
0.0
 30
0.0
 11
0.45
 21
0.9750000000000001
 31
0.0
  0
ENDBLK
  5
FE4
330
FE2
100
AcDbEntity
  8
0
100
AcDbBlockEnd
  0
BLOCK
  5
FEB
330
FEA
100
AcDbEntity
  8
0
100
AcDbBlockBegin
  2
A$C48D17288
 70
0
 10
0.0
 20
0.0
 30
0.0
  3
A$C48D17288
  1

  0
LINE
  5
FED
330
FEA
100
AcDbEntity
  8
A-FLOR-SPCL
100
AcDbLine
 10
431.5299977043987
 20
542.589225056111
 30
0.0
 11
448.1502484988332
 21
542.589225056111
 31
0.0
  0
LINE
  5
FEE
330
FEA
100
AcDbEntity
  8
A-FLOR-SPCL
100
AcDbLine
 10
448.1502484988332
 20
542.589225056111
 30
0.0
 11
448.1502484988332
 21
607.2576345875668
 31
0.0
  0
LINE
  5
FEF
330
FEA
100
AcDbEntity
  8
A-FLOR-SPCL
100
AcDbLine
 10
448.1502484988332
 20
607.2576345875668
 30
0.0
 11
431.5299977043987
 21
607.2576345875668
 31
0.0
  0
LINE
  5
FF0
330
FEA
100
AcDbEntity
  8
A-FLOR-SPCL
100
AcDbLine
 10
431.5299977043987
 20
607.2576345875668
 30
0.0
 11
431.5299977043987
 21
542.589225056111
 31
0.0
  0
POLYLINE
  5
FF1
330
FEA
100
AcDbEntity
  8
A-FLOR-SPCL
100
AcDb2dPolyline
 66
1
 10
0.0
 20
0.0
 30
0.0
 70
0
  0
VERTEX
  5
FF2
330
FF1
100
AcDbEntity
  8
A-FLOR-SPCL
100
AcDbVertex
100
AcDb2dVertex
 10
442.8710841777984
 20
607.2576345875668
 30
0.0
 42
0.0087359414318704
 70
0
  0
VERTEX
  5
FF3
330
FF1
100
AcDbEntity
  8
A-FLOR-SPCL
100
AcDbVertex
100
AcDb2dVertex
 10
442.1032165955776
 20
610.4653812520801
 30
0.0
 42
0.0762761895456294
 70
2
 50
104.4631320217517
  0
VERTEX
  5
FF4
330
FF1
100
AcDbEntity
  8
A-FLOR-SPCL
100
AcDbVertex
100
AcDb2dVertex
 10
437.1688340586998
 20
621.9854611419532
 30
0.0
 42
0.2590339714204861
 70
0
 50
14.4631320217518
  0
VERTEX
  5
FF5
330
FF1
100
AcDbEntity
  8
A-FLOR-SPCL
100
AcDbVertex
100
AcDb2dVertex
 10
433.7460311436562
 20
623.8862455783483
 30
0.0
 42
0.2590339714206403
 70
0
  0
SEQEND
  5
FF6
330
FF1
100
AcDbEntity
  8
A-FLOR-SPCL
  0
POLYLINE
  5
FF7
330
FEA
100
AcDbEntity
  8
A-FLOR-SPCL
100
AcDb2dPolyline
 66
1
 10
0.0
 20
0.0
 30
0.0
 70
0
  0
VERTEX
  5
FF8
330
FF7
100
AcDbEntity
  8
A-FLOR-SPCL
100
AcDbVertex
100
AcDb2dVertex
 10
433.7460311436562
 20
623.8862455783483
 30
0.0
 42
0.2590339714206403
 70
0
  0
VERTEX
  5
FF9
330
FF7
100
AcDbEntity
  8
A-FLOR-SPCL
100
AcDbVertex
100
AcDb2dVertex
 10
430.3232282286108
 20
621.9854611419532
 30
0.0
 42
0.0762761895455676
 70
0
  0
VERTEX
  5
FFA
330
FF7
100
AcDbEntity
  8
A-FLOR-SPCL
100
AcDbVertex
100
AcDb2dVertex
 10
425.3888456917348
 20
610.4653812520801
 30
0.0
 42
0.0365148199121137
 70
2
 50
255.5368679782481
  0
VERTEX
  5
FFB
330
FF7
100
AcDbEntity
  8
A-FLOR-SPCL
100
AcDbVertex
100
AcDb2dVertex
 10
422.9314181625641
 20
596.9170907867183
 30
0.0
 42
0.026614996038891
 70
0
 50
165.5368679782482
  0
VERTEX
  5
FFC
330
FF7
100
AcDbEntity
  8
A-FLOR-SPCL
100
AcDbVertex
100
AcDb2dVertex
 10
421.9271861342795
 20
578.0645485768282
 30
0.0
 42
0.026614996038891
 70
0
  0
VERTEX
  5
FFD
330
FF7
100
AcDbEntity
  8
A-FLOR-SPCL
100
AcDbVertex
100
AcDb2dVertex
 10
422.9314181625641
 20
559.2120063669381
 30
0.0
 42
0.0365148199121137
 70
0
  0
VERTEX
  5
FFE
330
FF7
100
AcDbEntity
  8
A-FLOR-SPCL
100
AcDbVertex
100
AcDb2dVertex
 10
425.3888456917348
 20
545.6637159015909
 30
0.0
 42
0.0762761895455752
 70
2
 50
284.4631320217518
  0
VERTEX
  5
FFF
330
FF7
100
AcDbEntity
  8
A-FLOR-SPCL
100
AcDbVertex
100
AcDb2dVertex
 10
430.3232282286126
 20
534.1436360117177
 30
0.0
 42
0.2590339714203898
 70
0
 50
194.4631320217518
  0
VERTEX
  5
1000
330
FF7
100
AcDbEntity
  8
A-FLOR-SPCL
100
AcDbVertex
100
AcDb2dVertex
 10
433.7460311436562
 20
532.2428515753227
 30
0.0
 42
0.2590339714202164
 70
0
  0
VERTEX
  5
1001
330
FF7
100
AcDbEntity
  8
A-FLOR-SPCL
100
AcDbVertex
100
AcDb2dVertex
 10
437.1688340586998
 20
534.1436360117177
 30
0.0
 42
0.056762457430155
 70
0
  0
VERTEX
  5
1002
330
FF7
100
AcDbEntity
  8
A-FLOR-SPCL
100
AcDbVertex
100
AcDb2dVertex
 10
441.1814497083478
 20
542.589225056111
 30
0.0
 42
0.0365148199120382
 70
2
 50
75.53686797824821
  0
SEQEND
  5
1003
330
FF7
100
AcDbEntity
  8
A-FLOR-SPCL
  0
LINE
  5
1004
330
FEA
100
AcDbEntity
  8
A-FLOR-SPCL
100
AcDbLine
 10
423.2301846792789
 20
623.8862455783483
 30
0.0
 11
433.7460311436562
 21
623.8862455783483
 31
0.0
  0
POLYLINE
  5
1005
330
FEA
100
AcDbEntity
  8
A-FLOR-SPCL
100
AcDb2dPolyline
 66
1
 10
0.0
 20
0.0
 30
0.0
 70
0
  0
VERTEX
  5
1006
330
1005
100
AcDbEntity
  8
A-FLOR-SPCL
100
AcDbVertex
100
AcDb2dVertex
 10
423.2301846792789
 20
623.8862455783483
 30
0.0
 42
0.2590339714206403
 70
0
  0
VERTEX
  5
1007
330
1005
100
AcDbEntity
  8
A-FLOR-SPCL
100
AcDbVertex
100
AcDb2dVertex
 10
419.8073817642335
 20
621.9854611419532
 30
0.0
 42
0.0762761895455676
 70
0
  0
VERTEX
  5
1008
330
1005
100
AcDbEntity
  8
A-FLOR-SPCL
100
AcDbVertex
100
AcDb2dVertex
 10
414.8729992273575
 20
610.4653812520801
 30
0.0
 42
0.0365148199121137
 70
2
 50
255.5368679782481
  0
VERTEX
  5
1009
330
1005
100
AcDbEntity
  8
A-FLOR-SPCL
100
AcDbVertex
100
AcDb2dVertex
 10
412.4155716981868
 20
596.9170907867183
 30
0.0
 42
0.026614996038891
 70
0
 50
165.5368679782482
  0
VERTEX
  5
100A
330
1005
100
AcDbEntity
  8
A-FLOR-SPCL
100
AcDbVertex
100
AcDb2dVertex
 10
411.4113396699022
 20
578.0645485768282
 30
0.0
 42
0.026614996038891
 70
0
  0
VERTEX
  5
100B
330
1005
100
AcDbEntity
  8
A-FLOR-SPCL
100
AcDbVertex
100
AcDb2dVertex
 10
412.4155716981868
 20
559.2120063669381
 30
0.0
 42
0.0365148199121137
 70
0
  0
VERTEX
  5
100C
330
1005
100
AcDbEntity
  8
A-FLOR-SPCL
100
AcDbVertex
100
AcDb2dVertex
 10
414.8729992273575
 20
545.6637159015909
 30
0.0
 42
0.0762761895455752
 70
2
 50
284.4631320217518
  0
VERTEX
  5
100D
330
1005
100
AcDbEntity
  8
A-FLOR-SPCL
100
AcDbVertex
100
AcDb2dVertex
 10
419.8073817642353
 20
534.1436360117177
 30
0.0
 42
0.2590339714203898
 70
0
 50
194.4631320217518
  0
VERTEX
  5
100E
330
1005
100
AcDbEntity
  8
A-FLOR-SPCL
100
AcDbVertex
100
AcDb2dVertex
 10
423.2301846792789
 20
532.2428515753227
 30
0.0
 42
0.0784621676306809
 70
0
  0
VERTEX
  5
100F
330
1005
100
AcDbEntity
  8
A-FLOR-SPCL
100
AcDbVertex
100
AcDb2dVertex
 10
424.4725404925657
 20
532.4390150791687
 30
0.0
 42
0.056762457430155
 70
0
  0
SEQEND
  5
1010
330
1005
100
AcDbEntity
  8
A-FLOR-SPCL
  0
LINE
  5
1011
330
FEA
100
AcDbEntity
  8
A-FLOR-SPCL
100
AcDbLine
 10
422.0538809914751
 20
532.1243907473645
 30
0.0
 11
433.764868215455
 21
532.2428955761234
 31
0.0
  0
LINE
  5
1012
330
FEA
100
AcDbEntity
  8
A-FLOR-SPCL
100
AcDbLine
 10
422.0538809914751
 20
59.12722769079392
 30
0.0
 11
433.764868215455
 21
59.2457325195528
 31
0.0
  0
POLYLINE
  5
1013
330
FEA
100
AcDbEntity
  8
A-FLOR-SPCL
100
AcDb2dPolyline
 66
1
 10
0.0
 20
0.0
 30
0.0
 70
0
  0
VERTEX
  5
1014
330
1013
100
AcDbEntity
  8
A-FLOR-SPCL
100
AcDbVertex
100
AcDb2dVertex
 10
423.2301846792789
 20
150.8890825217632
 30
0.0
 42
0.2590339714206403
 70
0
  0
VERTEX
  5
1015
330
1013
100
AcDbEntity
  8
A-FLOR-SPCL
100
AcDbVertex
100
AcDb2dVertex
 10
419.8073817642335
 20
148.9882980853681
 30
0.0
 42
0.0762761895455676
 70
0
  0
VERTEX
  5
1016
330
1013
100
AcDbEntity
  8
A-FLOR-SPCL
100
AcDbVertex
100
AcDb2dVertex
 10
414.8729992273575
 20
137.468218195495
 30
0.0
 42
0.0365148199121137
 70
2
 50
255.5368679782481
  0
VERTEX
  5
1017
330
1013
100
AcDbEntity
  8
A-FLOR-SPCL
100
AcDbVertex
100
AcDb2dVertex
 10
412.4155716981868
 20
123.9199277301477
 30
0.0
 42
0.026614996038891
 70
0
 50
165.5368679782482
  0
VERTEX
  5
1018
330
1013
100
AcDbEntity
  8
A-FLOR-SPCL
100
AcDbVertex
100
AcDb2dVertex
 10
411.4113396699022
 20
105.0673855202576
 30
0.0
 42
0.026614996038891
 70
0
  0
VERTEX
  5
1019
330
1013
100
AcDbEntity
  8
A-FLOR-SPCL
100
AcDbVertex
100
AcDb2dVertex
 10
412.4155716981868
 20
86.21484331036754
 30
0.0
 42
0.0365148199121137
 70
0
  0
VERTEX
  5
101A
330
1013
100
AcDbEntity
  8
A-FLOR-SPCL
100
AcDbVertex
100
AcDb2dVertex
 10
414.8729992273575
 20
72.66655284500575
 30
0.0
 42
0.0762761895455752
 70
2
 50
284.4631320217518
  0
VERTEX
  5
101B
330
1013
100
AcDbEntity
  8
A-FLOR-SPCL
100
AcDbVertex
100
AcDb2dVertex
 10
419.8073817642353
 20
61.14647295513259
 30
0.0
 42
0.2590339714203898
 70
0
 50
194.4631320217518
  0
VERTEX
  5
101C
330
1013
100
AcDbEntity
  8
A-FLOR-SPCL
100
AcDbVertex
100
AcDb2dVertex
 10
423.2301846792789
 20
59.2456885187521
 30
0.0
 42
0.0784621676306809
 70
0
  0
VERTEX
  5
101D
330
1013
100
AcDbEntity
  8
A-FLOR-SPCL
100
AcDbVertex
100
AcDb2dVertex
 10
424.4725404925657
 20
59.44185202258359
 30
0.0
 42
0.056762457430155
 70
0
  0
SEQEND
  5
101E
330
1013
100
AcDbEntity
  8
A-FLOR-SPCL
  0
LINE
  5
101F
330
FEA
100
AcDbEntity
  8
A-FLOR-SPCL
100
AcDbLine
 10
423.2301846792789
 20
150.8890825217632
 30
0.0
 11
433.7460311436562
 21
150.8890825217632
 31
0.0
  0
POLYLINE
  5
1020
330
FEA
100
AcDbEntity
  8
A-FLOR-SPCL
100
AcDb2dPolyline
 66
1
 10
0.0
 20
0.0
 30
0.0
 70
0
  0
VERTEX
  5
1021
330
1020
100
AcDbEntity
  8
A-FLOR-SPCL
100
AcDbVertex
100
AcDb2dVertex
 10
433.7460311436562
 20
150.8890825217632
 30
0.0
 42
0.2590339714206403
 70
0
  0
VERTEX
  5
1022
330
1020
100
AcDbEntity
  8
A-FLOR-SPCL
100
AcDbVertex
100
AcDb2dVertex
 10
430.3232282286108
 20
148.9882980853681
 30
0.0
 42
0.0762761895455676
 70
0
  0
VERTEX
  5
1023
330
1020
100
AcDbEntity
  8
A-FLOR-SPCL
100
AcDbVertex
100
AcDb2dVertex
 10
425.3888456917348
 20
137.468218195495
 30
0.0
 42
0.0365148199121137
 70
2
 50
255.5368679782481
  0
VERTEX
  5
1024
330
1020
100
AcDbEntity
  8
A-FLOR-SPCL
100
AcDbVertex
100
AcDb2dVertex
 10
422.9314181625641
 20
123.9199277301477
 30
0.0
 42
0.026614996038891
 70
0
 50
165.5368679782482
  0
VERTEX
  5
1025
330
1020
100
AcDbEntity
  8
A-FLOR-SPCL
100
AcDbVertex
100
AcDb2dVertex
 10
421.9271861342795
 20
105.0673855202576
 30
0.0
 42
0.026614996038891
 70
0
  0
VERTEX
  5
1026
330
1020
100
AcDbEntity
  8
A-FLOR-SPCL
100
AcDbVertex
100
AcDb2dVertex
 10
422.9314181625641
 20
86.21484331036754
 30
0.0
 42
0.0365148199121137
 70
0
  0
VERTEX
  5
1027
330
1020
100
AcDbEntity
  8
A-FLOR-SPCL
100
AcDbVertex
100
AcDb2dVertex
 10
425.3888456917348
 20
72.66655284500575
 30
0.0
 42
0.0762761895455752
 70
2
 50
284.4631320217518
  0
VERTEX
  5
1028
330
1020
100
AcDbEntity
  8
A-FLOR-SPCL
100
AcDbVertex
100
AcDb2dVertex
 10
430.3232282286126
 20
61.14647295513259
 30
0.0
 42
0.2590339714203898
 70
0
 50
194.4631320217518
  0
VERTEX
  5
1029
330
1020
100
AcDbEntity
  8
A-FLOR-SPCL
100
AcDbVertex
100
AcDb2dVertex
 10
433.7460311436562
 20
59.2456885187521
 30
0.0
 42
0.2590339714202164
 70
0
  0
VERTEX
  5
102A
330
1020
100
AcDbEntity
  8
A-FLOR-SPCL
100
AcDbVertex
100
AcDb2dVertex
 10
437.1688340586998
 20
61.14647295513259
 30
0.0
 42
0.056762457430155
 70
0
  0
VERTEX
  5
102B
330
1020
100
AcDbEntity
  8
A-FLOR-SPCL
100
AcDbVertex
100
AcDb2dVertex
 10
441.1814497083478
 20
69.59206199954042
 30
0.0
 42
0.0365148199120382
 70
2
 50
75.53686797824821
  0
SEQEND
  5
102C
330
1020
100
AcDbEntity
  8
A-FLOR-SPCL
  0
POLYLINE
  5
102D
330
FEA
100
AcDbEntity
  8
A-FLOR-SPCL
100
AcDb2dPolyline
 66
1
 10
0.0
 20
0.0
 30
0.0
 70
0
  0
VERTEX
  5
102E
330
102D
100
AcDbEntity
  8
A-FLOR-SPCL
100
AcDbVertex
100
AcDb2dVertex
 10
442.8710841777984
 20
134.2604715309963
 30
0.0
 42
0.0087359414318704
 70
0
  0
VERTEX
  5
102F
330
102D
100
AcDbEntity
  8
A-FLOR-SPCL
100
AcDbVertex
100
AcDb2dVertex
 10
442.1032165955776
 20
137.468218195495
 30
0.0
 42
0.0762761895456294
 70
2
 50
104.4631320217517
  0
VERTEX
  5
1030
330
102D
100
AcDbEntity
  8
A-FLOR-SPCL
100
AcDbVertex
100
AcDb2dVertex
 10
437.1688340586998
 20
148.9882980853681
 30
0.0
 42
0.2590339714204861
 70
0
 50
14.4631320217518
  0
VERTEX
  5
1031
330
102D
100
AcDbEntity
  8
A-FLOR-SPCL
100
AcDbVertex
100
AcDb2dVertex
 10
433.7460311436562
 20
150.8890825217632
 30
0.0
 42
0.2590339714206403
 70
0
  0
SEQEND
  5
1032
330
102D
100
AcDbEntity
  8
A-FLOR-SPCL
  0
LINE
  5
1033
330
FEA
100
AcDbEntity
  8
A-FLOR-SPCL
100
AcDbLine
 10
431.5299977043987
 20
134.2604715309963
 30
0.0
 11
431.5299977043987
 21
69.59206199954042
 31
0.0
  0
LINE
  5
1034
330
FEA
100
AcDbEntity
  8
A-FLOR-SPCL
100
AcDbLine
 10
448.1502484988332
 20
134.2604715309963
 30
0.0
 11
431.5299977043987
 21
134.2604715309963
 31
0.0
  0
LINE
  5
1035
330
FEA
100
AcDbEntity
  8
A-FLOR-SPCL
100
AcDbLine
 10
448.1502484988332
 20
69.59206199954042
 30
0.0
 11
448.1502484988332
 21
134.2604715309963
 31
0.0
  0
LINE
  5
1036
330
FEA
100
AcDbEntity
  8
A-FLOR-SPCL
100
AcDbLine
 10
431.5299977043987
 20
69.59206199954042
 30
0.0
 11
448.1502484988332
 21
69.59206199954042
 31
0.0
  0
ARC
  5
1037
330
FEA
100
AcDbEntity
  8
A-FLOR-SPCL
100
AcDbCircle
 10
258.545467496996
 20
191.5748226271198
 30
0.0
 40
82.4964981043704
100
AcDbArc
 50
90.96397790076409
 51
90.0
  0
LINE
  5
1038
330
FEA
100
AcDbEntity
  8
A-FLOR-SPCL
100
AcDbLine
 10
113.091746613346
 20
26.52785658482298
 30
0.0
 11
455.5370266296932
 21
26.52785658482298
 31
0.0
  0
LINE
  5
1039
330
FEA
100
AcDbEntity
  8
A-FLOR-SPCL
100
AcDbLine
 10
455.5370266296932
 20
26.52785658482298
 30
0.0
 11
455.5370266296914
 21
649.3016944416113
 31
0.0
  0
LINE
  5
103A
330
FEA
100
AcDbEntity
  8
A-FLOR-SPCL
100
AcDbLine
 10
455.5370266296914
 20
649.3016944416113
 30
0.0
 11
113.091746613346
 21
649.3016944416113
 31
0.0
  0
LINE
  5
103B
330
FEA
100
AcDbEntity
  8
A-FLOR-SPCL
100
AcDbLine
 10
113.091746613346
 20
649.3016944416113
 30
0.0
 11
113.091746613346
 21
26.52785658482298
 31
0.0
  0
LINE
  5
103C
330
FEA
100
AcDbEntity
  8
A-FLOR-SPCL
100
AcDbLine
 10
399.8415514454655
 20
26.52785658482298
 30
0.0
 11
399.8415514454655
 21
649.3016944416113
 31
0.0
  0
ARC
  5
103D
330
FEA
100
AcDbEntity
  8
A-FLOR-SPCL
100
AcDbCircle
 10
258.545467496996
 20
191.5748226271198
 30
0.0
 40
31.6309469674834
100
AcDbArc
 50
90.65318259742907
 51
90.0
  0
LINE
  5
103E
330
FEA
100
AcDbEntity
  8
A-FLOR-SPCL
100
AcDbLine
 10
3.97812336814e-05
 20
8.452580005e-07
 30
0.0
 11
3.97812336814e-05
 21
700.000000845258
 31
0.0
  0
LINE
  5
103F
330
FEA
100
AcDbEntity
  8
A-FLOR-SPCL
100
AcDbLine
 10
3.97812336814e-05
 20
700.000000845258
 30
0.0
 11
500.0000397812337
 21
700.000000845258
 31
0.0
  0
LINE
  5
1040
330
FEA
100
AcDbEntity
  8
A-FLOR-SPCL
100
AcDbLine
 10
500.0000397812337
 20
700.000000845258
 30
0.0
 11
500.0000397812337
 21
8.452580005e-07
 31
0.0
  0
LINE
  5
1041
330
FEA
100
AcDbEntity
  8
A-FLOR-SPCL
100
AcDbLine
 10
500.0000397812337
 20
8.452580005e-07
 30
0.0
 11
3.97812336814e-05
 21
8.452580005e-07
 31
0.0
  0
ARC
  5
1042
330
FEA
100
AcDbEntity
  8
A-FLOR-SPCL
100
AcDbCircle
 10
258.545467496996
 20
484.2547283993144
 30
0.0
 40
82.4964981043704
100
AcDbArc
 50
270.0
 51
269.0360220992359
  0
ARC
  5
1043
330
FEA
100
AcDbEntity
  8
A-FLOR-SPCL
100
AcDbCircle
 10
258.545467496996
 20
484.2547283993144
 30
0.0
 40
31.6309469674834
100
AcDbArc
 50
270.0
 51
269.3468174025709
  0
ENDBLK
  5
FEC
330
FEA
100
AcDbEntity
  8
0
100
AcDbBlockEnd
  0
BLOCK
  5
1045
330
1044
100
AcDbEntity
  8
0
100
AcDbBlockBegin
  2
A$C64C607FF
 70
0
 10
0.0
 20
0.0
 30
0.0
  3
A$C64C607FF
  1

  0
LINE
  5
1047
330
1044
100
AcDbEntity
  8
A-FLOR-SPCL
100
AcDbLine
 10
62.39999999997963
 20
237.1200000000063
 30
0.0
 11
188.4000000000015
 21
237.1200000000063
 31
0.0
1001
AcDbBlockRepETag
1070
1
1071
0
1005
44C
  0
LINE
  5
1048
330
1044
100
AcDbEntity
  8
A-FLOR-SPCL
100
AcDbLine
 10
0.0
 20
275.0
 30
0.0
 11
250.7999999999811
 21
275.0
 31
0.0
1001
AcDbBlockRepETag
1070
1
1071
1
1005
44D
  0
LINE
  5
1049
330
1044
100
AcDbEntity
  8
A-FLOR-SPCL
100
AcDbLine
 10
188.4000000000015
 20
237.1200000000063
 30
0.0
 11
213.3600000000151
 21
212.1599999999962
 31
0.0
1001
AcDbBlockRepETag
1070
1
1071
2
1005
44E
  0
LINE
  5
104A
330
1044
100
AcDbEntity
  8
A-FLOR-SPCL
100
AcDbLine
 10
200.879999999961
 20
124.8000000000065
 30
0.0
 11
250.7999999999811
 21
174.7199999999793
 31
0.0
1001
AcDbBlockRepETag
1070
1
1071
3
1005
44F
  0
LINE
  5
104B
330
1044
100
AcDbEntity
  8
A-FLOR-SPCL
100
AcDbLine
 10
163.4399999999878
 20
140.3081471999976
 30
0.0
 11
213.3600000000151
 21
190.2281472000177
 31
0.0
1001
AcDbBlockRepETag
1070
1
1071
4
1005
450
  0
LINE
  5
104C
330
1044
100
AcDbEntity
  8
A-FLOR-SPCL
100
AcDbLine
 10
213.3600000000151
 20
212.1599999999962
 30
0.0
 11
213.3600000000151
 21
190.2281472000177
 31
0.0
1001
AcDbBlockRepETag
1070
1
1071
5
1005
451
  0
LINE
  5
104D
330
1044
100
AcDbEntity
  8
A-FLOR-SPCL
100
AcDbLine
 10
250.7999999999811
 20
275.0
 30
0.0
 11
250.7999999999811
 21
174.7199999999793
 31
0.0
1001
AcDbBlockRepETag
1070
1
1071
6
1005
452
  0
LINE
  5
104E
330
1044
100
AcDbEntity
  8
A-FLOR-SPCL
100
AcDbLine
 10
37.43999999997322
 20
212.1599999999962
 30
0.0
 11
62.39999999997963
 21
237.1200000000063
 31
0.0
1001
AcDbBlockRepETag
1070
1
1071
7
1005
453
  0
ARC
  5
104F
330
1044
100
AcDbEntity
  8
A-FLOR-SPCL
100
AcDbCircle
 10
420.0141235200135
 20
409.6376544000159
 30
0.0
 40
224.5143014399999
100
AcDbArc
 50
221.0889930000563
 51
277.7989169999386
1001
AcDbBlockRepETag
1070
1
1071
8
1005
454
  0
LINE
  5
1050
330
1044
100
AcDbEntity
  8
A-FLOR-SPCL
100
AcDbLine
 10
250.7999999999811
 20
74.87999999998647
 30
0.0
 11
278.9083545600079
 21
74.87999999998647
 31
0.0
1001
AcDbBlockRepETag
1070
1
1071
9
1005
455
  0
LINE
  5
1051
330
1044
100
AcDbEntity
  8
A-FLOR-SPCL
100
AcDbLine
 10
250.7999999999811
 20
-74.87999999998283
 30
0.0
 11
278.9083545600079
 21
-74.87999999998283
 31
0.0
1001
AcDbBlockRepETag
1070
1
1071
10
1005
456
  0
LINE
  5
1052
330
1044
100
AcDbEntity
  8
A-FLOR-SPCL
100
AcDbLine
 10
250.7999999999811
 20
74.87999999998647
 30
0.0
 11
250.7999999999811
 21
-74.87999999998283
 31
0.0
1001
AcDbBlockRepETag
1070
1
1071
11
1005
457
  0
CIRCLE
  5
1053
330
1044
100
AcDbEntity
  8
A-FLOR-SPCL
100
AcDbCircle
 10
263.2799999999406
 20
-99.83999999999287
 30
0.0
 40
12.48
1001
AcDbBlockRepETag
1070
1
1071
12
1005
458
  0
LINE
  5
1054
330
1044
100
AcDbEntity
  8
A-FLOR-SPCL
100
AcDbLine
 10
62.39999999997963
 20
-237.1200000000026
 30
0.0
 11
188.4000000000015
 21
-237.1200000000026
 31
0.0
1001
AcDbBlockRepETag
1070
1
1071
13
1005
459
  0
LINE
  5
1055
330
1044
100
AcDbEntity
  8
A-FLOR-SPCL
100
AcDbLine
 10
0.0
 20
-275.0
 30
0.0
 11
250.7999999999811
 21
-275.0
 31
0.0
1001
AcDbBlockRepETag
1070
1
1071
14
1005
45A
  0
LINE
  5
1056
330
1044
100
AcDbEntity
  8
A-FLOR-SPCL
100
AcDbLine
 10
213.3600000000151
 20
-212.1599999999926
 30
0.0
 11
188.4000000000015
 21
-237.1200000000026
 31
0.0
1001
AcDbBlockRepETag
1070
1
1071
15
1005
45B
  0
LINE
  5
1057
330
1044
100
AcDbEntity
  8
A-FLOR-SPCL
100
AcDbLine
 10
163.4399999999878
 20
-140.3081471999903
 30
0.0
 11
213.3600000000151
 21
-190.2281472000104
 31
0.0
1001
AcDbBlockRepETag
1070
1
1071
16
1005
45C
  0
ARC
  5
1058
330
1044
100
AcDbEntity
  8
A-FLOR-SPCL
100
AcDbCircle
 10
263.2799999999406
 20
-162.2400000000198
 30
0.0
 40
12.48
100
AcDbArc
 50
0.0
 51
180.0
1001
AcDbBlockRepETag
1070
1
1071
17
1005
45D
  0
LINE
  5
1059
330
1044
100
AcDbEntity
  8
A-FLOR-SPCL
100
AcDbLine
 10
250.7999999999811
 20
-224.6399999999994
 30
0.0
 11
275.7599999999875
 21
-224.6399999999994
 31
0.0
1001
AcDbBlockRepETag
1070
1
1071
18
1005
45E
  0
LINE
  5
105A
330
1044
100
AcDbEntity
  8
A-FLOR-SPCL
100
AcDbLine
 10
213.3600000000151
 20
-212.1599999999926
 30
0.0
 11
213.3600000000151
 21
-190.2281472000104
 31
0.0
1001
AcDbBlockRepETag
1070
1
1071
19
1005
45F
  0
LINE
  5
105B
330
1044
100
AcDbEntity
  8
A-FLOR-SPCL
100
AcDbLine
 10
275.7599999999875
 20
-224.6399999999994
 30
0.0
 11
275.7599999999875
 21
-162.2400000000198
 31
0.0
1001
AcDbBlockRepETag
1070
1
1071
20
1005
460
  0
LINE
  5
105C
330
1044
100
AcDbEntity
  8
A-FLOR-SPCL
100
AcDbLine
 10
250.7999999999811
 20
-275.0
 30
0.0
 11
250.7999999999811
 21
-162.2400000000198
 31
0.0
1001
AcDbBlockRepETag
1070
1
1071
21
1005
461
  0
LINE
  5
105D
330
1044
100
AcDbEntity
  8
A-FLOR-SPCL
100
AcDbLine
 10
62.39999999997963
 20
-237.1200000000026
 30
0.0
 11
37.43999999997322
 21
-212.1599999999926
 31
0.0
1001
AcDbBlockRepETag
1070
1
1071
22
1005
462
  0
LINE
  5
105E
330
1044
100
AcDbEntity
  8
A-FLOR-SPCL
100
AcDbLine
 10
200.879999999961
 20
-124.8000000000029
 30
0.0
 11
250.7999999999811
 21
-174.7199999999793
 31
0.0
1001
AcDbBlockRepETag
1070
1
1071
23
1005
463
  0
ARC
  5
105F
330
1044
100
AcDbEntity
  8
A-FLOR-SPCL
100
AcDbCircle
 10
450.4799999999668
 20
0.0
 30
0.0
 40
187.2
100
AcDbArc
 50
203.578178000016
 51
270.0
1001
AcDbBlockRepETag
1070
1
1071
24
1005
464
  0
ARC
  5
1060
330
1044
100
AcDbEntity
  8
A-FLOR-SPCL
100
AcDbCircle
 10
420.0141235200135
 20
-409.6376544000086
 30
0.0
 40
224.5143014399999
100
AcDbArc
 50
82.20108300006137
 51
138.9110069999437
1001
AcDbBlockRepETag
1070
1
1071
25
1005
465
  0
ARC
  5
1061
330
1044
100
AcDbEntity
  8
A-FLOR-SPCL
100
AcDbCircle
 10
450.4799999999668
 20
0.0
 30
0.0
 40
187.2
100
AcDbArc
 50
90.0
 51
156.421821999984
1001
AcDbBlockRepETag
1070
1
1071
26
1005
466
  0
CIRCLE
  5
1062
330
1044
100
AcDbEntity
  8
A-FLOR-SPCL
100
AcDbCircle
 10
263.2799999999406
 20
99.83999999999651
 30
0.0
 40
12.48
1001
AcDbBlockRepETag
1070
1
1071
27
1005
467
  0
LINE
  5
1063
330
1044
100
AcDbEntity
  8
A-FLOR-SPCL
100
AcDbLine
 10
200.879999999961
 20
-124.8000000000029
 30
0.0
 11
200.879999999961
 21
124.8000000000065
 31
0.0
1001
AcDbBlockRepETag
1070
1
1071
28
1005
468
  0
LINE
  5
1064
330
1044
100
AcDbEntity
  8
A-FLOR-SPCL
100
AcDbLine
 10
37.43999999997322
 20
-212.1599999999926
 30
0.0
 11
37.43999999997322
 21
212.1599999999962
 31
0.0
1001
AcDbBlockRepETag
1070
1
1071
29
1005
469
  0
LINE
  5
1065
330
1044
100
AcDbEntity
  8
A-FLOR-SPCL
100
AcDbLine
 10
163.4399999999878
 20
-140.3081471999903
 30
0.0
 11
163.4399999999878
 21
140.3081471999976
 31
0.0
1001
AcDbBlockRepETag
1070
1
1071
30
1005
46A
  0
LINE
  5
1066
330
1044
100
AcDbEntity
  8
A-FLOR-SPCL
100
AcDbLine
 10
0.0
 20
-275.0
 30
0.0
 11
0.0
 21
275.0
 31
0.0
1001
AcDbBlockRepETag
1070
1
1071
31
1005
46B
  0
LWPOLYLINE
  5
1067
330
1044
100
AcDbEntity
  8
A-FLOR-SPCL
100
AcDbPolyline
 90
9
 70
0
 10
450.4799999999668
 20
-187.1999999999825
 42
0.063415
 10
570.1738579199591
 20
-171.9578515199828
 42
0.076468
 10
662.272613759982
 20
-132.3703929600015
 42
0.107136
 10
729.980707199953
 20
-66.44514240001445
 42
0.147373
 10
750.0
 20
0.0
 42
0.147373
 10
729.980707199953
 20
66.44514240001809
 42
0.107136
 10
662.272613759982
 20
132.3703929600015
 42
0.076468
 10
570.1738579199591
 20
171.9578515199828
 42
0.063415
 10
450.4799999999741
 20
187.1999999999862
 42
0.063415
1001
AcDbBlockRepETag
1070
1
1071
32
1005
46C
  0
ENDBLK
  5
1046
330
1044
100
AcDbEntity
  8
0
100
AcDbBlockEnd
  0
BLOCK
  5
1069
330
1068
100
AcDbEntity
  8
0
100
AcDbBlockBegin
  2
A$C6DED0C2E
 70
0
 10
0.0
 20
0.0
 30
0.0
  3
A$C6DED0C2E
  1

  0
LINE
  5
106B
330
1068
100
AcDbEntity
  8
0
370
13
100
AcDbLine
 10
0.0
 20
522.1645123898234
 30
0.0
 11
-599.9999999999999
 21
522.1645123898234
 31
0.0
1001
AcDbBlockRepETag
1070
1
1071
0
1005
19C
  0
LINE
  5
106C
330
1068
100
AcDbEntity
  8
0
100
AcDbLine
 10
-16.67902149756264
 20
599.9999460444633
 30
0.0
 11
-583.32097850243
 21
599.9999460444633
 31
0.0
1001
AcDbBlockRepETag
1070
1
1071
1
1005
19E
  0
LINE
  5
106D
330
1068
100
AcDbEntity
  8
0
100
AcDbLine
 10
0.0
 20
511.0451647250484
 30
0.0
 11
-599.9999999999999
 21
511.0451647250484
 31
0.0
1001
AcDbBlockRepETag
1070
1
1071
2
1005
19F
  0
LINE
  5
106E
330
1068
100
AcDbEntity
  8
0
100
AcDbLine
 10
-599.9999999999999
 20
-5.39555367141e-05
 30
0.0
 11
0.0
 21
-5.39555367141e-05
 31
0.0
1001
AcDbBlockRepETag
1070
1
1071
3
1005
1A0
  0
LINE
  5
106F
330
1068
100
AcDbEntity
  8
0
100
AcDbLine
 10
-599.9999999999999
 20
583.3209245470971
 30
0.0
 11
-599.9999999999999
 21
-5.39555367141e-05
 31
0.0
1001
AcDbBlockRepETag
1070
1
1071
4
1005
1A1
  0
ARC
  5
1070
330
1068
100
AcDbEntity
  8
0
100
AcDbCircle
 10
-583.32097850243
 20
583.3209245470971
 30
0.0
 40
16.67902149740548
100
AcDbArc
 50
90.0
 51
180.0
1001
AcDbBlockRepETag
1070
1
1071
5
1005
1A2
  0
LINE
  5
1071
330
1068
100
AcDbEntity
  8
0
100
AcDbLine
 10
-560.4913416704802
 20
599.9999460444633
 30
0.0
 11
-560.4913416704802
 21
622.2386413744134
 31
0.0
1001
AcDbBlockRepETag
1070
1
1071
6
1005
1A3
  0
LINE
  5
1072
330
1068
100
AcDbEntity
  8
0
100
AcDbLine
 10
-504.8946033457977
 20
622.2386413744134
 30
0.0
 11
-504.8946033457977
 21
599.9999460444633
 31
0.0
1001
AcDbBlockRepETag
1070
1
1071
7
1005
1A4
  0
LINE
  5
1073
330
1068
100
AcDbEntity
  8
0
100
AcDbLine
 10
-560.4913416704802
 20
622.2386413744134
 30
0.0
 11
-504.8946033457977
 21
622.2386413744134
 31
0.0
1001
AcDbBlockRepETag
1070
1
1071
8
1005
1A5
  0
LINE
  5
1074
330
1068
100
AcDbEntity
  8
0
100
AcDbLine
 10
0.0
 20
-5.39555367141e-05
 30
0.0
 11
0.0
 21
583.3209245470971
 31
0.0
1001
AcDbBlockRepETag
1070
1
1071
9
1005
1A6
  0
ARC
  5
1075
330
1068
100
AcDbEntity
  8
0
100
AcDbCircle
 10
-16.67902149756264
 20
583.3209245470971
 30
0.0
 40
16.67902149740548
100
AcDbArc
 50
7e-15
 51
90.0
1001
AcDbBlockRepETag
1070
1
1071
10
1005
1A7
  0
ENDBLK
  5
106A
330
1068
100
AcDbEntity
  8
0
100
AcDbBlockEnd
  0
BLOCK
  5
1077
330
1076
100
AcDbEntity
  8
0
100
AcDbBlockBegin
  2
A$C2E946E6E
 70
0
 10
0.0
 20
0.0
 30
0.0
  3
A$C2E946E6E
  1

  0
LWPOLYLINE
  5
1079
330
1076
100
AcDbEntity
  8
A-FLOR-SPCL
100
AcDbPolyline
 90
6
 70
0
 10
144.6659197755616
 20
662.2702440595567
 10
605.1283557516615
 20
662.2702440595531
 42
-0.414213562373095
 10
645.1283557516615
 20
622.2702440595531
 10
645.1283557516615
 20
77.72975594044686
 42
-0.414213562373095
 10
605.1283557516615
 20
37.72975594044686
 10
144.6659197755616
 20
37.72975594044692
1001
AcDbBlockRepETag
1070
1
1071
0
1005
67B
  0
LWPOLYLINE
  5
107A
330
1076
100
AcDbEntity
  8
A-FLOR-SPCL
100
AcDbPolyline
 90
6
 70
1
 10
699.9999999999961
 20
650.0
 10
700.0000000000034
 20
49.99999999999994
 42
-0.414213562373095
 10
650.0000000000034
 20
-5.68e-14
 10
0.0
 20
0.0
 10
0.0
 20
700.0
 10
650.0000000000034
 20
700.0
 42
-0.414213562373095
1001
AcDbBlockRepETag
1070
1
1071
1
1005
67C
  0
LINE
  5
107B
330
1076
100
AcDbEntity
  8
A-FLOR-SPCL
100
AcDbLine
 10
144.6659197755616
 20
0.0
 30
0.0
 11
144.6659197755616
 21
700.0
 31
0.0
1001
AcDbBlockRepETag
1070
1
1071
2
1005
67D
  0
LWPOLYLINE
  5
107C
330
1076
100
AcDbEntity
  8
A-FLOR-SPCL
100
AcDbPolyline
 90
4
 70
1
 10
109.8034200168186
 20
635.8780295278848
 10
109.8034200168186
 20
664.2039545124571
 10
80.08098798927676
 20
664.2039545124571
 10
80.08098798927676
 20
635.8780295278848
1001
AcDbBlockRepETag
1070
1
1071
3
1005
67E
  0
CIRCLE
  5
107D
330
1076
100
AcDbEntity
  8
A-FLOR-SPCL
100
AcDbCircle
 10
25.47641460187879
 20
350.0
 30
0.0
 40
16.03030064122868
1001
AcDbBlockRepETag
1070
1
1071
4
1005
67F
  0
LWPOLYLINE
  5
107E
330
1076
100
AcDbEntity
  8
A-FLOR-SPCL
100
AcDbPolyline
 90
4
 70
1
 10
71.58882026028004
 20
678.3669517711533
 10
71.58882026028004
 20
506.9948796328244
 10
119.7109121235189
 20
506.9948796328244
 10
119.7109121235189
 20
678.3669517711533
1001
AcDbBlockRepETag
1070
1
1071
5
1005
680
  0
LWPOLYLINE
  5
107F
330
1076
100
AcDbEntity
  8
A-FLOR-SPCL
100
AcDbPolyline
 90
4
 70
1
 10
85.77758666829322
 20
518.0332813934365
 10
85.77758666829322
 20
531.6797890030721
 10
98.50580599754903
 20
531.6797890030721
 10
98.50580599754903
 20
518.0332813934365
1001
AcDbBlockRepETag
1070
1
1071
6
1005
681
  0
LWPOLYLINE
  5
1080
330
1076
100
AcDbEntity
  8
A-FLOR-SPCL
100
AcDbPolyline
 90
4
 70
1
 10
85.77758666829322
 20
543.5066927319422
 10
85.77758666829322
 20
557.1532003415778
 10
98.50580599754903
 20
557.1532003415778
 10
98.50580599754903
 20
543.5066927319422
1001
AcDbBlockRepETag
1070
1
1071
7
1005
682
  0
LWPOLYLINE
  5
1081
330
1076
100
AcDbEntity
  8
A-FLOR-SPCL
100
AcDbPolyline
 90
4
 70
1
 10
85.77758666829322
 20
568.0704064292804
 10
85.77758666829322
 20
581.716914038916
 10
98.50580599754903
 20
581.716914038916
 10
98.50580599754903
 20
568.0704064292804
1001
AcDbBlockRepETag
1070
1
1071
8
1005
683
  0
LWPOLYLINE
  5
1082
330
1076
100
AcDbEntity
  8
A-FLOR-SPCL
100
AcDbPolyline
 90
4
 70
1
 10
85.77758666829322
 20
594.4535849417734
 10
85.77758666829322
 20
608.100092551409
 10
98.50580599754903
 20
608.100092551409
 10
98.50580599754903
 20
594.4535849417734
1001
AcDbBlockRepETag
1070
1
1071
9
1005
684
  0
LWPOLYLINE
  5
1083
330
1076
100
AcDbEntity
  8
A-FLOR-SPCL
100
AcDbPolyline
 90
5
 70
0
 10
645.1283557516615
 20
278.960214159495
 10
617.5493734521694
 20
278.960214159495
 10
617.5493734521694
 20
349.9999999999999
 10
617.5493734521694
 20
421.0397858405049
 10
645.1283557516615
 20
421.0397858405049
1001
AcDbBlockRepETag
1070
1
1071
10
1005
685
  0
ENDBLK
  5
1078
330
1076
100
AcDbEntity
  8
0
100
AcDbBlockEnd
  0
BLOCK
  5
1085
330
1084
100
AcDbEntity
  8
0
100
AcDbBlockBegin
  2
$DorLib2D$00000114
 70
0
 10
0.0
 20
0.0
 30
0.0
  3
$DorLib2D$00000114
  1

  0
ARC
  5
1087
330
1084
100
AcDbEntity
  8
0
 62
0
100
AcDbCircle
 10
0.5000000000013856
 20
-1.1546e-12
 30
0.0
 40
1.000000000001696
100
AcDbArc
 50
135.0
 51
180.0
  0
LINE
  5
1088
330
1084
100
AcDbEntity
  8
0
 62
0
100
AcDbLine
 10
0.4999999999999964
 20
3.6e-15
 30
0.0
 11
-0.2071067811864751
 21
0.7071067811864857
 31
0.0
  0
ENDBLK
  5
1086
330
1084
100
AcDbEntity
  8
0
100
AcDbBlockEnd
  0
BLOCK
  5
108A
330
1089
100
AcDbEntity
  8
0
100
AcDbBlockBegin
  2
$DorLib2D$00000226
 70
0
 10
0.0
 20
0.0
 30
0.0
  3
$DorLib2D$00000226
  1

  0
LWPOLYLINE
  5
108C
330
1089
100
AcDbEntity
  8
0
 62
0
100
AcDbPolyline
 90
2
 70
0
 43
0.0181818181818182
 10
-0.4916666666666654
 20
-3.6e-15
 10
-0.4916666666666654
 20
0.2531996117450426
  0
LWPOLYLINE
  5
108D
330
1089
100
AcDbEntity
  8
0
 62
0
100
AcDbPolyline
 90
2
 70
0
 43
0.0181818181818182
 10
0.4916666666666689
 20
-0.0014478852985498
 10
0.4916666666666689
 20
0.7525927840851665
  0
ARC
  5
108E
330
1089
100
AcDbEntity
  8
0
 62
0
100
AcDbCircle
 10
0.5046168020416903
 20
-0.0019208093580296
 30
0.0
 40
0.7546247204384273
100
AcDbArc
 50
90.98330270026116
 51
179.7237749158362
  0
ARC
  5
108F
330
1089
100
AcDbEntity
  8
0
 62
0
100
AcDbCircle
 10
-0.5007908120538449
 20
0.0025725639176528
 30
0.0
 40
0.2507930763234967
100
AcDbArc
 50
359.7898704778746
 51
87.9150524328882
  0
ENDBLK
  5
108B
330
1089
100
AcDbEntity
  8
0
100
AcDbBlockEnd
  0
BLOCK
  5
1091
330
1090
100
AcDbEntity
  8
0
100
AcDbBlockBegin
  2
$TCHSYS$WIN2D
 70
0
 10
0.0
 20
0.0
 30
0.0
  3
$TCHSYS$WIN2D
  1

  0
LINE
  5
1093
330
1090
100
AcDbEntity
  8
0
100
AcDbLine
 10
-0.5
 20
0.5
 30
0.0
 11
0.5
 21
0.5
 31
0.0
  0
LINE
  5
1094
330
1090
100
AcDbEntity
  8
0
100
AcDbLine
 10
-0.4999999999999999
 20
-0.5
 30
0.0
 11
0.5
 21
-0.5
 31
0.0
  0
LINE
  5
1095
330
1090
100
AcDbEntity
  8
0
100
AcDbLine
 10
0.5
 20
-0.1666666666666667
 30
0.0
 11
-0.5
 21
-0.1666666666666667
 31
0.0
  0
LINE
  5
1096
330
1090
100
AcDbEntity
  8
0
100
AcDbLine
 10
0.5
 20
0.1666666666666666
 30
0.0
 11
-0.5
 21
0.1666666666666666
 31
0.0
  0
ENDBLK
  5
1092
330
1090
100
AcDbEntity
  8
0
100
AcDbBlockEnd
  0
BLOCK
  5
1098
330
1097
100
AcDbEntity
  8
0
100
AcDbBlockBegin
  2
ktg
 70
0
 10
0.0
 20
0.0
 30
0.0
  3
ktg
  1

  0
LWPOLYLINE
  5
109A
330
1097
100
AcDbEntity
  8
A-FLOR-SPCL
  6
DASH
100
AcDbPolyline
 90
4
 70
1
 10
50.0
 20
0.0
 10
0.0
 20
0.0
 10
-2.30502337e-08
 20
280.0000006731134
 10
49.99999997694977
 20
280.0000006731134
  0
LINE
  5
109B
330
1097
100
AcDbEntity
  8
A-FLOR-SPCL
  6
DASH
100
AcDbLine
 10
-2.30502337e-08
 20
280.0000006731134
 30
0.0
 11
50.0
 21
0.0
 31
0.0
  0
LINE
  5
109C
330
1097
100
AcDbEntity
  8
A-FLOR-SPCL
  6
DASH
100
AcDbLine
 10
49.99999997694977
 20
280.0000006731134
 30
0.0
 11
0.0
 21
0.0
 31
0.0
  0
ENDBLK
  5
1099
330
1097
100
AcDbEntity
  8
0
100
AcDbBlockEnd
  0
BLOCK
  5
109E
330
109D
100
AcDbEntity
  8
0
100
AcDbBlockBegin
  2
A$C2DEF7CDB
 70
0
 10
0.0
 20
0.0
 30
0.0
  3
A$C2DEF7CDB
  1

  0
ARC
  5
10A0
330
109D
100
AcDbEntity
  8
A-FLOR-SPCL
100
AcDbCircle
 10
387.5599999999394
 20
512.5599968722609
 30
0.0
 40
37.44
100
AcDbArc
 50
0.0
 51
90.0
1001
AcDbBlockRepETag
1070
1
1071
0
1005
1DE
  0
LINE
  5
10A1
330
109D
100
AcDbEntity
  8
A-FLOR-SPCL
100
AcDbLine
 10
424.9999999999999
 20
37.43999687220685
 30
0.0
 11
424.9999999999999
 21
512.5599968722609
 31
0.0
1001
AcDbBlockRepETag
1070
1
1071
1
1005
1DF
  0
LINE
  5
10A2
330
109D
100
AcDbEntity
  8
A-FLOR-SPCL
100
AcDbLine
 10
387.5599999999394
 20
437.6799968722562
 30
0.0
 11
387.5599999999394
 21
174.7199968722052
 31
0.0
1001
AcDbBlockRepETag
1070
1
1071
2
1005
1E0
  0
LINE
  5
10A3
330
109D
100
AcDbEntity
  8
A-FLOR-SPCL
100
AcDbLine
 10
72.52800448000187
 20
198.335950792236
 30
0.0
 11
50.91199552005844
 21
210.8159507922173
 31
0.0
1001
AcDbBlockRepETag
1070
1
1071
3
1005
1E1
  0
ARC
  5
10A4
330
109D
100
AcDbEntity
  8
A-FLOR-SPCL
100
AcDbCircle
 10
-15.62849407992337
 20
90.71584391220722
 30
0.0
 40
24.96
100
AcDbArc
 50
140.5376779984769
 51
240.0000000000035
1001
AcDbBlockRepETag
1070
1
1071
4
1005
1E2
  0
LINE
  5
10A5
330
109D
100
AcDbEntity
  8
A-FLOR-SPCL
100
AcDbLine
 10
-10.69150591996743
 20
59.04414983224024
 30
0.0
 11
-28.10849407996295
 21
69.09985991223266
 31
0.0
1001
AcDbBlockRepETag
1070
1
1071
5
1005
1E3
  0
ARC
  5
10A6
330
109D
100
AcDbEntity
  8
A-FLOR-SPCL
100
AcDbCircle
 10
1.788494080072155
 20
80.6601338322148
 30
0.0
 40
24.96
100
AcDbArc
 50
240.0000000000035
 51
339.4623219994859
1001
AcDbBlockRepETag
1070
1
1071
6
1005
1E4
  0
LINE
  5
10A7
330
109D
100
AcDbEntity
  8
A-FLOR-SPCL
100
AcDbLine
 10
25.16208640002867
 20
71.903591752191
 30
0.0
 11
72.52800448000187
 21
198.335950792236
 31
0.0
1001
AcDbBlockRepETag
1070
1
1071
7
1005
1E5
  0
LINE
  5
10A8
330
109D
100
AcDbEntity
  8
A-FLOR-SPCL
100
AcDbLine
 10
50.91199552005844
 20
210.8159507922173
 30
0.0
 11
-34.89868735993525
 21
106.5796960721714
 31
0.0
1001
AcDbBlockRepETag
1070
1
1071
8
1005
1E6
  0
LINE
  5
10A9
330
109D
100
AcDbEntity
  8
A-FLOR-SPCL
100
AcDbLine
 10
312.6799999999929
 20
99.83999687217192
 30
0.0
 11
35.62801408005168
 21
99.83999687217192
 31
0.0
1001
AcDbBlockRepETag
1070
1
1071
9
1005
1E7
  0
LINE
  5
10AA
330
109D
100
AcDbEntity
  8
A-FLOR-SPCL
100
AcDbLine
 10
-38.11999999993725
 20
512.5599968722609
 30
0.0
 11
312.6799999999929
 21
512.5599968722609
 31
0.0
1001
AcDbBlockRepETag
1070
1
1071
10
1005
1E8
  0
ARC
  5
10AB
330
109D
100
AcDbEntity
  8
A-FLOR-SPCL
100
AcDbCircle
 10
312.6799999999929
 20
437.6799968722562
 30
0.0
 40
74.88000000000001
100
AcDbArc
 50
0.0
 51
90.0
1001
AcDbBlockRepETag
1070
1
1071
11
1005
1E9
  0
ARC
  5
10AC
330
109D
100
AcDbEntity
  8
A-FLOR-SPCL
100
AcDbCircle
 10
312.6799999999929
 20
174.7199968722052
 30
0.0
 40
74.88000000000001
100
AcDbArc
 50
270.0
 51
0.0
1001
AcDbBlockRepETag
1070
1
1071
12
1005
1EA
  0
ARC
  5
10AD
330
109D
100
AcDbEntity
  8
A-FLOR-SPCL
100
AcDbCircle
 10
-187.8800000000048
 20
62.3999968722278
 30
0.0
 40
24.96
100
AcDbArc
 50
0.0
 51
356.929591878917
1001
AcDbBlockRepETag
1070
1
1071
13
1005
1EB
  0
ARC
  5
10AE
330
109D
100
AcDbEntity
  8
A-FLOR-SPCL
100
AcDbCircle
 10
-237.7999999999303
 20
174.7199968722052
 30
0.0
 40
74.88000000000001
100
AcDbArc
 50
270.0
 51
0.0
1001
AcDbBlockRepETag
1070
1
1071
14
1005
1EC
  0
ARC
  5
10AF
330
109D
100
AcDbEntity
  8
A-FLOR-SPCL
100
AcDbCircle
 10
-312.6799999999931
 20
174.7199968722052
 30
0.0
 40
74.88000000000001
100
AcDbArc
 50
180.0
 51
270.0
1001
AcDbBlockRepETag
1070
1
1071
15
1005
1ED
  0
LINE
  5
10B0
330
109D
100
AcDbEntity
  8
A-FLOR-SPCL
100
AcDbLine
 10
-237.7999999999303
 20
99.83999687217192
 30
0.0
 11
-312.6799999999931
 21
99.83999687217192
 31
0.0
1001
AcDbBlockRepETag
1070
1
1071
16
1005
1EE
  0
ARC
  5
10B1
330
109D
100
AcDbEntity
  8
A-FLOR-SPCL
100
AcDbCircle
 10
-237.7999999999303
 20
437.6799968722562
 30
0.0
 40
74.88000000000001
100
AcDbArc
 50
0.0
 51
90.0
1001
AcDbBlockRepETag
1070
1
1071
17
1005
1EF
  0
ARC
  5
10B2
330
109D
100
AcDbEntity
  8
A-FLOR-SPCL
100
AcDbCircle
 10
-312.6799999999931
 20
437.6799968722562
 30
0.0
 40
74.88000000000001
100
AcDbArc
 50
90.0
 51
180.0
1001
AcDbBlockRepETag
1070
1
1071
18
1005
1F0
  0
LINE
  5
10B3
330
109D
100
AcDbEntity
  8
A-FLOR-SPCL
100
AcDbLine
 10
-312.6799999999931
 20
512.5599968722609
 30
0.0
 11
-237.7999999999303
 21
512.5599968722609
 31
0.0
1001
AcDbBlockRepETag
1070
1
1071
19
1005
1F1
  0
ARC
  5
10B4
330
109D
100
AcDbEntity
  8
A-FLOR-SPCL
100
AcDbCircle
 10
-269.0000000000001
 20
305.7599968722425
 30
0.0
 40
31.20000000000001
100
AcDbArc
 50
0.0
 51
358.8825413811157
1001
AcDbBlockRepETag
1070
1
1071
20
1005
1F2
  0
LINE
  5
10B5
330
109D
100
AcDbEntity
  8
A-FLOR-SPCL
100
AcDbLine
 10
-425.0000000000001
 20
512.5599968722609
 30
0.0
 11
-425.0000000000001
 21
37.43999687220685
 31
0.0
1001
AcDbBlockRepETag
1070
1
1071
21
1005
1F3
  0
LINE
  5
10B6
330
109D
100
AcDbEntity
  8
A-FLOR-SPCL
100
AcDbLine
 10
-387.5599999999396
 20
174.7199968722052
 30
0.0
 11
-387.5599999999396
 21
437.6799968722562
 31
0.0
1001
AcDbBlockRepETag
1070
1
1071
22
1005
1F4
  0
LINE
  5
10B7
330
109D
100
AcDbEntity
  8
A-FLOR-SPCL
100
AcDbLine
 10
-162.9199999999838
 20
437.6799968722562
 30
0.0
 11
-162.9199999999838
 21
174.7199968722052
 31
0.0
1001
AcDbBlockRepETag
1070
1
1071
23
1005
1F5
  0
LINE
  5
10B8
330
109D
100
AcDbEntity
  8
A-FLOR-SPCL
100
AcDbLine
 10
-112.9999999999419
 20
174.7199968722052
 30
0.0
 11
-112.9999999999419
 21
437.6799968722562
 31
0.0
1001
AcDbBlockRepETag
1070
1
1071
24
1005
1F6
  0
ARC
  5
10B9
330
109D
100
AcDbEntity
  8
A-FLOR-SPCL
100
AcDbCircle
 10
-387.5599999999396
 20
512.5599968722609
 30
0.0
 40
37.44
100
AcDbArc
 50
90.0
 51
180.0
1001
AcDbBlockRepETag
1070
1
1071
25
1005
1F7
  0
ARC
  5
10BA
330
109D
100
AcDbEntity
  8
A-FLOR-SPCL
100
AcDbCircle
 10
-387.5599999999396
 20
37.43999687220685
 30
0.0
 40
37.44
100
AcDbArc
 50
180.0
 51
270.0
1001
AcDbBlockRepETag
1070
1
1071
26
1005
1F8
  0
LINE
  5
10BB
330
109D
100
AcDbEntity
  8
A-FLOR-SPCL
100
AcDbLine
 10
387.5599999999394
 20
549.9999968722341
 30
0.0
 11
-387.5599999999396
 21
549.9999968722341
 31
0.0
1001
AcDbBlockRepETag
1070
1
1071
27
1005
1F9
  0
LINE
  5
10BC
330
109D
100
AcDbEntity
  8
A-FLOR-SPCL
100
AcDbLine
 10
-387.5599999999396
 20
-3.1277663766e-06
 30
0.0
 11
387.5599999999394
 21
-3.1277663766e-06
 31
0.0
1001
AcDbBlockRepETag
1070
1
1071
28
1005
1FA
  0
ARC
  5
10BD
330
109D
100
AcDbEntity
  8
A-FLOR-SPCL
100
AcDbCircle
 10
-38.11999999993725
 20
437.6799968722562
 30
0.0
 40
74.88000000000001
100
AcDbArc
 50
90.0
 51
180.0
1001
AcDbBlockRepETag
1070
1
1071
29
1005
1FB
  0
ARC
  5
10BE
330
109D
100
AcDbEntity
  8
A-FLOR-SPCL
100
AcDbCircle
 10
-38.11999999993725
 20
174.7199968722052
 30
0.0
 40
74.88000000000001
100
AcDbArc
 50
180.0
 51
270.0
1001
AcDbBlockRepETag
1070
1
1071
30
1005
1FC
  0
ARC
  5
10BF
330
109D
100
AcDbEntity
  8
A-FLOR-SPCL
100
AcDbCircle
 10
-85.63769517763296
 20
62.3999968722278
 30
0.0
 40
24.96
100
AcDbArc
 50
0.0
 51
356.929591878917
1001
AcDbBlockRepETag
1070
1
1071
31
1005
1FD
  0
ARC
  5
10C0
330
109D
100
AcDbEntity
  8
A-FLOR-SPCL
100
AcDbCircle
 10
75.47149562934635
 20
62.3999968722278
 30
0.0
 40
24.96
100
AcDbArc
 50
0.0
 51
356.929591878917
1001
AcDbBlockRepETag
1070
1
1071
32
1005
1FE
  0
ARC
  5
10C1
330
109D
100
AcDbEntity
  8
A-FLOR-SPCL
100
AcDbCircle
 10
125.6017609760746
 20
305.7599968722425
 30
0.0
 40
31.20000000000001
100
AcDbArc
 50
0.0
 51
358.8825413811157
1001
AcDbBlockRepETag
1070
1
1071
33
1005
1FF
  0
ARC
  5
10C2
330
109D
100
AcDbEntity
  8
A-FLOR-SPCL
100
AcDbCircle
 10
387.5599999999394
 20
37.43999687220685
 30
0.0
 40
37.44
100
AcDbArc
 50
270.0
 51
0.0
1001
AcDbBlockRepETag
1070
1
1071
34
1005
200
  0
ENDBLK
  5
109F
330
109D
100
AcDbEntity
  8
0
100
AcDbBlockEnd
  0
BLOCK
  5
10C4
330
10C3
100
AcDbEntity
  8
0
100
AcDbBlockBegin
  2
A$C09BB3BC1
 70
0
 10
0.0
 20
0.0
 30
0.0
  3
A$C09BB3BC1
  1

  0
CIRCLE
  5
10C6
330
10C3
100
AcDbEntity
  8
A-FLOR-SPCL
100
AcDbCircle
 10
0.0
 20
249.9999734646317
 30
0.0
 40
49.99999999999999
1001
AcDbBlockRepETag
1070
1
1071
0
1005
475
  0
LINE
  5
10C7
330
10C3
100
AcDbEntity
  8
A-FLOR-SPCL
100
AcDbLine
 10
0.0
 20
199.9999734646317
 30
0.0
 11
0.0
 21
-2.65353683062e-05
 31
0.0
1001
AcDbBlockRepETag
1070
1
1071
1
1005
476
  0
ENDBLK
  5
10C5
330
10C3
100
AcDbEntity
  8
0
100
AcDbBlockEnd
  0
BLOCK
  5
10C9
330
10C8
100
AcDbEntity
  8
0
100
AcDbBlockBegin
  2
$DorLib2D$00000231
 70
0
 10
0.0
 20
0.0
 30
0.0
  3
$DorLib2D$00000231
  1

  0
LINE
  5
10CB
330
10C8
100
AcDbEntity
  8
0
 62
0
100
AcDbLine
 10
-0.4999999999999947
 20
7.1e-15
 30
0.0
 11
-0.2500000000000284
 21
0.4330127018921708
 31
0.0
  0
ARC
  5
10CC
330
10C8
100
AcDbEntity
  8
0
 62
0
100
AcDbCircle
 10
-0.4999999999996803
 20
3.055e-13
 30
0.0
 40
0.499999999999681
100
AcDbArc
 50
0.0
 51
59.99999999996344
  0
ARC
  5
10CD
330
10C8
100
AcDbEntity
  8
0
 62
0
100
AcDbCircle
 10
0.5000000000000426
 20
-2.49e-14
 30
0.0
 40
0.4999999999999835
100
AcDbArc
 50
120.0000000000366
 51
180.0
  0
LINE
  5
10CE
330
10C8
100
AcDbEntity
  8
0
 62
0
100
AcDbLine
 10
0.5000000000000053
 20
7.1e-15
 30
0.0
 11
0.250000000000032
 21
0.4330127018921708
 31
0.0
  0
ENDBLK
  5
10CA
330
10C8
100
AcDbEntity
  8
0
100
AcDbBlockEnd
  0
BLOCK
  5
10D0
330
10CF
100
AcDbEntity
  8
0
100
AcDbBlockBegin
  2
$lvtry$00000209
 70
0
 10
0.0
 20
0.0
 30
0.0
  3
$lvtry$00000209
  1

  0
ARC
  5
10D2
330
10CF
100
AcDbEntity
  8
0
 62
0
100
AcDbCircle
 10
218.4000000000015
 20
-128.9005702937429
 30
0.0
 40
31.20000000000437
100
AcDbArc
 50
270.0
 51
0.0
  0
LWPOLYLINE
  5
10D3
330
10CF
100
AcDbEntity
  8
0
 62
0
100
AcDbPolyline
 90
2
 70
0
 10
-170.1810839188911
 20
-550.4667433808536
 42
0.081027305363243
 10
-130.7138459978669
 20
-634.5326345840331
  0
LWPOLYLINE
  5
10D4
330
10CF
100
AcDbEntity
  8
0
 62
0
100
AcDbPolyline
 90
13
 70
1
 10
0.438590144218324
 20
-748.3451210291787
 42
-0.132587148743721
 10
-78.74029335893647
 20
-727.094920007652
 42
-0.106700708621377
 10
-153.6168486900351
 20
-658.9402227355677
 42
-0.0831337050145097
 10
-200.0316416340283
 20
-563.7977062370846
 42
-0.071762080396846
 10
-217.6856209710859
 20
-442.6564582764277
 10
-249.5999999999985
 20
-128.9005702937429
 10
-249.5999999999985
 20
0.0
 10
249.6000000000131
 20
0.0
 10
249.6000000000058
 20
-128.9005702937411
 10
217.6856209710859
 20
-442.0324415549367
 42
-0.0717620803958521
 10
200.3789764679568
 20
-563.2237985055508
 42
-0.0831337050148256
 10
154.2371088209293
 20
-658.4989762793393
 42
-0.1067007086210994
 10
79.55623271257355
 20
-726.8680339160728
 42
-0.1325871487455249
  0
LWPOLYLINE
  5
10D5
330
10CF
100
AcDbEntity
  8
0
 62
0
100
AcDbPolyline
 90
2
 70
0
 10
-249.6000000000058
 20
-128.9005702937429
 42
0.414213562373095
 10
-218.4000000000015
 20
-160.1005702937473
  0
POINT
  5
10D6
330
10CF
100
AcDbEntity
  8
0
 62
0
100
AcDbPoint
 10
3.799626144587819
 20
-460.0668258817677
 30
0.0
1001
SANITARYDRAIN
1000
$TwtSys$00000147
1000
TWTSYS(00000105)
1040
4.5
1040
1.5
  0
POINT
  5
10D7
330
10CF
100
AcDbEntity
  8
0
 62
0
100
AcDbPoint
 10
-161.2080797422313
 20
-81.30987225542049
 30
0.0
1001
SANITARYFEED
1000
$TWTSYS$00000225
1000
TWTSYS(00000013)
1040
0.5
1040
0.1
  0
ARC
  5
10D8
330
10CF
100
AcDbEntity
  8
0
 62
0
100
AcDbCircle
 10
-41.68999916788744
 20
-365.1099204290076
 30
0.0
 40
239.929825082125
100
AcDbArc
 50
35.50976391575404
 51
45.92249922160149
  0
LINE
  5
10D9
330
10CF
100
AcDbEntity
  8
0
 62
0
100
AcDbLine
 10
218.4000000000015
 20
-160.1005702937546
 30
0.0
 11
62.40000000000146
 21
-160.1005702937546
 31
0.0
  0
LINE
  5
10DA
330
10CF
100
AcDbEntity
  8
0
 62
0
100
AcDbLine
 10
62.40000000000146
 20
-192.7444499150442
 30
0.0
 11
-62.3999999999869
 21
-192.7444499150442
 31
0.0
  0
LINE
  5
10DB
330
10CF
100
AcDbEntity
  8
0
 62
0
100
AcDbLine
 10
-59.00595925418747
 20
-160.1005702937546
 30
0.0
 11
62.40000000000146
 21
-160.1005702937546
 31
0.0
  0
LINE
  5
10DC
330
10CF
100
AcDbEntity
  8
0
 62
0
100
AcDbLine
 10
62.40000000000146
 20
-192.7444499150442
 30
0.0
 11
125.2125638394864
 21
-192.7444499150442
 31
0.0
  0
ARC
  5
10DD
330
10CF
100
AcDbEntity
  8
0
 62
0
100
AcDbCircle
 10
-210.9919170575959
 20
-442.6468642042018
 30
0.0
 40
428.6779783538199
100
AcDbArc
 50
0.0821218687857517
 51
16.50063381591764
  0
ARC
  5
10DE
330
10CF
100
AcDbEntity
  8
0
 62
0
100
AcDbCircle
 10
-107.3113118113179
 20
-411.9340221926686
 30
0.0
 40
320.5440495032478
100
AcDbArc
 50
16.50063381591764
 51
35.50976391575404
  0
ARC
  5
10DF
330
10CF
100
AcDbEntity
  8
0
 62
0
100
AcDbCircle
 10
-211.02884514584
 20
-442.6997529601213
 30
0.0
 40
396.3437888529663
100
AcDbArc
 50
0.0964671236174641
 51
15.88430234378892
  0
ARC
  5
10E0
330
10CF
100
AcDbEntity
  8
0
 62
0
100
AcDbCircle
 10
-107.2248178328518
 20
-413.1611430429912
 30
0.0
 40
288.4187891437522
100
AcDbArc
 50
15.88430234378892
 51
33.13172272395137
  0
ARC
  5
10E1
330
10CF
100
AcDbEntity
  8
0
 62
0
100
AcDbCircle
 10
-41.35394606729824
 20
-516.6224657319835
 30
0.0
 40
208.8759125977123
100
AcDbArc
 50
301.3465725381518
 51
325.7790222423321
  0
ARC
  5
10E2
330
10CF
100
AcDbEntity
  8
0
 62
0
100
AcDbCircle
 10
0.2400290993609815
 20
-584.90743759615
 30
0.0
 40
128.9203239709259
100
AcDbArc
 50
238.8463617091828
 51
270.0964671236175
  0
ARC
  5
10E3
330
10CF
100
AcDbEntity
  8
0
 62
0
100
AcDbCircle
 10
0.2400290993609815
 20
-584.9074375961209
 30
0.0
 40
128.9203239709562
100
AcDbArc
 50
270.0964671236175
 51
301.3465725381518
  0
ARC
  5
10E4
330
10CF
100
AcDbEntity
  8
0
 62
0
100
AcDbCircle
 10
-107.1259400559866
 20
-471.8886528387084
 30
0.0
 40
288.4187891437505
100
AcDbArc
 50
325.7790222423321
 51
344.3086319035198
  0
ARC
  5
10E5
330
10CF
100
AcDbEntity
  8
0
 62
0
100
AcDbCircle
 10
-211.0288451458546
 20
-442.6997529601213
 30
0.0
 40
396.3437888529795
100
AcDbArc
 50
344.3086319035198
 51
0.0964671236174641
  0
ARC
  5
10E6
330
10CF
100
AcDbEntity
  8
0
 62
0
100
AcDbCircle
 10
41.46842814124102
 20
-364.9907296228921
 30
0.0
 40
239.9298250821198
100
AcDbArc
 50
134.1184025722778
 51
144.6544798225135
  0
ARC
  5
10E7
330
10CF
100
AcDbEntity
  8
0
 62
0
100
AcDbCircle
 10
107.2236966733544
 20
-411.6265295976773
 30
0.0
 40
320.544049503249
100
AcDbArc
 50
144.6544798225135
 51
163.6636099221215
  0
ARC
  5
10E8
330
10CF
100
AcDbEntity
  8
0
 62
0
100
AcDbCircle
 10
210.9919170575959
 20
-442.0420356258692
 30
0.0
 40
428.6779783538227
100
AcDbArc
 50
163.6636099221215
 51
180.0821218687857
  0
ARC
  5
10E9
330
10CF
100
AcDbEntity
  8
0
 62
0
100
AcDbCircle
 10
107.125940055972
 20
-412.8002469913627
 30
0.0
 40
288.4187891437435
100
AcDbArc
 50
146.9538486256523
 51
164.3086319035198
  0
ARC
  5
10EA
330
10CF
100
AcDbEntity
  8
0
 62
0
100
AcDbCircle
 10
211.0288451458255
 20
-441.9891468699207
 30
0.0
 40
396.3437888529476
100
AcDbArc
 50
164.3086319035198
 51
180.0964671236175
  0
ARC
  5
10EB
330
10CF
100
AcDbEntity
  8
0
 62
0
100
AcDbCircle
 10
211.0288451458255
 20
-441.9891468699498
 30
0.0
 40
396.343788852952
100
AcDbArc
 50
180.0964671236175
 51
195.8843023437889
  0
ARC
  5
10EC
330
10CF
100
AcDbEntity
  8
0
 62
0
100
AcDbCircle
 10
41.60383031381207
 20
-516.4827921696415
 30
0.0
 40
208.8759125976962
100
AcDbArc
 50
214.4139120054285
 51
238.8463617091828
  0
LINE
  5
10ED
330
10CF
100
AcDbEntity
  8
0
 62
0
100
AcDbLine
 10
-134.63580094801
 20
-255.5213274952257
 30
0.0
 11
134.3017572789176
 21
-255.5213274952257
 31
0.0
  0
LINE
  5
10EE
330
10CF
100
AcDbEntity
  8
0
 62
0
100
AcDbLine
 10
-125.5571390355981
 20
-192.7444499150442
 30
0.0
 11
-62.3999999999869
 21
-192.7444499150442
 31
0.0
  0
LINE
  5
10EF
330
10CF
100
AcDbEntity
  8
0
 62
0
100
AcDbLine
 10
-59.00595925418747
 20
-160.1005702937546
 30
0.0
 11
-218.3999999999869
 21
-160.1005702937546
 31
0.0
  0
ENDBLK
  5
10D1
330
10CF
100
AcDbEntity
  8
0
100
AcDbBlockEnd
  0
BLOCK
  5
10F1
330
10F0
100
AcDbEntity
  8
0
100
AcDbBlockBegin
  2
$DorLib2D$00000131
 70
0
 10
0.0
 20
0.0
 30
0.0
  3
$DorLib2D$00000131
  1

  0
LINE
  5
10F3
330
10F0
100
AcDbEntity
  8
0
  6
Continuous
 62
0
100
AcDbLine
 10
-0.2319490472796648
 20
-0.1972603196398666
 30
0.0
 11
-0.2319490472796648
 21
-0.125
 31
0.0
  0
LINE
  5
10F4
330
10F0
100
AcDbEntity
  8
0
  6
Continuous
 62
0
100
AcDbLine
 10
-0.1500000000000021
 20
-0.125
 30
0.0
 11
-0.2319490472796648
 21
-0.1972603196398666
 31
0.0
  0
LINE
  5
10F5
330
10F0
100
AcDbEntity
  8
0
  6
Continuous
 62
0
100
AcDbLine
 10
-0.3500000000000014
 20
-0.125
 30
0.0
 11
-0.1500000000000021
 21
-0.125
 31
0.0
  0
LINE
  5
10F6
330
10F0
100
AcDbEntity
  8
0
  6
Continuous
 62
0
100
AcDbLine
 10
0.2319490472796595
 20
0.1972603196398666
 30
0.0
 11
0.2319490472796595
 21
0.125
 31
0.0
  0
LINE
  5
10F7
330
10F0
100
AcDbEntity
  8
0
  6
Continuous
 62
0
100
AcDbLine
 10
0.1499999999999986
 20
0.125
 30
0.0
 11
0.2319490472796595
 21
0.1972603196398666
 31
0.0
  0
LINE
  5
10F8
330
10F0
100
AcDbEntity
  8
0
  6
Continuous
 62
0
100
AcDbLine
 10
0.3499999999999979
 20
0.125
 30
0.0
 11
0.1499999999999986
 21
0.125
 31
0.0
  0
LINE
  5
10F9
330
10F0
100
AcDbEntity
  8
0
  6
Continuous
 62
0
100
AcDbLine
 10
0.4999999999999982
 20
0.0
 30
0.0
 11
0.4999999999999982
 21
-0.125
 31
0.0
  0
LINE
  5
10FA
330
10F0
100
AcDbEntity
  8
0
  6
Continuous
 62
0
100
AcDbLine
 10
-0.0239902237636009
 20
0.0
 30
0.0
 11
0.4999999999999982
 21
0.0
 31
0.0
  0
LINE
  5
10FB
330
10F0
100
AcDbEntity
  8
0
  6
Continuous
 62
0
100
AcDbLine
 10
-0.0239902237636009
 20
-0.125
 30
0.0
 11
-0.0239902237636009
 21
0.0
 31
0.0
  0
LINE
  5
10FC
330
10F0
100
AcDbEntity
  8
0
  6
Continuous
 62
0
100
AcDbLine
 10
0.4999999999999982
 20
-0.125
 30
0.0
 11
-0.0239902237636009
 21
-0.125
 31
0.0
  0
LINE
  5
10FD
330
10F0
100
AcDbEntity
  8
0
  6
Continuous
 62
0
100
AcDbLine
 10
-0.5000000000000018
 20
0.125
 30
0.0
 11
-0.5000000000000018
 21
0.0
 31
0.0
  0
LINE
  5
10FE
330
10F0
100
AcDbEntity
  8
0
  6
Continuous
 62
0
100
AcDbLine
 10
0.0192439877236641
 20
0.125
 30
0.0
 11
-0.5000000000000018
 21
0.125
 31
0.0
  0
LINE
  5
10FF
330
10F0
100
AcDbEntity
  8
0
  6
Continuous
 62
0
100
AcDbLine
 10
0.0192439877236641
 20
0.0
 30
0.0
 11
0.0192439877236641
 21
0.125
 31
0.0
  0
LINE
  5
1100
330
10F0
100
AcDbEntity
  8
0
  6
Continuous
 62
0
100
AcDbLine
 10
-0.5000000000000018
 20
0.0
 30
0.0
 11
0.0192439877236641
 21
0.0
 31
0.0
  0
ENDBLK
  5
10F2
330
10F0
100
AcDbEntity
  8
0
100
AcDbBlockEnd
  0
ENDSEC
  0
SECTION
  2
ENTITIES
  0
LWPOLYLINE
  5
BF
330
17
100
AcDbEntity
  8
TUK
100
AcDbPolyline
 90
3
 70
0
 43
100.0
 10
-2010806.570976067
 20
-1270164.961261963
 10
-1986806.570976067
 20
-1270164.961261963
 10
-1986806.570976067
 20
-1266164.961261963
  0
LINE
  5
C0
330
17
100
AcDbEntity
  8
PUB_TEXT
100
AcDbLine
 10
-2006806.570976067
 20
-1268164.961261963
 30
0.0
 11
-1986806.570976067
 21
-1268164.961261963
 31
0.0
  0
LINE
  5
C1
330
17
100
AcDbEntity
  8
0
100
AcDbLine
 10
-2006806.570976067
 20
-1266164.961261963
 30
0.0
 11
-1986806.570976067
 21
-1266164.961261963
 31
0.0
  0
LWPOLYLINE
  5
C2
330
17
100
AcDbEntity
  8
0
100
AcDbPolyline
 90
3
 70
0
 43
60.0
 10
-1986780.720993722
 20
-1266164.961261963
 10
-2010806.570976067
 20
-1266164.961261963
 10
-2010806.570976067
 20
-1270190.847573146
  0
LINE
  5
C3
330
17
100
AcDbEntity
  8
0
100
AcDbLine
 10
-1999806.570976067
 20
-1267164.961261963
 30
0.0
 11
-2006806.570976067
 21
-1267164.961261963
 31
0.0
  0
LINE
  5
C4
330
17
100
AcDbEntity
  8
0
100
AcDbLine
 10
-2006806.570976067
 20
-1269164.961261963
 30
0.0
 11
-2010806.570976067
 21
-1269164.961261963
 31
0.0
  0
LINE
  5
C5
330
17
100
AcDbEntity
  8
0
100
AcDbLine
 10
-2005306.570976067
 20
-1266164.961261963
 30
0.0
 11
-2005306.570976067
 21
-1270164.961261963
 31
0.0
  0
LINE
  5
C6
330
17
100
AcDbEntity
  8
0
100
AcDbLine
 10
-2006806.570976067
 20
-1266164.961261963
 30
0.0
 11
-2006806.570976067
 21
-1270164.961261963
 31
0.0
  0
TEXT
  5
C7
330
17
100
AcDbEntity
  8
0
  6
CENTER
100
AcDbText
 10
-2006294.258767639
 20
-1269359.056821298
 30
0.0
 40
396.0000000000001
  1
图名
  7
HZ
 41
0.7
100
AcDbText
  0
TEXT
  5
C8
330
17
100
AcDbEntity
  8
0
  6
CENTER
100
AcDbText
 10
-2006596.669580491
 20
-1267991.014515484
 30
0.0
 40
396.0000000000001
  1
工程名称
  7
HZ
 41
0.7
100
AcDbText
  0
TEXT
  5
C9
330
17
100
AcDbEntity
  8
0
  6
CENTER
100
AcDbText
 10
-2006571.93704253
 20
-1266984.523099174
 30
0.0
 40
396.0000000000001
  1
建设单位
  7
HZ
 41
0.7
100
AcDbText
  0
TEXT
  5
CA
330
17
100
AcDbEntity
  8
0
  6
CENTER
100
AcDbText
 10
-1989691.158586343
 20
-1266837.577109563
 30
0.0
 40
396.0000000000001
  1
工 号
  7
HZ
 41
0.7
100
AcDbText
  0
TEXT
  5
CB
330
17
100
AcDbEntity
  8
0
  6
CENTER
100
AcDbText
 10
-1989691.158586343
 20
-1267870.934905469
 30
0.0
 40
396.0000000000001
  1
图 别
  7
HZ
 41
0.7
100
AcDbText
  0
TEXT
  5
CC
330
17
100
AcDbEntity
  8
0
  6
CENTER
100
AcDbText
 10
-1989691.158586343
 20
-1268894.818290379
 30
0.0
 40
396.0000000000001
  1
图 号
  7
HZ
 41
0.7
100
AcDbText
  0
TEXT
  5
CD
330
17
100
AcDbEntity
  8
0
  6
CENTER
100
AcDbText
 10
-1989691.158586343
 20
-1269838.70446894
 30
0.0
 40
396.0000000000001
  1
日 期
  7
HZ
 41
0.7
100
AcDbText
  0
LINE
  5
CE
330
17
100
AcDbEntity
  8
PUB_TEXT
100
AcDbLine
 10
-1999806.570976067
 20
-1269164.961261963
 30
0.0
 11
-1986806.570976067
 21
-1269164.961261963
 31
0.0
  0
LINE
  5
CF
330
17
100
AcDbEntity
  8
PUB_TEXT
100
AcDbLine
 10
-1999806.570976067
 20
-1267164.961261963
 30
0.0
 11
-1986806.570976067
 21
-1267164.961261963
 31
0.0
  0
LINE
  5
D0
330
17
100
AcDbEntity
  8
0
100
AcDbLine
 10
-1999806.570976067
 20
-1266164.961261963
 30
0.0
 11
-1999806.570976067
 21
-1270164.961261963
 31
0.0
  0
LINE
  5
D1
330
17
100
AcDbEntity
  8
0
100
AcDbLine
 10
-1998306.570976067
 20
-1266164.961261963
 30
0.0
 11
-1998306.570976067
 21
-1270164.961261963
 31
0.0
  0
TEXT
  5
D2
330
17
100
AcDbEntity
  8
0
  6
CENTER
100
AcDbText
 10
-1999430.757873336
 20
-1267901.861789221
 30
0.0
 40
396.0000000000001
  1
制 图
  7
HZ
 41
0.7
100
AcDbText
  0
TEXT
  5
D3
330
17
100
AcDbEntity
  8
0
  6
CENTER
100
AcDbText
 10
-1999430.757873336
 20
-1268870.333510041
 30
0.0
 40
396.0000000000001
  1
校 对
  7
HZ
 41
0.7
100
AcDbText
  0
TEXT
  5
D4
330
17
100
AcDbEntity
  8
0
  6
CENTER
100
AcDbText
 10
-1999430.757873336
 20
-1269866.769266726
 30
0.0
 40
396.0000000000001
  1
审 核
  7
HZ
 41
0.7
100
AcDbText
  0
TEXT
  5
D5
330
17
100
AcDbEntity
  8
0
  6
CENTER
100
AcDbText
 10
-1999430.757873336
 20
-1266886.821697248
 30
0.0
 40
396.0000000000001
  1
设 计
  7
HZ
 41
0.7
100
AcDbText
  0
LINE
  5
D6
330
17
100
AcDbEntity
  8
0
100
AcDbLine
 10
-1991806.570976067
 20
-1266164.961261963
 30
0.0
 11
-1991806.570976067
 21
-1270164.961261963
 31
0.0
  0
LINE
  5
D7
330
17
100
AcDbEntity
  8
0
100
AcDbLine
 10
-1993306.570976067
 20
-1266164.961261963
 30
0.0
 11
-1993306.570976067
 21
-1270164.961261963
 31
0.0
  0
LINE
  5
D8
330
17
100
AcDbEntity
  8
0
100
AcDbLine
 10
-1989806.720993722
 20
-1266164.961261963
 30
0.0
 11
-1989806.720993722
 21
-1270164.961261963
 31
0.0
  0
LINE
  5
D9
330
17
100
AcDbEntity
  8
0
100
AcDbLine
 10
-1989806.720993722
 20
-1266164.961261963
 30
0.0
 11
-1989806.720993722
 21
-1270164.961261963
 31
0.0
  0
LINE
  5
DA
330
17
100
AcDbEntity
  8
0
100
AcDbLine
 10
-1994806.570976067
 20
-1266164.961261963
 30
0.0
 11
-1994806.570976067
 21
-1270164.961261963
 31
0.0
  0
LINE
  5
DB
330
17
100
AcDbEntity
  8
0
100
AcDbLine
 10
-1994806.570976067
 20
-1266164.961261963
 30
0.0
 11
-1994806.570976067
 21
-1270164.961261963
 31
0.0
  0
TEXT
  5
DC
330
17
100
AcDbEntity
  8
0
  6
CENTER
100
AcDbText
 10
-1994758.35778971
 20
-1267854.775542136
 30
0.0
 40
396.0000000000001
  1
项目负责人
  7
HZ
 41
0.6
100
AcDbText
  0
TEXT
  5
DD
330
17
100
AcDbEntity
  8
0
  6
CENTER
100
AcDbText
 10
-1994467.730151554
 20
-1268881.781617076
 30
0.0
 40
396.0000000000001
  1
所 长
  7
HZ
 41
0.7
100
AcDbText
  0
TEXT
  5
DE
330
17
100
AcDbEntity
  8
0
  6
CENTER
100
AcDbText
 10
-1994467.730151554
 20
-1269894.604615524
 30
0.0
 40
396.0000000000001
  1
审 定
  7
HZ
 41
0.7
100
AcDbText
  0
TEXT
  5
DF
330
17
100
AcDbEntity
  8
0
  6
CENTER
100
AcDbText
 10
-1994780.388689695
 20
-1266890.904095861
 30
0.0
 40
396.0000000000001
  1
专业负责人
  7
HZ
 41
0.7
100
AcDbText
  0
LINE
  5
E0
330
17
100
AcDbEntity
  8
0
100
AcDbLine
 10
-1988806.720993722
 20
-1266164.961261963
 30
0.0
 11
-1988806.720993722
 21
-1270164.961261963
 31
0.0
  0
LINE
  5
E1
330
17
100
AcDbEntity
  8
0
100
AcDbLine
 10
-1996609.772014836
 20
-1266164.961261963
 30
0.0
 11
-1996609.772014836
 21
-1270164.961261963
 31
0.0
  0
TEXT
  5
E2
330
17
100
AcDbEntity
  8
0
100
AcDbText
 10
-1988559.058990109
 20
-1268878.862973632
 30
-1e-16
 40
400.0
  1
建施-13
  7
HZTXT
 41
0.7
100
AcDbText
  0
TEXT
  5
E3
330
17
100
AcDbEntity
  8
PUB_TEXT
100
AcDbText
 10
-1988548.617163088
 20
-1269877.524460988
 30
-1e-16
 40
360.0
  1
2018.12
  7
_HZTXT
 41
0.8
100
AcDbText
  0
TEXT
  5
E4
330
17
100
AcDbEntity
  8
0
100
AcDbText
 10
-2004581.233374125
 20
-1269422.143845081
 30
-5e-16
 40
500.0
  1
四至十八层平面图
  7
bzhz
 41
0.7
100
AcDbText
  0
TEXT
  5
E5
330
17
100
AcDbEntity
  8
PUB_TEXT
100
AcDbText
 10
-2026256.60186648
 20
-1266821.584194697
 30
0.0
 40
522.7848101265823
  1
四至十八层平面图
  7
-宋体
 41
0.8
100
AcDbText
  0
TEXT
  5
E6
330
17
100
AcDbEntity
  8
PUB_TEXT
100
AcDbText
 10
-2020940.86548486
 20
-1266838.71363056
 30
0.0
 40
500.0
  1
1:100
  7
_HZTXT
 41
0.8
100
AcDbText
  0
LWPOLYLINE
  5
E7
330
17
100
AcDbEntity
  8
DIM_SYMB
100
AcDbPolyline
 90
2
 70
0
 43
70.0
 10
-2026452.161398278
 20
-1267055.506879506
 10
-2021220.865484861
 20
-1267055.506879506
  0
TEXT
  5
E8
330
17
100
AcDbEntity
  8
0
  6
CENTER
100
AcDbText
 10
-1988323.691411773
 20
-1267883.89610757
 30
0.0
 40
396.0000000000001
  1
建 施
  7
HZ
 41
0.7
100
AcDbText
  0
TEXT
  5
E9
330
17
100
AcDbEntity
  8
0
  6
CENTER
100
AcDbText
 10
-1988652.028681411
 20
-1266960.119504945
 30
0.0
 40
396.0000000000001
  1
18-9-24
  7
HZ
 41
0.7
100
AcDbText
  0
LINE
  5
EA
330
17
100
AcDbEntity
  8
0
  6
ByBlock
100
AcDbLine
 10
-2057175.40988432
 20
-1316185.0
 30
0.0
 11
-2059175.40988432
 21
-1316185.0
 31
0.0
  0
LINE
  5
EB
330
17
100
AcDbEntity
  8
DOTE
100
AcDbLine
 10
-2027108.665221135
 20
-1301225.933370228
 30
0.0
 11
-2027108.665221135
 21
-1293158.616692406
 31
0.0
  0
LINE
  5
EC
330
17
100
AcDbEntity
  8
DOTE
100
AcDbLine
 10
-2026008.665221135
 20
-1289425.933370228
 30
0.0
 11
-2026008.665221135
 21
-1281776.584794201
 31
0.0
  0
LINE
  5
ED
330
17
100
AcDbEntity
  8
DOTE
100
AcDbLine
 10
-2022908.665221135
 20
-1289025.933370228
 30
0.0
 11
-2022908.665221135
 21
-1281776.584794201
 31
0.0
  0
LINE
  5
EE
330
17
100
AcDbEntity
  8
DOTE
100
AcDbLine
 10
-2014708.665221135
 20
-1293425.933370228
 30
0.0
 11
-2014708.665221135
 21
-1281776.584794201
 31
0.0
  0
LINE
  5
EF
330
17
100
AcDbEntity
  8
DOTE
100
AcDbLine
 10
-2016108.665221135
 20
-1301225.933370229
 30
0.0
 11
-2016108.665221135
 21
-1293425.933370228
 31
0.0
  0
LINE
  5
F0
330
17
100
AcDbEntity
  8
DOTE
100
AcDbLine
 10
-2021608.665221135
 20
-1301225.933370228
 30
0.0
 11
-2021608.665221135
 21
-1289420.47236311
 31
0.0
  0
LINE
  5
F1
330
17
100
AcDbEntity
  8
DOTE
100
AcDbLine
 10
-2017408.665221135
 20
-1301225.933370229
 30
0.0
 11
-2017408.665221135
 21
-1281776.584794201
 31
0.0
  0
LINE
  5
F2
330
17
100
AcDbEntity
  8
DOTE
100
AcDbLine
 10
-2013908.665221135
 20
-1301225.933370229
 30
0.0
 11
-2013908.665221135
 21
-1281776.584794201
 31
0.0
  0
LINE
  5
F3
330
17
100
AcDbEntity
  8
DOTE
100
AcDbLine
 10
-1992580.528290915
 20
-1285525.933370228
 30
0.0
 11
-2050108.665221135
 21
-1285525.933370229
 31
0.0
  0
LINE
  5
F4
330
17
100
AcDbEntity
  8
DOTE
100
AcDbLine
 10
-1992580.528290915
 20
-1294825.933370228
 30
0.0
 11
-2050108.665221135
 21
-1294825.933370228
 31
0.0
  0
LINE
  5
F5
330
17
100
AcDbEntity
  8
DOTE
100
AcDbLine
 10
-1992580.528290915
 20
-1289025.933370228
 30
0.0
 11
-2050108.665221135
 21
-1289025.933370229
 31
0.0
  0
LINE
  5
F6
330
17
100
AcDbEntity
  8
DOTE
100
AcDbLine
 10
-1992580.528290915
 20
-1293425.933370228
 30
0.0
 11
-2050108.665221135
 21
-1293425.933370229
 31
0.0
  0
LINE
  5
F7
330
17
100
AcDbEntity
  8
DOTE
100
AcDbLine
 10
-2019308.665221135
 20
-1292125.933370228
 30
0.0
 11
-2050108.665221135
 21
-1292125.933370228
 31
0.0
  0
LINE
  5
F8
330
17
100
AcDbEntity
  8
DOTE
100
AcDbLine
 10
-2023908.665221135
 20
-1301225.933370228
 30
0.0
 11
-2023908.665221136
 21
-1281776.584794202
 31
0.0
  0
LINE
  5
F9
330
17
100
AcDbEntity
  8
DOTE
100
AcDbLine
 10
-2019308.665221135
 20
-1301225.933370229
 30
0.0
 11
-2019308.665221135
 21
-1281776.584794201
 31
0.0
  0
LINE
  5
FA
330
17
100
AcDbEntity
  8
DOTE
100
AcDbLine
 10
-1992580.528290915
 20
-1282625.933370228
 30
0.0
 11
-2050108.665221135
 21
-1282625.933370229
 31
0.0
  0
LINE
  5
FB
330
17
100
AcDbEntity
  8
DOTE
100
AcDbLine
 10
-2020308.665221136
 20
-1288115.933370228
 30
0.0
 11
-2020308.665221136
 21
-1281776.584794201
 31
0.0
  0
LINE
  5
FC
330
17
100
AcDbEntity
  8
DOTE
100
AcDbLine
 10
-2019308.665221135
 20
-1288025.933370228
 30
0.0
 11
-2050108.665221135
 21
-1288025.933370228
 31
0.0
  0
LINE
  5
FD
330
17
100
AcDbEntity
  8
DOTE
100
AcDbLine
 10
-1992580.528290915
 20
-1298825.93337023
 30
0.0
 11
-2050108.665221135
 21
-1298825.93337023
 31
0.0
  0
LINE
  5
FE
330
17
100
AcDbEntity
  8
DOTE
100
AcDbLine
 10
-2028508.665221135
 20
-1293425.933370228
 30
0.0
 11
-2028508.665221135
 21
-1281776.584794201
 31
0.0
  0
LINE
  5
FF
330
17
100
AcDbEntity
  8
DOTE
100
AcDbLine
 10
-2019072.573565562
 20
-1289525.933370228
 30
0.0
 11
-2024449.998510822
 21
-1289525.933370228
 31
0.0
  0
LWPOLYLINE
  5
100
330
17
100
AcDbEntity
  8
0
100
AcDbPolyline
 90
4
 70
1
 10
-2023458.665221135
 20
-1293775.933370229
 10
-2022058.665221135
 20
-1293775.933370229
 10
-2022058.665221135
 20
-1292375.933370229
 10
-2023458.665221135
 20
-1292375.933370229
  0
LINE
  5
101
330
17
100
AcDbEntity
  8
0
100
AcDbLine
 10
-2022058.665221135
 20
-1293775.933370229
 30
0.0
 11
-2023458.665221135
 21
-1292375.933370229
 31
0.0
  0
LINE
  5
102
330
17
100
AcDbEntity
  8
0
100
AcDbLine
 10
-2023458.665221135
 20
-1293775.933370229
 30
0.0
 11
-2022058.665221135
 21
-1292375.933370229
 31
0.0
  0
LWPOLYLINE
  5
103
330
17
100
AcDbEntity
  8
0
100
AcDbPolyline
 90
4
 70
1
 10
-2023258.665221135
 20
-1294125.933370229
 10
-2022258.665221135
 20
-1294125.933370229
 10
-2022258.665221135
 20
-1293925.933370229
 10
-2023258.665221135
 20
-1293925.933370229
  0
INSERT
  5
104
102
{ACAD_XDICTIONARY
360
106
102
}
330
17
100
AcDbEntity
  8
A-FLOR-SPCL
 62
5
100
AcDbBlockReference
  2
A$C6DED0C2E
 10
-2014788.665275089
 20
-1290934.70709454
 30
2.22e-13
 50
90.0
  0
LWPOLYLINE
  5
107
330
17
100
AcDbEntity
  8
A-FLOR-SPCL
100
AcDbPolyline
 90
4
 70
1
 10
-2016108.665221135
 20
-1294725.933370229
 10
-2015208.665221135
 20
-1294725.933370229
 10
-2015208.665221135
 20
-1295325.933370229
 10
-2016108.665221135
 20
-1295325.933370229
  0
LWPOLYLINE
  5
108
330
17
100
AcDbEntity
  8
A-FLOR-SPCL
100
AcDbPolyline
 90
3
 70
0
 10
-2015408.665221133
 20
-1291725.933370229
 10
-2015408.665221134
 20
-1292725.933370232
 10
-2017308.665221133
 20
-1292725.933370226
  0
INSERT
  5
109
102
{ACAD_XDICTIONARY
360
10B
102
}
330
17
100
AcDbEntity
  8
A-FLOR-SPCL
100
AcDbBlockReference
  2
A$C2DEF7CDB
 10
-2014808.665224262
 20
-1292300.93337023
 30
2.22e-13
 41
-1.0
 50
90.0
  0
LWPOLYLINE
  5
10C
330
17
100
AcDbEntity
  8
0
100
AcDbPolyline
 90
4
 70
1
 10
-2021273.212997759
 20
-1294473.250544791
 10
-2019873.212997759
 20
-1294473.250544791
 10
-2019873.212997759
 20
-1292473.250544791
 10
-2021273.212997759
 20
-1292473.250544791
  0
LINE
  5
10D
330
17
100
AcDbEntity
  8
0
100
AcDbLine
 10
-2019873.212997759
 20
-1294473.250544791
 30
0.0
 11
-2021273.212997759
 21
-1292473.250544791
 31
0.0
  0
LINE
  5
10E
330
17
100
AcDbEntity
  8
0
100
AcDbLine
 10
-2021273.212997759
 20
-1294473.250544791
 30
0.0
 11
-2019873.212997759
 21
-1292473.250544791
 31
0.0
  0
LWPOLYLINE
  5
10F
330
17
100
AcDbEntity
  8
0
100
AcDbPolyline
 90
4
 70
1
 10
-2019523.212997759
 20
-1293923.250544791
 10
-2019523.212997759
 20
-1292923.250544791
 10
-2019723.212997759
 20
-1292923.250544791
 10
-2019723.212997759
 20
-1293923.250544791
  0
LINE
  5
110
330
17
100
AcDbEntity
  8
DOTE
100
AcDbLine
 10
-2050108.665221134
 20
-1295325.933370228
 30
0.0
 11
-1992580.528290915
 21
-1295325.933370228
 31
0.0
  0
INSERT
  5
111
102
{ACAD_XDICTIONARY
360
113
102
}
330
17
100
AcDbEntity
  8
A-FLOR-SPCL
 62
5
100
AcDbBlockReference
  2
A$C6DED0C2E
 10
-2028428.66516718
 20
-1290934.70709454
 30
2.22e-13
 41
-1.0
 50
270.0
  0
LWPOLYLINE
  5
114
330
17
100
AcDbEntity
  8
A-FLOR-SPCL
100
AcDbPolyline
 90
4
 70
1
 10
-2027108.665221135
 20
-1294725.933370229
 10
-2028008.665221135
 20
-1294725.933370229
 10
-2028008.665221135
 20
-1295325.933370229
 10
-2027108.665221135
 20
-1295325.933370229
  0
LWPOLYLINE
  5
115
330
17
100
AcDbEntity
  8
A-FLOR-SPCL
100
AcDbPolyline
 90
3
 70
0
 10
-2027808.665221137
 20
-1291725.933370229
 10
-2027808.665221136
 20
-1292725.933370232
 10
-2025908.665221137
 20
-1292725.933370226
  0
INSERT
  5
116
102
{ACAD_XDICTIONARY
360
118
102
}
330
17
100
AcDbEntity
  8
A-FLOR-SPCL
100
AcDbBlockReference
  2
A$C2DEF7CDB
 10
-2028408.665218007
 20
-1292300.93337023
 30
2.22e-13
 50
270.0
  0
LINE
  5
119
330
17
100
AcDbEntity
  8
DOTE
100
AcDbLine
 10
-2050108.665221135
 20
-1300025.933370229
 30
0.0
 11
-1992580.528290915
 21
-1300025.933370229
 31
0.0
  0
LINE
  5
11A
330
17
100
AcDbEntity
  8
DOTE
100
AcDbLine
 10
-2050108.665221135
 20
-1292875.933370229
 30
0.0
 11
-1992580.528290915
 21
-1292875.933370229
 31
0.0
  0
LINE
  5
11B
330
17
100
AcDbEntity
  8
DOTE
100
AcDbLine
 10
-2050108.665221135
 20
-1290575.933370229
 30
0.0
 11
-1992580.528290915
 21
-1290575.933370229
 31
0.0
  0
LINE
  5
11C
330
17
100
AcDbEntity
  8
DOTE
100
AcDbLine
 10
-2050108.665221135
 20
-1287075.933370229
 30
0.0
 11
-1992580.528290915
 21
-1287075.933370229
 31
0.0
  0
LINE
  5
11D
330
17
100
AcDbEntity
  8
DOTE
100
AcDbLine
 10
-2049108.665221135
 20
-1301025.933370229
 30
0.0
 11
-2049108.665221134
 21
-1281776.584794201
 31
0.0
  0
LINE
  5
11E
330
17
100
AcDbEntity
  8
DOTE
100
AcDbLine
 10
-2046008.665221135
 20
-1301025.933370229
 30
0.0
 11
-2046008.665221135
 21
-1281776.584794201
 31
0.0
  0
LINE
  5
11F
330
17
100
AcDbEntity
  8
DOTE
100
AcDbLine
 10
-2047308.665221135
 20
-1296125.933370229
 30
0.0
 11
-2047308.665221135
 21
-1291875.933370229
 31
0.0
  0
LINE
  5
120
330
17
100
AcDbEntity
  8
DOTE
100
AcDbLine
 10
-2040808.665221135
 20
-1301025.933370229
 30
0.0
 11
-2040808.665221135
 21
-1292875.933370229
 31
0.0
  0
LINE
  5
121
330
17
100
AcDbEntity
  8
DOTE
100
AcDbLine
 10
-2039208.665221135
 20
-1301025.933370229
 30
0.0
 11
-2039208.665221135
 21
-1295075.933370229
 31
0.0
  0
LINE
  5
122
330
17
100
AcDbEntity
  8
DOTE
100
AcDbLine
 10
-2036308.665221135
 20
-1301025.933370229
 30
0.0
 11
-2036308.665221135
 21
-1294375.933370229
 31
0.0
  0
LINE
  5
123
330
17
100
AcDbEntity
  8
DOTE
100
AcDbLine
 10
-2037608.665221135
 20
-1301025.933370229
 30
0.0
 11
-2037608.665221135
 21
-1292875.933370229
 31
0.0
  0
LINE
  5
124
330
17
100
AcDbEntity
  8
DOTE
100
AcDbLine
 10
-2032408.665221135
 20
-1301025.933370229
 30
0.0
 11
-2032408.665221135
 21
-1289765.495724685
 31
0.0
  0
LINE
  5
125
330
17
100
AcDbEntity
  8
DOTE
100
AcDbLine
 10
-2036958.665221135
 20
-1292875.933370229
 30
0.0
 11
-2036958.665221135
 21
-1281776.584794201
 31
0.0
  0
LINE
  5
126
330
17
100
AcDbEntity
  8
DOTE
100
AcDbLine
 10
-2033708.665221135
 20
-1290575.933370229
 30
0.0
 11
-2033708.665221135
 21
-1281776.584794201
 31
0.0
  0
LINE
  5
127
330
17
100
AcDbEntity
  8
DOTE
100
AcDbLine
 10
-2030608.665221135
 20
-1292875.933370229
 30
0.0
 11
-2030608.665221135
 21
-1281776.584794201
 31
0.0
  0
LINE
  5
128
330
17
100
AcDbEntity
  8
DOTE
100
AcDbLine
 10
-2050108.665221135
 20
-1285675.933370229
 30
0.0
 11
-1992580.528290915
 21
-1285675.933370229
 31
0.0
  0
LINE
  5
129
330
17
100
AcDbEntity
  8
DOTE
100
AcDbLine
 10
-2050108.665221135
 20
-1294375.933370229
 30
0.0
 11
-1992580.528290915
 21
-1294375.933370229
 31
0.0
  0
LINE
  5
12A
330
17
100
AcDbEntity
  8
DOTE
100
AcDbLine
 10
-2050108.665221135
 20
-1294075.933370229
 30
0.0
 11
-1992580.528290916
 21
-1294075.933370229
 31
0.0
  0
LINE
  5
12B
330
17
100
AcDbEntity
  8
DOTE
100
AcDbLine
 10
-2050108.665221135
 20
-1288275.933370229
 30
0.0
 11
-1992580.528290915
 21
-1288275.933370229
 31
0.0
  0
LINE
  5
12C
330
17
100
AcDbEntity
  8
DOTE
100
AcDbLine
 10
-2050108.665221135
 20
-1291875.933370229
 30
0.0
 11
-1992580.528290915
 21
-1291875.933370229
 31
0.0
  0
LINE
  5
12D
330
17
100
AcDbEntity
  8
DOTE
100
AcDbLine
 10
-2042658.665221135
 20
-1290930.614235815
 30
0.0
 11
-2042658.665221135
 21
-1281776.584794201
 31
0.0
  0
LINE
  5
12E
330
17
100
AcDbEntity
  8
DOTE
100
AcDbLine
 10
-2042108.665221135
 20
-1301025.933370229
 30
0.0
 11
-2042108.665221135
 21
-1294375.933370229
 31
0.0
  0
LINE
  5
12F
330
17
100
AcDbEntity
  8
DOTE
100
AcDbLine
 10
-2043058.665221135
 20
-1292875.933370229
 30
0.0
 11
-2043058.665221136
 21
-1281776.584794201
 31
0.0
  0
LINE
  5
130
330
17
100
AcDbEntity
  8
DOTE
100
AcDbLine
 10
-2050108.665221135
 20
-1296125.933370229
 30
0.0
 11
-1992580.528290916
 21
-1296125.933370229
 31
0.0
  0
LINE
  5
131
330
17
100
AcDbEntity
  8
DOTE
100
AcDbLine
 10
-2037758.665221135
 20
-1292775.933370229
 30
0.0
 11
-2037758.665221135
 21
-1281776.584794201
 31
0.0
  0
LINE
  5
132
330
17
100
AcDbEntity
  8
DOTE
100
AcDbLine
 10
-2029308.665221135
 20
-1301225.933370229
 30
0.0
 11
-2029308.665221135
 21
-1281776.584794201
 31
0.0
  0
LINE
  5
133
330
17
100
AcDbEntity
  8
PROMPT
100
AcDbLine
 10
-2048508.665221135
 20
-1299945.933370229
 30
0.0
 11
-2046808.665221135
 21
-1299945.933370229
 31
0.0
  0
LINE
  5
134
330
17
100
AcDbEntity
  8
DOTE
100
AcDbLine
 10
-2040358.665221135
 20
-1293082.83313691
 30
0.0
 11
-2040358.665221135
 21
-1281776.584794201
 31
0.0
  0
LINE
  5
135
330
17
100
AcDbEntity
  8
DOTE
100
AcDbLine
 10
-2013568.665221135
 20
-1301225.933370229
 30
0.0
 11
-2013568.665221135
 21
-1281776.584794201
 31
0.0
  0
LINE
  5
136
330
17
100
AcDbEntity
  8
DOTE
100
AcDbLine
 10
-2001978.665221135
 20
-1295075.933370229
 30
0.0
 11
-2050108.665221135
 21
-1295075.933370229
 31
0.0
  0
LINE
  5
137
330
17
100
AcDbEntity
  8
DOTE
100
AcDbLine
 10
-1993768.665221135
 20
-1301025.933370229
 30
0.0
 11
-1993768.665221135
 21
-1281776.584794201
 31
0.0
  0
LINE
  5
138
330
17
100
AcDbEntity
  8
DOTE
100
AcDbLine
 10
-1996868.665221135
 20
-1301025.933370229
 30
0.0
 11
-1996868.665221135
 21
-1281776.584794201
 31
0.0
  0
LINE
  5
139
330
17
100
AcDbEntity
  8
DOTE
100
AcDbLine
 10
-1995568.665221135
 20
-1296125.933370229
 30
0.0
 11
-1995568.665221135
 21
-1291875.933370229
 31
0.0
  0
LINE
  5
13A
330
17
100
AcDbEntity
  8
DOTE
100
AcDbLine
 10
-2002068.665221135
 20
-1301000.30706817
 30
0.0
 11
-2002068.665221135
 21
-1292875.933370229
 31
0.0
  0
LINE
  5
13B
330
17
100
AcDbEntity
  8
DOTE
100
AcDbLine
 10
-2003668.665221135
 20
-1301025.933370229
 30
0.0
 11
-2003668.665221135
 21
-1295075.933370229
 31
0.0
  0
LINE
  5
13C
330
17
100
AcDbEntity
  8
DOTE
100
AcDbLine
 10
-2006568.665221135
 20
-1301025.933370229
 30
0.0
 11
-2006568.665221135
 21
-1294375.933370229
 31
0.0
  0
LINE
  5
13D
330
17
100
AcDbEntity
  8
DOTE
100
AcDbLine
 10
-2005268.665221135
 20
-1301007.555808575
 30
0.0
 11
-2005268.665221135
 21
-1292875.933370229
 31
0.0
  0
LINE
  5
13E
330
17
100
AcDbEntity
  8
DOTE
100
AcDbLine
 10
-2010468.665221135
 20
-1301025.933370229
 30
0.0
 11
-2010468.665221135
 21
-1290402.296199278
 31
0.0
  0
LINE
  5
13F
330
17
100
AcDbEntity
  8
DOTE
100
AcDbLine
 10
-2005918.665221135
 20
-1292875.933370229
 30
0.0
 11
-2005918.665221135
 21
-1281776.584794201
 31
0.0
  0
LINE
  5
140
330
17
100
AcDbEntity
  8
DOTE
100
AcDbLine
 10
-2009168.665221135
 20
-1290575.933370229
 30
0.0
 11
-2009168.665221135
 21
-1281776.584794201
 31
0.0
  0
LINE
  5
141
330
17
100
AcDbEntity
  8
DOTE
100
AcDbLine
 10
-2012268.665221135
 20
-1292875.933370229
 30
0.0
 11
-2012268.665221135
 21
-1281776.584794201
 31
0.0
  0
LINE
  5
142
330
17
100
AcDbEntity
  8
DOTE
100
AcDbLine
 10
-2000218.665221135
 20
-1290930.614235816
 30
0.0
 11
-2000218.665221134
 21
-1281776.584794201
 31
0.0
  0
LINE
  5
143
330
17
100
AcDbEntity
  8
DOTE
100
AcDbLine
 10
-2000768.665221135
 20
-1301025.933370229
 30
0.0
 11
-2000768.665221135
 21
-1294375.933370229
 31
0.0
  0
LINE
  5
144
330
17
100
AcDbEntity
  8
DOTE
100
AcDbLine
 10
-1999818.665221135
 20
-1292875.93337023
 30
0.0
 11
-1999818.665221135
 21
-1281776.584794201
 31
0.0
  0
LINE
  5
145
330
17
100
AcDbEntity
  8
DOTE
100
AcDbLine
 10
-2005118.665221135
 20
-1292775.933370229
 30
0.0
 11
-2005118.665221135
 21
-1281776.584794201
 31
0.0
  0
LINE
  5
146
330
17
100
AcDbEntity
  8
PROMPT
100
AcDbLine
 10
-1994368.665221135
 20
-1299945.933370229
 30
0.0
 11
-1996068.665221135
 21
-1299945.933370229
 31
0.0
  0
LINE
  5
147
330
17
100
AcDbEntity
  8
WINDOW
100
AcDbLine
 10
-1995568.665221135
 20
-1292875.933370229
 30
0.0
 11
-1995568.665221135
 21
-1292075.933370229
 31
0.0
  0
LINE
  5
148
330
17
100
AcDbEntity
  8
DOTE
100
AcDbLine
 10
-2002518.665221135
 20
-1293082.83313691
 30
0.0
 11
-2002518.665221134
 21
-1281776.584794201
 31
0.0
  0
LINE
  5
149
330
17
100
AcDbEntity
  8
COLUMN-FILL
100
AcDbLine
 10
-2048508.665221135
 20
-1300125.933370229
 30
0.0
 11
-2048508.665221135
 21
-1300425.933370229
 31
0.0
  0
LINE
  5
14A
330
17
100
AcDbEntity
  8
COLUMN-FILL
100
AcDbLine
 10
-2048538.665221135
 20
-1300125.933370229
 30
0.0
 11
-2048538.665221135
 21
-1300455.933370229
 31
0.0
  0
LINE
  5
14B
330
17
100
AcDbEntity
  8
COLUMN-FILL
100
AcDbLine
 10
-2048568.665221135
 20
-1300125.933370229
 30
0.0
 11
-2048568.665221135
 21
-1300485.933370229
 31
0.0
  0
LINE
  5
14C
330
17
100
AcDbEntity
  8
COLUMN-FILL
100
AcDbLine
 10
-2048608.665221135
 20
-1300125.933370229
 30
0.0
 11
-2048608.665221135
 21
-1300525.933370229
 31
0.0
  0
LINE
  5
14D
330
17
100
AcDbEntity
  8
COLUMN-FILL
100
AcDbLine
 10
-2048708.665221135
 20
-1300125.933370229
 30
0.0
 11
-2048708.665221135
 21
-1300625.933370229
 31
0.0
  0
LINE
  5
14E
330
17
100
AcDbEntity
  8
COLUMN-FILL
100
AcDbLine
 10
-2048508.665221135
 20
-1300425.933370229
 30
0.0
 11
-2046808.665221135
 21
-1300425.933370229
 31
0.0
  0
LINE
  5
14F
330
17
100
AcDbEntity
  8
COLUMN-FILL
100
AcDbLine
 10
-2048538.665221135
 20
-1300455.933370229
 30
0.0
 11
-2046808.665221135
 21
-1300455.933370229
 31
0.0
  0
LINE
  5
150
330
17
100
AcDbEntity
  8
COLUMN-FILL
100
AcDbLine
 10
-2048568.665221135
 20
-1300485.933370229
 30
0.0
 11
-2046808.665221135
 21
-1300485.933370229
 31
0.0
  0
LINE
  5
151
330
17
100
AcDbEntity
  8
COLUMN-FILL
100
AcDbLine
 10
-2048608.665221135
 20
-1300525.933370229
 30
0.0
 11
-2046808.665221135
 21
-1300525.933370229
 31
0.0
  0
LINE
  5
152
330
17
100
AcDbEntity
  8
COLUMN-FILL
100
AcDbLine
 10
-2048708.665221135
 20
-1300625.933370229
 30
0.0
 11
-2046808.665221135
 21
-1300625.933370229
 31
0.0
  0
LINE
  5
153
330
17
100
AcDbEntity
  8
PROMPT
100
AcDbLine
 10
-2048508.665221135
 20
-1299945.933370229
 30
0.0
 11
-2046808.665221135
 21
-1299945.933370229
 31
0.0
  0
LINE
  5
154
330
17
100
AcDbEntity
  8
COLUMN-FILL
100
AcDbLine
 10
-2028458.665221135
 20
-1298925.933370229
 30
0.0
 11
-2028458.665221135
 21
-1299225.933370229
 31
0.0
  0
LINE
  5
155
330
17
100
AcDbEntity
  8
COLUMN-FILL
100
AcDbLine
 10
-2028488.665221135
 20
-1298925.933370229
 30
0.0
 11
-2028488.665221135
 21
-1299255.933370229
 31
0.0
  0
LINE
  5
156
330
17
100
AcDbEntity
  8
COLUMN-FILL
100
AcDbLine
 10
-2028518.665221135
 20
-1298925.933370229
 30
0.0
 11
-2028518.665221135
 21
-1299285.933370229
 31
0.0
  0
LINE
  5
157
330
17
100
AcDbEntity
  8
COLUMN-FILL
100
AcDbLine
 10
-2028558.665221135
 20
-1298925.933370229
 30
0.0
 11
-2028558.665221135
 21
-1299325.933370229
 31
0.0
  0
LINE
  5
158
330
17
100
AcDbEntity
  8
COLUMN-FILL
100
AcDbLine
 10
-2028658.665221135
 20
-1298925.933370229
 30
0.0
 11
-2028658.665221135
 21
-1299425.933370229
 31
0.0
  0
LINE
  5
159
330
17
100
AcDbEntity
  8
COLUMN-FILL
100
AcDbLine
 10
-2028458.665221135
 20
-1299225.933370229
 30
0.0
 11
-2026658.665221135
 21
-1299225.933370229
 31
0.0
  0
LINE
  5
15A
330
17
100
AcDbEntity
  8
COLUMN-FILL
100
AcDbLine
 10
-2028488.665221135
 20
-1299255.933370229
 30
0.0
 11
-2026658.665221135
 21
-1299255.933370229
 31
0.0
  0
LINE
  5
15B
330
17
100
AcDbEntity
  8
COLUMN-FILL
100
AcDbLine
 10
-2028518.665221135
 20
-1299285.933370229
 30
0.0
 11
-2026658.665221135
 21
-1299285.933370229
 31
0.0
  0
LINE
  5
15C
330
17
100
AcDbEntity
  8
COLUMN-FILL
100
AcDbLine
 10
-2028558.665221135
 20
-1299325.933370229
 30
0.0
 11
-2026658.665221135
 21
-1299325.933370229
 31
0.0
  0
LINE
  5
15D
330
17
100
AcDbEntity
  8
COLUMN-FILL
100
AcDbLine
 10
-2028658.665221135
 20
-1299425.933370229
 30
0.0
 11
-2026658.665221135
 21
-1299425.933370229
 31
0.0
  0
LINE
  5
15E
330
17
100
AcDbEntity
  8
PROMPT
100
AcDbLine
 10
-2028458.665221135
 20
-1298745.933370229
 30
0.0
 11
-2026658.665221135
 21
-1298745.933370229
 31
0.0
  0
LWPOLYLINE
  5
15F
330
17
100
AcDbEntity
  8
A-FLOR-HRAL
100
AcDbPolyline
 90
5
 70
0
 10
-2028458.665221135
 20
-1298823.442005679
 10
-2028428.665221135
 20
-1298823.442005679
 42
-0.414213562373095
 10
-2028378.665221135
 20
-1298873.442005679
 10
-2028378.665280602
 20
-1299158.36313622
 10
-2026658.665221135
 20
-1299158.361604255
1001
AcDbBlockRepETag
1070
1
1071
241
1005
0
  0
LWPOLYLINE
  5
160
330
17
100
AcDbEntity
  8
A-FLOR-HRAL
100
AcDbPolyline
 90
5
 70
0
 10
-2028458.665221135
 20
-1298853.442005679
 10
-2028428.665221135
 20
-1298853.442005679
 42
-0.4142135623730951
 10
-2028408.665221135
 20
-1298873.442005679
 10
-2028408.665280602
 20
-1299188.363134471
 10
-2026658.665221135
 20
-1299188.361633927
1001
AcDbBlockRepETag
1070
1
1071
247
1005
0
  0
LINE
  5
161
330
17
100
AcDbEntity
  8
COLUMN-FILL
100
AcDbLine
 10
-2014758.665221135
 20
-1298925.933370229
 30
0.0
 11
-2014758.665221135
 21
-1299225.933370229
 31
0.0
  0
LINE
  5
162
330
17
100
AcDbEntity
  8
COLUMN-FILL
100
AcDbLine
 10
-2014728.665221135
 20
-1298925.933370229
 30
0.0
 11
-2014728.665221135
 21
-1299255.933370229
 31
0.0
  0
LINE
  5
163
330
17
100
AcDbEntity
  8
COLUMN-FILL
100
AcDbLine
 10
-2014698.665221135
 20
-1298925.933370229
 30
0.0
 11
-2014698.665221135
 21
-1299285.933370229
 31
0.0
  0
LINE
  5
164
330
17
100
AcDbEntity
  8
COLUMN-FILL
100
AcDbLine
 10
-2014658.665221135
 20
-1298925.933370229
 30
0.0
 11
-2014658.665221135
 21
-1299325.933370229
 31
0.0
  0
LINE
  5
165
330
17
100
AcDbEntity
  8
COLUMN-FILL
100
AcDbLine
 10
-2014558.665221135
 20
-1298925.933370229
 30
0.0
 11
-2014558.665221135
 21
-1299425.933370229
 31
0.0
  0
LINE
  5
166
330
17
100
AcDbEntity
  8
COLUMN-FILL
100
AcDbLine
 10
-2014758.665221135
 20
-1299225.933370229
 30
0.0
 11
-2016558.665221135
 21
-1299225.933370229
 31
0.0
  0
LINE
  5
167
330
17
100
AcDbEntity
  8
COLUMN-FILL
100
AcDbLine
 10
-2014728.665221135
 20
-1299255.933370229
 30
0.0
 11
-2016558.665221135
 21
-1299255.933370229
 31
0.0
  0
LINE
  5
168
330
17
100
AcDbEntity
  8
COLUMN-FILL
100
AcDbLine
 10
-2014698.665221135
 20
-1299285.933370229
 30
0.0
 11
-2016558.665221135
 21
-1299285.933370229
 31
0.0
  0
LINE
  5
169
330
17
100
AcDbEntity
  8
COLUMN-FILL
100
AcDbLine
 10
-2014658.665221135
 20
-1299325.933370229
 30
0.0
 11
-2016558.665221135
 21
-1299325.933370229
 31
0.0
  0
LINE
  5
16A
330
17
100
AcDbEntity
  8
COLUMN-FILL
100
AcDbLine
 10
-2014558.665221135
 20
-1299425.933370229
 30
0.0
 11
-2016558.665221135
 21
-1299425.933370229
 31
0.0
  0
LWPOLYLINE
  5
16B
330
17
100
AcDbEntity
  8
A-FLOR-HRAL
100
AcDbPolyline
 90
5
 70
0
 10
-2014758.665221135
 20
-1298823.442005679
 10
-2014788.665221135
 20
-1298823.442005679
 42
0.414213562373095
 10
-2014838.665221135
 20
-1298873.442005679
 10
-2014838.665161668
 20
-1299158.36313622
 10
-2016558.665221135
 20
-1299158.361604255
1001
AcDbBlockRepETag
1070
1
1071
241
1005
0
  0
LWPOLYLINE
  5
16C
330
17
100
AcDbEntity
  8
A-FLOR-HRAL
100
AcDbPolyline
 90
5
 70
0
 10
-2014758.665221135
 20
-1298853.442005679
 10
-2014788.665221135
 20
-1298853.442005679
 42
0.4142135623730951
 10
-2014808.665221135
 20
-1298873.442005679
 10
-2014808.665161668
 20
-1299188.363134471
 10
-2016558.665221135
 20
-1299188.361633927
1001
AcDbBlockRepETag
1070
1
1071
247
1005
0
  0
LWPOLYLINE
  5
16D
330
17
100
AcDbEntity
  8
0
100
AcDbPolyline
 90
4
 70
0
 10
-2018458.665221122
 20
-1285325.933370228
 10
-2018458.665221122
 20
-1284625.933370228
 10
-2016458.665221125
 20
-1284625.933370228
 10
-2016458.665221125
 20
-1285325.933370228
  0
LWPOLYLINE
  5
16E
330
17
100
AcDbEntity
  8
A-栏杆百叶
100
AcDbPolyline
 90
4
 70
0
 10
-2018408.665221122
 20
-1285325.933370228
 10
-2018408.665221122
 20
-1284675.933370228
 10
-2016508.665221125
 20
-1284675.933370228
 10
-2016508.665221125
 20
-1285325.933370228
  0
LWPOLYLINE
  5
16F
330
17
100
AcDbEntity
  8
A-栏杆百叶
100
AcDbPolyline
 90
4
 70
0
 10
-2018358.665221122
 20
-1285325.933370228
 10
-2018358.665221122
 20
-1284725.933370228
 10
-2016558.665221125
 20
-1284725.933370228
 10
-2016558.665221125
 20
-1285325.933370228
  0
LWPOLYLINE
  5
170
330
17
100
AcDbEntity
  8
0
100
AcDbPolyline
 90
4
 70
0
 10
-2024758.665221148
 20
-1285325.933370228
 10
-2024758.665221148
 20
-1284625.933370228
 10
-2026758.665221145
 20
-1284625.933370228
 10
-2026758.665221145
 20
-1285325.933370228
  0
LWPOLYLINE
  5
171
330
17
100
AcDbEntity
  8
A-栏杆百叶
100
AcDbPolyline
 90
4
 70
0
 10
-2024808.665221148
 20
-1285325.933370228
 10
-2024808.665221148
 20
-1284675.933370228
 10
-2026708.665221145
 20
-1284675.933370228
 10
-2026708.665221145
 20
-1285325.933370228
  0
LWPOLYLINE
  5
172
330
17
100
AcDbEntity
  8
A-栏杆百叶
100
AcDbPolyline
 90
4
 70
0
 10
-2024858.665221148
 20
-1285325.933370228
 10
-2024858.665221148
 20
-1284725.933370228
 10
-2026658.665221145
 20
-1284725.933370228
 10
-2026658.665221145
 20
-1285325.933370228
  0
LINE
  5
173
330
17
100
AcDbEntity
  8
PROMPT
100
AcDbLine
 10
-1994368.665221135
 20
-1299945.933370229
 30
0.0
 11
-1996068.665221135
 21
-1299945.933370229
 31
0.0
  0
LINE
  5
174
330
17
100
AcDbEntity
  8
COLUMN-FILL
100
AcDbLine
 10
-1994368.665221135
 20
-1300125.933370229
 30
0.0
 11
-1994368.665221135
 21
-1300425.933370229
 31
0.0
  0
LINE
  5
175
330
17
100
AcDbEntity
  8
COLUMN-FILL
100
AcDbLine
 10
-1994338.665221135
 20
-1300125.933370229
 30
0.0
 11
-1994338.665221136
 21
-1300455.933370229
 31
0.0
  0
LINE
  5
176
330
17
100
AcDbEntity
  8
COLUMN-FILL
100
AcDbLine
 10
-1994308.665221135
 20
-1300125.933370229
 30
0.0
 11
-1994308.665221135
 21
-1300485.933370229
 31
0.0
  0
LINE
  5
177
330
17
100
AcDbEntity
  8
COLUMN-FILL
100
AcDbLine
 10
-1994268.665221135
 20
-1300125.933370229
 30
0.0
 11
-1994268.665221135
 21
-1300525.933370229
 31
0.0
  0
LINE
  5
178
330
17
100
AcDbEntity
  8
COLUMN-FILL
100
AcDbLine
 10
-1994168.665221135
 20
-1300125.933370229
 30
0.0
 11
-1994168.665221135
 21
-1300625.933370229
 31
0.0
  0
LINE
  5
179
330
17
100
AcDbEntity
  8
COLUMN-FILL
100
AcDbLine
 10
-1994368.665221135
 20
-1300425.933370229
 30
0.0
 11
-1996068.665221135
 21
-1300425.933370229
 31
0.0
  0
LINE
  5
17A
330
17
100
AcDbEntity
  8
COLUMN-FILL
100
AcDbLine
 10
-1994338.665221136
 20
-1300455.933370229
 30
0.0
 11
-1996068.665221135
 21
-1300455.933370229
 31
0.0
  0
LINE
  5
17B
330
17
100
AcDbEntity
  8
COLUMN-FILL
100
AcDbLine
 10
-1994308.665221135
 20
-1300485.933370229
 30
0.0
 11
-1996068.665221135
 21
-1300485.933370229
 31
0.0
  0
LINE
  5
17C
330
17
100
AcDbEntity
  8
COLUMN-FILL
100
AcDbLine
 10
-1994268.665221135
 20
-1300525.933370229
 30
0.0
 11
-1996068.665221135
 21
-1300525.933370229
 31
0.0
  0
LINE
  5
17D
330
17
100
AcDbEntity
  8
COLUMN-FILL
100
AcDbLine
 10
-1994168.665221135
 20
-1300625.933370229
 30
0.0
 11
-1996068.665221135
 21
-1300625.933370229
 31
0.0
  0
LINE
  5
17E
330
17
100
AcDbEntity
  8
PROMPT
100
AcDbLine
 10
-1994368.665221135
 20
-1299945.933370229
 30
0.0
 11
-1996068.665221135
 21
-1299945.933370229
 31
0.0
  0
LINE
  5
17F
330
17
100
AcDbEntity
  8
0
100
AcDbLine
 10
-2033908.665221135
 20
-1286975.933370228
 30
0.0
 11
-2037558.665221135
 21
-1286975.933370228
 31
0.0
  0
LINE
  5
180
330
17
100
AcDbEntity
  8
A-FLOR-HRAL
100
AcDbLine
 10
-2033908.665221135
 20
-1287025.933370228
 30
0.0
 11
-2037558.665221135
 21
-1287025.933370228
 31
0.0
  0
LINE
  5
181
330
17
100
AcDbEntity
  8
A-FLOR-HRAL
100
AcDbLine
 10
-2033908.665221135
 20
-1287075.933370228
 30
0.0
 11
-2037558.665221135
 21
-1287075.933370228
 31
0.0
  0
LINE
  5
182
330
17
100
AcDbEntity
  8
0
100
AcDbLine
 10
-2008968.665221134
 20
-1286975.933370229
 30
0.0
 11
-2005318.665221135
 21
-1286975.933370229
 31
0.0
  0
LINE
  5
183
330
17
100
AcDbEntity
  8
A-FLOR-HRAL
100
AcDbLine
 10
-2008968.665221134
 20
-1287025.933370229
 30
0.0
 11
-2005318.665221135
 21
-1287025.933370229
 31
0.0
  0
LINE
  5
184
330
17
100
AcDbEntity
  8
A-FLOR-HRAL
100
AcDbLine
 10
-2008968.665221134
 20
-1287075.933370229
 30
0.0
 11
-2005318.665221135
 21
-1287075.933370229
 31
0.0
  0
LWPOLYLINE
  5
185
330
17
100
AcDbEntity
  8
A-FLOR-SPCL
  6
DASH
100
AcDbPolyline
 90
4
 70
1
 10
-2007577.235554193
 20
-1287249.79289245
 10
-2006827.235554193
 20
-1287249.79289245
 10
-2006827.235554193
 20
-1287599.79289245
 10
-2007577.235554193
 20
-1287599.79289245
  0
LINE
  5
186
330
17
100
AcDbEntity
  8
A-FLOR-SPCL
  6
DASH
100
AcDbLine
 10
-2006827.235554193
 20
-1287249.79289245
 30
0.0
 11
-2007577.235554193
 21
-1287599.79289245
 31
0.0
  0
LINE
  5
187
330
17
100
AcDbEntity
  8
A-FLOR-SPCL
  6
DASH
100
AcDbLine
 10
-2007577.235554193
 20
-1287249.79289245
 30
0.0
 11
-2006827.235554193
 21
-1287599.79289245
 31
0.0
  0
TEXT
  5
188
330
17
100
AcDbEntity
  8
A-ANNO-TEXT
100
AcDbText
 10
-2007460.360554192
 20
-1287599.79289245
 30
2.22e-13
 40
350.0
  1
A/C
  7
ROS
 41
0.7
 72
1
 11
-2007202.235554192
 21
-1287424.79289245
 31
2.22e-13
100
AcDbText
 73
2
  0
LINE
  5
189
330
17
100
AcDbEntity
  8
DOTE
100
AcDbLine
 10
-1992580.528290915
 20
-1298475.933370229
 30
0.0
 11
-2050108.665221135
 21
-1298475.933370229
 31
0.0
  0
LINE
  5
18A
330
17
100
AcDbEntity
  8
0
100
AcDbLine
 10
-2041918.665221135
 20
-1300125.933370228
 30
0.0
 11
-2039298.665221135
 21
-1300125.933370228
 31
0.0
  0
LINE
  5
18B
330
17
100
AcDbEntity
  8
A-FLOR-HRAL
100
AcDbLine
 10
-2041918.665221135
 20
-1300075.933370228
 30
0.0
 11
-2039298.665221135
 21
-1300075.933370228
 31
0.0
  0
LINE
  5
18C
330
17
100
AcDbEntity
  8
A-FLOR-HRAL
100
AcDbLine
 10
-2041918.665221135
 20
-1300025.933370228
 30
0.0
 11
-2039298.665221135
 21
-1300025.933370228
 31
0.0
  0
LINE
  5
18D
330
17
100
AcDbEntity
  8
0
100
AcDbLine
 10
-2039118.665221135
 20
-1300125.933370228
 30
0.0
 11
-2036498.665221135
 21
-1300125.933370228
 31
0.0
  0
LINE
  5
18E
330
17
100
AcDbEntity
  8
A-FLOR-HRAL
100
AcDbLine
 10
-2039118.665221135
 20
-1300075.933370228
 30
0.0
 11
-2036498.665221135
 21
-1300075.933370228
 31
0.0
  0
LINE
  5
18F
330
17
100
AcDbEntity
  8
A-FLOR-HRAL
100
AcDbLine
 10
-2039118.665221135
 20
-1300025.933370228
 30
0.0
 11
-2036498.665221135
 21
-1300025.933370228
 31
0.0
  0
LWPOLYLINE
  5
190
330
17
100
AcDbEntity
  8
A-FLOR-SPCL
  6
DASH
100
AcDbPolyline
 90
4
 70
1
 10
-2041033.665221135
 20
-1299097.164810201
 10
-2040283.665221135
 20
-1299097.164810201
 10
-2040283.665221135
 20
-1299447.164810201
 10
-2041033.665221135
 20
-1299447.164810201
  0
LINE
  5
191
330
17
100
AcDbEntity
  8
A-FLOR-SPCL
  6
DASH
100
AcDbLine
 10
-2040283.665221135
 20
-1299097.164810201
 30
0.0
 11
-2041033.665221135
 21
-1299447.164810201
 31
0.0
  0
LINE
  5
192
330
17
100
AcDbEntity
  8
A-FLOR-SPCL
  6
DASH
100
AcDbLine
 10
-2041033.665221135
 20
-1299097.164810201
 30
0.0
 11
-2040283.665221135
 21
-1299447.164810201
 31
0.0
  0
TEXT
  5
193
330
17
100
AcDbEntity
  8
A-ANNO-TEXT
100
AcDbText
 10
-2040916.790221134
 20
-1299447.164810201
 30
2.22e-13
 40
350.0
  1
A/C
  7
ROS
 41
0.7
 72
1
 11
-2040658.665221134
 21
-1299272.164810201
 31
2.22e-13
100
AcDbText
 73
2
  0
LWPOLYLINE
  5
194
330
17
100
AcDbEntity
  8
A-FLOR-SPCL
  6
DASH
100
AcDbPolyline
 90
4
 70
1
 10
-2037389.607460152
 20
-1299097.164810201
 10
-2038139.607460152
 20
-1299097.164810201
 10
-2038139.607460152
 20
-1299447.164810201
 10
-2037389.607460152
 20
-1299447.164810201
  0
LINE
  5
195
330
17
100
AcDbEntity
  8
A-FLOR-SPCL
  6
DASH
100
AcDbLine
 10
-2038139.607460152
 20
-1299097.164810201
 30
0.0
 11
-2037389.607460152
 21
-1299447.164810201
 31
0.0
  0
LINE
  5
196
330
17
100
AcDbEntity
  8
A-FLOR-SPCL
  6
DASH
100
AcDbLine
 10
-2037389.607460152
 20
-1299097.164810201
 30
0.0
 11
-2038139.607460152
 21
-1299447.164810201
 31
0.0
  0
TEXT
  5
197
330
17
100
AcDbEntity
  8
A-ANNO-TEXT
100
AcDbText
 10
-2038022.732460152
 20
-1299447.164810201
 30
2.22e-13
 40
350.0
  1
A/C
  7
ROS
 41
0.7
 72
1
 11
-2037764.607460152
 21
-1299272.164810201
 31
2.22e-13
100
AcDbText
 73
2
  0
LINE
  5
198
330
17
100
AcDbEntity
  8
0
100
AcDbLine
 10
-2000958.665221135
 20
-1300125.933370229
 30
0.0
 11
-2003578.665221135
 21
-1300125.933370229
 31
0.0
  0
LINE
  5
199
330
17
100
AcDbEntity
  8
A-FLOR-HRAL
100
AcDbLine
 10
-2000958.665221135
 20
-1300075.933370229
 30
0.0
 11
-2003578.665221135
 21
-1300075.933370229
 31
0.0
  0
LINE
  5
19A
330
17
100
AcDbEntity
  8
A-FLOR-HRAL
100
AcDbLine
 10
-2000958.665221135
 20
-1300025.933370229
 30
0.0
 11
-2003578.665221135
 21
-1300025.933370229
 31
0.0
  0
LINE
  5
19B
330
17
100
AcDbEntity
  8
0
100
AcDbLine
 10
-2003758.665221135
 20
-1300125.933370229
 30
0.0
 11
-2006378.665221135
 21
-1300125.933370229
 31
0.0
  0
LINE
  5
19C
330
17
100
AcDbEntity
  8
A-FLOR-HRAL
100
AcDbLine
 10
-2003758.665221135
 20
-1300075.933370229
 30
0.0
 11
-2006378.665221135
 21
-1300075.933370229
 31
0.0
  0
LINE
  5
19D
330
17
100
AcDbEntity
  8
A-FLOR-HRAL
100
AcDbLine
 10
-2003758.665221135
 20
-1300025.933370229
 30
0.0
 11
-2006378.665221135
 21
-1300025.933370229
 31
0.0
  0
LWPOLYLINE
  5
19E
330
17
100
AcDbEntity
  8
A-FLOR-SPCL
  6
DASH
100
AcDbPolyline
 90
4
 70
1
 10
-2001843.665221135
 20
-1299097.164810202
 10
-2002593.665221135
 20
-1299097.164810202
 10
-2002593.665221135
 20
-1299447.164810202
 10
-2001843.665221135
 20
-1299447.164810202
  0
LINE
  5
19F
330
17
100
AcDbEntity
  8
A-FLOR-SPCL
  6
DASH
100
AcDbLine
 10
-2002593.665221135
 20
-1299097.164810202
 30
0.0
 11
-2001843.665221135
 21
-1299447.164810202
 31
0.0
  0
LINE
  5
1A0
330
17
100
AcDbEntity
  8
A-FLOR-SPCL
  6
DASH
100
AcDbLine
 10
-2001843.665221135
 20
-1299097.164810202
 30
0.0
 11
-2002593.665221135
 21
-1299447.164810202
 31
0.0
  0
TEXT
  5
1A1
330
17
100
AcDbEntity
  8
A-ANNO-TEXT
100
AcDbText
 10
-2002476.790221135
 20
-1299447.164810202
 30
2.22e-13
 40
350.0
  1
A/C
  7
ROS
 41
0.7
 72
1
 11
-2002218.665221135
 21
-1299272.164810202
 31
2.22e-13
100
AcDbText
 73
2
  0
LWPOLYLINE
  5
1A2
330
17
100
AcDbEntity
  8
A-FLOR-SPCL
  6
DASH
100
AcDbPolyline
 90
4
 70
1
 10
-2005487.722982118
 20
-1299097.164810202
 10
-2004737.722982118
 20
-1299097.164810202
 10
-2004737.722982118
 20
-1299447.164810202
 10
-2005487.722982118
 20
-1299447.164810202
  0
LINE
  5
1A3
330
17
100
AcDbEntity
  8
A-FLOR-SPCL
  6
DASH
100
AcDbLine
 10
-2004737.722982118
 20
-1299097.164810202
 30
0.0
 11
-2005487.722982118
 21
-1299447.164810202
 31
0.0
  0
LINE
  5
1A4
330
17
100
AcDbEntity
  8
A-FLOR-SPCL
  6
DASH
100
AcDbLine
 10
-2005487.722982118
 20
-1299097.164810202
 30
0.0
 11
-2004737.722982118
 21
-1299447.164810202
 31
0.0
  0
TEXT
  5
1A5
330
17
100
AcDbEntity
  8
A-ANNO-TEXT
100
AcDbText
 10
-2005370.847982118
 20
-1299447.164810202
 30
2.22e-13
 40
350.0
  1
A/C
  7
ROS
 41
0.7
 72
1
 11
-2005112.722982118
 21
-1299272.164810202
 31
2.22e-13
100
AcDbText
 73
2
  0
LWPOLYLINE
  5
1A6
330
17
100
AcDbEntity
  8
0
100
AcDbPolyline
 90
4
 70
1
 10
-2042008.665221135
 20
-1290125.933370228
 10
-2042008.665221135
 20
-1288725.933370228
 10
-2040608.665221135
 20
-1288725.933370228
 10
-2040608.665221135
 20
-1290125.933370228
  0
LINE
  5
1A7
330
17
100
AcDbEntity
  8
0
100
AcDbLine
 10
-2042008.665221135
 20
-1288725.933370228
 30
0.0
 11
-2040608.665221135
 21
-1290125.933370228
 31
0.0
  0
LINE
  5
1A8
330
17
100
AcDbEntity
  8
0
100
AcDbLine
 10
-2042008.665221135
 20
-1290125.933370228
 30
0.0
 11
-2040608.665221135
 21
-1288725.933370228
 31
0.0
  0
LWPOLYLINE
  5
1A9
330
17
100
AcDbEntity
  8
0
100
AcDbPolyline
 90
4
 70
1
 10
-2042408.665221135
 20
-1289925.933370228
 10
-2042408.665221135
 20
-1288925.933370228
 10
-2042208.665221135
 20
-1288925.933370228
 10
-2042208.665221135
 20
-1289925.933370228
  0
LWPOLYLINE
  5
1AA
330
17
100
AcDbEntity
  8
0
100
AcDbPolyline
 90
4
 70
1
 10
-2042658.665221136
 20
-1290875.933370229
 10
-2042658.665221136
 20
-1292275.933370229
 10
-2040658.665221136
 20
-1292275.933370229
 10
-2040658.665221136
 20
-1290875.933370229
  0
LINE
  5
1AB
330
17
100
AcDbEntity
  8
0
100
AcDbLine
 10
-2042658.665221136
 20
-1292275.933370229
 30
0.0
 11
-2040658.665221136
 21
-1290875.933370229
 31
0.0
  0
LINE
  5
1AC
330
17
100
AcDbEntity
  8
0
100
AcDbLine
 10
-2042658.665221136
 20
-1290875.933370229
 30
0.0
 11
-2040658.665221136
 21
-1292275.933370229
 31
0.0
  0
LWPOLYLINE
  5
1AD
330
17
100
AcDbEntity
  8
0
100
AcDbPolyline
 90
4
 70
1
 10
-2042108.665221136
 20
-1292625.933370229
 10
-2041108.665221136
 20
-1292625.933370229
 10
-2041108.665221136
 20
-1292425.933370229
 10
-2042108.665221136
 20
-1292425.933370229
  0
LWPOLYLINE
  5
1AE
330
17
100
AcDbEntity
  8
0
100
AcDbPolyline
 90
4
 70
1
 10
-2023458.665221135
 20
-1293775.933370228
 10
-2022058.665221135
 20
-1293775.933370228
 10
-2022058.665221135
 20
-1292375.933370228
 10
-2023458.665221135
 20
-1292375.933370228
  0
LINE
  5
1AF
330
17
100
AcDbEntity
  8
0
100
AcDbLine
 10
-2022058.665221135
 20
-1293775.933370228
 30
0.0
 11
-2023458.665221135
 21
-1292375.933370228
 31
0.0
  0
LINE
  5
1B0
330
17
100
AcDbEntity
  8
0
100
AcDbLine
 10
-2023458.665221135
 20
-1293775.933370228
 30
0.0
 11
-2022058.665221135
 21
-1292375.933370228
 31
0.0
  0
LWPOLYLINE
  5
1B1
330
17
100
AcDbEntity
  8
0
100
AcDbPolyline
 90
4
 70
1
 10
-2023258.665221135
 20
-1294125.933370228
 10
-2022258.665221135
 20
-1294125.933370228
 10
-2022258.665221135
 20
-1293925.933370228
 10
-2023258.665221135
 20
-1293925.933370228
  0
LWPOLYLINE
  5
1B2
330
17
100
AcDbEntity
  8
0
100
AcDbPolyline
 90
4
 70
1
 10
-2000868.665221134
 20
-1290125.933370229
 10
-2000868.665221134
 20
-1288725.933370229
 10
-2002268.665221134
 20
-1288725.933370229
 10
-2002268.665221134
 20
-1290125.933370229
  0
LINE
  5
1B3
330
17
100
AcDbEntity
  8
0
100
AcDbLine
 10
-2000868.665221134
 20
-1288725.933370229
 30
0.0
 11
-2002268.665221134
 21
-1290125.933370229
 31
0.0
  0
LINE
  5
1B4
330
17
100
AcDbEntity
  8
0
100
AcDbLine
 10
-2000868.665221134
 20
-1290125.933370229
 30
0.0
 11
-2002268.665221134
 21
-1288725.933370229
 31
0.0
  0
LWPOLYLINE
  5
1B5
330
17
100
AcDbEntity
  8
0
100
AcDbPolyline
 90
4
 70
1
 10
-2000468.665221134
 20
-1289925.933370229
 10
-2000468.665221134
 20
-1288925.933370229
 10
-2000668.665221134
 20
-1288925.933370229
 10
-2000668.665221134
 20
-1289925.933370229
  0
LWPOLYLINE
  5
1B6
330
17
100
AcDbEntity
  8
0
100
AcDbPolyline
 90
4
 70
1
 10
-2000218.665221134
 20
-1290875.93337023
 10
-2000218.665221134
 20
-1292275.93337023
 10
-2002218.665221134
 20
-1292275.93337023
 10
-2002218.665221134
 20
-1290875.93337023
  0
LINE
  5
1B7
330
17
100
AcDbEntity
  8
0
100
AcDbLine
 10
-2000218.665221134
 20
-1292275.93337023
 30
0.0
 11
-2002218.665221134
 21
-1290875.93337023
 31
0.0
  0
LINE
  5
1B8
330
17
100
AcDbEntity
  8
0
100
AcDbLine
 10
-2000218.665221134
 20
-1290875.93337023
 30
0.0
 11
-2002218.665221134
 21
-1292275.93337023
 31
0.0
  0
LWPOLYLINE
  5
1B9
330
17
100
AcDbEntity
  8
0
100
AcDbPolyline
 90
4
 70
1
 10
-2000768.665221134
 20
-1292625.93337023
 10
-2001768.665221134
 20
-1292625.93337023
 10
-2001768.665221134
 20
-1292425.93337023
 10
-2000768.665221134
 20
-1292425.93337023
  0
TEXT
  5
1BA
330
17
100
AcDbEntity
  8
A-FLOR-IDEN
100
AcDbText
 10
-2045616.431098737
 20
-1292011.157214478
 30
0.0
 40
350.0
  1
餐厅
  7
ROS
 41
0.7
100
AcDbText
  0
TEXT
  5
1BB
330
17
100
AcDbEntity
  8
A-FLOR-IDEN
100
AcDbText
 10
-2040507.38358526
 20
-1294985.933370229
 30
0.0
 40
350.0
  1
弱电井
  7
ROS
 41
0.7
 72
1
 11
-2040107.34452276
 21
-1294985.933370229
 31
0.0
100
AcDbText
  0
TEXT
  5
1BC
330
17
100
AcDbEntity
  8
A-FLOR-IDEN
100
AcDbText
 10
-2037802.282590456
 20
-1291761.744734801
 30
0.0
 40
350.0
  1
加压井
  7
ROS
 41
0.7
 72
1
 11
-2037409.899777956
 21
-1291761.744734801
 31
0.0
100
AcDbText
  0
TEXT
  5
1BD
330
17
100
AcDbEntity
  8
A-FLOR-IDEN
100
AcDbText
 10
-2037738.665221135
 20
-1290175.933370229
 30
0.0
 40
350.0
  1
水暖井
  7
ROS
 41
0.7
 72
1
 11
-2037352.024596135
 21
-1290175.933370229
 31
0.0
100
AcDbText
  0
TEXT
  5
1BE
330
17
100
AcDbEntity
  8
A-FLOR-IDEN
100
AcDbText
 10
-2038957.649625598
 20
-1294985.933370229
 30
0.0
 40
350.0
  1
强电井
  7
ROS
 41
0.7
 72
1
 11
-2038558.567594348
 21
-1294985.933370229
 31
0.0
100
AcDbText
  0
INSERT
  5
1BF
102
{ACAD_XDICTIONARY
360
1C1
102
}
330
17
100
AcDbEntity
  8
A-FLOR-SPCL
100
AcDbBlockReference
  2
A$C64C607FF
 10
-2049008.665221135
 20
-1293375.933370228
 30
0.0
  0
LWPOLYLINE
  5
1C2
330
17
100
AcDbEntity
  8
A-FLOR-SPCL
100
AcDbPolyline
 90
3
 70
0
 10
-2049008.665221135
 20
-1295125.933370228
 10
-2048408.665221135
 20
-1295125.933370228
 10
-2048408.665221135
 20
-1296125.933370228
  0
INSERT
  5
1C3
102
{ACAD_XDICTIONARY
360
1C5
102
}
330
17
100
AcDbEntity
  8
A-FLOR-SPCL
100
AcDbBlockReference
  2
A$C09BB3BC1
 10
-2048108.665221135
 20
-1294175.93339783
 30
0.0
 50
180.0
  0
LWPOLYLINE
  5
1C6
330
17
100
AcDbEntity
  8
A-FLOR-SPCL
100
AcDbPolyline
 90
3
 70
0
 10
-2049008.665221135
 20
-1292875.933370229
 10
-2048408.665221135
 20
-1292875.933370229
 10
-2048408.665221135
 20
-1291975.933370228
  0
TEXT
  5
1C7
330
17
100
AcDbEntity
  8
A-FLOR-IDEN
100
AcDbText
 10
-2048003.330086916
 20
-1289977.998088422
 30
0.0
 40
350.0
  1
卧室
  7
ROS
 41
0.7
100
AcDbText
  0
TEXT
  5
1C8
330
17
100
AcDbEntity
  8
A-FLOR-IDEN
100
AcDbText
 10
-2044599.550910067
 20
-1289522.988660499
 30
0.0
 40
350.0
  1
厨房
  7
ROS
 41
0.7
100
AcDbText
  0
INSERT
  5
1C9
102
{ACAD_XDICTIONARY
360
1CB
102
}
330
17
100
AcDbEntity
  8
A-FLOR-SPCL
100
AcDbBlockReference
  2
A$C64C607FF
 10
-2029408.665221135
 20
-1293575.933370228
 30
0.0
 41
-1.0
  0
LWPOLYLINE
  5
1CC
330
17
100
AcDbEntity
  8
A-FLOR-SPCL
100
AcDbPolyline
 90
3
 70
0
 10
-2029408.665221134
 20
-1294275.933370228
 10
-2030008.665221134
 20
-1294275.933370228
 10
-2030008.665221134
 20
-1295275.933370228
  0
INSERT
  5
1CD
102
{ACAD_XDICTIONARY
360
1CF
102
}
330
17
100
AcDbEntity
  8
A-FLOR-SPCL
100
AcDbBlockReference
  2
A$C09BB3BC1
 10
-2030608.665221135
 20
-1292975.933370228
 30
0.0
 41
-1.0
 50
180.0
  0
LWPOLYLINE
  5
1D0
330
17
100
AcDbEntity
  8
A-FLOR-SPCL
100
AcDbPolyline
 90
3
 70
0
 10
-2030708.665221134
 20
-1291875.933370228
 10
-2031308.665221134
 20
-1291875.933370228
 10
-2031308.665221134
 20
-1292775.933370228
  0
INSERT
  5
1D1
102
{ACAD_XDICTIONARY
360
1D3
102
}
330
17
100
AcDbEntity
  8
A-FLOR-SPCL
100
AcDbBlockReference
  2
A$C64C607FF
 10
-2030708.665221135
 20
-1291375.933370228
 30
0.0
 41
-1.0
  0
INSERT
  5
1D4
102
{ACAD_XDICTIONARY
360
1D6
102
}
330
17
100
AcDbEntity
  8
A-FLOR-SPCL
100
AcDbBlockReference
  2
A$C09BB3BC1
 10
-2031707.716713757
 20
-1290675.933370228
 30
0.0
 41
-1.0
 50
180.0
  0
TEXT
  5
1D7
330
17
100
AcDbEntity
  8
A-FLOR-IDEN
100
AcDbText
 10
-2035762.554880323
 20
-1292011.157214478
 30
0.0
 40
350.0
  1
餐厅
  7
ROS
 41
0.7
100
AcDbText
  0
TEXT
  5
1D8
330
17
100
AcDbEntity
  8
A-FLOR-IDEN
100
AcDbText
 10
-2035377.687339064
 20
-1299450.933370229
 30
0.0
 40
350.0
  1
阳台
  7
ROS
 41
0.7
100
AcDbText
  0
LWPOLYLINE
  5
1D9
330
17
100
AcDbEntity
  8
A-FLOR-SPCL
100
AcDbPolyline
 90
4
 70
1
 10
-2039458.665221135
 20
-1298375.933370228
 10
-2039408.665221134
 20
-1298375.933370228
 10
-2039408.665221134
 20
-1298575.933370229
 10
-2039458.665221135
 20
-1298575.933370229
  0
LINE
  5
1DA
330
17
100
AcDbEntity
  8
A-FLOR-SPCL
100
AcDbLine
 10
-2039408.665221134
 20
-1298375.933370228
 30
0.0
 11
-2039458.665221135
 21
-1298575.933370229
 31
0.0
  0
LINE
  5
1DB
330
17
100
AcDbEntity
  8
A-FLOR-SPCL
100
AcDbLine
 10
-2039458.665221135
 20
-1298375.933370228
 30
0.0
 11
-2039408.665221134
 21
-1298575.933370229
 31
0.0
  0
LWPOLYLINE
  5
1DC
330
17
100
AcDbEntity
  8
A-FLOR-SPCL
100
AcDbPolyline
 90
4
 70
1
 10
-2038958.665221135
 20
-1298375.933370228
 10
-2039008.665221135
 20
-1298375.933370228
 10
-2039008.665221135
 20
-1298575.933370229
 10
-2038958.665221135
 20
-1298575.933370229
  0
LINE
  5
1DD
330
17
100
AcDbEntity
  8
A-FLOR-SPCL
100
AcDbLine
 10
-2039008.665221135
 20
-1298375.933370228
 30
0.0
 11
-2038958.665221135
 21
-1298575.933370229
 31
0.0
  0
LINE
  5
1DE
330
17
100
AcDbEntity
  8
A-FLOR-SPCL
100
AcDbLine
 10
-2038958.665221135
 20
-1298375.933370228
 30
0.0
 11
-2039008.665221135
 21
-1298575.933370229
 31
0.0
  0
TEXT
  5
1DF
330
17
100
AcDbEntity
  8
A-FLOR-IDEN
100
AcDbText
 10
-2035587.5519465
 20
-1289448.601332731
 30
0.0
 40
350.0
  1
厨房
  7
ROS
 41
0.7
100
AcDbText
  0
LWPOLYLINE
  5
1E0
330
17
100
AcDbEntity
  8
A-FLOR-SPCL
100
AcDbPolyline
 90
4
 70
1
 10
-2033908.665221136
 20
-1287275.933370228
 10
-2033608.665221135
 20
-1287275.933370228
 10
-2033608.665221135
 20
-1287325.933370228
 10
-2033908.665221136
 20
-1287325.933370228
  0
LINE
  5
1E1
330
17
100
AcDbEntity
  8
A-FLOR-SPCL
100
AcDbLine
 10
-2033608.665221135
 20
-1287275.933370229
 30
0.0
 11
-2033908.665221136
 21
-1287325.933370228
 31
0.0
  0
LINE
  5
1E2
330
17
100
AcDbEntity
  8
A-FLOR-SPCL
100
AcDbLine
 10
-2033908.665221136
 20
-1287275.933370228
 30
0.0
 11
-2033608.665221135
 21
-1287325.933370228
 31
0.0
  0
TEXT
  5
1E3
330
17
100
AcDbEntity
  8
A-FLOR-IDEN
100
AcDbText
 10
-2044841.805886075
 20
-1296951.915692723
 30
0.0
 40
350.0
  1
客厅
  7
ROS
 41
0.7
100
AcDbText
  0
TEXT
  5
1E4
330
17
100
AcDbEntity
  8
A-FLOR-IDEN
100
AcDbText
 10
-2048242.899042408
 20
-1292875.933370229
 30
0.0
 40
350.0
  1
卫
  7
ROS
 41
0.7
100
AcDbText
  0
TEXT
  5
1E5
330
17
100
AcDbEntity
  8
A-FLOR-IDEN
100
AcDbText
 10
-2047879.791296519
 20
-1298647.417683925
 30
0.0
 40
350.0
  1
卧室
  7
ROS
 41
0.7
100
AcDbText
  0
TEXT
  5
1E6
330
17
100
AcDbEntity
  8
A-FLOR-IDEN
100
AcDbText
 10
-2041046.243058295
 20
-1297233.68230074
 30
0.0
 40
350.0
  1
卧室
  7
ROS
 41
0.7
100
AcDbText
  0
TEXT
  5
1E7
330
17
100
AcDbEntity
  8
A-FLOR-IDEN
100
AcDbText
 10
-2032517.019383254
 20
-1288792.677267732
 30
0.0
 40
350.0
  1
卧室
  7
ROS
 41
0.7
100
AcDbText
  0
TEXT
  5
1E8
330
17
100
AcDbEntity
  8
A-FLOR-IDEN
100
AcDbText
 10
-2031593.679291739
 20
-1291875.933370229
 30
0.0
 40
350.0
  1
卫
  7
ROS
 41
0.7
100
AcDbText
  0
TEXT
  5
1E9
330
17
100
AcDbEntity
  8
A-FLOR-IDEN
100
AcDbText
 10
-2030284.105793039
 20
-1294293.799603582
 30
0.0
 40
350.0
  1
卫
  7
ROS
 41
0.7
100
AcDbText
  0
TEXT
  5
1EA
330
17
100
AcDbEntity
  8
A-FLOR-IDEN
100
AcDbText
 10
-2031264.882895752
 20
-1297577.328144993
 30
0.0
 40
350.0
  1
卧室
  7
ROS
 41
0.7
100
AcDbText
  0
TEXT
  5
1EB
330
17
100
AcDbEntity
  8
A-FLOR-IDEN
100
AcDbText
 10
-2038098.431133975
 20
-1297233.68230074
 30
0.0
 40
350.0
  1
卧室
  7
ROS
 41
0.7
100
AcDbText
  0
TEXT
  5
1EC
330
17
100
AcDbEntity
  8
A-FLOR-IDEN
100
AcDbText
 10
-2031615.956025208
 20
-1299529.159142809
 30
0.0
 40
350.0
  1
阳台
  7
ROS
 41
0.7
100
AcDbText
  0
TEXT
  5
1ED
330
17
100
AcDbEntity
  8
A-FLOR-IDEN
100
AcDbText
 10
-2034109.641141895
 20
-1296951.915692723
 30
0.0
 40
350.0
  1
客厅
  7
ROS
 41
0.7
100
AcDbText
  0
INSERT
  5
1EE
102
{ACAD_XDICTIONARY
360
1F0
102
}
330
17
100
AcDbEntity
  8
A-FLOR-SPCL
100
AcDbBlockReference
  2
A$C64C607FF
 10
-2049008.665221135
 20
-1294675.933370228
 30
0.0
  0
INSERT
  5
1F1
102
{ACAD_XDICTIONARY
360
1F3
102
}
330
17
100
AcDbEntity
  8
A-FLOR-SPCL
100
AcDbBlockReference
  2
A$C09BB3BC1
 10
-2048108.665221135
 20
-1293975.933370228
 30
0.0
 41
-1.0
  0
TEXT
  5
1F4
330
17
100
AcDbEntity
  8
A-FLOR-IDEN
100
AcDbText
 10
-2048359.995954527
 20
-1295463.950937412
 30
0.0
 40
350.0
  1
卫
  7
ROS
 41
0.7
100
AcDbText
  0
LWPOLYLINE
  5
1F5
330
17
100
AcDbEntity
  8
A-FLOR-SPCL
  6
DASH
100
AcDbPolyline
 90
4
 70
1
 10
-2045608.665221135
 20
-1300350.933370228
 10
-2046358.665221135
 20
-1300350.933370228
 10
-2046358.665221135
 20
-1300700.933370228
 10
-2045608.665221135
 20
-1300700.933370228
  0
LINE
  5
1F6
330
17
100
AcDbEntity
  8
A-FLOR-SPCL
  6
DASH
100
AcDbLine
 10
-2046358.665221135
 20
-1300350.933370228
 30
0.0
 11
-2045608.665221135
 21
-1300700.933370228
 31
0.0
  0
LINE
  5
1F7
330
17
100
AcDbEntity
  8
A-FLOR-SPCL
  6
DASH
100
AcDbLine
 10
-2045608.665221135
 20
-1300350.933370228
 30
0.0
 11
-2046358.665221135
 21
-1300700.933370228
 31
0.0
  0
TEXT
  5
1F8
330
17
100
AcDbEntity
  8
A-ANNO-TEXT
100
AcDbText
 10
-2046338.040221135
 20
-1300700.933370228
 30
2.22e-13
 40
350.0
  1
2A/C
  7
ROS
 41
0.7
 72
1
 11
-2045983.665221135
 21
-1300525.933370228
 31
2.22e-13
100
AcDbText
 73
2
  0
LWPOLYLINE
  5
1F9
330
17
100
AcDbEntity
  8
A-FLOR-SPCL
  6
DASH
100
AcDbPolyline
 90
4
 70
1
 10
-2032808.665221135
 20
-1300350.933370228
 10
-2032058.665221135
 20
-1300350.933370228
 10
-2032058.665221135
 20
-1300700.933370228
 10
-2032808.665221135
 20
-1300700.933370228
  0
LINE
  5
1FA
330
17
100
AcDbEntity
  8
A-FLOR-SPCL
  6
DASH
100
AcDbLine
 10
-2032058.665221135
 20
-1300350.933370228
 30
0.0
 11
-2032808.665221135
 21
-1300700.933370228
 31
0.0
  0
LINE
  5
1FB
330
17
100
AcDbEntity
  8
A-FLOR-SPCL
  6
DASH
100
AcDbLine
 10
-2032808.665221135
 20
-1300350.933370228
 30
0.0
 11
-2032058.665221135
 21
-1300700.933370228
 31
0.0
  0
TEXT
  5
1FC
330
17
100
AcDbEntity
  8
A-ANNO-TEXT
100
AcDbText
 10
-2032788.040221134
 20
-1300700.933370228
 30
2.22e-13
 40
350.0
  1
2A/C
 50
1.9185e-12
  7
ROS
 41
0.7
 72
1
 11
-2032433.665221134
 21
-1300525.933370228
 31
2.22e-13
100
AcDbText
 73
2
  0
LWPOLYLINE
  5
1FD
330
17
100
AcDbEntity
  8
A-FLOR-SPCL
  6
DASH
100
AcDbPolyline
 90
4
 70
1
 10
-2041033.665221135
 20
-1299097.164810201
 10
-2040283.665221135
 20
-1299097.164810201
 10
-2040283.665221135
 20
-1299447.164810201
 10
-2041033.665221135
 20
-1299447.164810201
  0
LINE
  5
1FE
330
17
100
AcDbEntity
  8
A-FLOR-SPCL
  6
DASH
100
AcDbLine
 10
-2040283.665221135
 20
-1299097.164810201
 30
0.0
 11
-2041033.665221135
 21
-1299447.164810201
 31
0.0
  0
LINE
  5
1FF
330
17
100
AcDbEntity
  8
A-FLOR-SPCL
  6
DASH
100
AcDbLine
 10
-2041033.665221135
 20
-1299097.164810201
 30
0.0
 11
-2040283.665221135
 21
-1299447.164810201
 31
0.0
  0
TEXT
  5
200
330
17
100
AcDbEntity
  8
A-ANNO-TEXT
100
AcDbText
 10
-2040916.790221134
 20
-1299447.164810201
 30
2.22e-13
 40
350.0
  1
A/C
  7
ROS
 41
0.7
 72
1
 11
-2040658.665221134
 21
-1299272.164810201
 31
2.22e-13
100
AcDbText
 73
2
  0
LWPOLYLINE
  5
201
330
17
100
AcDbEntity
  8
A-FLOR-SPCL
  6
DASH
100
AcDbPolyline
 90
4
 70
1
 10
-2037389.607460152
 20
-1299097.164810201
 10
-2038139.607460152
 20
-1299097.164810201
 10
-2038139.607460152
 20
-1299447.164810201
 10
-2037389.607460152
 20
-1299447.164810201
  0
LINE
  5
202
330
17
100
AcDbEntity
  8
A-FLOR-SPCL
  6
DASH
100
AcDbLine
 10
-2038139.607460152
 20
-1299097.164810201
 30
0.0
 11
-2037389.607460152
 21
-1299447.164810201
 31
0.0
  0
LINE
  5
203
330
17
100
AcDbEntity
  8
A-FLOR-SPCL
  6
DASH
100
AcDbLine
 10
-2037389.607460152
 20
-1299097.164810201
 30
0.0
 11
-2038139.607460152
 21
-1299447.164810201
 31
0.0
  0
TEXT
  5
204
330
17
100
AcDbEntity
  8
A-ANNO-TEXT
100
AcDbText
 10
-2038022.732460152
 20
-1299447.164810201
 30
2.22e-13
 40
350.0
  1
A/C
  7
ROS
 41
0.7
 72
1
 11
-2037764.607460152
 21
-1299272.164810201
 31
2.22e-13
100
AcDbText
 73
2
  0
LWPOLYLINE
  5
205
330
17
100
AcDbEntity
  8
A-FLOR-SPCL
  6
DASH
100
AcDbPolyline
 90
4
 70
1
 10
-2035169.028718787
 20
-1287310.266885077
 10
-2035919.028718787
 20
-1287310.266885077
 10
-2035919.028718787
 20
-1287660.266885077
 10
-2035169.028718787
 20
-1287660.266885077
  0
LINE
  5
206
330
17
100
AcDbEntity
  8
A-FLOR-SPCL
  6
DASH
100
AcDbLine
 10
-2035919.028718787
 20
-1287310.266885077
 30
0.0
 11
-2035169.028718787
 21
-1287660.266885077
 31
0.0
  0
LINE
  5
207
330
17
100
AcDbEntity
  8
A-FLOR-SPCL
  6
DASH
100
AcDbLine
 10
-2035169.028718787
 20
-1287310.266885077
 30
0.0
 11
-2035919.028718787
 21
-1287660.266885077
 31
0.0
  0
TEXT
  5
208
330
17
100
AcDbEntity
  8
A-ANNO-TEXT
100
AcDbText
 10
-2035802.153718788
 20
-1287660.266885077
 30
2.22e-13
 40
350.0
  1
A/C
  7
ROS
 41
0.7
 72
1
 11
-2035544.028718788
 21
-1287485.266885077
 31
2.22e-13
100
AcDbText
 73
2
  0
TEXT
  5
209
330
17
100
AcDbEntity
  8
A-FLOR-IDEN
100
AcDbText
 10
-1997980.039968533
 20
-1292011.157214479
 30
0.0
 40
350.0
  1
餐厅
  7
ROS
 41
0.7
100
AcDbText
  0
TEXT
  5
20A
330
17
100
AcDbEntity
  8
A-FLOR-IDEN
100
AcDbText
 10
-2003136.375443303
 20
-1295008.691464241
 30
0.0
 40
350.0
  1
弱电井
  7
ROS
 41
0.7
 72
1
 11
-2002736.336380803
 21
-1295008.691464241
 31
0.0
100
AcDbText
  0
TEXT
  5
20B
330
17
100
AcDbEntity
  8
A-FLOR-IDEN
100
AcDbText
 10
-2005878.047459371
 20
-1291875.933370229
 30
0.0
 40
350.0
  1
加压井
  7
ROS
 41
0.7
 72
1
 11
-2005485.664646871
 21
-1291875.933370229
 31
0.0
100
AcDbText
  0
TEXT
  5
20C
330
17
100
AcDbEntity
  8
A-FLOR-IDEN
100
AcDbText
 10
-2005866.856308146
 20
-1288736.737851114
 30
0.0
 40
350.0
  1
水暖井
  7
ROS
 41
0.7
 72
1
 11
-2005480.215683146
 21
-1288736.737851114
 31
0.0
100
AcDbText
  0
TEXT
  5
20D
330
17
100
AcDbEntity
  8
A-FLOR-IDEN
100
AcDbText
 10
-2004963.186989615
 20
-1295008.381837523
 30
0.0
 40
350.0
  1
强电井
  7
ROS
 41
0.7
 72
1
 11
-2004564.104958365
 21
-1295008.381837523
 31
0.0
100
AcDbText
  0
INSERT
  5
20E
102
{ACAD_XDICTIONARY
360
210
102
}
330
17
100
AcDbEntity
  8
A-FLOR-SPCL
100
AcDbBlockReference
  2
A$C64C607FF
 10
-1993868.665221135
 20
-1293375.933370229
 30
0.0
 41
-1.0
  0
LWPOLYLINE
  5
211
330
17
100
AcDbEntity
  8
A-FLOR-SPCL
100
AcDbPolyline
 90
3
 70
0
 10
-1993868.665221134
 20
-1295125.933370229
 10
-1994468.665221134
 20
-1295125.933370229
 10
-1994468.665221134
 20
-1296125.933370229
  0
INSERT
  5
212
102
{ACAD_XDICTIONARY
360
214
102
}
330
17
100
AcDbEntity
  8
A-FLOR-SPCL
100
AcDbBlockReference
  2
A$C09BB3BC1
 10
-1995068.665221135
 20
-1294175.933396764
 30
0.0
 41
-1.0
 50
180.0
  0
LWPOLYLINE
  5
215
330
17
100
AcDbEntity
  8
A-FLOR-SPCL
100
AcDbPolyline
 90
3
 70
0
 10
-1993868.665221135
 20
-1292875.933370229
 10
-1994468.665221135
 20
-1292875.933370229
 10
-1994468.665221135
 20
-1291975.933370229
  0
TEXT
  5
216
330
17
100
AcDbEntity
  8
A-FLOR-IDEN
100
AcDbText
 10
-1998718.372367349
 20
-1289339.872410387
 30
0.0
 40
350.0
  1
厨房
  7
ROS
 41
0.7
100
AcDbText
  0
TEXT
  5
217
330
17
100
AcDbEntity
  8
A-FLOR-IDEN
100
AcDbText
 10
-1999899.085272049
 20
-1299305.712825364
 30
0.0
 40
350.0
  1
阳台
  7
ROS
 41
0.7
100
AcDbText
  0
INSERT
  5
218
102
{ACAD_XDICTIONARY
360
21A
102
}
330
17
100
AcDbEntity
  8
A-FLOR-SPCL
100
AcDbBlockReference
  2
A$C64C607FF
 10
-2013468.665221135
 20
-1293575.933370229
 30
0.0
  0
LWPOLYLINE
  5
21B
330
17
100
AcDbEntity
  8
A-FLOR-SPCL
100
AcDbPolyline
 90
3
 70
0
 10
-2013468.665221135
 20
-1294275.933370229
 10
-2012868.665221135
 20
-1294275.933370229
 10
-2012868.665221135
 20
-1295275.933370229
  0
INSERT
  5
21C
102
{ACAD_XDICTIONARY
360
21E
102
}
330
17
100
AcDbEntity
  8
A-FLOR-SPCL
100
AcDbBlockReference
  2
A$C09BB3BC1
 10
-2012268.665221135
 20
-1292975.933370229
 30
0.0
 50
180.0
  0
LWPOLYLINE
  5
21F
330
17
100
AcDbEntity
  8
A-FLOR-SPCL
100
AcDbPolyline
 90
3
 70
0
 10
-2012168.665221135
 20
-1291875.933370229
 10
-2011568.665221135
 20
-1291875.933370229
 10
-2011568.665221135
 20
-1292775.933370229
  0
INSERT
  5
220
102
{ACAD_XDICTIONARY
360
222
102
}
330
17
100
AcDbEntity
  8
A-FLOR-SPCL
100
AcDbBlockReference
  2
A$C64C607FF
 10
-2012168.665221135
 20
-1291375.933370229
 30
0.0
  0
INSERT
  5
223
102
{ACAD_XDICTIONARY
360
225
102
}
330
17
100
AcDbEntity
  8
A-FLOR-SPCL
100
AcDbBlockReference
  2
A$C09BB3BC1
 10
-2011297.800131821
 20
-1290675.933370229
 30
0.0
 50
180.0
  0
TEXT
  5
226
330
17
100
AcDbEntity
  8
A-FLOR-IDEN
100
AcDbText
 10
-2007330.039968533
 20
-1292011.157214479
 30
0.0
 40
350.0
  1
餐厅
  7
ROS
 41
0.7
100
AcDbText
  0
TEXT
  5
227
330
17
100
AcDbEntity
  8
A-FLOR-IDEN
100
AcDbText
 10
-2009229.83293328
 20
-1299263.46944533
 30
0.0
 40
350.0
  1
阳台
  7
ROS
 41
0.7
100
AcDbText
  0
LWPOLYLINE
  5
228
330
17
100
AcDbEntity
  8
A-FLOR-SPCL
100
AcDbPolyline
 90
4
 70
1
 10
-2003343.665221135
 20
-1298375.933370229
 10
-2003393.665221135
 20
-1298375.933370229
 10
-2003393.665221135
 20
-1298575.933370229
 10
-2003343.665221135
 20
-1298575.933370229
  0
LINE
  5
229
330
17
100
AcDbEntity
  8
A-FLOR-SPCL
100
AcDbLine
 10
-2003393.665221135
 20
-1298375.933370229
 30
0.0
 11
-2003343.665221135
 21
-1298575.933370229
 31
0.0
  0
LINE
  5
22A
330
17
100
AcDbEntity
  8
A-FLOR-SPCL
100
AcDbLine
 10
-2003343.665221135
 20
-1298375.933370229
 30
0.0
 11
-2003393.665221135
 21
-1298575.933370229
 31
0.0
  0
LWPOLYLINE
  5
22B
330
17
100
AcDbEntity
  8
A-FLOR-SPCL
100
AcDbPolyline
 90
4
 70
1
 10
-2003993.665221135
 20
-1298375.933370229
 10
-2003943.665221134
 20
-1298375.933370229
 10
-2003943.665221134
 20
-1298575.933370229
 10
-2003993.665221135
 20
-1298575.933370229
  0
LINE
  5
22C
330
17
100
AcDbEntity
  8
A-FLOR-SPCL
100
AcDbLine
 10
-2003943.665221134
 20
-1298375.933370229
 30
0.0
 11
-2003993.665221135
 21
-1298575.933370229
 31
0.0
  0
LINE
  5
22D
330
17
100
AcDbEntity
  8
A-FLOR-SPCL
100
AcDbLine
 10
-2003993.665221135
 20
-1298375.933370229
 30
0.0
 11
-2003943.665221134
 21
-1298575.933370229
 31
0.0
  0
TEXT
  5
22E
330
17
100
AcDbEntity
  8
A-FLOR-IDEN
100
AcDbText
 10
-2007830.317670139
 20
-1289370.59724047
 30
0.0
 40
350.0
  1
厨房
  7
ROS
 41
0.7
100
AcDbText
  0
LWPOLYLINE
  5
22F
330
17
100
AcDbEntity
  8
A-FLOR-SPCL
100
AcDbPolyline
 90
4
 70
1
 10
-2008968.665221133
 20
-1287275.933370229
 10
-2009268.665221135
 20
-1287275.933370229
 10
-2009268.665221135
 20
-1287325.933370229
 10
-2008968.665221133
 20
-1287325.933370229
  0
LINE
  5
230
330
17
100
AcDbEntity
  8
A-FLOR-SPCL
100
AcDbLine
 10
-2009268.665221135
 20
-1287275.933370229
 30
0.0
 11
-2008968.665221133
 21
-1287325.933370229
 31
0.0
  0
LINE
  5
231
330
17
100
AcDbEntity
  8
A-FLOR-SPCL
100
AcDbLine
 10
-2008968.665221133
 20
-1287275.933370229
 30
0.0
 11
-2009268.665221135
 21
-1287325.933370229
 31
0.0
  0
TEXT
  5
232
330
17
100
AcDbEntity
  8
A-FLOR-IDEN
100
AcDbText
 10
-1998569.641141895
 20
-1296951.915692724
 30
0.0
 40
350.0
  1
客厅
  7
ROS
 41
0.7
100
AcDbText
  0
TEXT
  5
233
330
17
100
AcDbEntity
  8
A-FLOR-IDEN
100
AcDbText
 10
-1995075.990877119
 20
-1293425.933370228
 30
0.0
 40
350.0
  1
卫
  7
ROS
 41
0.7
100
AcDbText
  0
TEXT
  5
234
330
17
100
AcDbEntity
  8
A-FLOR-IDEN
100
AcDbText
 10
-1995724.882895752
 20
-1298647.417683926
 30
0.0
 40
350.0
  1
卧室
  7
ROS
 41
0.7
100
AcDbText
  0
TEXT
  5
235
330
17
100
AcDbEntity
  8
A-FLOR-IDEN
100
AcDbText
 10
-2002558.431133975
 20
-1297233.682300741
 30
0.0
 40
350.0
  1
卧室
  7
ROS
 41
0.7
100
AcDbText
  0
TEXT
  5
236
330
17
100
AcDbEntity
  8
A-FLOR-IDEN
100
AcDbText
 10
-2011087.654809016
 20
-1288792.677267733
 30
0.0
 40
350.0
  1
卧室
  7
ROS
 41
0.7
100
AcDbText
  0
TEXT
  5
237
330
17
100
AcDbEntity
  8
A-FLOR-IDEN
100
AcDbText
 10
-2011490.234469263
 20
-1291875.933370229
 30
0.0
 40
350.0
  1
卫
  7
ROS
 41
0.7
100
AcDbText
  0
TEXT
  5
238
330
17
100
AcDbEntity
  8
A-FLOR-IDEN
100
AcDbText
 10
-2012601.101006401
 20
-1294293.799603583
 30
0.0
 40
350.0
  1
卫
  7
ROS
 41
0.7
100
AcDbText
  0
TEXT
  5
239
330
17
100
AcDbEntity
  8
A-FLOR-IDEN
100
AcDbText
 10
-2012339.791296518
 20
-1297577.328144994
 30
0.0
 40
350.0
  1
卧室
  7
ROS
 41
0.7
100
AcDbText
  0
TEXT
  5
23A
330
17
100
AcDbEntity
  8
A-FLOR-IDEN
100
AcDbText
 10
-2005506.243058295
 20
-1297233.682300741
 30
0.0
 40
350.0
  1
卧室
  7
ROS
 41
0.7
100
AcDbText
  0
TEXT
  5
23B
330
17
100
AcDbEntity
  8
A-FLOR-IDEN
100
AcDbText
 10
-2012780.100881676
 20
-1299472.537944218
 30
0.0
 40
350.0
  1
阳台
  7
ROS
 41
0.7
100
AcDbText
  0
TEXT
  5
23C
330
17
100
AcDbEntity
  8
A-FLOR-IDEN
100
AcDbText
 10
-2009495.033050374
 20
-1296951.915692724
 30
0.0
 40
350.0
  1
客厅
  7
ROS
 41
0.7
100
AcDbText
  0
INSERT
  5
23D
102
{ACAD_XDICTIONARY
360
23F
102
}
330
17
100
AcDbEntity
  8
A-FLOR-SPCL
100
AcDbBlockReference
  2
A$C64C607FF
 10
-1993868.665221135
 20
-1294675.933370229
 30
0.0
 41
-1.0
  0
INSERT
  5
240
102
{ACAD_XDICTIONARY
360
242
102
}
330
17
100
AcDbEntity
  8
A-FLOR-SPCL
100
AcDbBlockReference
  2
A$C09BB3BC1
 10
-1995068.665221135
 20
-1293975.933370229
 30
0.0
  0
TEXT
  5
243
330
17
100
AcDbEntity
  8
A-FLOR-IDEN
100
AcDbText
 10
-1994768.646684038
 20
-1295619.29896773
 30
0.0
 40
350.0
  1
卫
  7
ROS
 41
0.7
100
AcDbText
  0
LWPOLYLINE
  5
244
330
17
100
AcDbEntity
  8
A-FLOR-SPCL
  6
DASH
100
AcDbPolyline
 90
4
 70
1
 10
-1997268.665221135
 20
-1300350.933370229
 10
-1996518.665221135
 20
-1300350.933370229
 10
-1996518.665221135
 20
-1300700.933370229
 10
-1997268.665221135
 20
-1300700.933370229
  0
LINE
  5
245
330
17
100
AcDbEntity
  8
A-FLOR-SPCL
  6
DASH
100
AcDbLine
 10
-1996518.665221135
 20
-1300350.933370229
 30
0.0
 11
-1997268.665221135
 21
-1300700.933370229
 31
0.0
  0
LINE
  5
246
330
17
100
AcDbEntity
  8
A-FLOR-SPCL
  6
DASH
100
AcDbLine
 10
-1997268.665221135
 20
-1300350.933370229
 30
0.0
 11
-1996518.665221135
 21
-1300700.933370229
 31
0.0
  0
TEXT
  5
247
330
17
100
AcDbEntity
  8
A-ANNO-TEXT
100
AcDbText
 10
-1997248.040221134
 20
-1300700.933370229
 30
2.22e-13
 40
350.0
  1
2A/C
  7
ROS
 41
0.7
 72
1
 11
-1996893.665221134
 21
-1300525.933370229
 31
2.22e-13
100
AcDbText
 73
2
  0
LWPOLYLINE
  5
248
330
17
100
AcDbEntity
  8
A-FLOR-SPCL
  6
DASH
100
AcDbPolyline
 90
4
 70
1
 10
-2010068.665221135
 20
-1300350.933370229
 10
-2010818.665221135
 20
-1300350.933370229
 10
-2010818.665221135
 20
-1300700.933370229
 10
-2010068.665221135
 20
-1300700.933370229
  0
LINE
  5
249
330
17
100
AcDbEntity
  8
A-FLOR-SPCL
  6
DASH
100
AcDbLine
 10
-2010818.665221135
 20
-1300350.933370229
 30
0.0
 11
-2010068.665221135
 21
-1300700.933370229
 31
0.0
  0
LINE
  5
24A
330
17
100
AcDbEntity
  8
A-FLOR-SPCL
  6
DASH
100
AcDbLine
 10
-2010068.665221135
 20
-1300350.933370229
 30
0.0
 11
-2010818.665221135
 21
-1300700.933370229
 31
0.0
  0
TEXT
  5
24B
330
17
100
AcDbEntity
  8
A-ANNO-TEXT
100
AcDbText
 10
-2010798.040221135
 20
-1300700.933370229
 30
2.22e-13
 40
350.0
  1
2A/C
 50
359.9999999999981
  7
ROS
 41
0.7
 72
1
 11
-2010443.665221135
 21
-1300525.933370229
 31
2.22e-13
100
AcDbText
 73
2
  0
LWPOLYLINE
  5
24C
330
17
100
AcDbEntity
  8
A-FLOR-SPCL
  6
DASH
100
AcDbPolyline
 90
4
 70
1
 10
-2001843.665221135
 20
-1299097.164810202
 10
-2002593.665221135
 20
-1299097.164810202
 10
-2002593.665221135
 20
-1299447.164810202
 10
-2001843.665221135
 20
-1299447.164810202
  0
LINE
  5
24D
330
17
100
AcDbEntity
  8
A-FLOR-SPCL
  6
DASH
100
AcDbLine
 10
-2002593.665221135
 20
-1299097.164810202
 30
0.0
 11
-2001843.665221135
 21
-1299447.164810202
 31
0.0
  0
LINE
  5
24E
330
17
100
AcDbEntity
  8
A-FLOR-SPCL
  6
DASH
100
AcDbLine
 10
-2001843.665221135
 20
-1299097.164810202
 30
0.0
 11
-2002593.665221135
 21
-1299447.164810202
 31
0.0
  0
TEXT
  5
24F
330
17
100
AcDbEntity
  8
A-FLOR-IDEN
100
AcDbText
 10
-2002476.790221135
 20
-1299447.164810202
 30
2.22e-13
 40
350.0
  1
A/C
  7
ROS
 41
0.7
 72
1
 11
-2002218.665221135
 21
-1299272.164810202
 31
2.22e-13
100
AcDbText
 73
2
  0
LWPOLYLINE
  5
250
330
17
100
AcDbEntity
  8
A-FLOR-SPCL
  6
DASH
100
AcDbPolyline
 90
4
 70
1
 10
-2005487.722982118
 20
-1299097.164810202
 10
-2004737.722982118
 20
-1299097.164810202
 10
-2004737.722982118
 20
-1299447.164810202
 10
-2005487.722982118
 20
-1299447.164810202
  0
LINE
  5
251
330
17
100
AcDbEntity
  8
A-FLOR-SPCL
  6
DASH
100
AcDbLine
 10
-2004737.722982118
 20
-1299097.164810202
 30
0.0
 11
-2005487.722982118
 21
-1299447.164810202
 31
0.0
  0
LINE
  5
252
330
17
100
AcDbEntity
  8
A-FLOR-SPCL
  6
DASH
100
AcDbLine
 10
-2005487.722982118
 20
-1299097.164810202
 30
0.0
 11
-2004737.722982118
 21
-1299447.164810202
 31
0.0
  0
TEXT
  5
253
330
17
100
AcDbEntity
  8
A-FLOR-IDEN
100
AcDbText
 10
-2005370.847982118
 20
-1299447.164810202
 30
2.22e-13
 40
350.0
  1
A/C
  7
ROS
 41
0.7
 72
1
 11
-2005112.722982118
 21
-1299272.164810202
 31
2.22e-13
100
AcDbText
 73
2
  0
LINE
  5
254
330
17
100
AcDbEntity
  8
PROMPT
100
AcDbLine
 10
-2014758.665221135
 20
-1298745.933370229
 30
0.0
 11
-2016558.665221135
 21
-1298745.933370229
 31
0.0
  0
LWPOLYLINE
  5
255
330
17
100
AcDbEntity
  8
0
100
AcDbPolyline
 90
4
 70
1
 10
-2022578.658105236
 20
-1300525.933368828
 10
-2025078.672337035
 20
-1300525.933368867
 10
-2025078.672337038
 20
-1300425.933371629
 10
-2022578.658105236
 20
-1300425.933368828
  0
LWPOLYLINE
  5
256
330
17
100
AcDbEntity
  8
0
100
AcDbPolyline
 90
4
 70
1
 10
-2020638.672337034
 20
-1300525.933368828
 10
-2018138.658105235
 20
-1300525.933368867
 10
-2018138.658105232
 20
-1300425.933371629
 10
-2020638.672337034
 20
-1300425.933368828
  0
LWPOLYLINE
  5
257
330
17
100
AcDbEntity
  8
A-FLOR-SPCL
  6
DASH
100
AcDbPolyline
 90
4
 70
1
 10
-2026459.716227694
 20
-1299325.93337023
 10
-2026459.716227694
 20
-1300075.93337023
 10
-2026109.716227694
 20
-1300075.93337023
 10
-2026109.716227694
 20
-1299325.93337023
  0
LINE
  5
258
330
17
100
AcDbEntity
  8
A-FLOR-SPCL
  6
DASH
100
AcDbLine
 10
-2026459.716227694
 20
-1300075.93337023
 30
0.0
 11
-2026109.716227694
 21
-1299325.93337023
 31
0.0
  0
LINE
  5
259
330
17
100
AcDbEntity
  8
A-FLOR-SPCL
  6
DASH
100
AcDbLine
 10
-2026459.716227694
 20
-1299325.93337023
 30
0.0
 11
-2026109.716227694
 21
-1300075.93337023
 31
0.0
  0
TEXT
  5
25A
330
17
100
AcDbEntity
  8
A-ANNO-TEXT
100
AcDbText
 10
-2026109.716227694
 20
-1300055.30837023
 30
0.0
 40
350.0
  1
2A/C
 50
90.0
  7
ROS
 41
0.7
 72
1
 11
-2026284.716227694
 21
-1299700.93337023
 31
0.0
100
AcDbText
 73
2
  0
LWPOLYLINE
  5
25B
330
17
100
AcDbEntity
  8
A-FLOR-SPCL
  6
DASH
100
AcDbPolyline
 90
4
 70
1
 10
-2016757.614214576
 20
-1299325.93337023
 10
-2016757.614214576
 20
-1300075.93337023
 10
-2017107.614214576
 20
-1300075.93337023
 10
-2017107.614214576
 20
-1299325.93337023
  0
LINE
  5
25C
330
17
100
AcDbEntity
  8
A-FLOR-SPCL
  6
DASH
100
AcDbLine
 10
-2016757.614214576
 20
-1300075.93337023
 30
0.0
 11
-2017107.614214576
 21
-1299325.93337023
 31
0.0
  0
LINE
  5
25D
330
17
100
AcDbEntity
  8
A-FLOR-SPCL
  6
DASH
100
AcDbLine
 10
-2016757.614214576
 20
-1299325.93337023
 30
0.0
 11
-2017107.614214576
 21
-1300075.93337023
 31
0.0
  0
TEXT
  5
25E
330
17
100
AcDbEntity
  8
A-ANNO-TEXT
100
AcDbText
 10
-2016782.614214576
 20
-1300055.308370231
 30
0.0
 40
350.0
  1
2A/C
 50
90.0
  7
ROS
 41
0.7
 72
1
 11
-2016957.614214576
 21
-1299700.933370231
 31
0.0
100
AcDbText
 73
2
  0
TEXT
  5
25F
330
17
100
AcDbEntity
  8
A-FLOR-IDEN
100
AcDbText
 10
-2044969.190712087
 20
-1299340.161026734
 30
0.0
 40
350.0
  1
阳台
  7
ROS
 41
0.7
100
AcDbText
  0
LWPOLYLINE
  5
260
330
17
100
AcDbEntity
  8
0
100
AcDbPolyline
 90
4
 70
1
 10
-2033160.211843023
 20
-1300325.933368042
 10
-2035660.226074822
 20
-1300325.933368082
 10
-2035660.226074825
 20
-1300225.933370843
 10
-2033160.211843023
 20
-1300225.933368042
  0
LWPOLYLINE
  5
261
330
17
100
AcDbEntity
  8
0
100
AcDbPolyline
 90
4
 70
1
 10
-2042751.386239387
 20
-1300325.933368042
 10
-2045251.400471186
 20
-1300325.933368082
 10
-2045251.400471189
 20
-1300225.933370843
 10
-2042751.386239387
 20
-1300225.933368042
  0
LWPOLYLINE
  5
262
330
17
100
AcDbEntity
  8
0
100
AcDbPolyline
 90
4
 70
1
 10
-2007199.54793017
 20
-1300325.933368042
 10
-2009699.562161969
 20
-1300325.933368082
 10
-2009699.562161972
 20
-1300225.933370843
 10
-2007199.54793017
 20
-1300225.933368042
  0
LWPOLYLINE
  5
263
330
17
100
AcDbEntity
  8
0
100
AcDbPolyline
 90
4
 70
1
 10
-1997626.318571769
 20
-1300325.933368042
 10
-2000126.332803568
 20
-1300325.933368082
 10
-2000126.332803571
 20
-1300225.933370843
 10
-1997626.318571769
 20
-1300225.933368042
  0
TEXT
  5
264
330
17
100
AcDbEntity
  8
A-FLOR-IDEN
100
AcDbText
 10
-2019951.0234524
 20
-1289441.375387717
 30
0.0
 40
350.0
  1
电井
  7
ROS
 41
0.7
 72
1
 11
-2019686.8828274
 21
-1289441.375387717
 31
0.0
100
AcDbText
  0
TEXT
  5
265
330
17
100
AcDbEntity
  8
A-FLOR-IDEN
100
AcDbText
 10
-2020293.939050516
 20
-1288961.422088152
 30
0.0
 40
350.0
  1
水暖井
  7
ROS
 41
0.7
 72
1
 11
-2019907.298425516
 21
-1288961.422088152
 31
0.0
100
AcDbText
  0
TEXT
  5
266
330
17
100
AcDbEntity
  8
A-FLOR-IDEN
100
AcDbText
 10
-2023775.403265643
 20
-1289225.491547608
 30
0.0
 40
350.0
  1
加压井
  7
ROS
 41
0.7
 72
1
 11
-2023383.020453143
 21
-1289225.491547608
 31
0.0
100
AcDbText
  0
LWPOLYLINE
  5
267
330
17
100
AcDbEntity
  8
PUB_TITLE
100
AcDbPolyline
 90
4
 70
1
 10
-2059701.259866664
 20
-1314441.559322141
 10
-1985401.259866664
 20
-1314441.559322141
 10
-1985401.259866664
 20
-1272441.559322141
 10
-2059701.259866664
 20
-1272441.559322141
  0
LWPOLYLINE
  5
268
330
17
100
AcDbEntity
  8
PUB_TITLE
100
AcDbPolyline
 90
4
 70
1
 43
100.0
 10
-2057201.259866664
 20
-1313441.559322141
 10
-1986401.259866664
 20
-1313441.559322141
 10
-1986401.259866664
 20
-1273441.559322141
 10
-2057201.259866664
 20
-1273441.559322141
  0
LWPOLYLINE
  5
269
330
17
100
AcDbEntity
  8
TUK
100
AcDbPolyline
 90
3
 70
0
 43
100.0
 10
-2010401.259866664
 20
-1313441.559322141
 10
-1986401.259866664
 20
-1313441.559322141
 10
-1986401.259866664
 20
-1309441.559322141
  0
LINE
  5
26A
330
17
100
AcDbEntity
  8
PUB_TEXT
100
AcDbLine
 10
-2006401.259866664
 20
-1311441.559322141
 30
0.0
 11
-1986401.259866664
 21
-1311441.559322141
 31
0.0
  0
LINE
  5
26B
330
17
100
AcDbEntity
  8
0
100
AcDbLine
 10
-2006401.259866664
 20
-1309441.559322141
 30
0.0
 11
-1986401.259866664
 21
-1309441.559322141
 31
0.0
  0
LWPOLYLINE
  5
26C
330
17
100
AcDbEntity
  8
0
100
AcDbPolyline
 90
3
 70
0
 43
60.0
 10
-1986375.40988432
 20
-1309441.559322141
 10
-2010401.259866664
 20
-1309441.559322141
 10
-2010401.259866664
 20
-1313467.445633324
  0
LINE
  5
26D
330
17
100
AcDbEntity
  8
0
100
AcDbLine
 10
-1999401.259866664
 20
-1310441.559322141
 30
0.0
 11
-2006401.259866664
 21
-1310441.559322141
 31
0.0
  0
LINE
  5
26E
330
17
100
AcDbEntity
  8
0
100
AcDbLine
 10
-2006401.259866664
 20
-1312441.559322141
 30
0.0
 11
-2010401.259866664
 21
-1312441.559322141
 31
0.0
  0
LINE
  5
26F
330
17
100
AcDbEntity
  8
0
100
AcDbLine
 10
-2004901.259866664
 20
-1309441.559322141
 30
0.0
 11
-2004901.259866664
 21
-1313441.559322141
 31
0.0
  0
LINE
  5
270
330
17
100
AcDbEntity
  8
0
100
AcDbLine
 10
-2006401.259866664
 20
-1309441.559322141
 30
0.0
 11
-2006401.259866664
 21
-1313441.559322141
 31
0.0
  0
TEXT
  5
271
330
17
100
AcDbEntity
  8
0
  6
CENTER
100
AcDbText
 10
-2005888.947658237
 20
-1312635.654881475
 30
0.0
 40
396.0000000000001
  1
图名
  7
HZ
 41
0.7
100
AcDbText
  0
TEXT
  5
272
330
17
100
AcDbEntity
  8
0
  6
CENTER
100
AcDbText
 10
-2006191.358471089
 20
-1311267.612575662
 30
0.0
 40
396.0000000000001
  1
工程名称
  7
HZ
 41
0.7
100
AcDbText
  0
TEXT
  5
273
330
17
100
AcDbEntity
  8
0
  6
CENTER
100
AcDbText
 10
-2006166.625933128
 20
-1310261.121159352
 30
0.0
 40
396.0000000000001
  1
建设单位
  7
HZ
 41
0.7
100
AcDbText
  0
TEXT
  5
274
330
17
100
AcDbEntity
  8
0
  6
CENTER
100
AcDbText
 10
-1989285.847476941
 20
-1310114.175169741
 30
0.0
 40
396.0000000000001
  1
工 号
  7
HZ
 41
0.7
100
AcDbText
  0
TEXT
  5
275
330
17
100
AcDbEntity
  8
0
  6
CENTER
100
AcDbText
 10
-1989285.847476941
 20
-1311147.532965647
 30
0.0
 40
396.0000000000001
  1
图 别
  7
HZ
 41
0.7
100
AcDbText
  0
TEXT
  5
276
330
17
100
AcDbEntity
  8
0
  6
CENTER
100
AcDbText
 10
-1989285.847476941
 20
-1312171.416350557
 30
0.0
 40
396.0000000000001
  1
图 号
  7
HZ
 41
0.7
100
AcDbText
  0
TEXT
  5
277
330
17
100
AcDbEntity
  8
0
  6
CENTER
100
AcDbText
 10
-1989285.847476941
 20
-1313115.302529117
 30
0.0
 40
396.0000000000001
  1
日 期
  7
HZ
 41
0.7
100
AcDbText
  0
LINE
  5
278
330
17
100
AcDbEntity
  8
PUB_TEXT
100
AcDbLine
 10
-1999401.259866664
 20
-1312441.559322141
 30
0.0
 11
-1986401.259866664
 21
-1312441.559322141
 31
0.0
  0
LINE
  5
279
330
17
100
AcDbEntity
  8
PUB_TEXT
100
AcDbLine
 10
-1999401.259866664
 20
-1310441.559322141
 30
0.0
 11
-1986401.259866664
 21
-1310441.559322141
 31
0.0
  0
LINE
  5
27A
330
17
100
AcDbEntity
  8
0
100
AcDbLine
 10
-1999401.259866664
 20
-1309441.559322141
 30
0.0
 11
-1999401.259866664
 21
-1313441.559322141
 31
0.0
  0
LINE
  5
27B
330
17
100
AcDbEntity
  8
0
100
AcDbLine
 10
-1997901.259866664
 20
-1309441.559322141
 30
0.0
 11
-1997901.259866664
 21
-1313441.559322141
 31
0.0
  0
TEXT
  5
27C
330
17
100
AcDbEntity
  8
0
  6
CENTER
100
AcDbText
 10
-1999025.446763934
 20
-1311178.459849399
 30
0.0
 40
396.0000000000001
  1
制 图
  7
HZ
 41
0.7
100
AcDbText
  0
TEXT
  5
27D
330
17
100
AcDbEntity
  8
0
  6
CENTER
100
AcDbText
 10
-1999025.446763934
 20
-1312146.931570219
 30
0.0
 40
396.0000000000001
  1
校 对
  7
HZ
 41
0.7
100
AcDbText
  0
TEXT
  5
27E
330
17
100
AcDbEntity
  8
0
  6
CENTER
100
AcDbText
 10
-1999025.446763934
 20
-1313143.367326904
 30
0.0
 40
396.0000000000001
  1
审 核
  7
HZ
 41
0.7
100
AcDbText
  0
TEXT
  5
27F
330
17
100
AcDbEntity
  8
0
  6
CENTER
100
AcDbText
 10
-1999025.446763934
 20
-1310163.419757425
 30
0.0
 40
396.0000000000001
  1
设 计
  7
HZ
 41
0.7
100
AcDbText
  0
LINE
  5
280
330
17
100
AcDbEntity
  8
0
100
AcDbLine
 10
-1991401.259866664
 20
-1309441.559322141
 30
0.0
 11
-1991401.259866664
 21
-1313441.559322141
 31
0.0
  0
LINE
  5
281
330
17
100
AcDbEntity
  8
0
100
AcDbLine
 10
-1992901.259866664
 20
-1309441.559322141
 30
0.0
 11
-1992901.259866664
 21
-1313441.559322141
 31
0.0
  0
LINE
  5
282
330
17
100
AcDbEntity
  8
0
100
AcDbLine
 10
-1989401.40988432
 20
-1309441.559322141
 30
0.0
 11
-1989401.40988432
 21
-1313441.559322141
 31
0.0
  0
LINE
  5
283
330
17
100
AcDbEntity
  8
0
100
AcDbLine
 10
-1989401.40988432
 20
-1309441.559322141
 30
0.0
 11
-1989401.40988432
 21
-1313441.559322141
 31
0.0
  0
LINE
  5
284
330
17
100
AcDbEntity
  8
0
100
AcDbLine
 10
-1994401.259866664
 20
-1309441.559322141
 30
0.0
 11
-1994401.259866664
 21
-1313441.559322141
 31
0.0
  0
LINE
  5
285
330
17
100
AcDbEntity
  8
0
100
AcDbLine
 10
-1994401.259866664
 20
-1309441.559322141
 30
0.0
 11
-1994401.259866664
 21
-1313441.559322141
 31
0.0
  0
TEXT
  5
286
330
17
100
AcDbEntity
  8
0
  6
CENTER
100
AcDbText
 10
-1994353.046680308
 20
-1311131.373602314
 30
0.0
 40
396.0000000000001
  1
项目负责人
  7
HZ
 41
0.6
100
AcDbText
  0
TEXT
  5
287
330
17
100
AcDbEntity
  8
0
  6
CENTER
100
AcDbText
 10
-1994062.419042152
 20
-1312158.379677254
 30
0.0
 40
396.0000000000001
  1
所 长
  7
HZ
 41
0.7
100
AcDbText
  0
TEXT
  5
288
330
17
100
AcDbEntity
  8
0
  6
CENTER
100
AcDbText
 10
-1994062.419042152
 20
-1313171.202675701
 30
0.0
 40
396.0000000000001
  1
审 定
  7
HZ
 41
0.7
100
AcDbText
  0
TEXT
  5
289
330
17
100
AcDbEntity
  8
0
  6
CENTER
100
AcDbText
 10
-1994375.077580293
 20
-1310167.502156039
 30
0.0
 40
396.0000000000001
  1
专业负责人
  7
HZ
 41
0.7
100
AcDbText
  0
LINE
  5
28A
330
17
100
AcDbEntity
  8
0
100
AcDbLine
 10
-1988401.40988432
 20
-1309441.559322141
 30
0.0
 11
-1988401.40988432
 21
-1313441.559322141
 31
0.0
  0
LINE
  5
28B
330
17
100
AcDbEntity
  8
0
100
AcDbLine
 10
-1996204.460905434
 20
-1309441.559322141
 30
0.0
 11
-1996204.460905434
 21
-1313441.559322141
 31
0.0
  0
TEXT
  5
28C
330
17
100
AcDbEntity
  8
0
100
AcDbText
 10
-1988153.747880707
 20
-1312155.46103381
 30
-1e-16
 40
400.0
  1
建施-12
  7
HZTXT
 41
0.7
100
AcDbText
  0
TEXT
  5
28D
330
17
100
AcDbEntity
  8
PUB_TEXT
100
AcDbText
 10
-1988143.306053686
 20
-1313154.122521166
 30
-1e-16
 40
360.0
  1
2018.12
  7
_HZTXT
 41
0.8
100
AcDbText
  0
TEXT
  5
28E
330
17
100
AcDbEntity
  8
0
100
AcDbText
 10
-2058780.338676204
 20
-1277907.579686202
 30
0.0
 40
350.0
  1
签   名
 50
90.0
  7
HZ
100
AcDbText
  0
TEXT
  5
28F
330
17
100
AcDbEntity
  8
0
100
AcDbText
 10
-2058780.338676204
 20
-1290280.384989346
 30
0.0
 40
350.0
  1
实   名
 50
90.0
  7
HZ
100
AcDbText
  0
LINE
  5
290
330
17
100
AcDbEntity
  8
0
100
AcDbLine
 10
-2057201.259866664
 20
-1293441.559322141
 30
0.0
 11
-2059201.259866664
 21
-1293441.559322141
 31
0.0
  0
LINE
  5
291
330
17
100
AcDbEntity
  8
0
100
AcDbLine
 10
-2057201.259866664
 20
-1290941.559322141
 30
0.0
 11
-2059201.259866664
 21
-1290941.559322141
 31
0.0
  0
LINE
  5
292
330
17
100
AcDbEntity
  8
0
100
AcDbLine
 10
-2057201.259866664
 20
-1290941.559322141
 30
0.0
 11
-2059201.259866664
 21
-1290941.559322141
 31
0.0
  0
TEXT
  5
293
330
17
100
AcDbEntity
  8
0
100
AcDbText
 10
-2057296.087634874
 20
-1292908.998809436
 30
0.0
 40
350.0
  1
给 排 水
 50
90.0
  7
HZ
100
AcDbText
  0
TEXT
  5
294
330
17
100
AcDbEntity
  8
0
100
AcDbText
 10
-2058264.470751847
 20
-1292908.998809436
 30
0.0
 40
350.0
  1
建   筑
 50
90.0
  7
HZ
100
AcDbText
  0
TEXT
  5
295
330
17
100
AcDbEntity
  8
0
100
AcDbText
 10
-2058780.338676204
 20
-1292908.998809436
 30
0.0
 40
350.0
  1
专   业
 50
90.0
  7
HZ
100
AcDbText
  0
TEXT
  5
296
330
17
100
AcDbEntity
  8
0
100
AcDbText
 10
-2057791.728829368
 20
-1292908.998809436
 30
0.0
 40
350.0
  1
结   构
 50
90.0
  7
HZ
100
AcDbText
  0
LINE
  5
297
330
17
100
AcDbEntity
  8
0
100
AcDbLine
 10
-2057201.259866664
 20
-1283441.559322141
 30
0.0
 11
-2059201.259866664
 21
-1283441.559322141
 31
0.0
  0
LINE
  5
298
330
17
100
AcDbEntity
  8
0
100
AcDbLine
 10
-2057201.259866664
 20
-1288441.559322141
 30
0.0
 11
-2059201.259866664
 21
-1288441.559322141
 31
0.0
  0
TEXT
  5
299
330
17
100
AcDbEntity
  8
0
100
AcDbText
 10
-2058780.338676204
 20
-1287780.384989346
 30
0.0
 40
350.0
  1
签   名
 50
90.0
  7
HZ
100
AcDbText
  0
TEXT
  5
29A
330
17
100
AcDbEntity
  8
0
100
AcDbText
 10
-2058780.338676204
 20
-1285474.0351361
 30
0.0
 40
350.0
  1
日   期
 50
90.0
  7
HZ
100
AcDbText
  0
TEXT
  5
29B
330
17
100
AcDbEntity
  8
0
100
AcDbText
 10
-2057296.087634874
 20
-1283021.094693574
 30
0.0
 40
350.0
  1
总    图
 50
90.0
  7
HZ
100
AcDbText
  0
TEXT
  5
29C
330
17
100
AcDbEntity
  8
0
100
AcDbText
 10
-2058780.338676204
 20
-1280380.734868604
 30
0.0
 40
350.0
  1
实   名
 50
90.0
  7
HZ
100
AcDbText
  0
TEXT
  5
29D
330
17
100
AcDbEntity
  8
0
100
AcDbText
 10
-2058264.470751847
 20
-1283021.094693574
 30
0.0
 40
350.0
  1
暖    通
 50
90.0
  7
HZ
100
AcDbText
  0
TEXT
  5
29E
330
17
100
AcDbEntity
  8
0
100
AcDbText
 10
-2058780.338676204
 20
-1283021.094693574
 30
0.0
 40
350.0
  1
专    业
 50
90.0
  7
HZ
100
AcDbText
  0
TEXT
  5
29F
330
17
100
AcDbEntity
  8
0
100
AcDbText
 10
-2057791.728829368
 20
-1283021.094693574
 30
0.0
 40
350.0
  1
电    气
 50
90.0
  7
HZ
100
AcDbText
  0
TEXT
  5
2A0
330
17
100
AcDbEntity
  8
0
100
AcDbText
 10
-2058780.338676204
 20
-1275412.297658953
 30
0.0
 40
350.0
  1
日   期
 50
90.0
  7
HZ
100
AcDbText
  0
LINE
  5
2A1
330
17
100
AcDbEntity
  8
0
100
AcDbLine
 10
-2057201.259866664
 20
-1275941.559322141
 30
0.0
 11
-2059201.259866664
 21
-1275941.559322141
 31
0.0
  0
LINE
  5
2A2
330
17
100
AcDbEntity
  8
0
100
AcDbLine
 10
-2057201.259866664
 20
-1278441.559322141
 30
0.0
 11
-2059201.259866664
 21
-1278441.559322141
 31
0.0
  0
LINE
  5
2A3
330
17
100
AcDbEntity
  8
0
100
AcDbLine
 10
-2057201.259866664
 20
-1280941.559322141
 30
0.0
 11
-2059201.259866664
 21
-1280941.559322141
 31
0.0
  0
LINE
  5
2A4
330
17
100
AcDbEntity
  8
0
100
AcDbLine
 10
-2058386.868640871
 20
-1283441.559322141
 30
0.0
 11
-2059201.259866664
 21
-1283441.559322141
 31
0.0
  0
LINE
  5
2A5
330
17
100
AcDbEntity
  8
0
100
AcDbLine
 10
-2057201.259866664
 20
-1285941.559322141
 30
0.0
 11
-2059201.259866664
 21
-1285941.559322141
 31
0.0
  0
LINE
  5
2A6
330
17
100
AcDbEntity
  8
0
100
AcDbLine
 10
-2058386.868640871
 20
-1288441.559322141
 30
0.0
 11
-2059201.259866664
 21
-1288441.559322141
 31
0.0
  0
LINE
  5
2A7
330
17
100
AcDbEntity
  8
0
100
AcDbLine
 10
-2058386.868640871
 20
-1290941.559322141
 30
0.0
 11
-2059201.259866664
 21
-1290941.559322141
 31
0.0
  0
LINE
  5
2A8
330
17
100
AcDbEntity
  8
0
100
AcDbLine
 10
-2057201.259866664
 20
-1293441.559322141
 30
0.0
 11
-2057201.259866664
 21
-1273441.559322141
 31
0.0
  0
LINE
  5
2A9
330
17
100
AcDbEntity
  8
0
100
AcDbLine
 10
-2057701.259866664
 20
-1293441.559322141
 30
0.0
 11
-2057701.259866664
 21
-1273441.559322141
 31
0.0
  0
LINE
  5
2AA
330
17
100
AcDbEntity
  8
0
100
AcDbLine
 10
-2058201.259866664
 20
-1293441.559322141
 30
0.0
 11
-2058201.259866664
 21
-1273441.559322141
 31
0.0
  0
LINE
  5
2AB
330
17
100
AcDbEntity
  8
0
100
AcDbLine
 10
-2058701.259866664
 20
-1293441.559322141
 30
0.0
 11
-2058701.259866664
 21
-1273441.559322141
 31
0.0
  0
LINE
  5
2AC
330
17
100
AcDbEntity
  8
0
100
AcDbLine
 10
-2059201.259866664
 20
-1293441.559322141
 30
0.0
 11
-2059201.259866664
 21
-1273441.559322141
 31
0.0
  0
LINE
  5
2AD
330
17
100
AcDbEntity
  8
0
  6
ByBlock
100
AcDbLine
 10
-2057201.259866664
 20
-1273441.559322141
 30
0.0
 11
-2059201.259866664
 21
-1273441.559322141
 31
0.0
  0
TEXT
  5
2AE
330
17
100
AcDbEntity
  8
A-FLOR-IDEN
100
AcDbText
 10
-2004440.589703172
 20
-1290575.933370229
 30
0.0
 40
350.0
  1
合用前室
  7
ROS
 41
0.7
 72
4
 11
-2003919.964703172
 21
-1290396.831807729
 31
0.0
100
AcDbText
  0
TEXT
  5
2AF
330
17
100
AcDbEntity
  8
A-FLOR-IDEN
100
AcDbText
 10
-2022945.71735455
 20
-1291267.953019501
 30
0.0
 40
350.0
  1
合用前室
  7
ROS
 41
0.7
 72
4
 11
-2022425.09235455
 21
-1291088.851457001
 31
0.0
100
AcDbText
  0
TEXT
  5
2B0
330
17
100
AcDbEntity
  8
A-FLOR-IDEN
100
AcDbText
 10
-2039505.114517821
 20
-1290739.879115702
 30
0.0
 40
350.0
  1
合用前室
  7
ROS
 41
0.7
 72
4
 11
-2038984.489517821
 21
-1290560.777553202
 31
0.0
100
AcDbText
  0
TEXT
  5
2B1
330
17
100
AcDbEntity
  8
PUB_TEXT
100
AcDbText
 10
-2025446.236053697
 20
-1307518.396283411
 30
0.0
 40
522.7848101265823
  1
三层平面图
  7
-宋体
 41
0.8
100
AcDbText
  0
TEXT
  5
2B2
330
17
100
AcDbEntity
  8
PUB_TEXT
100
AcDbText
 10
-2021676.626559092
 20
-1307535.525719274
 30
0.0
 40
500.0
  1
1:100
  7
_HZTXT
 41
0.8
100
AcDbText
  0
LWPOLYLINE
  5
2B3
330
17
100
AcDbEntity
  8
DIM_SYMB
100
AcDbPolyline
 90
2
 70
0
 43
70.0
 10
-2026021.000306531
 20
-1307752.318968219
 10
-2021956.626559093
 20
-1307752.318968219
  0
TEXT
  5
2B4
330
17
100
AcDbEntity
  8
0
  6
CENTER
100
AcDbText
 10
-1987918.380302371
 20
-1311160.494167748
 30
0.0
 40
396.0000000000001
  1
建 施
  7
HZ
 41
0.7
100
AcDbText
  0
TEXT
  5
2B5
330
17
100
AcDbEntity
  8
0
  6
CENTER
100
AcDbText
 10
-1988246.717572008
 20
-1310236.717565122
 30
0.0
 40
396.0000000000001
  1
18-9-24
  7
HZ
 41
0.7
100
AcDbText
  0
LWPOLYLINE
  5
2B6
330
17
100
AcDbEntity
  8
A-栏杆百叶
100
AcDbPolyline
 90
3
 70
0
 10
-2046048.665221135
 20
-1288075.93337023
 10
-2046048.665221135
 20
-1287025.933370228
 10
-2043258.665221136
 20
-1287025.933370228
  0
LWPOLYLINE
  5
2B7
330
17
100
AcDbEntity
  8
A-栏杆百叶
100
AcDbPolyline
 90
3
 70
0
 10
-2045998.665221135
 20
-1288075.93337023
 10
-2045998.665221135
 20
-1287075.933370228
 10
-2043258.665221136
 20
-1287075.933370228
  0
LWPOLYLINE
  5
2B8
330
17
100
AcDbEntity
  8
A-FLOR-SPCL
  6
DASH
100
AcDbPolyline
 90
4
 70
1
 10
-2044503.851541061
 20
-1287375.29957898
 10
-2045253.851541061
 20
-1287375.29957898
 10
-2045253.851541061
 20
-1287725.29957898
 10
-2044503.851541061
 20
-1287725.29957898
  0
LINE
  5
2B9
330
17
100
AcDbEntity
  8
A-FLOR-SPCL
  6
DASH
100
AcDbLine
 10
-2045253.851541061
 20
-1287375.29957898
 30
0.0
 11
-2044503.851541061
 21
-1287725.29957898
 31
0.0
  0
LINE
  5
2BA
330
17
100
AcDbEntity
  8
A-FLOR-SPCL
  6
DASH
100
AcDbLine
 10
-2044503.851541061
 20
-1287375.29957898
 30
0.0
 11
-2045253.851541061
 21
-1287725.29957898
 31
0.0
  0
TEXT
  5
2BB
330
17
100
AcDbEntity
  8
A-ANNO-TEXT
100
AcDbText
 10
-2045136.976541062
 20
-1287725.29957898
 30
2.22e-13
 40
350.0
  1
A/C
  7
ROS
 41
0.7
 72
1
 11
-2044878.851541062
 21
-1287550.29957898
 31
2.22e-13
100
AcDbText
 73
2
  0
LWPOLYLINE
  5
2BC
330
17
100
AcDbEntity
  8
A-FLOR-SPCL
  6
DASH
100
AcDbPolyline
 90
4
 70
1
 10
-1998581.401440772
 20
-1287323.44454809
 10
-1997831.401440772
 20
-1287323.44454809
 10
-1997831.401440772
 20
-1287673.44454809
 10
-1998581.401440772
 20
-1287673.44454809
  0
LINE
  5
2BD
330
17
100
AcDbEntity
  8
A-FLOR-SPCL
  6
DASH
100
AcDbLine
 10
-1997831.401440772
 20
-1287323.44454809
 30
0.0
 11
-1998581.401440772
 21
-1287673.44454809
 31
0.0
  0
LINE
  5
2BE
330
17
100
AcDbEntity
  8
A-FLOR-SPCL
  6
DASH
100
AcDbLine
 10
-1998581.401440772
 20
-1287323.44454809
 30
0.0
 11
-1997831.401440772
 21
-1287673.44454809
 31
0.0
  0
TEXT
  5
2BF
330
17
100
AcDbEntity
  8
A-ANNO-TEXT
100
AcDbText
 10
-1998464.526440772
 20
-1287673.44454809
 30
2.22e-13
 40
350.0
  1
A/C
  7
ROS
 41
0.7
 72
1
 11
-1998206.401440772
 21
-1287498.44454809
 31
2.22e-13
100
AcDbText
 73
2
  0
LWPOLYLINE
  5
2C0
330
17
100
AcDbEntity
  8
A-面积
100
AcDbPolyline
 90
4
 70
0
 10
-2046098.665221135
 20
-1288075.93337023
 10
-2046098.665221135
 20
-1288075.93337023
 10
-2046098.665221135
 20
-1286975.933370228
 10
-2043258.665221136
 20
-1286975.933370228
  0
LWPOLYLINE
  5
2C1
330
17
100
AcDbEntity
  8
A-栏杆百叶
100
AcDbPolyline
 90
3
 70
0
 10
-1996828.665221136
 20
-1288075.93337023
 10
-1996828.665221136
 20
-1287025.933370228
 10
-1999618.665221135
 20
-1287025.933370228
  0
LWPOLYLINE
  5
2C2
330
17
100
AcDbEntity
  8
A-栏杆百叶
100
AcDbPolyline
 90
3
 70
0
 10
-1996878.665221136
 20
-1288075.93337023
 10
-1996878.665221136
 20
-1287075.933370228
 10
-1999618.665221135
 20
-1287075.933370228
  0
LWPOLYLINE
  5
2C3
330
17
100
AcDbEntity
  8
A-面积
100
AcDbPolyline
 90
4
 70
0
 10
-1996778.665221136
 20
-1288075.93337023
 10
-1996778.665221136
 20
-1288075.93337023
 10
-1996778.665221136
 20
-1286975.933370228
 10
-1999618.665221135
 20
-1286975.933370228
  0
LWPOLYLINE
  5
2C4
330
17
100
AcDbEntity
  8
A-FLOR-SPCL
100
AcDbPolyline
 90
3
 70
0
 10
-2008458.665030048
 20
-1288855.936277019
 10
-2006618.665030046
 20
-1288855.936277019
 10
-2006618.665030046
 20
-1290475.933371468
  0
INSERT
  5
2C5
102
{ACAD_XDICTIONARY
360
2C7
102
}
330
17
100
AcDbEntity
  8
A-FLOR-SPCL
100
AcDbBlockReference
  2
A$C48D17288
 10
-2000080.371433382
 20
-1288975.933371468
 30
0.0
 41
-1.0
 50
180.0
  0
INSERT
  5
2C8
102
{ACAD_XDICTIONARY
360
2CA
102
}
330
17
100
AcDbEntity
  8
A-FLOR-SPCL
100
AcDbBlockReference
  2
A$C2DEF7CDB
 10
-1996988.593789124
 20
-1289280.936277019
 30
0.0
 50
90.0
  0
INSERT
  5
2CB
102
{ACAD_XDICTIONARY
360
2CD
102
}
330
17
100
AcDbEntity
  8
A-FLOR-SPCL
100
AcDbBlockReference
  2
A$C48D17288
 10
-2006018.664990265
 20
-1288975.933370623
 30
0.0
 50
180.0
  0
INSERT
  5
2CE
102
{ACAD_XDICTIONARY
360
2D0
102
}
330
17
100
AcDbEntity
  8
A-FLOR-SPCL
100
AcDbBlockReference
  2
A$C2DEF7CDB
 10
-2009039.122302585
 20
-1289371.310736034
 30
0.0
 50
270.0
  0
LINE
  5
2D1
330
17
100
AcDbEntity
  8
A-FLOR-SPCL
100
AcDbLine
 10
-2008458.665030048
 20
-1290485.933370229
 30
0.0
 11
-2008458.665030048
 21
-1288855.936277019
 31
0.0
  0
LWPOLYLINE
  5
2D2
330
17
100
AcDbEntity
  8
A-FLOR-SPCL
100
AcDbPolyline
 90
3
 70
0
 10
-2034418.665412221
 20
-1288855.936277019
 10
-2036258.665412224
 20
-1288855.936277019
 10
-2036258.665412224
 20
-1290475.933371468
  0
INSERT
  5
2D3
102
{ACAD_XDICTIONARY
360
2D5
102
}
330
17
100
AcDbEntity
  8
A-FLOR-SPCL
100
AcDbBlockReference
  2
A$C48D17288
 10
-2042796.959008888
 20
-1288975.933371468
 30
0.0
 50
180.0
  0
INSERT
  5
2D6
102
{ACAD_XDICTIONARY
360
2D8
102
}
330
17
100
AcDbEntity
  8
A-FLOR-SPCL
100
AcDbBlockReference
  2
A$C2DEF7CDB
 10
-2045888.736653146
 20
-1289280.936277019
 30
0.0
 41
-1.0
 50
270.0
  0
INSERT
  5
2D9
102
{ACAD_XDICTIONARY
360
2DB
102
}
330
17
100
AcDbEntity
  8
A-FLOR-SPCL
100
AcDbBlockReference
  2
A$C48D17288
 10
-2036858.665452005
 20
-1288975.933370623
 30
0.0
 41
-1.0
 50
180.0
  0
INSERT
  5
2DC
102
{ACAD_XDICTIONARY
360
2DE
102
}
330
17
100
AcDbEntity
  8
A-FLOR-SPCL
100
AcDbBlockReference
  2
A$C2DEF7CDB
 10
-2033838.208139685
 20
-1289371.310736034
 30
0.0
 41
-1.0
 50
90.0
  0
LINE
  5
2DF
330
17
100
AcDbEntity
  8
A-FLOR-SPCL
100
AcDbLine
 10
-2034418.665412221
 20
-1290485.933370229
 30
0.0
 11
-2034418.665412221
 21
-1288855.936277019
 31
0.0
  0
TEXT
  5
2E0
330
17
100
AcDbEntity
  8
门窗编号
100
AcDbText
 10
-2046775.64146532
 20
-1291818.525162147
 30
0.0
 40
250.0
  1
M1
  7
_TCH_AXIS
 41
0.7058823529411765
100
AcDbText
  0
TEXT
  5
2E1
330
17
100
AcDbEntity
  8
门窗编号
100
AcDbText
 10
-2038544.731557826
 20
-1288089.680681203
 30
0.0
 40
250.0
  1
FM1乙
  7
_TCH_AXIS
 41
0.7058823529411765
100
AcDbText
  0
TEXT
  5
2E2
330
17
100
AcDbEntity
  8
门窗编号
100
AcDbText
 10
-2039112.739838742
 20
-1292933.099582986
 30
0.0
 40
250.0
  1
FM1乙
  7
_TCH_AXIS
 41
0.7058823529411765
100
AcDbText
  0
LINE
  5
2E3
330
17
100
AcDbEntity
  8
WINDOW
100
AcDbLine
 10
-2047308.665221135
 20
-1292075.93337023
 30
0.0
 11
-2047308.665221135
 21
-1292875.93337023
 31
0.0
  0
LINE
  5
2E4
330
17
100
AcDbEntity
  8
WINDOW
100
AcDbLine
 10
-2047308.665221135
 20
-1295925.933370229
 30
0.0
 11
-2047308.665221135
 21
-1295125.933370229
 31
0.0
  0
TEXT
  5
2E5
330
17
100
AcDbEntity
  8
门窗编号
100
AcDbText
 10
-2047387.72234298
 20
-1292548.073464692
 30
0.0
 40
250.0
  1
M2
 50
90.0
  7
_TCH_AXIS
 41
0.7058823529411765
100
AcDbText
  0
TEXT
  5
2E6
330
17
100
AcDbEntity
  8
门窗编号
100
AcDbText
 10
-2033205.377931154
 20
-1290575.933370229
 30
0.0
 40
250.0
  1
M1
  7
_TCH_AXIS
 41
0.7058823529411765
100
AcDbText
  0
TEXT
  5
2E7
330
17
100
AcDbEntity
  8
门窗编号
100
AcDbText
 10
-2037110.077924387
 20
-1294637.497572533
 30
0.0
 40
250.0
  1
M1
  7
_TCH_AXIS
 41
0.7058823529411765
100
AcDbText
  0
TEXT
  5
2E8
330
17
100
AcDbEntity
  8
门窗编号
100
AcDbText
 10
-2046807.978928981
 20
-1294332.674253729
 30
0.0
 40
250.0
  1
M1
  7
_TCH_AXIS
 41
0.7058823529411765
100
AcDbText
  0
TEXT
  5
2E9
330
17
100
AcDbEntity
  8
门窗编号
100
AcDbText
 10
-2041644.169985491
 20
-1294711.786993211
 30
0.0
 40
250.0
  1
M1
  7
_TCH_AXIS
 41
0.7058823529411765
100
AcDbText
  0
TEXT
  5
2EA
330
17
100
AcDbEntity
  8
门窗编号
100
AcDbText
 10
-2031939.173887689
 20
-1294375.933370229
 30
0.0
 40
250.0
  1
M1
  7
_TCH_AXIS
 41
0.7058823529411765
100
AcDbText
  0
TEXT
  5
2EB
330
17
100
AcDbEntity
  8
门窗编号
100
AcDbText
 10
-2026602.060781051
 20
-1294825.933370229
 30
0.0
 40
250.0
  1
M1
  7
_TCH_AXIS
 41
0.7058823529411765
100
AcDbText
  0
TEXT
  5
2EC
330
17
100
AcDbEntity
  8
门窗编号
100
AcDbText
 10
-2016921.494908514
 20
-1294825.933370229
 30
0.0
 40
250.0
  1
M1
  7
_TCH_AXIS
 41
0.7058823529411765
100
AcDbText
  0
TEXT
  5
2ED
330
17
100
AcDbEntity
  8
门窗编号
100
AcDbText
 10
-2018079.083614512
 20
-1289025.933370228
 30
0.0
 40
250.0
  1
M1
  7
_TCH_AXIS
 41
0.7058823529411765
100
AcDbText
  0
TEXT
  5
2EE
330
17
100
AcDbEntity
  8
门窗编号
100
AcDbText
 10
-2016896.936728459
 20
-1289025.933370228
 30
0.0
 40
250.0
  1
M1
  7
_TCH_AXIS
 41
0.7058823529411765
100
AcDbText
  0
TEXT
  5
2EF
330
17
100
AcDbEntity
  8
门窗编号
100
AcDbText
 10
-2026569.377471831
 20
-1289025.933370228
 30
0.0
 40
250.0
  1
M1
  7
_TCH_AXIS
 41
0.7058823529411765
100
AcDbText
  0
TEXT
  5
2F0
330
17
100
AcDbEntity
  8
门窗编号
100
AcDbText
 10
-2025460.630937106
 20
-1289025.933370228
 30
0.0
 40
250.0
  1
M1
  7
_TCH_AXIS
 41
0.7058823529411765
100
AcDbText
  0
TEXT
  5
2F1
330
17
100
AcDbEntity
  8
门窗编号
100
AcDbText
 10
-2011251.909559282
 20
-1294375.933370229
 30
0.0
 40
250.0
  1
M1
  7
_TCH_AXIS
 41
0.7058823529411765
100
AcDbText
  0
TEXT
  5
2F2
330
17
100
AcDbEntity
  8
门窗编号
100
AcDbText
 10
-2011195.681303338
 20
-1292736.028415988
 30
0.0
 40
250.0
  1
M2
  7
_TCH_AXIS
 41
0.7058823529411765
100
AcDbText
  0
TEXT
  5
2F3
330
17
100
AcDbEntity
  8
门窗编号
100
AcDbText
 10
-2006029.974042914
 20
-1294375.933370229
 30
0.0
 40
250.0
  1
M1
  7
_TCH_AXIS
 41
0.7058823529411765
100
AcDbText
  0
TEXT
  5
2F4
330
17
100
AcDbEntity
  8
门窗编号
100
AcDbText
 10
-2009947.602407275
 20
-1290575.933370229
 30
0.0
 40
250.0
  1
M1
  7
_TCH_AXIS
 41
0.7058823529411765
100
AcDbText
  0
TEXT
  5
2F5
330
17
100
AcDbEntity
  8
门窗编号
100
AcDbText
 10
-2001553.548831303
 20
-1294375.933370229
 30
0.0
 40
250.0
  1
M1
  7
_TCH_AXIS
 41
0.7058823529411765
100
AcDbText
  0
TEXT
  5
2F6
330
17
100
AcDbEntity
  8
门窗编号
100
AcDbText
 10
-1996332.033737817
 20
-1294375.933370229
 30
0.0
 40
250.0
  1
M1
  7
_TCH_AXIS
 41
0.7058823529411765
100
AcDbText
  0
TEXT
  5
2F7
330
17
100
AcDbEntity
  8
门窗编号
100
AcDbText
 10
-1996372.019609696
 20
-1291875.933370229
 30
0.0
 40
250.0
  1
M1
  7
_TCH_AXIS
 41
0.7058823529411765
100
AcDbText
  0
TEXT
  5
2F8
330
17
100
AcDbEntity
  8
门窗编号
100
AcDbText
 10
-2047339.320830714
 20
-1295768.662184328
 30
0.0
 40
250.0
  1
M2
 50
90.0
  7
_TCH_AXIS
 41
0.7058823529411765
100
AcDbText
  0
TEXT
  5
2F9
330
17
100
AcDbEntity
  8
门窗编号
100
AcDbText
 10
-2030978.569195345
 20
-1295018.389407964
 30
0.0
 40
250.0
  1
M2
 50
89.99935287959681
  7
_TCH_AXIS
 41
0.7058823529411765
100
AcDbText
  0
TEXT
  5
2FA
330
17
100
AcDbEntity
  8
门窗编号
100
AcDbText
 10
-2032010.166674423
 20
-1292721.721495737
 30
0.0
 40
250.0
  1
M2
  7
_TCH_AXIS
 41
0.7058823529411765
100
AcDbText
  0
TEXT
  5
2FB
330
17
100
AcDbEntity
  8
门窗编号
100
AcDbText
 10
-2027205.852016243
 20
-1294153.597820027
 30
0.0
 40
250.0
  1
M2
 50
89.99935287959681
  7
_TCH_AXIS
 41
0.7058823529411765
100
AcDbText
  0
TEXT
  5
2FC
330
17
100
AcDbEntity
  8
门窗编号
100
AcDbText
 10
-2015786.618177742
 20
-1294163.181329145
 30
0.0
 40
250.0
  1
M2
 50
89.99935287959681
  7
_TCH_AXIS
 41
0.7058823529411765
100
AcDbText
  0
TEXT
  5
2FD
330
17
100
AcDbEntity
  8
门窗编号
100
AcDbText
 10
-2011804.240376087
 20
-1295016.63277284
 30
0.0
 40
250.0
  1
M2
 50
89.99935287959681
  7
_TCH_AXIS
 41
0.7058823529411765
100
AcDbText
  0
TEXT
  5
2FE
330
17
100
AcDbEntity
  8
门窗编号
100
AcDbText
 10
-1995611.392360459
 20
-1292576.899850956
 30
0.0
 40
250.0
  1
M2
 50
89.99935287959681
  7
_TCH_AXIS
 41
0.7058823529411765
100
AcDbText
  0
TEXT
  5
2FF
330
17
100
AcDbEntity
  8
门窗编号
100
AcDbText
 10
-1995607.169852388
 20
-1295713.737474532
 30
0.0
 40
250.0
  1
M2
 50
89.99935287959681
  7
_TCH_AXIS
 41
0.7058823529411765
100
AcDbText
  0
LINE
  5
300
330
17
100
AcDbEntity
  8
WINDOW
100
AcDbLine
 10
-1995568.665221135
 20
-1295227.537584013
 30
0.0
 11
-1995568.665221135
 21
-1296025.933370229
 31
0.0
  0
TEXT
  5
301
330
17
100
AcDbEntity
  8
门窗编号
100
AcDbText
 10
-2004923.717249291
 20
-1288073.01635391
 30
0.0
 40
250.0
  1
FM1乙
  7
_TCH_AXIS
 41
0.7058823529411765
100
AcDbText
  0
TEXT
  5
302
330
17
100
AcDbEntity
  8
门窗编号
100
AcDbText
 10
-2004432.217138975
 20
-1292763.726468041
 30
0.0
 40
250.0
  1
FM1乙
  7
_TCH_AXIS
 41
0.7058823529411765
100
AcDbText
  0
TEXT
  5
303
330
17
100
AcDbEntity
  8
门窗编号
100
AcDbText
 10
-2041048.901924219
 20
-1293985.973101853
 30
0.0
 40
250.0
  1
FDM1乙
 50
89.99935287959681
  7
_TCH_AXIS
 41
0.7058823529411765
100
AcDbText
  0
TEXT
  5
304
330
17
100
AcDbEntity
  8
门窗编号
100
AcDbText
 10
-2037247.135229559
 20
-1293950.142296096
 30
0.0
 40
250.0
  1
FDM1乙
 50
89.99935287959681
  7
_TCH_AXIS
 41
0.7058823529411765
100
AcDbText
  0
TEXT
  5
305
330
17
100
AcDbEntity
  8
门窗编号
100
AcDbText
 10
-2023968.610785297
 20
-1291479.722917258
 30
0.0
 40
250.0
  1
FDM1乙
 50
89.99935287959681
  7
_TCH_AXIS
 41
0.7058823529411765
100
AcDbText
  0
TEXT
  5
306
330
17
100
AcDbEntity
  8
门窗编号
100
AcDbText
 10
-2019344.154344123
 20
-1291473.123191982
 30
0.0
 40
250.0
  1
FDM1乙
 50
89.99935287959681
  7
_TCH_AXIS
 41
0.7058823529411765
100
AcDbText
  0
TEXT
  5
307
330
17
100
AcDbEntity
  8
门窗编号
100
AcDbText
 10
-2005330.20425273
 20
-1293996.506658038
 30
0.0
 40
250.0
  1
FDM1乙
 50
89.99935287959681
  7
_TCH_AXIS
 41
0.7058823529411765
100
AcDbText
  0
TEXT
  5
308
330
17
100
AcDbEntity
  8
门窗编号
100
AcDbText
 10
-2002135.20425273
 20
-1293984.811391272
 30
0.0
 40
250.0
  1
FDM1乙
 50
89.99935287959681
  7
_TCH_AXIS
 41
0.7058823529411765
100
AcDbText
  0
LINE
  5
309
330
17
100
AcDbEntity
  8
WINDOW
100
AcDbLine
 10
-2031408.665221134
 20
-1292775.933370229
 30
0.0
 11
-2032208.665221134
 21
-1292775.933370229
 31
0.0
  0
LINE
  5
30A
330
17
100
AcDbEntity
  8
WINDOW
100
AcDbLine
 10
-2031108.665221135
 20
-1294477.214755564
 30
0.0
 11
-2031108.665221135
 21
-1295275.933370229
 31
0.0
  0
TEXT
  5
30B
330
17
100
AcDbEntity
  8
A-FLOR-IDEN
100
AcDbText
 10
-2016402.871610405
 20
-1287053.320972072
 30
0.0
 40
350.0
  1
卧室
  7
ROS
 41
0.7
100
AcDbText
  0
TEXT
  5
30C
330
17
100
AcDbEntity
  8
A-FLOR-IDEN
100
AcDbText
 10
-2019067.653174149
 20
-1287055.894652231
 30
0.0
 40
350.0
  1
卧室
  7
ROS
 41
0.7
100
AcDbText
  0
TEXT
  5
30D
330
17
100
AcDbEntity
  8
A-FLOR-IDEN
100
AcDbText
 10
-2027311.564644361
 20
-1287075.933370229
 30
0.0
 40
350.0
  1
卧室
  7
ROS
 41
0.7
100
AcDbText
  0
TEXT
  5
30E
330
17
100
AcDbEntity
  8
A-FLOR-IDEN
100
AcDbText
 10
-2024583.635787091
 20
-1287055.894652231
 30
0.0
 40
350.0
  1
卧室
  7
ROS
 41
0.7
100
AcDbText
  0
TEXT
  5
30F
330
17
100
AcDbEntity
  8
A-FLOR-IDEN
100
AcDbText
 10
-2015628.277114737
 20
-1297372.785885354
 30
0.0
 40
350.0
  1
卧室
  7
ROS
 41
0.7
100
AcDbText
  0
TEXT
  5
310
330
17
100
AcDbEntity
  8
A-FLOR-IDEN
100
AcDbText
 10
-2028314.722460335
 20
-1297507.657533856
 30
2.22e-13
 40
350.0
  1
卧室
  7
ROS
 41
0.7
100
AcDbText
  0
TEXT
  5
311
330
17
100
AcDbEntity
  8
A-FLOR-IDEN
100
AcDbText
 10
-1995535.054028598
 20
-1289852.2069877
 30
0.0
 40
350.0
  1
卧室
  7
ROS
 41
0.7
100
AcDbText
  0
TEXT
  5
312
330
17
100
AcDbEntity
  8
A-FLOR-IDEN
100
AcDbText
 10
-2019308.665221135
 20
-1296951.915692724
 30
0.0
 40
350.0
  1
客厅
  7
ROS
 41
0.7
100
AcDbText
  0
TEXT
  5
313
330
17
100
AcDbEntity
  8
A-FLOR-IDEN
100
AcDbText
 10
-2024483.154607751
 20
-1296968.299052319
 30
0.0
 40
350.0
  1
客厅
  7
ROS
 41
0.7
100
AcDbText
  0
LINE
  5
314
330
17
100
AcDbEntity
  8
WINDOW
100
AcDbLine
 10
-2010668.665221136
 20
-1292775.933370229
 30
0.0
 11
-2011468.665221136
 21
-1292775.933370229
 31
0.0
  0
INSERT
  5
315
102
{ACAD_XDICTIONARY
360
317
102
}
330
17
100
AcDbEntity
  8
A-FLOR-SPCL
100
AcDbBlockReference
  2
A$C2E946E6E
 10
-2010380.100881676
 20
-1299291.016912796
 30
0.0
  0
INSERT
  5
318
102
{ACAD_XDICTIONARY
360
31A
102
}
330
17
100
AcDbEntity
  8
A-FLOR-SPCL
100
AcDbBlockReference
  2
A$C2E946E6E
 10
-1996960.100881676
 20
-1299291.016912796
 30
0.0
 41
-1.0
  0
CIRCLE
  5
31B
330
17
100
AcDbEntity
  8
A-FLOR-SPCL
  6
HIDDEN2
100
AcDbCircle
 10
-1997314.400948591
 20
-1298981.425084219
 30
2.22e-13
 40
250.0
  0
CIRCLE
  5
31C
330
17
100
AcDbEntity
  8
A-FLOR-SPCL
  6
HIDDEN2
100
AcDbCircle
 10
-2010045.800814768
 20
-1298981.425084219
 30
2.22e-13
 40
250.0
  0
INSERT
  5
31D
102
{ACAD_XDICTIONARY
360
31F
102
}
330
17
100
AcDbEntity
  8
A-FLOR-SPCL
100
AcDbBlockReference
  2
A$C2E946E6E
 10
-2013480.100881676
 20
-1299631.016912797
 30
0.0
  0
CIRCLE
  5
320
330
17
100
AcDbEntity
  8
A-FLOR-SPCL
  6
HIDDEN2
100
AcDbCircle
 10
-2013145.800814768
 20
-1299321.42508422
 30
2.22e-13
 40
250.0
  0
INSERT
  5
321
102
{ACAD_XDICTIONARY
360
323
102
}
330
17
100
AcDbEntity
  8
A-FLOR-SPCL
100
AcDbBlockReference
  2
A$C2E946E6E
 10
-2021520.100881676
 20
-1299641.016912797
 30
0.0
  0
CIRCLE
  5
324
330
17
100
AcDbEntity
  8
A-FLOR-SPCL
  6
HIDDEN2
100
AcDbCircle
 10
-2021185.800814768
 20
-1299331.425084219
 30
2.22e-13
 40
250.0
  0
INSERT
  5
325
102
{ACAD_XDICTIONARY
360
327
102
}
330
17
100
AcDbEntity
  8
A-FLOR-SPCL
100
AcDbBlockReference
  2
A$C2E946E6E
 10
-2045920.100881676
 20
-1299291.016912796
 30
0.0
  0
CIRCLE
  5
328
330
17
100
AcDbEntity
  8
A-FLOR-SPCL
  6
HIDDEN2
100
AcDbCircle
 10
-2045585.800814768
 20
-1298981.425084219
 30
2.22e-13
 40
250.0
  0
INSERT
  5
329
102
{ACAD_XDICTIONARY
360
32B
102
}
330
17
100
AcDbEntity
  8
A-FLOR-SPCL
100
AcDbBlockReference
  2
A$C2E946E6E
 10
-2021700.100881676
 20
-1299641.016912797
 30
0.0
 41
-1.0
  0
CIRCLE
  5
32C
330
17
100
AcDbEntity
  8
A-FLOR-SPCL
  6
HIDDEN2
100
AcDbCircle
 10
-2022054.400948591
 20
-1299331.42508422
 30
2.22e-13
 40
250.0
  0
INSERT
  5
32D
102
{ACAD_XDICTIONARY
360
32F
102
}
330
17
100
AcDbEntity
  8
A-FLOR-SPCL
100
AcDbBlockReference
  2
A$C2E946E6E
 10
-2029400.100881676
 20
-1299641.016912797
 30
0.0
 41
-1.0
  0
CIRCLE
  5
330
330
17
100
AcDbEntity
  8
A-FLOR-SPCL
  6
HIDDEN2
100
AcDbCircle
 10
-2029754.400948591
 20
-1299331.42508422
 30
2.22e-13
 40
250.0
  0
INSERT
  5
331
102
{ACAD_XDICTIONARY
360
333
102
}
330
17
100
AcDbEntity
  8
A-FLOR-SPCL
100
AcDbBlockReference
  2
A$C2E946E6E
 10
-2032500.100881676
 20
-1299291.016912797
 30
0.0
 41
-1.0
  0
CIRCLE
  5
334
330
17
100
AcDbEntity
  8
A-FLOR-SPCL
  6
HIDDEN2
100
AcDbCircle
 10
-2032854.400948591
 20
-1298981.42508422
 30
2.22e-13
 40
250.0
  0
INSERT
  5
335
330
17
100
AcDbEntity
  8
0
 62
1
100
AcDbBlockReference
  2
ktg
 10
-1996593.666217416
 20
-1300225.804587435
 30
0.0
  0
INSERT
  5
337
330
17
100
AcDbEntity
  8
0
 62
1
100
AcDbBlockReference
  2
ktg
 10
-1997193.664224807
 20
-1300224.258260409
 30
0.0
  0
LWPOLYLINE
  5
339
330
17
100
AcDbEntity
  8
A-FLOR-SPCL
  6
DASH
100
AcDbPolyline
 90
4
 70
1
 10
-2017083.665220889
 20
-1298925.933370237
 10
-2017133.665220889
 20
-1298925.933370237
 10
-2017133.665221006
 20
-1298745.933370239
 10
-2017083.665221006
 20
-1298745.933370239
  0
LINE
  5
33A
330
17
100
AcDbEntity
  8
A-FLOR-SPCL
  6
DASH
100
AcDbLine
 10
-2017133.665221006
 20
-1298745.933370239
 30
-2.22e-13
 11
-2017083.665220889
 21
-1298925.933370237
 31
-2.22e-13
  0
LINE
  5
33B
330
17
100
AcDbEntity
  8
A-FLOR-SPCL
  6
DASH
100
AcDbLine
 10
-2017083.665221006
 20
-1298745.933370239
 30
-2.22e-13
 11
-2017133.665220889
 21
-1298925.933370237
 31
-2.22e-13
  0
TEXT
  5
33C
330
17
100
AcDbEntity
  8
A-ANNO-IDEN-TEXT
100
AcDbText
 10
-2017271.384673143
 20
-1298710.721733734
 30
-2.22e-13
 40
300.0
  1
KD2
 50
1.9509994e-09
  7
ROS
 41
0.8
 72
1
 11
-2017001.384673148
 21
-1298560.721733725
 31
-2.22e-13
100
AcDbText
 73
2
  0
LWPOLYLINE
  5
33D
330
17
100
AcDbEntity
  8
A-FLOR-SPCL
  6
DASH
100
AcDbPolyline
 90
4
 70
1
 10
-2017733.665221387
 20
-1298925.933370226
 10
-2017683.665221387
 20
-1298925.933370228
 10
-2017683.665221264
 20
-1298745.93337023
 10
-2017733.665221264
 20
-1298745.933370229
  0
LINE
  5
33E
330
17
100
AcDbEntity
  8
A-FLOR-SPCL
  6
DASH
100
AcDbLine
 10
-2017683.665221264
 20
-1298745.93337023
 30
-2.22e-13
 11
-2017733.665221387
 21
-1298925.933370226
 31
-2.22e-13
  0
LINE
  5
33F
330
17
100
AcDbEntity
  8
A-FLOR-SPCL
  6
DASH
100
AcDbLine
 10
-2017733.665221264
 20
-1298745.933370229
 30
-2.22e-13
 11
-2017683.665221387
 21
-1298925.933370228
 31
-2.22e-13
  0
TEXT
  5
340
330
17
100
AcDbEntity
  8
A-ANNO-IDEN-TEXT
100
AcDbText
 10
-2017996.92399455
 20
-1298709.407656502
 30
-2.22e-13
 40
300.0
  1
KD1
 50
1.9509994e-09
  7
ROS
 41
0.8
 72
1
 11
-2017752.63828027
 21
-1298559.407656493
 31
-2.22e-13
100
AcDbText
 73
2
  0
LWPOLYLINE
  5
341
330
17
100
AcDbEntity
  8
A-FLOR-SPCL
  6
DASH
100
AcDbPolyline
 90
4
 70
1
 10
-2017218.665221138
 20
-1299150.933370238
 10
-2017218.665221136
 20
-1299100.933370238
 10
-2017498.665221134
 20
-1299100.933370228
 10
-2017498.665221135
 20
-1299150.933370228
  0
LINE
  5
342
330
17
100
AcDbEntity
  8
A-FLOR-SPCL
  6
DASH
100
AcDbLine
 10
-2017498.665221134
 20
-1299100.933370228
 30
-2.22e-13
 11
-2017218.665221138
 21
-1299150.933370238
 31
-2.22e-13
  0
LINE
  5
343
330
17
100
AcDbEntity
  8
A-FLOR-SPCL
  6
DASH
100
AcDbLine
 10
-2017498.665221135
 20
-1299150.933370228
 30
-2.22e-13
 11
-2017218.665221136
 21
-1299100.933370238
 31
-2.22e-13
  0
TEXT
  5
344
330
17
100
AcDbEntity
  8
A-ANNO-IDEN-TEXT
100
AcDbText
 10
-2017846.074940903
 20
-1299287.627887971
 30
-2.22e-13
 40
300.0
  1
KD1
 50
1.9509994e-09
  7
ROS
 41
0.8
 72
1
 11
-2017601.789226622
 21
-1299137.627887963
 31
-2.22e-13
100
AcDbText
 73
2
  0
LINE
  5
345
330
17
100
AcDbEntity
  8
WINDOW
100
AcDbLine
 10
-2017108.665221006
 20
-1298745.933370239
 30
0.0
 11
-2017708.665221264
 21
-1298745.933370229
 31
0.0
  0
LINE
  5
346
330
17
100
AcDbEntity
  8
WINDOW
100
AcDbLine
 10
-2017408.665221135
 20
-1298825.93337023
 30
0.0
 11
-2017408.665221135
 21
-1299125.93337023
 31
0.0
  0
LWPOLYLINE
  5
347
330
17
100
AcDbEntity
  8
A-FLOR-SPCL
  6
DASH
100
AcDbPolyline
 90
4
 70
1
 10
-2026133.665221509
 20
-1298925.933370239
 10
-2026083.665221509
 20
-1298925.933370239
 10
-2026083.665221393
 20
-1298745.93337024
 10
-2026133.665221393
 20
-1298745.93337024
  0
LINE
  5
348
330
17
100
AcDbEntity
  8
A-FLOR-SPCL
  6
DASH
100
AcDbLine
 10
-2026083.665221393
 20
-1298745.93337024
 30
-2.22e-13
 11
-2026133.665221509
 21
-1298925.933370239
 31
-2.22e-13
  0
LINE
  5
349
330
17
100
AcDbEntity
  8
A-FLOR-SPCL
  6
DASH
100
AcDbLine
 10
-2026133.665221393
 20
-1298745.93337024
 30
-2.22e-13
 11
-2026083.665221509
 21
-1298925.933370239
 31
-2.22e-13
  0
TEXT
  5
34A
330
17
100
AcDbEntity
  8
A-ANNO-IDEN-TEXT
100
AcDbText
 10
-2026433.723577418
 20
-1298728.022686708
 30
-2.22e-13
 40
300.0
  1
KD2
 50
1.9509994e-09
  7
ROS
 41
0.8
 72
1
 11
-2026163.723577424
 21
-1298578.022686699
 31
-2.22e-13
100
AcDbText
 73
2
  0
LWPOLYLINE
  5
34B
330
17
100
AcDbEntity
  8
A-FLOR-SPCL
  6
DASH
100
AcDbPolyline
 90
4
 70
1
 10
-2025483.665221012
 20
-1298925.933370228
 10
-2025533.665221012
 20
-1298925.933370229
 10
-2025533.665221135
 20
-1298745.93337023
 10
-2025483.665221135
 20
-1298745.933370229
  0
LINE
  5
34C
330
17
100
AcDbEntity
  8
A-FLOR-SPCL
  6
DASH
100
AcDbLine
 10
-2025533.665221135
 20
-1298745.93337023
 30
-2.22e-13
 11
-2025483.665221012
 21
-1298925.933370228
 31
-2.22e-13
  0
LINE
  5
34D
330
17
100
AcDbEntity
  8
A-FLOR-SPCL
  6
DASH
100
AcDbLine
 10
-2025483.665221135
 20
-1298745.933370229
 30
-2.22e-13
 11
-2025533.665221012
 21
-1298925.933370229
 31
-2.22e-13
  0
TEXT
  5
34E
330
17
100
AcDbEntity
  8
A-ANNO-IDEN-TEXT
100
AcDbText
 10
-2025658.191899059
 20
-1298728.196863495
 30
-2.22e-13
 40
300.0
  1
KD1
 50
1.9509994e-09
  7
ROS
 41
0.8
 72
1
 11
-2025413.906184778
 21
-1298578.196863487
 31
-2.22e-13
100
AcDbText
 73
2
  0
LWPOLYLINE
  5
34F
330
17
100
AcDbEntity
  8
A-FLOR-SPCL
  6
DASH
100
AcDbPolyline
 90
4
 70
1
 10
-2025998.665221234
 20
-1299150.93337024
 10
-2025998.665221235
 20
-1299100.93337024
 10
-2025718.665221235
 20
-1299100.933370229
 10
-2025718.665221233
 20
-1299150.933370229
  0
LINE
  5
350
330
17
100
AcDbEntity
  8
A-FLOR-SPCL
  6
DASH
100
AcDbLine
 10
-2025718.665221235
 20
-1299100.933370229
 30
-2.22e-13
 11
-2025998.665221234
 21
-1299150.93337024
 31
-2.22e-13
  0
LINE
  5
351
330
17
100
AcDbEntity
  8
A-FLOR-SPCL
  6
DASH
100
AcDbLine
 10
-2025718.665221233
 20
-1299150.933370229
 30
-2.22e-13
 11
-2025998.665221235
 21
-1299100.93337024
 31
-2.22e-13
  0
TEXT
  5
352
330
17
100
AcDbEntity
  8
A-ANNO-IDEN-TEXT
100
AcDbText
 10
-2025695.098958081
 20
-1299287.627887973
 30
-2.22e-13
 40
300.0
  1
KD1
 50
1.9509994e-09
  7
ROS
 41
0.8
 72
1
 11
-2025450.8132438
 21
-1299137.627887964
 31
-2.22e-13
100
AcDbText
 73
2
  0
LWPOLYLINE
  5
353
330
17
100
AcDbEntity
  8
A-FLOR-SPCL
  6
DASH
100
AcDbPolyline
 90
4
 70
1
 10
-1997193.664094855
 20
-1298575.932901935
 10
-1997143.664094855
 20
-1298575.932901937
 10
-1997143.664094755
 20
-1298395.93290196
 10
-1997193.664094755
 20
-1298395.932901958
  0
LINE
  5
354
330
17
100
AcDbEntity
  8
A-FLOR-SPCL
  6
DASH
100
AcDbLine
 10
-1997143.664094755
 20
-1298395.93290196
 30
0.0
 11
-1997193.664094855
 21
-1298575.932901935
 31
0.0
  0
LINE
  5
355
330
17
100
AcDbEntity
  8
A-FLOR-SPCL
  6
DASH
100
AcDbLine
 10
-1997193.664094755
 20
-1298395.932901958
 30
0.0
 11
-1997143.664094855
 21
-1298575.932901937
 31
0.0
  0
TEXT
  5
356
330
17
100
AcDbEntity
  8
A-ANNO-IDEN-TEXT
100
AcDbText
 10
-1997446.855887812
 20
-1298377.220604967
 30
-2.22e-13
 40
300.0
  1
KD1
 50
1.9509994e-09
  7
ROS
 41
0.8
 72
1
 11
-1997202.570173531
 21
-1298227.220604959
 31
-2.22e-13
100
AcDbText
 73
2
  0
TEXT
  5
357
330
17
100
AcDbEntity
  8
A-ANNO-IDEN-TEXT
100
AcDbText
 10
-1997455.980752477
 20
-1299941.993861212
 30
-2.22e-13
 40
300.0
  1
KD1
 50
1.9509994e-09
  7
ROS
 41
0.8
 72
1
 11
-1997211.695038197
 21
-1299791.993861203
 31
-2.22e-13
100
AcDbText
 73
2
  0
TEXT
  5
358
330
17
100
AcDbEntity
  8
A-ANNO-IDEN-TEXT
100
AcDbText
 10
-1996770.474707948
 20
-1299932.278261751
 30
0.0
 40
300.0
  1
KD2
 50
1.9509994e-09
  7
ROS
 41
0.8
 72
1
 11
-1996500.474707953
 21
-1299782.278261742
 31
0.0
100
AcDbText
 73
2
  0
TEXT
  5
359
330
17
100
AcDbEntity
  8
A-ANNO-IDEN-TEXT
100
AcDbText
 10
-2003554.157888072
 20
-1298377.868068402
 30
0.0
 40
300.0
  1
KD2
 50
359.999999998049
  7
ROS
 41
0.8
 72
1
 11
-2003284.157888067
 21
-1298227.868068411
 31
0.0
100
AcDbText
 73
2
  0
TEXT
  5
35A
330
17
100
AcDbEntity
  8
A-ANNO-IDEN-TEXT
100
AcDbText
 10
-2004308.556939482
 20
-1298395.079653181
 30
0.0
 40
300.0
  1
KD2
 50
359.999999998049
  7
ROS
 41
0.8
 72
1
 11
-2004038.556939477
 21
-1298245.07965319
 31
0.0
100
AcDbText
 73
2
  0
INSERT
  5
35B
330
17
100
AcDbEntity
  8
0
 62
1
100
AcDbBlockReference
  2
ktg
 10
-2010193.666217416
 20
-1298606.834992576
 30
0.0
  0
INSERT
  5
35D
330
17
100
AcDbEntity
  8
0
 62
1
100
AcDbBlockReference
  2
ktg
 10
-2010793.664224807
 20
-1298915.93337023
 30
0.0
  0
TEXT
  5
35F
330
17
100
AcDbEntity
  8
A-ANNO-IDEN-TEXT
100
AcDbText
 10
-2011143.520423039
 20
-1298665.835719615
 30
-2.22e-13
 40
300.0
  1
KD2
 50
1.9509994e-09
  7
ROS
 41
0.8
 72
1
 11
-2010873.520423044
 21
-1298515.835719606
 31
-2.22e-13
100
AcDbText
 73
2
  0
TEXT
  5
360
330
17
100
AcDbEntity
  8
A-ANNO-IDEN-TEXT
100
AcDbText
 10
-2010315.317078545
 20
-1298356.890252574
 30
0.0
 40
300.0
  1
KD1
 50
1.9509994e-09
  7
ROS
 41
0.8
 72
1
 11
-2010071.031364264
 21
-1298206.890252566
 31
0.0
100
AcDbText
 73
2
  0
LWPOLYLINE
  5
361
330
17
100
AcDbEntity
  8
A-FLOR-SPCL
  6
DASH
100
AcDbPolyline
 90
4
 70
1
 10
-2010793.665221135
 20
-1300225.933370218
 10
-2010743.665221135
 20
-1300225.93337022
 10
-2010743.665221147
 20
-1299945.933369547
 10
-2010793.665221147
 20
-1299945.933369545
  0
LINE
  5
362
330
17
100
AcDbEntity
  8
A-FLOR-SPCL
  6
DASH
100
AcDbLine
 10
-2010743.665221147
 20
-1299945.933369547
 30
0.0
 11
-2010793.665221135
 21
-1300225.933370229
 31
0.0
  0
LINE
  5
363
330
17
100
AcDbEntity
  8
A-FLOR-SPCL
  6
DASH
100
AcDbLine
 10
-2010793.665221147
 20
-1299945.933370229
 30
0.0
 11
-2010743.665221135
 21
-1300225.933370219
 31
0.0
  0
INSERT
  5
364
330
17
100
AcDbEntity
  8
0
 62
1
100
AcDbBlockReference
  2
ktg
 10
-2010193.665220822
 20
-1300225.933370229
 30
0.0
  0
INSERT
  5
366
330
17
100
AcDbEntity
  8
0
 62
1
100
AcDbBlockReference
  2
ktg
 10
-2032683.664224853
 20
-1298606.834992576
 30
0.0
 41
-1.0
  0
INSERT
  5
368
330
17
100
AcDbEntity
  8
0
 62
1
100
AcDbBlockReference
  2
ktg
 10
-2032083.666217463
 20
-1298915.93337023
 30
0.0
 41
-1.0
  0
TEXT
  5
36A
330
17
100
AcDbEntity
  8
A-ANNO-IDEN-TEXT
100
AcDbText
 10
-2032293.470950678
 20
-1298665.835719615
 30
-2.22e-13
 40
300.0
  1
KD2
 50
1.9509994e-09
  7
ROS
 41
0.8
 72
1
 11
-2032023.470950683
 21
-1298515.835719606
 31
-2.22e-13
100
AcDbText
 73
2
  0
TEXT
  5
36B
330
17
100
AcDbEntity
  8
A-ANNO-IDEN-TEXT
100
AcDbText
 10
-2032990.787792434
 20
-1298356.890252574
 30
0.0
 40
300.0
  1
KD1
 50
1.9509994e-09
  7
ROS
 41
0.8
 72
1
 11
-2032746.502078153
 21
-1298206.890252566
 31
0.0
100
AcDbText
 73
2
  0
LWPOLYLINE
  5
36C
330
17
100
AcDbEntity
  8
A-FLOR-SPCL
  6
DASH
100
AcDbPolyline
 90
4
 70
1
 10
-2032083.665221135
 20
-1300225.933370218
 10
-2032133.665221135
 20
-1300225.93337022
 10
-2032133.665221123
 20
-1299945.933369547
 10
-2032083.665221123
 20
-1299945.933369545
  0
LINE
  5
36D
330
17
100
AcDbEntity
  8
A-FLOR-SPCL
  6
DASH
100
AcDbLine
 10
-2032133.665221123
 20
-1299945.933369547
 30
0.0
 11
-2032083.665221135
 21
-1300225.933370229
 31
0.0
  0
LINE
  5
36E
330
17
100
AcDbEntity
  8
A-FLOR-SPCL
  6
DASH
100
AcDbLine
 10
-2032083.665221123
 20
-1299945.933370229
 30
0.0
 11
-2032133.665221135
 21
-1300225.933370219
 31
0.0
  0
INSERT
  5
36F
330
17
100
AcDbEntity
  8
0
 62
1
100
AcDbBlockReference
  2
ktg
 10
-2032683.665221448
 20
-1300225.933370229
 30
0.0
 41
-1.0
  0
TEXT
  5
371
330
17
100
AcDbEntity
  8
A-ANNO-IDEN-TEXT
100
AcDbText
 10
-2039104.638315451
 20
-1298381.518485601
 30
0.0
 40
300.0
  1
KD2
 50
1.9509994e-09
  7
ROS
 41
0.8
 72
1
 11
-2038834.638315456
 21
-1298231.518485592
 31
0.0
100
AcDbText
 73
2
  0
TEXT
  5
372
330
17
100
AcDbEntity
  8
A-ANNO-IDEN-TEXT
100
AcDbText
 10
-2039848.005240133
 20
-1298381.54128361
 30
0.0
 40
300.0
  1
KD2
 50
1.9509994e-09
  7
ROS
 41
0.8
 72
1
 11
-2039578.005240138
 21
-1298231.541283601
 31
0.0
100
AcDbText
 73
2
  0
LINE
  5
373
330
17
100
AcDbEntity
  8
WINDOW
100
AcDbLine
 10
-2026208.295206805
 20
-1300415.933370229
 30
0.0
 11
-2026208.295206805
 21
-1300515.933370229
 31
0.0
  0
LINE
  5
374
330
17
100
AcDbEntity
  8
WINDOW
100
AcDbLine
 10
-2026208.295206805
 20
-1300515.933370229
 30
0.0
 11
-2025998.665221135
 21
-1300515.933370229
 31
0.0
  0
LWPOLYLINE
  5
375
330
17
100
AcDbEntity
  8
WINDOW
 62
6
100
AcDbPolyline
 90
4
 70
0
 10
-2025998.665221135
 20
-1300515.933370229
 10
-2025998.665221135
 20
-1300615.933370229
 10
-2025618.738824237
 20
-1300615.933370229
 10
-2025618.665221135
 20
-1300515.933370229
  0
LINE
  5
376
330
17
100
AcDbEntity
  8
WINDOW
100
AcDbLine
 10
-2017009.035235464
 20
-1300415.933370229
 30
0.0
 11
-2017009.035235464
 21
-1300515.933370229
 31
0.0
  0
LINE
  5
377
330
17
100
AcDbEntity
  8
WINDOW
100
AcDbLine
 10
-2017009.035235464
 20
-1300515.933370229
 30
0.0
 11
-2017218.665221135
 21
-1300515.933370229
 31
0.0
  0
LWPOLYLINE
  5
378
330
17
100
AcDbEntity
  8
WINDOW
 62
6
100
AcDbPolyline
 90
4
 70
0
 10
-2017218.665221135
 20
-1300515.933370229
 10
-2017218.665221135
 20
-1300615.933370229
 10
-2017598.591618033
 20
-1300615.933370229
 10
-2017598.665221135
 20
-1300515.933370229
  0
INSERT
  5
379
330
17
100
AcDbEntity
  8
0
 62
1
100
AcDbBlockReference
  2
ktg
 10
-2046283.664224853
 20
-1300225.804587435
 30
0.0
 41
-1.0
  0
INSERT
  5
37B
330
17
100
AcDbEntity
  8
0
 62
1
100
AcDbBlockReference
  2
ktg
 10
-2045683.666217463
 20
-1300224.258260409
 30
0.0
 41
-1.0
  0
LWPOLYLINE
  5
37D
330
17
100
AcDbEntity
  8
A-FLOR-SPCL
  6
DASH
100
AcDbPolyline
 90
4
 70
1
 10
-2045683.666347414
 20
-1298575.932901935
 10
-2045733.666347414
 20
-1298575.932901937
 10
-2045733.666347514
 20
-1298395.93290196
 10
-2045683.666347514
 20
-1298395.932901958
  0
LINE
  5
37E
330
17
100
AcDbEntity
  8
A-FLOR-SPCL
  6
DASH
100
AcDbLine
 10
-2045733.666347514
 20
-1298395.93290196
 30
0.0
 11
-2045683.666347414
 21
-1298575.932901935
 31
0.0
  0
LINE
  5
37F
330
17
100
AcDbEntity
  8
A-FLOR-SPCL
  6
DASH
100
AcDbLine
 10
-2045683.666347514
 20
-1298395.932901958
 30
0.0
 11
-2045733.666347414
 21
-1298575.932901937
 31
0.0
  0
TEXT
  5
380
330
17
100
AcDbEntity
  8
A-ANNO-IDEN-TEXT
100
AcDbText
 10
-2045920.109622917
 20
-1298327.842853509
 30
-2.22e-13
 40
300.0
  1
KD1
 50
1.9509994e-09
  7
ROS
 41
0.8
 72
1
 11
-2045675.823908637
 21
-1298177.8428535
 31
-2.22e-13
100
AcDbText
 73
2
  0
TEXT
  5
381
330
17
100
AcDbEntity
  8
A-ANNO-IDEN-TEXT
100
AcDbText
 10
-2045917.004554137
 20
-1299900.920968425
 30
-2.22e-13
 40
300.0
  1
KD1
 50
1.9509994e-09
  7
ROS
 41
0.8
 72
1
 11
-2045672.718839856
 21
-1299750.920968417
 31
-2.22e-13
100
AcDbText
 73
2
  0
TEXT
  5
382
330
17
100
AcDbEntity
  8
A-ANNO-IDEN-TEXT
100
AcDbText
 10
-2046657.13075782
 20
-1299896.326713678
 30
0.0
 40
300.0
  1
KD2
 50
1.9509994e-09
  7
ROS
 41
0.8
 72
1
 11
-2046387.130757825
 21
-1299746.326713669
 31
0.0
100
AcDbText
 73
2
  0
TEXT
  5
383
330
17
100
AcDbEntity
  8
门窗编号
100
AcDbText
 10
-1999133.275807395
 20
-1300682.581941917
 30
0.0
 40
250.0
  1
YTC2
  7
_TCH_AXIS
 41
0.7058823529411765
100
AcDbText
  0
TEXT
  5
384
330
17
100
AcDbEntity
  8
门窗编号
100
AcDbText
 10
-1999005.467991632
 20
-1298391.683172453
 30
0.0
 40
250.0
  1
TLM2
  7
_TCH_AXIS
 41
0.7058823529411765
100
AcDbText
  0
TEXT
  5
385
330
17
100
AcDbEntity
  8
门窗编号
100
AcDbText
 10
-1995389.954473964
 20
-1300906.759697118
 30
0.0
 40
250.0
  1
PC2
  7
_TCH_AXIS
 41
0.7058823529411765
100
AcDbText
  0
LWPOLYLINE
  5
386
330
17
100
AcDbEntity
  8
A-FLOR-SPCL
  6
DASH
100
AcDbPolyline
 90
4
 70
1
 10
-2046333.665221135
 20
-1288355.933370229
 10
-2046283.665221135
 20
-1288355.933370229
 10
-2046283.665221134
 20
-1288075.933370228
 10
-2046333.665221134
 20
-1288075.933370228
  0
LINE
  5
387
330
17
100
AcDbEntity
  8
A-FLOR-SPCL
  6
DASH
100
AcDbLine
 10
-2046283.665221134
 20
-1288075.933370228
 30
0.0
 11
-2046333.665221135
 21
-1288355.933370229
 31
0.0
  0
LINE
  5
388
330
17
100
AcDbEntity
  8
A-FLOR-SPCL
  6
DASH
100
AcDbLine
 10
-2046333.665221134
 20
-1288075.933370228
 30
0.0
 11
-2046283.665221135
 21
-1288355.933370229
 31
0.0
  0
TEXT
  5
389
330
17
100
AcDbEntity
  8
门窗编号
100
AcDbText
 10
-2047700.124953692
 20
-1288025.933370228
 30
0.0
 40
250.0
  1
C3
  7
_TCH_AXIS
 41
0.7058823529411765
100
AcDbText
  0
TEXT
  5
38A
330
17
100
AcDbEntity
  8
门窗编号
100
AcDbText
 10
-2044378.828026904
 20
-1288025.933370228
 30
0.0
 40
250.0
  1
C1
  7
_TCH_AXIS
 41
0.7058823529411765
100
AcDbText
  0
TEXT
  5
38B
330
17
100
AcDbEntity
  8
A-FLOR-IDEN
100
AcDbText
 10
-2015950.556337204
 20
-1290342.80190025
 30
0.0
 40
350.0
  1
餐厅
  7
ROS
 41
0.7
100
AcDbText
  0
TEXT
  5
38C
330
17
100
AcDbEntity
  8
A-FLOR-IDEN
100
AcDbText
 10
-2027741.004308673
 20
-1290368.98222172
 30
0.0
 40
350.0
  1
餐厅
  7
ROS
 41
0.7
100
AcDbText
  0
LINE
  5
38D
330
17
100
AcDbEntity
  8
DOTE
100
AcDbLine
 10
-2025808.665221135
 20
-1301225.933370228
 30
0.0
 11
-2025808.665221135
 21
-1290725.933370228
 31
0.0
  0
TEXT
  5
38E
330
17
100
AcDbEntity
  8
A-FLOR-IDEN
100
AcDbText
 10
-2016610.349806917
 20
-1292725.933370228
 30
0.0
 40
350.0
  1
厨房
  7
ROS
 41
0.7
100
AcDbText
  0
TEXT
  5
38F
330
17
100
AcDbEntity
  8
A-FLOR-IDEN
100
AcDbText
 10
-2027271.689024225
 20
-1292548.877674583
 30
0.0
 40
350.0
  1
厨房
  7
ROS
 41
0.7
100
AcDbText
  0
TEXT
  5
390
330
17
100
AcDbEntity
  8
门窗编号
100
AcDbText
 10
-2044260.195173036
 20
-1298395.933370229
 30
0.0
 40
250.0
  1
TLM2
  7
_TCH_AXIS
 41
0.7058823529411765
100
AcDbText
  0
TEXT
  5
391
330
17
100
AcDbEntity
  8
门窗编号
100
AcDbText
 10
-2034719.832206218
 20
-1298399.282397158
 30
0.0
 40
250.0
  1
TLM2
  7
_TCH_AXIS
 41
0.7058823529411765
100
AcDbText
  0
LINE
  5
392
330
17
100
AcDbEntity
  8
WINDOW
100
AcDbLine
 10
-2005218.665221135
 20
-1288525.93337023
 30
0.0
 11
-2005218.665221135
 21
-1289725.93337023
 31
0.0
  0
LINE
  5
393
330
17
100
AcDbEntity
  8
WINDOW
100
AcDbLine
 10
-2005038.665221135
 20
-1289725.93337023
 30
0.0
 11
-2005038.665221135
 21
-1288525.93337023
 31
0.0
  0
LINE
  5
394
330
17
100
AcDbEntity
  8
WINDOW
100
AcDbLine
 10
-2004868.665221135
 20
-1294385.933370229
 30
0.0
 11
-2003868.665221135
 21
-1294385.933370229
 31
0.0
  0
LINE
  5
395
330
17
100
AcDbEntity
  8
WINDOW
100
AcDbLine
 10
-2003868.665221135
 20
-1294285.933370229
 30
0.0
 11
-2004868.665221135
 21
-1294285.933370229
 31
0.0
  0
LINE
  5
396
330
17
100
AcDbEntity
  8
WINDOW
100
AcDbLine
 10
-2003268.665221135
 20
-1294385.933370229
 30
0.0
 11
-2002268.665221135
 21
-1294385.933370229
 31
0.0
  0
LINE
  5
397
330
17
100
AcDbEntity
  8
WINDOW
100
AcDbLine
 10
-2002268.665221135
 20
-1294285.933370229
 30
0.0
 11
-2003268.665221135
 21
-1294285.933370229
 31
0.0
  0
LINE
  5
398
330
17
100
AcDbEntity
  8
WINDOW
100
AcDbLine
 10
-2040608.665221135
 20
-1294285.933370229
 30
0.0
 11
-2039608.665221135
 21
-1294285.933370229
 31
0.0
  0
LINE
  5
399
330
17
100
AcDbEntity
  8
WINDOW
100
AcDbLine
 10
-2039608.665221135
 20
-1294385.933370229
 30
0.0
 11
-2040608.665221135
 21
-1294385.933370229
 31
0.0
  0
LINE
  5
39A
330
17
100
AcDbEntity
  8
WINDOW
100
AcDbLine
 10
-2039008.665221135
 20
-1294285.933370229
 30
0.0
 11
-2038008.665221135
 21
-1294285.933370229
 31
0.0
  0
LINE
  5
39B
330
17
100
AcDbEntity
  8
WINDOW
100
AcDbLine
 10
-2038008.665221135
 20
-1294385.933370229
 30
0.0
 11
-2039008.665221135
 21
-1294385.933370229
 31
0.0
  0
LINE
  5
39C
330
17
100
AcDbEntity
  8
WINDOW
100
AcDbLine
 10
-2037658.665221135
 20
-1288515.933370229
 30
0.0
 11
-2037658.665221135
 21
-1289715.933370229
 31
0.0
  0
LINE
  5
39D
330
17
100
AcDbEntity
  8
WINDOW
100
AcDbLine
 10
-2037838.665221135
 20
-1289715.933370229
 30
0.0
 11
-2037838.665221135
 21
-1288515.933370229
 31
0.0
  0
TEXT
  5
39E
330
17
100
AcDbEntity
  8
A-ANNO-IDEN-TEXT
100
AcDbText
 10
-2032293.470950678
 20
-1299910.499779834
 30
-2.22e-13
 40
300.0
  1
KD2
 50
1.9509994e-09
  7
ROS
 41
0.8
 72
1
 11
-2032023.470950683
 21
-1299760.499779825
 31
-2.22e-13
100
AcDbText
 73
2
  0
TEXT
  5
39F
330
17
100
AcDbEntity
  8
A-ANNO-IDEN-TEXT
100
AcDbText
 10
-2033038.932701007
 20
-1299899.076153547
 30
0.0
 40
300.0
  1
KD1
 50
1.9509994e-09
  7
ROS
 41
0.8
 72
1
 11
-2032794.646986727
 21
-1299749.076153539
 31
0.0
100
AcDbText
 73
2
  0
TEXT
  5
3A0
330
17
100
AcDbEntity
  8
A-ANNO-IDEN-TEXT
100
AcDbText
 10
-2011090.27891611
 20
-1299946.405620526
 30
-2.22e-13
 40
300.0
  1
KD2
 50
1.9509994e-09
  7
ROS
 41
0.8
 72
1
 11
-2010820.278916116
 21
-1299796.405620517
 31
-2.22e-13
100
AcDbText
 73
2
  0
TEXT
  5
3A1
330
17
100
AcDbEntity
  8
A-ANNO-IDEN-TEXT
100
AcDbText
 10
-2010315.317078545
 20
-1299910.559054657
 30
0.0
 40
300.0
  1
KD1
 50
1.9509994e-09
  7
ROS
 41
0.8
 72
1
 11
-2010071.031364264
 21
-1299760.559054648
 31
0.0
100
AcDbText
 73
2
  0
TEXT
  5
3A2
330
17
100
AcDbEntity
  8
门窗编号
100
AcDbText
 10
-2035466.273160291
 20
-1288025.933370228
 30
0.0
 40
250.0
  1
C1
  7
_TCH_AXIS
 41
0.7058823529411765
100
AcDbText
  0
TEXT
  5
3A3
330
17
100
AcDbEntity
  8
门窗编号
100
AcDbText
 10
-2007653.026193205
 20
-1288025.240214844
 30
0.0
 40
250.0
  1
C1
  7
_TCH_AXIS
 41
0.7058823529411765
100
AcDbText
  0
TEXT
  5
3A4
330
17
100
AcDbEntity
  8
门窗编号
100
AcDbText
 10
-1998605.221067477
 20
-1288028.540454609
 30
0.0
 40
250.0
  1
C1
  7
_TCH_AXIS
 41
0.7058823529411765
100
AcDbText
  0
TEXT
  5
3A5
330
17
100
AcDbEntity
  8
门窗编号
100
AcDbText
 10
-2040743.323133837
 20
-1298366.082365087
 30
0.0
 40
250.0
  1
C2
  7
_TCH_AXIS
 41
0.7058823529411765
100
AcDbText
  0
TEXT
  5
3A6
330
17
100
AcDbEntity
  8
门窗编号
100
AcDbText
 10
-2037843.323133837
 20
-1298366.082365087
 30
0.0
 40
250.0
  1
C2
  7
_TCH_AXIS
 41
0.7058823529411765
100
AcDbText
  0
TEXT
  5
3A7
330
17
100
AcDbEntity
  8
门窗编号
100
AcDbText
 10
-2005203.323133837
 20
-1298366.082365088
 30
0.0
 40
250.0
  1
C2
  7
_TCH_AXIS
 41
0.7058823529411765
100
AcDbText
  0
TEXT
  5
3A8
330
17
100
AcDbEntity
  8
门窗编号
100
AcDbText
 10
-2002303.323133837
 20
-1298366.082365088
 30
0.0
 40
250.0
  1
C2
  7
_TCH_AXIS
 41
0.7058823529411765
100
AcDbText
  0
TEXT
  5
3A9
330
17
100
AcDbEntity
  8
A-FLOR-IDEN
100
AcDbText
 10
-2024697.369733632
 20
-1299562.182110496
 30
0.0
 40
350.0
  1
阳台
  7
ROS
 41
0.7
100
AcDbText
  0
TEXT
  5
3AA
330
17
100
AcDbEntity
  8
A-FLOR-IDEN
100
AcDbText
 10
-2020375.257433508
 20
-1299613.623949233
 30
0.0
 40
350.0
  1
阳台
  7
ROS
 41
0.7
100
AcDbText
  0
TEXT
  5
3AB
330
17
100
AcDbEntity
  8
门窗编号
100
AcDbText
 10
-2022599.354560412
 20
-1288165.437938292
 30
0.0
 40
250.0
  1
FM1乙
  7
_TCH_AXIS
 41
0.7058823529411765
100
AcDbText
  0
TEXT
  5
3AC
330
17
100
AcDbEntity
  8
门窗编号
100
AcDbText
 10
-2021468.253947888
 20
-1290439.290369165
 30
0.0
 40
250.0
  1
FM1乙
 50
89.99935287959681
  7
_TCH_AXIS
 41
0.7058823529411765
100
AcDbText
  0
LINE
  5
3AD
330
17
100
AcDbEntity
  8
DOTE
100
AcDbLine
 10
-2021208.665221135
 20
-1290525.933370228
 30
0.0
 11
-2021208.665221135
 21
-1287673.958462997
 31
0.0
  0
LWPOLYLINE
  5
3AE
330
17
100
AcDbEntity
  8
A-FLOR-SPCL
  6
DASH
100
AcDbPolyline
 90
4
 70
1
 10
-2025644.434821078
 20
-1285605.933370228
 10
-2025594.434821078
 20
-1285605.933370228
 10
-2025594.434820961
 20
-1285325.933370231
 10
-2025644.434820961
 20
-1285325.933370231
  0
LINE
  5
3AF
330
17
100
AcDbEntity
  8
A-FLOR-SPCL
  6
DASH
100
AcDbLine
 10
-2025594.434820961
 20
-1285325.933370231
 30
-2.22e-13
 11
-2025644.434821078
 21
-1285605.933370228
 31
-2.22e-13
  0
LINE
  5
3B0
330
17
100
AcDbEntity
  8
A-FLOR-SPCL
  6
DASH
100
AcDbLine
 10
-2025644.434820961
 20
-1285325.933370231
 30
-2.22e-13
 11
-2025594.434821078
 21
-1285605.933370228
 31
-2.22e-13
  0
TEXT
  5
3B1
330
17
100
AcDbEntity
  8
A-ANNO-IDEN-TEXT
100
AcDbText
 10
-2025880.867522943
 20
-1285967.429967996
 30
-2.22e-13
 40
300.0
  1
KD2
  7
ROS
 41
0.8
 72
1
 11
-2025610.867522943
 21
-1285817.429967996
 31
-2.22e-13
100
AcDbText
 73
2
  0
LWPOLYLINE
  5
3B2
330
17
100
AcDbEntity
  8
A-FLOR-SPCL
  6
DASH
100
AcDbPolyline
 90
4
 70
1
 10
-2026235.893240626
 20
-1285605.933370225
 10
-2026285.893240626
 20
-1285605.933370225
 10
-2026285.893240743
 20
-1285325.933370228
 10
-2026235.893240743
 20
-1285325.933370228
  0
LINE
  5
3B3
330
17
100
AcDbEntity
  8
A-FLOR-SPCL
  6
DASH
100
AcDbLine
 10
-2026285.893240743
 20
-1285325.933370228
 30
-2.22e-13
 11
-2026235.893240626
 21
-1285605.933370225
 31
-2.22e-13
  0
LINE
  5
3B4
330
17
100
AcDbEntity
  8
A-FLOR-SPCL
  6
DASH
100
AcDbLine
 10
-2026235.893240743
 20
-1285325.933370228
 30
-2.22e-13
 11
-2026285.893240626
 21
-1285605.933370225
 31
-2.22e-13
  0
TEXT
  5
3B5
330
17
100
AcDbEntity
  8
A-ANNO-IDEN-TEXT
100
AcDbText
 10
-2026557.862881439
 20
-1285960.659871281
 30
-2.22e-13
 40
300.0
  1
KD2
  7
ROS
 41
0.8
 72
1
 11
-2026287.862881439
 21
-1285810.659871281
 31
-2.22e-13
100
AcDbText
 73
2
  0
LWPOLYLINE
  5
3B6
330
17
100
AcDbEntity
  8
A-FLOR-SPCL
  6
DASH
100
AcDbPolyline
 90
4
 70
1
 10
-2017510.631822175
 20
-1284823.626808757
 10
-2018260.631822175
 20
-1284823.626808757
 10
-2018260.631822175
 20
-1285173.626808757
 10
-2017510.631822175
 20
-1285173.626808757
  0
LINE
  5
3B7
330
17
100
AcDbEntity
  8
A-FLOR-SPCL
  6
DASH
100
AcDbLine
 10
-2018260.631822175
 20
-1284823.626808757
 30
0.0
 11
-2017510.631822175
 21
-1285173.626808757
 31
0.0
  0
LINE
  5
3B8
330
17
100
AcDbEntity
  8
A-FLOR-SPCL
  6
DASH
100
AcDbLine
 10
-2017510.631822175
 20
-1284823.626808757
 30
0.0
 11
-2018260.631822175
 21
-1285173.626808757
 31
0.0
  0
TEXT
  5
3B9
330
17
100
AcDbEntity
  8
A-ANNO-TEXT
100
AcDbText
 10
-2018143.756822175
 20
-1285173.626808757
 30
2.22e-13
 40
350.0
  1
A/C
  7
ROS
 41
0.7
 72
1
 11
-2017885.631822175
 21
-1284998.626808757
 31
2.22e-13
100
AcDbText
 73
2
  0
LWPOLYLINE
  5
3BA
330
17
100
AcDbEntity
  8
A-FLOR-SPCL
  6
DASH
100
AcDbPolyline
 90
4
 70
1
 10
-2016626.448747331
 20
-1284821.115224562
 10
-2017376.448747331
 20
-1284821.115224562
 10
-2017376.448747331
 20
-1285171.115224562
 10
-2016626.448747331
 20
-1285171.115224562
  0
LINE
  5
3BB
330
17
100
AcDbEntity
  8
A-FLOR-SPCL
  6
DASH
100
AcDbLine
 10
-2017376.448747331
 20
-1284821.115224562
 30
0.0
 11
-2016626.448747331
 21
-1285171.115224562
 31
0.0
  0
LINE
  5
3BC
330
17
100
AcDbEntity
  8
A-FLOR-SPCL
  6
DASH
100
AcDbLine
 10
-2016626.448747331
 20
-1284821.115224562
 30
0.0
 11
-2017376.448747331
 21
-1285171.115224562
 31
0.0
  0
TEXT
  5
3BD
330
17
100
AcDbEntity
  8
A-ANNO-TEXT
100
AcDbText
 10
-2017259.573747332
 20
-1285171.115224562
 30
2.22e-13
 40
350.0
  1
A/C
  7
ROS
 41
0.7
 72
1
 11
-2017001.448747332
 21
-1284996.115224562
 31
2.22e-13
100
AcDbText
 73
2
  0
LWPOLYLINE
  5
3BE
330
17
100
AcDbEntity
  8
A-FLOR-SPCL
  6
DASH
100
AcDbPolyline
 90
4
 70
1
 10
-2025810.631822198
 20
-1284823.626808757
 10
-2026560.631822198
 20
-1284823.626808757
 10
-2026560.631822198
 20
-1285173.626808757
 10
-2025810.631822198
 20
-1285173.626808757
  0
LINE
  5
3BF
330
17
100
AcDbEntity
  8
A-FLOR-SPCL
  6
DASH
100
AcDbLine
 10
-2026560.631822198
 20
-1284823.626808757
 30
0.0
 11
-2025810.631822198
 21
-1285173.626808757
 31
0.0
  0
LINE
  5
3C0
330
17
100
AcDbEntity
  8
A-FLOR-SPCL
  6
DASH
100
AcDbLine
 10
-2025810.631822198
 20
-1284823.626808757
 30
0.0
 11
-2026560.631822198
 21
-1285173.626808757
 31
0.0
  0
TEXT
  5
3C1
330
17
100
AcDbEntity
  8
A-ANNO-TEXT
100
AcDbText
 10
-2026443.756822198
 20
-1285173.626808757
 30
2.22e-13
 40
350.0
  1
A/C
  7
ROS
 41
0.7
 72
1
 11
-2026185.631822198
 21
-1284998.626808757
 31
2.22e-13
100
AcDbText
 73
2
  0
LINE
  5
3C2
330
17
100
AcDbEntity
  8
A-FLOR-SPCL
  6
DASH
100
AcDbLine
 10
-2025676.448747355
 20
-1284821.115224562
 30
0.0
 11
-2024926.448747355
 21
-1285171.115224562
 31
0.0
  0
LINE
  5
3C3
330
17
100
AcDbEntity
  8
A-FLOR-SPCL
  6
DASH
100
AcDbLine
 10
-2024926.448747355
 20
-1284821.115224562
 30
0.0
 11
-2025676.448747355
 21
-1285171.115224562
 31
0.0
  0
TEXT
  5
3C4
330
17
100
AcDbEntity
  8
A-ANNO-TEXT
100
AcDbText
 10
-2025559.573747355
 20
-1285171.115224562
 30
2.22e-13
 40
350.0
  1
A/C
  7
ROS
 41
0.7
 72
1
 11
-2025301.448747355
 21
-1284996.115224562
 31
2.22e-13
100
AcDbText
 73
2
  0
TEXT
  5
3C5
330
17
100
AcDbEntity
  8
A-ANNO-IDEN-TEXT
100
AcDbText
 10
-2046636.703304735
 20
-1288649.468848128
 30
-2.22e-13
 40
300.0
  1
KD2
  7
ROS
 41
0.8
 72
1
 11
-2046366.703304735
 21
-1288499.468848128
 31
-2.22e-13
100
AcDbText
 73
2
  0
TEXT
  5
3C6
330
17
100
AcDbEntity
  8
A-ANNO-IDEN-TEXT
100
AcDbText
 10
-2033580.867522943
 20
-1287463.936201302
 30
-2.22e-13
 40
300.0
  1
KD2
  7
ROS
 41
0.8
 72
1
 11
-2033310.867522943
 21
-1287313.936201302
 31
-2.22e-13
100
AcDbText
 73
2
  0
LWPOLYLINE
  5
3C7
330
17
100
AcDbEntity
  8
A-FLOR-SPCL
  6
DASH
100
AcDbPolyline
 90
4
 70
1
 10
-2017672.895621191
 20
-1285605.933370228
 10
-2017722.895621191
 20
-1285605.933370228
 10
-2017722.895621308
 20
-1285325.933370231
 10
-2017672.895621308
 20
-1285325.933370231
  0
LINE
  5
3C8
330
17
100
AcDbEntity
  8
A-FLOR-SPCL
  6
DASH
100
AcDbLine
 10
-2017722.895621308
 20
-1285325.933370231
 30
-2.22e-13
 11
-2017672.895621191
 21
-1285605.933370228
 31
-2.22e-13
  0
LINE
  5
3C9
330
17
100
AcDbEntity
  8
A-FLOR-SPCL
  6
DASH
100
AcDbLine
 10
-2017672.895621308
 20
-1285325.933370231
 30
-2.22e-13
 11
-2017722.895621191
 21
-1285605.933370228
 31
-2.22e-13
  0
TEXT
  5
3CA
330
17
100
AcDbEntity
  8
A-ANNO-IDEN-TEXT
100
AcDbText
 10
-2017976.462919327
 20
-1285967.429967996
 30
-2.22e-13
 40
300.0
  1
KD2
  7
ROS
 41
0.8
 72
1
 11
-2017706.462919327
 21
-1285817.429967996
 31
-2.22e-13
100
AcDbText
 73
2
  0
LWPOLYLINE
  5
3CB
330
17
100
AcDbEntity
  8
A-FLOR-SPCL
  6
DASH
100
AcDbPolyline
 90
4
 70
1
 10
-2017081.437201643
 20
-1285605.933370225
 10
-2017031.437201643
 20
-1285605.933370225
 10
-2017031.437201527
 20
-1285325.933370228
 10
-2017081.437201527
 20
-1285325.933370228
  0
LINE
  5
3CC
330
17
100
AcDbEntity
  8
A-FLOR-SPCL
  6
DASH
100
AcDbLine
 10
-2017031.437201527
 20
-1285325.933370228
 30
-2.22e-13
 11
-2017081.437201643
 21
-1285605.933370225
 31
-2.22e-13
  0
LINE
  5
3CD
330
17
100
AcDbEntity
  8
A-FLOR-SPCL
  6
DASH
100
AcDbLine
 10
-2017081.437201527
 20
-1285325.933370228
 30
-2.22e-13
 11
-2017031.437201643
 21
-1285605.933370225
 31
-2.22e-13
  0
TEXT
  5
3CE
330
17
100
AcDbEntity
  8
A-ANNO-IDEN-TEXT
100
AcDbText
 10
-2017299.46756083
 20
-1285960.659871281
 30
-2.22e-13
 40
300.0
  1
KD2
  7
ROS
 41
0.8
 72
1
 11
-2017029.46756083
 21
-1285810.659871281
 31
-2.22e-13
100
AcDbText
 73
2
  0
LWPOLYLINE
  5
3CF
330
17
100
AcDbEntity
  8
A-FLOR-SPCL
  6
DASH
100
AcDbPolyline
 90
4
 70
1
 10
-1996589.840957273
 20
-1288355.933370229
 10
-1996539.840957273
 20
-1288355.933370229
 10
-1996539.840957272
 20
-1288075.933370228
 10
-1996589.840957272
 20
-1288075.933370228
  0
LINE
  5
3D0
330
17
100
AcDbEntity
  8
A-FLOR-SPCL
  6
DASH
100
AcDbLine
 10
-1996539.840957272
 20
-1288075.933370228
 30
0.0
 11
-1996589.840957273
 21
-1288355.933370229
 31
0.0
  0
LINE
  5
3D1
330
17
100
AcDbEntity
  8
A-FLOR-SPCL
  6
DASH
100
AcDbLine
 10
-1996589.840957272
 20
-1288075.933370228
 30
0.0
 11
-1996539.840957273
 21
-1288355.933370229
 31
0.0
  0
TEXT
  5
3D2
330
17
100
AcDbEntity
  8
A-ANNO-IDEN-TEXT
100
AcDbText
 10
-1996748.102831584
 20
-1288663.913711206
 30
-2.22e-13
 40
300.0
  1
KD2
  7
ROS
 41
0.8
 72
1
 11
-1996478.102831584
 21
-1288513.913711206
 31
-2.22e-13
100
AcDbText
 73
2
  0
LINE
  5
3D3
330
17
100
AcDbEntity
  8
WINDOW
100
AcDbLine
 10
-1996868.665221135
 20
-1288175.933370229
 30
0.0
 11
-1996568.665221135
 21
-1288175.933370229
 31
0.0
  0
TEXT
  5
3D4
330
17
100
AcDbEntity
  8
A-ANNO-IDEN-TEXT
100
AcDbText
 10
-2009822.689812611
 20
-1287463.936201302
 30
-2.22e-13
 40
300.0
  1
KD2
  7
ROS
 41
0.8
 72
1
 11
-2009552.689812611
 21
-1287313.936201302
 31
-2.22e-13
100
AcDbText
 73
2
  0
TEXT
  5
3D5
330
17
100
AcDbEntity
  8
门窗编号
100
AcDbText
 10
-2032300.124953692
 20
-1286825.933370228
 30
0.0
 40
250.0
  1
C3
  7
_TCH_AXIS
 41
0.7058823529411765
100
AcDbText
  0
TEXT
  5
3D6
330
17
100
AcDbEntity
  8
门窗编号
100
AcDbText
 10
-2027300.124953693
 20
-1285325.933370227
 30
0.0
 40
250.0
  1
C3
  7
_TCH_AXIS
 41
0.7058823529411765
100
AcDbText
  0
TEXT
  5
3D7
330
17
100
AcDbEntity
  8
门窗编号
100
AcDbText
 10
-2024062.580007666
 20
-1285275.933370227
 30
0.0
 40
250.0
  1
C3
  7
_TCH_AXIS
 41
0.7058823529411765
100
AcDbText
  0
TEXT
  5
3D8
330
17
100
AcDbEntity
  8
门窗编号
100
AcDbText
 10
-2019335.502834118
 20
-1285275.933370227
 30
0.0
 40
250.0
  1
C3
  7
_TCH_AXIS
 41
0.7058823529411765
100
AcDbText
  0
TEXT
  5
3D9
330
17
100
AcDbEntity
  8
门窗编号
100
AcDbText
 10
-2016200.124953692
 20
-1285275.933370227
 30
0.0
 40
250.0
  1
C3
  7
_TCH_AXIS
 41
0.7058823529411765
100
AcDbText
  0
TEXT
  5
3DA
330
17
100
AcDbEntity
  8
门窗编号
100
AcDbText
 10
-2010860.124953692
 20
-1286825.933370229
 30
0.0
 40
250.0
  1
C3
  7
_TCH_AXIS
 41
0.7058823529411765
100
AcDbText
  0
TEXT
  5
3DB
330
17
100
AcDbEntity
  8
门窗编号
100
AcDbText
 10
-1995460.124953692
 20
-1288025.933370228
 30
0.0
 40
250.0
  1
C3
  7
_TCH_AXIS
 41
0.7058823529411765
100
AcDbText
  0
LWPOLYLINE
  5
3DC
330
17
100
AcDbEntity
  8
A-FLOR-SPCL
  6
DASH
100
AcDbPolyline
 90
4
 70
1
 10
-2024926.448747355
 20
-1284821.115224562
 10
-2025676.448747355
 20
-1284821.115224562
 10
-2025676.448747355
 20
-1285171.115224562
 10
-2024926.448747355
 20
-1285171.115224562
  0
TEXT
  5
3DD
330
17
100
AcDbEntity
  8
门窗编号
100
AcDbText
 10
-2021686.12668066
 20
-1280972.840341834
 30
0.0
 40
250.0
  1
C4’
  7
_TCH_AXIS
 41
0.7058823529411765
100
AcDbText
  0
TEXT
  5
3DE
330
17
100
AcDbEntity
  8
门窗编号
100
AcDbText
 10
-2038590.171690885
 20
-1285446.212765122
 30
0.0
 40
250.0
  1
C4
  7
_TCH_AXIS
 41
0.7058823529411765
100
AcDbText
  0
TEXT
  5
3DF
330
17
100
AcDbEntity
  8
门窗编号
100
AcDbText
 10
-2004550.171690885
 20
-1285446.212765122
 30
0.0
 40
250.0
  1
C4
  7
_TCH_AXIS
 41
0.7058823529411765
100
AcDbText
  0
TEXT
  5
3E0
330
17
100
AcDbEntity
  8
门窗编号
100
AcDbText
 10
-2031090.876699908
 20
-1298738.779125381
 30
0.0
 40
250.0
  1
TLM3
  7
_TCH_AXIS
 41
0.7058823529411765
100
AcDbText
  0
TEXT
  5
3E1
330
17
100
AcDbEntity
  8
门窗编号
100
AcDbText
 10
-2024045.801558288
 20
-1298764.985230684
 30
0.0
 40
250.0
  1
TLM1
  7
_TCH_AXIS
 41
0.7058823529411765
100
AcDbText
  0
TEXT
  5
3E2
330
17
100
AcDbEntity
  8
门窗编号
100
AcDbText
 10
-2019725.727915934
 20
-1298782.288174084
 30
0.0
 40
250.0
  1
TLM1
  7
_TCH_AXIS
 41
0.7058823529411765
100
AcDbText
  0
TEXT
  5
3E3
330
17
100
AcDbEntity
  8
门窗编号
100
AcDbText
 10
-2012277.222130938
 20
-1298733.472404219
 30
0.0
 40
250.0
  1
TLM3
  7
_TCH_AXIS
 41
0.7058823529411765
100
AcDbText
  0
TEXT
  5
3E4
330
17
100
AcDbEntity
  8
门窗编号
100
AcDbText
 10
-2008795.286731292
 20
-1298411.108804318
 30
0.0
 40
250.0
  1
TLM2
  7
_TCH_AXIS
 41
0.7058823529411765
100
AcDbText
  0
TEXT
  5
3E5
330
17
100
AcDbEntity
  8
门窗编号
100
AcDbText
 10
-2030087.317820101
 20
-1292675.933370229
 30
0.0
 40
250.0
  1
C6
  7
_TCH_AXIS
 41
0.7058823529411765
100
AcDbText
  0
TEXT
  5
3E6
330
17
100
AcDbEntity
  8
门窗编号
100
AcDbText
 10
-2030746.105221135
 20
-1291534.118161882
 30
0.0
 40
250.0
  1
C6
 50
89.99935287959681
  7
_TCH_AXIS
 41
0.7058823529411765
100
AcDbText
  0
TEXT
  5
3E7
330
17
100
AcDbEntity
  8
门窗编号
100
AcDbText
 10
-2028151.290029754
 20
-1291488.961072612
 30
0.0
 40
250.0
  1
C8
 50
89.99935287959681
  7
_TCH_AXIS
 41
0.7058823529411765
100
AcDbText
  0
TEXT
  5
3E8
330
17
100
AcDbEntity
  8
门窗编号
100
AcDbText
 10
-2028122.656752583
 20
-1292612.845771968
 30
0.0
 40
250.0
  1
C8
 50
89.99935287959681
  7
_TCH_AXIS
 41
0.7058823529411765
100
AcDbText
  0
TEXT
  5
3E9
330
17
100
AcDbEntity
  8
门窗编号
100
AcDbText
 10
-2029099.371113007
 20
-1293225.933370228
 30
0.0
 40
250.0
  1
C8
  7
_TCH_AXIS
 41
0.7058823529411765
100
AcDbText
  0
TEXT
  5
3EA
330
17
100
AcDbEntity
  8
门窗编号
100
AcDbText
 10
-2014840.262773762
 20
-1289506.807660799
 30
0.0
 40
250.0
  1
C8
 50
89.99935287959681
  7
_TCH_AXIS
 41
0.7058823529411765
100
AcDbText
  0
TEXT
  5
3EB
330
17
100
AcDbEntity
  8
门窗编号
100
AcDbText
 10
-2014848.075436434
 20
-1291555.705409665
 30
0.0
 40
250.0
  1
C8
 50
89.99935287959681
  7
_TCH_AXIS
 41
0.7058823529411765
100
AcDbText
  0
TEXT
  5
3EC
330
17
100
AcDbEntity
  8
门窗编号
100
AcDbText
 10
-2014837.490029753
 20
-1292642.747348301
 30
2.22e-13
 40
250.0
  1
C8
 50
89.99935287959681
  7
_TCH_AXIS
 41
0.7058823529411765
100
AcDbText
  0
TEXT
  5
3ED
330
17
100
AcDbEntity
  8
门窗编号
100
AcDbText
 10
-2028131.088227671
 20
-1289497.710424522
 30
0.0
 40
250.0
  1
C8
 50
89.99935287959681
  7
_TCH_AXIS
 41
0.7058823529411765
100
AcDbText
  0
TEXT
  5
3EE
330
17
100
AcDbEntity
  8
门窗编号
100
AcDbText
 10
-2013084.130269228
 20
-1293244.042349015
 30
0.0
 40
250.0
  1
C6
  7
_TCH_AXIS
 41
0.7058823529411765
100
AcDbText
  0
TEXT
  5
3EF
330
17
100
AcDbEntity
  8
门窗编号
100
AcDbText
 10
-2012468.665221135
 20
-1291552.465846652
 30
0.0
 40
250.0
  1
C6
 50
92.97470122461507
  7
_TCH_AXIS
 41
0.7058823529411765
100
AcDbText
  0
TEXT
  5
3F0
330
17
100
AcDbEntity
  8
门窗编号
100
AcDbText
 10
-1993284.678630966
 20
-1293425.933370228
 30
0.0
 40
250.0
  1
C7
 50
89.99935287959681
  7
_TCH_AXIS
 41
0.7058823529411765
100
AcDbText
  0
TEXT
  5
3F1
330
17
100
AcDbEntity
  8
门窗编号
100
AcDbText
 10
-1993287.16447818
 20
-1295044.076102276
 30
0.0
 40
250.0
  1
C7
 50
89.99935287959681
  7
_TCH_AXIS
 41
0.7058823529411765
100
AcDbText
  0
TEXT
  5
3F2
330
17
100
AcDbEntity
  8
门窗编号
100
AcDbText
 10
-2049336.751980092
 20
-1293425.933370228
 30
0.0
 40
250.0
  1
C7
 50
89.99935287959681
  7
_TCH_AXIS
 41
0.7058823529411765
100
AcDbText
  0
TEXT
  5
3F3
330
17
100
AcDbEntity
  8
门窗编号
100
AcDbText
 10
-2049339.237827306
 20
-1295044.076102276
 30
0.0
 40
250.0
  1
C7
 50
89.99935287959681
  7
_TCH_AXIS
 41
0.7058823529411765
100
AcDbText
  0
TEXT
  5
3F4
330
17
100
AcDbEntity
  8
门窗编号
100
AcDbText
 10
-2015241.391067986
 20
-1299727.970144415
 30
0.0
 40
250.0
  1
PC1
  7
_TCH_AXIS
 41
0.7058823529411765
100
AcDbText
  0
TEXT
  5
3F5
330
17
100
AcDbEntity
  8
门窗编号
100
AcDbText
 10
-2027814.345934878
 20
-1299803.428686923
 30
0.0
 40
250.0
  1
PC1
  7
_TCH_AXIS
 41
0.7058823529411765
100
AcDbText
  0
TEXT
  5
3F6
330
17
100
AcDbEntity
  8
门窗编号
100
AcDbText
 10
-2047779.881600768
 20
-1300952.191295087
 30
0.0
 40
250.0
  1
PC2
  7
_TCH_AXIS
 41
0.7058823529411765
100
AcDbText
  0
TEXT
  5
3F7
330
17
100
AcDbEntity
  8
门窗编号
100
AcDbText
 10
-2008674.190459861
 20
-1300625.843105696
 30
0.0
 40
250.0
  1
YTC2
  7
_TCH_AXIS
 41
0.7058823529411765
100
AcDbText
  0
TEXT
  5
3F8
330
17
100
AcDbEntity
  8
门窗编号
100
AcDbText
 10
-2012456.282046138
 20
-1300583.619799721
 30
0.0
 40
250.0
  1
YTC3
  7
_TCH_AXIS
 41
0.7058823529411765
100
AcDbText
  0
TEXT
  5
3F9
330
17
100
AcDbEntity
  8
门窗编号
100
AcDbText
 10
-2019648.403599682
 20
-1300823.665540961
 30
0.0
 40
250.0
  1
YTC1
  7
_TCH_AXIS
 41
0.7058823529411765
100
AcDbText
  0
TEXT
  5
3FA
330
17
100
AcDbEntity
  8
门窗编号
100
AcDbText
 10
-2024063.623372973
 20
-1300833.727084283
 30
0.0
 40
250.0
  1
YTC1
  7
_TCH_AXIS
 41
0.7058823529411765
100
AcDbText
  0
TEXT
  5
3FB
330
17
100
AcDbEntity
  8
门窗编号
100
AcDbText
 10
-2031015.104394086
 20
-1300538.903851005
 30
0.0
 40
250.0
  1
YTC3
  7
_TCH_AXIS
 41
0.7058823529411765
100
AcDbText
  0
TEXT
  5
3FC
330
17
100
AcDbEntity
  8
门窗编号
100
AcDbText
 10
-2034710.138717345
 20
-1300605.999000963
 30
0.0
 40
250.0
  1
YTC2
  7
_TCH_AXIS
 41
0.7058823529411765
100
AcDbText
  0
TEXT
  5
3FD
330
17
100
AcDbEntity
  8
门窗编号
100
AcDbText
 10
-2044212.83552746
 20
-1300616.115127704
 30
0.0
 40
250.0
  1
YTC2
  7
_TCH_AXIS
 41
0.7058823529411765
100
AcDbText
  0
LINE
  5
3FE
330
17
100
AcDbEntity
  8
DOTE
100
AcDbLine
 10
-2003468.665221135
 20
-1295325.933370228
 30
0.0
 11
-2003468.665221135
 21
-1294075.933370229
 31
0.0
  0
TEXT
  5
3FF
330
17
100
AcDbEntity
  8
门窗编号
100
AcDbText
 10
-2004908.421566283
 20
-1294649.807946839
 30
0.0
 40
250.0
  1
FM2丙
  7
_TCH_AXIS
 41
0.7058823529411765
100
AcDbText
  0
LINE
  5
400
330
17
100
AcDbEntity
  8
WINDOW
100
AcDbLine
 10
-2011768.665221135
 20
-1294475.933370229
 30
0.0
 11
-2011768.665221135
 21
-1295275.933370229
 31
0.0
  0
TEXT
  5
401
330
17
100
AcDbEntity
  8
A-FLOR-IDEN
100
AcDbText
 10
-2014508.80198369
 20
-1294702.713356
 30
0.0
 40
300.0
  1
卫
  7
dly
 41
0.75
100
AcDbText
  0
TEXT
  5
402
330
17
100
AcDbEntity
  8
门窗编号
100
AcDbText
 10
-2040382.994829167
 20
-1294652.959228769
 30
0.0
 40
250.0
  1
FM2丙
  7
_TCH_AXIS
 41
0.7058823529411765
100
AcDbText
  0
LINE
  5
403
330
17
100
AcDbEntity
  8
DOTE
100
AcDbLine
 10
-2039408.665221135
 20
-1295325.933370228
 30
0.0
 11
-2039408.665221135
 21
-1293947.005063823
 31
0.0
  0
TEXT
  5
404
330
17
100
AcDbEntity
  8
门窗编号
100
AcDbText
 10
-2038720.576291444
 20
-1294658.11530081
 30
0.0
 40
250.0
  1
FM2丙
  7
_TCH_AXIS
 41
0.7058823529411765
100
AcDbText
  0
TEXT
  5
405
330
17
100
AcDbEntity
  8
门窗编号
100
AcDbText
 10
-2037471.723764616
 20
-1289453.678504841
 30
0.0
 40
250.0
  1
FM1丙
 50
89.99935287959681
  7
_TCH_AXIS
 41
0.7058823529411765
100
AcDbText
  0
LINE
  5
406
330
17
100
AcDbEntity
  8
WINDOW
100
AcDbLine
 10
-2016111.322644484
 20
-1293625.933370228
 30
0.0
 11
-2016108.665221135
 21
-1294425.933370228
 31
0.0
  0
TEXT
  5
407
330
17
100
AcDbEntity
  8
A-FLOR-IDEN
100
AcDbText
 10
-2028390.823888629
 20
-1294075.933370229
 30
0.0
 40
350.0
  1
卫
  7
ROS
 41
0.7
100
AcDbText
  0
TEXT
  5
408
330
17
100
AcDbEntity
  8
门窗编号
100
AcDbText
 10
-2003044.320138517
 20
-1294649.807946839
 30
0.0
 40
250.0
  1
FM2丙
  7
_TCH_AXIS
 41
0.7058823529411765
100
AcDbText
  0
TEXT
  5
409
330
17
100
AcDbEntity
  8
门窗编号
100
AcDbText
 10
-2005118.665221135
 20
-1289337.560629516
 30
0.0
 40
250.0
  1
FM1丙
 50
89.99935287959681
  7
_TCH_AXIS
 41
0.7058823529411765
100
AcDbText
  0
LINE
  5
40A
330
17
100
AcDbEntity
  8
DOTE
100
AcDbLine
 10
-1995568.665221135
 20
-1296949.393685301
 30
0.0
 11
-1995568.665221134
 21
-1281776.584794201
 31
0.0
  0
LINE
  5
40B
330
17
100
AcDbEntity
  8
DOTE
100
AcDbLine
 10
-2047308.665221135
 20
-1296371.325119853
 30
0.0
 11
-2047308.665221134
 21
-1281776.584794201
 31
0.0
  0
LINE
  5
40C
330
17
100
AcDbEntity
  8
DOTE
100
AcDbLine
 10
-2011768.665221135
 20
-1295481.444891911
 30
0.0
 11
-2011768.665221135
 21
-1292626.228891119
 31
0.0
  0
LINE
  5
40D
330
17
100
AcDbEntity
  8
DOTE
100
AcDbLine
 10
-2031108.665221135
 20
-1295911.457198916
 30
0.0
 11
-2031108.665221135
 21
-1292600.933370228
 31
0.0
  0
TEXT
  5
40E
330
17
100
AcDbEntity
  8
门窗编号
100
AcDbText
 10
-2014364.919339086
 20
-1293225.933370228
 30
0.0
 40
250.0
  1
C8
  7
_TCH_AXIS
 41
0.7058823529411765
100
AcDbText
  0
LINE
  5
40F
330
17
100
AcDbEntity
  8
DOTE
100
AcDbLine
 10
-1999818.665221134
 20
-1292775.933370229
 30
0.0
 11
-1999818.665221134
 21
-1281776.584794202
 31
0.0
  0
LINE
  5
410
330
17
100
AcDbEntity
  8
WINDOW
100
AcDbLine
 10
-2021208.665221135
 20
-1288225.933370228
 30
0.0
 11
-2021208.665221135
 21
-1289025.933370228
 31
0.0
  0
LINE
  5
411
330
17
100
AcDbEntity
  8
WINDOW
100
AcDbLine
 10
-2021308.665221135
 20
-1288225.933370229
 30
0.0
 11
-2021308.665221135
 21
-1289025.933370229
 31
0.0
  0
LINE
  5
412
330
17
100
AcDbEntity
  8
WINDOW
100
AcDbLine
 10
-2020758.665221135
 20
-1289625.933370228
 30
0.0
 11
-2019748.665221134
 21
-1289625.933370228
 31
0.0
  0
LINE
  5
413
330
17
100
AcDbEntity
  8
WINDOW
100
AcDbLine
 10
-2020758.665221135
 20
-1289525.933370228
 30
0.0
 11
-2019758.665221135
 21
-1289525.933370228
 31
0.0
  0
TEXT
  5
414
330
17
100
AcDbEntity
  8
门窗编号
100
AcDbText
 10
-2020931.170912128
 20
-1288954.164196014
 30
0.0
 40
250.0
  1
FM3丙
 50
89.99935287959681
  7
_TCH_AXIS
 41
0.7058823529411765
100
AcDbText
  0
TEXT
  5
415
330
17
100
AcDbEntity
  8
门窗编号
100
AcDbText
 10
-2020533.605613123
 20
-1289625.933370228
 30
0.0
 40
250.0
  1
FM2丙
  7
_TCH_AXIS
 41
0.7058823529411765
100
AcDbText
  0
INSERT
  5
416
330
17
100
AcDbEntity
  8
0
 62
6
100
AcDbBlockReference
  2
bzc1
 10
-2049208.665221135
 20
-1300125.933370229
 30
0.0
  0
LINE
  5
418
330
17
100
AcDbEntity
  8
DOTE
100
AcDbLine
 10
-2020308.665221136
 20
-1289025.933370228
 30
0.0
 11
-2020308.665221136
 21
-1280513.284497502
 31
0.0
  0
CIRCLE
  5
419
330
17
100
AcDbEntity
  8
0
 62
2
100
AcDbCircle
 10
-2037838.665221135
 20
-1289025.933370228
 30
0.0
 40
537.6315490145818
  0
LINE
  5
41A
330
17
100
AcDbEntity
  8
DOTE
100
AcDbLine
 10
-2019308.665221136
 20
-1281225.933370228
 30
0.0
 11
-2023908.665221135
 21
-1281225.933370228
 31
0.0
  0
LINE
  5
41B
330
17
100
AcDbEntity
  8
0
100
AcDbLine
 10
-2043158.665221135
 20
-1285575.933370229
 30
0.0
 11
-2043358.665427152
 21
-1285575.933370138
 31
0.0
  0
LINE
  5
41C
330
17
100
AcDbEntity
  8
0
100
AcDbLine
 10
-1999618.665221135
 20
-1285475.933370229
 30
0.0
 11
-2005318.665221135
 21
-1285475.933370229
 31
0.0
  0
LINE
  5
41D
330
17
100
AcDbEntity
  8
DOTE
100
AcDbLine
 10
-2022908.665221137
 20
-1289025.933370228
 30
0.0
 11
-2022908.665221135
 21
-1280349.712438736
 31
0.0
  0
LINE
  5
41E
330
17
100
AcDbEntity
  8
0
 62
2
100
AcDbLine
 10
-2021658.665221135
 20
-1286055.933370228
 30
0.0
 11
-2022828.665221135
 21
-1286055.933370228
 31
0.0
  0
TEXT
  5
41F
330
17
100
AcDbEntity
  8
A-ANNO-TEXT
 62
1
100
AcDbText
 10
-2045188.082185721
 20
-1295921.042200832
 30
0.0
 40
500.0
  1
1-A1户型 
  7
黑体
 41
0.8
100
AcDbText
  0
TEXT
  5
420
330
17
100
AcDbEntity
  8
A-ANNO-TEXT
 62
1
100
AcDbText
 10
-2035613.27144402
 20
-1295921.042200832
 30
0.0
 40
500.0
  1
1-B1户型 
  7
黑体
 41
0.8
100
AcDbText
  0
TEXT
  5
421
330
17
100
AcDbEntity
  8
A-ANNO-TEXT
 62
1
100
AcDbText
 10
-2000428.720631969
 20
-1295921.042200832
 30
0.0
 40
500.0
  1
1-A1户型 
  7
黑体
 41
0.8
100
AcDbText
  0
TEXT
  5
422
330
17
100
AcDbEntity
  8
A-ANNO-TEXT
 62
1
100
AcDbText
 10
-2009613.305083264
 20
-1295921.042200832
 30
0.0
 40
500.0
  1
1-B1户型 
  7
黑体
 41
0.8
100
AcDbText
  0
TEXT
  5
423
330
17
100
AcDbEntity
  8
A-ANNO-TEXT
 62
1
100
AcDbText
 10
-2024959.020070727
 20
-1296125.933370229
 30
0.0
 40
500.0
  1
1-F2户型 
  7
黑体
 41
0.8
100
AcDbText
  0
TEXT
  5
424
330
17
100
AcDbEntity
  8
A-ANNO-TEXT
 62
1
100
AcDbText
 10
-2020844.488763169
 20
-1296125.933370229
 30
0.0
 40
500.0
  1
1-F1户型 
  7
黑体
 41
0.8
100
AcDbText
  0
TEXT
  5
425
330
17
100
AcDbEntity
  8
A-FLOR-IDEN
100
AcDbText
 10
-2004475.658060864
 20
-1291017.496723392
 30
0.0
 40
300.0
  1
10.56m
  7
dly
 41
0.75
100
AcDbText
  0
TEXT
  5
426
330
17
100
AcDbEntity
  8
A-FLOR-IDEN
100
AcDbText
 10
-2003420.581075212
 20
-1290889.426221323
 30
0.0
 40
300.0
  1
2
  7
dly
 41
0.75
100
AcDbText
  0
TEXT
  5
427
330
17
100
AcDbEntity
  8
A-FLOR-IDEN
100
AcDbText
 10
-2039569.109235231
 20
-1291202.814091107
 30
0.0
 40
300.0
  1
10.56m
  7
dly
 41
0.75
100
AcDbText
  0
TEXT
  5
428
330
17
100
AcDbEntity
  8
A-FLOR-IDEN
100
AcDbText
 10
-2038514.032249579
 20
-1291074.743589037
 30
0.0
 40
300.0
  1
2
  7
dly
 41
0.75
100
AcDbText
  0
TEXT
  5
429
330
17
100
AcDbEntity
  8
A-FLOR-IDEN
100
AcDbText
 10
-2022841.460068585
 20
-1291673.061623998
 30
0.0
 40
300.0
  1
7.59m
  7
dly
 41
0.75
100
AcDbText
  0
TEXT
  5
42A
330
17
100
AcDbEntity
  8
A-FLOR-IDEN
100
AcDbText
 10
-2021888.60512291
 20
-1291556.645604418
 30
0.0
 40
300.0
  1
2
  7
dly
 41
0.75
100
AcDbText
  0
TEXT
  5
42B
330
17
100
AcDbEntity
  8
PUB_TEXT
100
AcDbText
 10
-2001999.872570216
 20
-1291750.93337023
 30
0.0
 40
350.0
  1
1#担架电梯
  7
_HZTXT
 41
0.8
 72
4
 11
-2001218.665221134
 21
-1291575.93337023
 31
0.0
100
AcDbText
  0
TEXT
  5
42C
330
17
100
AcDbEntity
  8
PUB_TEXT
100
AcDbText
 10
-2021232.725362415
 20
-1293361.027562148
 30
0.0
 40
300.0
  1
1#担架电梯
  7
dly
 41
0.75
 72
4
 11
-2020549.392029081
 21
-1293184.638673259
 31
0.0
100
AcDbText
  0
TEXT
  5
42D
330
17
100
AcDbEntity
  8
PUB_TEXT
100
AcDbText
 10
-2023555.158169582
 20
-1293286.173740222
 30
0.0
 40
350.0
  1
2#消防电梯
  7
_HZTXT
 41
0.8
 72
4
 11
-2022727.284153834
 21
-1293111.173740222
 31
0.0
100
AcDbText
  0
TEXT
  5
42E
330
17
100
AcDbEntity
  8
PUB_TEXT
100
AcDbText
 10
-2042169.863733096
 20
-1289284.036972899
 30
0.0
 40
300.0
  1
2#消防电梯
  7
dly
 41
0.75
100
AcDbText
  0
TEXT
  5
42F
330
17
100
AcDbEntity
  8
PUB_TEXT
100
AcDbText
 10
-2042278.663456304
 20
-1291661.343837689
 30
0.0
 40
300.0
  1
1#担架电梯
  7
dly
 41
0.75
100
AcDbText
  0
TEXT
  5
430
330
17
100
AcDbEntity
  8
PUB_TEXT
100
AcDbText
 10
-2002141.259034726
 20
-1289676.851616452
 30
0.0
 40
350.0
  1
2#消防电梯
  7
_HZTXT
 41
0.8
 72
4
 11
-2001313.385018978
 21
-1289501.851616452
 31
0.0
100
AcDbText
  0
INSERT
  5
431
102
{ACAD_XDICTIONARY
360
433
102
}
330
17
100
AcDbEntity
  8
A-FLOR-SPCL
100
AcDbBlockReference
  2
A$C48D17288
 10
-2016713.665221135
 20
-1293325.933370228
 30
0.0
 41
-1.0
 50
270.0
  0
INSERT
  5
434
102
{ACAD_XDICTIONARY
360
436
102
}
330
17
100
AcDbEntity
  8
A-FLOR-SPCL
100
AcDbBlockReference
  2
A$C48D17288
 10
-2026619.777739739
 20
-1293325.933410013
 30
2.22e-13
 50
90.0
  0
LWPOLYLINE
  5
437
330
17
100
AcDbEntity
  8
PUB_TAB
100
AcDbPolyline
 90
2
 70
0
 10
-1983458.259866664
 20
-1283906.631210367
 10
-1983458.259866664
 20
-1299545.881210367
  0
LINE
  5
438
330
17
100
AcDbEntity
  8
PUB_TITLE
100
AcDbLine
 10
-1984901.259866664
 20
-1285845.877508856
 30
0.0
 11
-1984151.259866664
 21
-1285845.877508856
 31
0.0
  0
LINE
  5
439
330
17
100
AcDbEntity
  8
PUB_TITLE
100
AcDbLine
 10
-1984901.259866664
 20
-1284595.877508856
 30
0.0
 11
-1984151.259866664
 21
-1284595.877508856
 31
0.0
  0
LINE
  5
43A
330
17
100
AcDbEntity
  8
PUB_TITLE
100
AcDbLine
 10
-1984401.259866664
 20
-1290845.877508856
 30
0.0
 11
-1984401.259866664
 21
-1287095.877508856
 31
0.0
  0
LINE
  5
43B
330
17
100
AcDbEntity
  8
PUB_TITLE
100
AcDbLine
 10
-1984651.259866664
 20
-1290845.877508856
 30
0.0
 11
-1984651.259866664
 21
-1287095.877508856
 31
0.0
  0
LINE
  5
43C
330
17
100
AcDbEntity
  8
PUB_TITLE
100
AcDbLine
 10
-1984901.259866664
 20
-1290845.877508856
 30
0.0
 11
-1984901.259866664
 21
-1287095.877508856
 31
0.0
  0
LINE
  5
43D
330
17
100
AcDbEntity
  8
PUB_TITLE
100
AcDbLine
 10
-1984151.259866664
 20
-1290479.789832691
 30
0.0
 11
-1984151.259866664
 21
-1286729.789832691
 31
0.0
  0
LINE
  5
43E
330
17
100
AcDbEntity
  8
PUB_TITLE
100
AcDbLine
 10
-1984901.259866664
 20
-1290845.877508856
 30
0.0
 11
-1984151.259866664
 21
-1290845.877508856
 31
0.0
  0
LINE
  5
43F
330
17
100
AcDbEntity
  8
PUB_TITLE
100
AcDbLine
 10
-1984901.259866664
 20
-1289595.877508856
 30
0.0
 11
-1984151.259866664
 21
-1289595.877508856
 31
0.0
  0
LINE
  5
440
330
17
100
AcDbEntity
  8
PUB_TITLE
100
AcDbLine
 10
-1984901.259866664
 20
-1288345.877508856
 30
0.0
 11
-1984151.259866664
 21
-1288345.877508856
 31
0.0
  0
LINE
  5
441
330
17
100
AcDbEntity
  8
PUB_TITLE
100
AcDbLine
 10
-1984901.259866664
 20
-1287095.877508856
 30
0.0
 11
-1984151.259866664
 21
-1287095.877508856
 31
0.0
  0
LINE
  5
442
330
17
100
AcDbEntity
  8
PUB_TITLE
100
AcDbLine
 10
-1984901.259866664
 20
-1287095.877508856
 30
0.0
 11
-1984151.259866664
 21
-1287095.877508856
 31
0.0
  0
LINE
  5
443
330
17
100
AcDbEntity
  8
PUB_TITLE
100
AcDbLine
 10
-1984901.259866664
 20
-1287095.877508856
 30
0.0
 11
-1984901.259866664
 21
-1283345.877508856
 31
0.0
  0
LINE
  5
444
330
17
100
AcDbEntity
  8
PUB_TITLE
100
AcDbLine
 10
-1984651.259866664
 20
-1287095.877508856
 30
0.0
 11
-1984651.259866664
 21
-1283345.877508856
 31
0.0
  0
LINE
  5
445
330
17
100
AcDbEntity
  8
PUB_TITLE
100
AcDbLine
 10
-1984401.259866664
 20
-1287095.877508856
 30
0.0
 11
-1984401.259866664
 21
-1283345.877508856
 31
0.0
  0
LINE
  5
446
330
17
100
AcDbEntity
  8
PUB_TITLE
100
AcDbLine
 10
-1984151.259866664
 20
-1287095.877508856
 30
0.0
 11
-1984151.259866664
 21
-1283345.877508856
 31
0.0
  0
TEXT
  5
447
330
17
100
AcDbEntity
  8
0
100
AcDbText
 10
-1984940.799271434
 20
-1285578.887690887
 30
0.0
 40
175.0
  1
签   名
 50
90.0
  7
HZ
100
AcDbText
  0
TEXT
  5
448
330
17
100
AcDbEntity
  8
0
100
AcDbText
 10
-1984940.799271434
 20
-1291765.290342458
 30
0.0
 40
175.0
  1
实   名
 50
90.0
  7
HZ
100
AcDbText
  0
LINE
  5
449
330
17
100
AcDbEntity
  8
0
100
AcDbLine
 10
-1984151.259866664
 20
-1288345.877508856
 30
0.0
 11
-1985151.259866664
 21
-1288345.877508856
 31
0.0
  0
LINE
  5
44A
330
17
100
AcDbEntity
  8
0
100
AcDbLine
 10
-1984151.259866664
 20
-1290845.877508856
 30
0.0
 11
-1985151.259866664
 21
-1290845.877508856
 31
0.0
  0
TEXT
  5
44B
330
17
100
AcDbEntity
  8
0
100
AcDbText
 10
-1984940.799271434
 20
-1290515.290342458
 30
0.0
 40
175.0
  1
签   名
 50
90.0
  7
HZ
100
AcDbText
  0
TEXT
  5
44C
330
17
100
AcDbEntity
  8
0
100
AcDbText
 10
-1984940.799271434
 20
-1289362.115415835
 30
0.0
 40
175.0
  1
日   期
 50
90.0
  7
HZ
100
AcDbText
  0
TEXT
  5
44D
330
17
100
AcDbEntity
  8
0
100
AcDbText
 10
-1984198.673750769
 20
-1288135.645194573
 30
0.0
 40
175.0
  1
总    图
 50
90.0
  7
HZ
100
AcDbText
  0
TEXT
  5
44E
330
17
100
AcDbEntity
  8
0
100
AcDbText
 10
-1984940.799271434
 20
-1286815.465282087
 30
0.0
 40
175.0
  1
实   名
 50
90.0
  7
HZ
100
AcDbText
  0
TEXT
  5
44F
330
17
100
AcDbEntity
  8
0
100
AcDbText
 10
-1984682.865309256
 20
-1288135.645194573
 30
0.0
 40
175.0
  1
暖    通
 50
90.0
  7
HZ
100
AcDbText
  0
TEXT
  5
450
330
17
100
AcDbEntity
  8
0
100
AcDbText
 10
-1984940.799271434
 20
-1288135.645194573
 30
0.0
 40
175.0
  1
专    业
 50
90.0
  7
HZ
100
AcDbText
  0
TEXT
  5
451
330
17
100
AcDbEntity
  8
0
100
AcDbText
 10
-1984446.494348016
 20
-1288135.645194573
 30
0.0
 40
175.0
  1
电    气
 50
90.0
  7
HZ
100
AcDbText
  0
TEXT
  5
452
330
17
100
AcDbEntity
  8
0
100
AcDbText
 10
-1984940.799271434
 20
-1284331.246677262
 30
0.0
 40
175.0
  1
日   期
 50
90.0
  7
HZ
100
AcDbText
  0
LINE
  5
453
330
17
100
AcDbEntity
  8
0
100
AcDbLine
 10
-1984151.259866664
 20
-1284595.877508856
 30
0.0
 11
-1985151.259866664
 21
-1284595.877508856
 31
0.0
  0
LINE
  5
454
330
17
100
AcDbEntity
  8
0
100
AcDbLine
 10
-1984151.259866664
 20
-1285845.877508856
 30
0.0
 11
-1985151.259866664
 21
-1285845.877508856
 31
0.0
  0
LINE
  5
455
330
17
100
AcDbEntity
  8
0
100
AcDbLine
 10
-1984151.259866664
 20
-1287095.877508856
 30
0.0
 11
-1985151.259866664
 21
-1287095.877508856
 31
0.0
  0
LINE
  5
456
330
17
100
AcDbEntity
  8
0
100
AcDbLine
 10
-1984744.064253768
 20
-1288345.877508856
 30
0.0
 11
-1985151.259866664
 21
-1288345.877508856
 31
0.0
  0
LINE
  5
457
330
17
100
AcDbEntity
  8
0
100
AcDbLine
 10
-1984151.259866664
 20
-1289595.877508856
 30
0.0
 11
-1985151.259866664
 21
-1289595.877508856
 31
0.0
  0
LINE
  5
458
330
17
100
AcDbEntity
  8
0
100
AcDbLine
 10
-1984744.064253768
 20
-1290845.877508856
 30
0.0
 11
-1985151.259866664
 21
-1290845.877508856
 31
0.0
  0
LINE
  5
459
330
17
100
AcDbEntity
  8
0
100
AcDbLine
 10
-1984151.259866664
 20
-1293345.877508856
 30
0.0
 11
-1984151.259866664
 21
-1283345.877508856
 31
0.0
  0
LINE
  5
45A
330
17
100
AcDbEntity
  8
0
100
AcDbLine
 10
-1984401.259866664
 20
-1293345.877508856
 30
0.0
 11
-1984401.259866664
 21
-1283345.877508856
 31
0.0
  0
LINE
  5
45B
330
17
100
AcDbEntity
  8
0
100
AcDbLine
 10
-1984651.259866664
 20
-1293345.877508856
 30
0.0
 11
-1984651.259866664
 21
-1283345.877508856
 31
0.0
  0
LINE
  5
45C
330
17
100
AcDbEntity
  8
0
100
AcDbLine
 10
-1984901.259866664
 20
-1293345.877508856
 30
0.0
 11
-1984901.259866664
 21
-1283345.877508856
 31
0.0
  0
LINE
  5
45D
330
17
100
AcDbEntity
  8
0
100
AcDbLine
 10
-1985151.259866664
 20
-1293345.877508856
 30
0.0
 11
-1985151.259866664
 21
-1283345.877508856
 31
0.0
  0
LINE
  5
45E
330
17
100
AcDbEntity
  8
0
100
AcDbLine
 10
-1984151.259866664
 20
-1293345.877508856
 30
0.0
 11
-1985151.259866664
 21
-1293345.877508856
 31
0.0
  0
LINE
  5
45F
330
17
100
AcDbEntity
  8
0
100
AcDbLine
 10
-1984151.259866664
 20
-1292073.98102708
 30
0.0
 11
-1985151.259866664
 21
-1292073.98102708
 31
0.0
  0
LINE
  5
460
330
17
100
AcDbEntity
  8
0
100
AcDbLine
 10
-1984151.259866664
 20
-1292073.98102708
 30
0.0
 11
-1985151.259866664
 21
-1292073.98102708
 31
0.0
  0
TEXT
  5
461
330
17
100
AcDbEntity
  8
0
100
AcDbText
 10
-1984198.673750769
 20
-1293057.700770727
 30
0.0
 40
175.0
  1
给 排 水
 50
90.0
  7
HZ
100
AcDbText
  0
TEXT
  5
462
330
17
100
AcDbEntity
  8
0
100
AcDbText
 10
-1984682.865309256
 20
-1293057.700770727
 30
0.0
 40
175.0
  1
建   筑
 50
90.0
  7
HZ
100
AcDbText
  0
TEXT
  5
463
330
17
100
AcDbEntity
  8
0
100
AcDbText
 10
-1984940.799271434
 20
-1293057.700770727
 30
0.0
 40
175.0
  1
专   业
 50
90.0
  7
HZ
100
AcDbText
  0
TEXT
  5
464
330
17
100
AcDbEntity
  8
0
100
AcDbText
 10
-1984446.494348016
 20
-1293057.700770727
 30
0.0
 40
175.0
  1
结   构
 50
90.0
  7
HZ
100
AcDbText
  0
LINE
  5
465
330
17
100
AcDbEntity
  8
0
100
AcDbLine
 10
-1984744.064253768
 20
-1292073.98102708
 30
0.0
 11
-1985151.259866664
 21
-1292073.98102708
 31
0.0
  0
LINE
  5
466
330
17
100
AcDbEntity
  8
0
100
AcDbLine
 10
-1984401.259866664
 20
-1293323.98102708
 30
0.0
 11
-1984401.259866664
 21
-1283345.877508856
 31
0.0
  0
LINE
  5
467
330
17
100
AcDbEntity
  8
0
100
AcDbLine
 10
-1984651.259866664
 20
-1293323.98102708
 30
0.0
 11
-1984651.259866664
 21
-1283345.877508856
 31
0.0
  0
LINE
  5
468
330
17
100
AcDbEntity
  8
0
100
AcDbLine
 10
-1984901.259866664
 20
-1293323.98102708
 30
0.0
 11
-1984901.259866664
 21
-1283345.877508856
 31
0.0
  0
LINE
  5
469
330
17
100
AcDbEntity
  8
0
100
AcDbLine
 10
-1985151.259866664
 20
-1293323.98102708
 30
0.0
 11
-1985151.259866664
 21
-1283345.877508856
 31
0.0
  0
LINE
  5
46A
330
17
100
AcDbEntity
  8
0
100
AcDbLine
 10
-1984151.259866664
 20
-1283345.877508856
 30
0.0
 11
-1985151.259866664
 21
-1283345.877508856
 31
0.0
  0
TEXT
  5
46B
330
17
100
AcDbEntity
  8
门窗编号
100
AcDbText
 10
-1997182.521353075
 20
-1301251.067916064
 30
0.0
 40
250.0
  1
BYC7
  7
_TCH_AXIS
 41
0.7058823529411765
100
AcDbText
  0
TEXT
  5
46C
330
17
100
AcDbEntity
  8
门窗编号
100
AcDbText
 10
-2010809.283306473
 20
-1301275.339135648
 30
0.0
 40
250.0
  1
BYC7
  7
_TCH_AXIS
 41
0.7058823529411765
100
AcDbText
  0
TEXT
  5
46D
330
17
100
AcDbEntity
  8
门窗编号
100
AcDbText
 10
-2032699.157240714
 20
-1301284.793425294
 30
0.0
 40
250.0
  1
BYC7
  7
_TCH_AXIS
 41
0.7058823529411765
100
AcDbText
  0
TEXT
  5
46E
330
17
100
AcDbEntity
  8
门窗编号
100
AcDbText
 10
-2046369.395949917
 20
-1301266.997669181
 30
0.0
 40
250.0
  1
BYC7
  7
_TCH_AXIS
 41
0.7058823529411765
100
AcDbText
  0
TEXT
  5
46F
330
17
100
AcDbEntity
  8
门窗编号
100
AcDbText
 10
-2045399.398146905
 20
-1300802.587975277
 30
0.0
 40
250.0
  1
BYC8
 50
90.0
  7
_TCH_AXIS
 41
0.7058823529411765
100
AcDbText
  0
TEXT
  5
470
330
17
100
AcDbEntity
  8
门窗编号
100
AcDbText
 10
-2032780.741819548
 20
-1300768.418089955
 30
0.0
 40
250.0
  1
BYC8
 50
90.0
  7
_TCH_AXIS
 41
0.7058823529411765
100
AcDbText
  0
TEXT
  5
471
330
17
100
AcDbEntity
  8
门窗编号
100
AcDbText
 10
-2009813.67936284
 20
-1300828.448352363
 30
0.0
 40
250.0
  1
BYC8
 50
90.0
  7
_TCH_AXIS
 41
0.7058823529411765
100
AcDbText
  0
TEXT
  5
472
330
17
100
AcDbEntity
  8
门窗编号
100
AcDbText
 10
-1997243.267073092
 20
-1300779.356143839
 30
0.0
 40
250.0
  1
BYC8
 50
90.0
  7
_TCH_AXIS
 41
0.7058823529411765
100
AcDbText
  0
TEXT
  5
473
330
17
100
AcDbEntity
  8
门窗编号
100
AcDbText
 10
-2016679.483899386
 20
-1300213.072250015
 30
0.0
 40
250.0
  1
BYC7
 50
90.0
  7
_TCH_AXIS
 41
0.7058823529411765
100
AcDbText
  0
TEXT
  5
474
330
17
100
AcDbEntity
  8
门窗编号
100
AcDbText
 10
-2026687.671010092
 20
-1300217.747613725
 30
0.0
 40
250.0
  1
BYC7
 50
90.0
  7
_TCH_AXIS
 41
0.7058823529411765
100
AcDbText
  0
LINE
  5
475
330
17
100
AcDbEntity
  8
0
100
AcDbLine
 10
-2030508.665221135
 20
-1286975.933370229
 30
0.0
 11
-2028608.665221135
 21
-1286975.933370229
 31
0.0
  0
LINE
  5
476
330
17
100
AcDbEntity
  8
0
100
AcDbLine
 10
-2030508.665221135
 20
-1287155.933370229
 30
0.0
 11
-2028608.665221135
 21
-1287155.933370229
 31
0.0
  0
LWPOLYLINE
  5
477
330
17
100
AcDbEntity
  8
0
100
AcDbPolyline
 90
4
 70
1
 10
-2055662.967668252
 20
-1264696.730807374
 10
-2046867.967668252
 20
-1264696.730807374
 10
-2046867.967668252
 20
-1269041.730807374
 10
-2055662.967668252
 20
-1269041.730807374
  0
LINE
  5
478
330
17
100
AcDbEntity
  8
0
100
AcDbLine
 10
-2055662.967668252
 20
-1266826.730807374
 30
0.0
 11
-2046867.967668252
 21
-1266826.730807374
 31
0.0
  0
LINE
  5
479
330
17
100
AcDbEntity
  8
0
100
AcDbLine
 10
-2053472.967668252
 20
-1264696.730807374
 30
0.0
 11
-2053472.967668252
 21
-1269041.730807374
 31
0.0
  0
TEXT
  5
47A
330
17
100
AcDbEntity
  8
PUB_TEXT
100
AcDbText
 10
-2054942.967668252
 20
-1265705.769883504
 30
-2.003e-05
 40
400.0
  1
外墙
  7
bzhz
 41
0.8
100
AcDbText
  0
TEXT
  5
47B
330
17
100
AcDbEntity
  8
PUB_TEXT
100
AcDbText
 10
-2055408.707732591
 20
-1266270.769883504
 30
-2.003e-05
 40
400.0
  1
(除注明外)
  7
bzhz
 41
0.8
100
AcDbText
  0
TEXT
  5
47C
330
17
100
AcDbEntity
  8
PUB_TEXT
100
AcDbText
 10
-2054942.967668252
 20
-1267525.769883504
 30
-2.003e-05
 40
400.0
  1
内墙
  7
bzhz
 41
0.8
100
AcDbText
  0
TEXT
  5
47D
330
17
100
AcDbEntity
  8
PUB_TEXT
100
AcDbText
 10
-2055408.707732591
 20
-1268190.769883504
 30
-2.003e-05
 40
400.0
  1
(除注明外)
  7
bzhz
 41
0.8
100
AcDbText
  0
LINE
  5
47E
330
17
100
AcDbEntity
  8
0
100
AcDbLine
 10
-2053472.967668252
 20
-1265466.730807374
 30
0.0
 11
-2046867.967668252
 21
-1265466.730807374
 31
0.0
  0
LINE
  5
47F
330
17
100
AcDbEntity
  8
0
100
AcDbLine
 10
-2053472.967668252
 20
-1266166.730807374
 30
0.0
 11
-2046867.967668252
 21
-1266166.730807374
 31
0.0
  0
TEXT
  5
480
330
17
100
AcDbEntity
  8
PUB_TEXT
100
AcDbText
 10
-2053167.967668252
 20
-1266726.730807374
 30
0.0
 40
400.0
  1
外贴100厚挤塑聚苯保温
  7
bzhz
 41
0.8
100
AcDbText
  0
TEXT
  5
481
330
17
100
AcDbEntity
  8
PUB_TEXT
100
AcDbText
 10
-2053167.967668252
 20
-1267501.730807374
 30
0.0
 40
400.0
  1
180厚钢筋混凝土墙 轴线居中
  7
bzhz
 41
0.8
100
AcDbText
  0
TEXT
  5
482
330
17
100
AcDbEntity
  8
PUB_TEXT
100
AcDbText
 10
-2053167.967668252
 20
-1268176.730807374
 30
0.0
 40
400.0
  1
180厚加气混凝土砌块 轴线居中
  7
bzhz
 41
0.8
100
AcDbText
  0
LINE
  5
483
330
17
100
AcDbEntity
  8
0
100
AcDbLine
 10
-2053472.967668252
 20
-1267596.730807374
 30
0.0
 11
-2046867.967668252
 21
-1267596.730807374
 31
0.0
  0
LINE
  5
484
330
17
100
AcDbEntity
  8
0
100
AcDbLine
 10
-2053472.967668252
 20
-1268366.730807374
 30
0.0
 11
-2046867.967668252
 21
-1268366.730807374
 31
0.0
  0
TEXT
  5
485
330
17
100
AcDbEntity
  8
PUB_TEXT
100
AcDbText
 10
-2053167.967668252
 20
-1268901.730807374
 30
0.0
 40
400.0
  1
100厚加气混凝土砌块 轴线居中
  7
bzhz
 41
0.8
100
AcDbText
  0
LINE
  5
486
330
17
100
AcDbEntity
  8
WALL
370
0
100
AcDbLine
 10
-2046467.746359763
 20
-1265897.963546548
 30
0.0
 11
-2045545.253098187
 21
-1265897.963546548
 31
0.0
  0
LINE
  5
487
330
17
100
AcDbEntity
  8
WALL
370
0
100
AcDbLine
 10
-2046467.746359763
 20
-1266097.963546548
 30
0.0
 11
-2045545.253098187
 21
-1266097.963546548
 31
0.0
  0
LINE
  5
488
330
17
100
AcDbEntity
  8
WALL
370
0
100
AcDbLine
 10
-2046467.746359763
 20
-1266660.053545866
 30
0.0
 11
-2045545.253098187
 21
-1266660.053545866
 31
0.0
  0
LINE
  5
489
330
17
100
AcDbEntity
  8
WALL
370
0
100
AcDbLine
 10
-2046467.746359763
 20
-1266860.053545866
 30
0.0
 11
-2045545.253098187
 21
-1266860.053545866
 31
0.0
  0
TEXT
  5
48A
330
17
100
AcDbEntity
  8
PUB_TEXT
100
AcDbText
 10
-2046342.463504434
 20
-1265625.720075045
 30
0.0
 40
400.0
  1
图例：
  7
dly
 41
0.8
100
AcDbText
  0
TEXT
  5
48B
330
17
100
AcDbEntity
  8
PUB_TEXT
100
AcDbText
 10
-2045173.56319159
 20
-1266192.146150025
 30
0.0
 40
400.0
  1
钢筋混凝土墙
  7
bzhz
 41
0.8
100
AcDbText
  0
TEXT
  5
48C
330
17
100
AcDbEntity
  8
PUB_TEXT
100
AcDbText
 10
-2045173.56319159
 20
-1266950.401734265
 30
0.0
 40
400.0
  1
180厚加气混凝土砌块墙
  7
bzhz
 41
0.8
100
AcDbText
  0
TEXT
  5
48D
330
17
100
AcDbEntity
  8
PUB_TEXT
100
AcDbText
 10
-2045177.116807988
 20
-1267612.156879464
 30
-2.003e-05
 40
400.0
  1
100厚加气混凝土砌块墙
  7
bzhz
 41
0.8
100
AcDbText
  0
LINE
  5
48E
330
17
100
AcDbEntity
  8
WALL
370
0
100
AcDbLine
 10
-2046471.299976161
 20
-1267345.872865794
 30
-2.003e-05
 11
-2045548.806714585
 21
-1267345.872865794
 31
-2.003e-05
  0
LINE
  5
48F
330
17
100
AcDbEntity
  8
WALL
370
0
100
AcDbLine
 10
-2046471.299976161
 20
-1267445.872865794
 30
-2.003e-05
 11
-2045548.806714585
 21
-1267445.872865794
 31
-2.003e-05
  0
TEXT
  5
490
330
17
100
AcDbEntity
  8
PUB_TEXT
100
AcDbText
 10
-2053349.239782726
 20
-1265366.524906302
 30
0.0
 40
400.0
  1
180厚钢筋混凝土墙 轴线外100、内80
  7
bzhz
 41
0.8
100
AcDbText
  0
TEXT
  5
491
330
17
100
AcDbEntity
  8
PUB_TEXT
100
AcDbText
 10
-2053472.967668252
 20
-1266046.730807374
 30
0.0
 40
400.0
  1
180厚加气混凝土砌块 轴线外100、内80
  7
bzhz
 41
0.8
100
AcDbText
  0
LWPOLYLINE
  5
492
330
17
100
AcDbEntity
  8
0
100
AcDbPolyline
 90
3
 70
0
 10
-2005138.665221135
 20
-1292775.93337023
 10
-2005687.820321381
 20
-1292539.76768176
 10
-2005828.665221135
 20
-1290665.93337023
  0
LWPOLYLINE
  5
493
330
17
100
AcDbEntity
  8
0
100
AcDbPolyline
 90
3
 70
0
 10
-2023088.665221135
 20
-1289525.933370229
 10
-2023657.752125542
 20
-1289301.329017547
 10
-2023818.665221135
 20
-1288115.933370229
  0
LWPOLYLINE
  5
494
330
17
100
AcDbEntity
  8
0
100
AcDbPolyline
 90
3
 70
0
 10
-2037048.665221135
 20
-1292775.933370229
 10
-2037571.524478563
 20
-1292514.461167528
 10
-2037738.665221135
 20
-1290665.933370229
  0
LINE
  5
495
330
17
100
AcDbEntity
  8
WALL
100
AcDbLine
 10
-2023008.665221093
 20
-1285425.933370243
 30
0.0
 11
-2023508.665220812
 21
-1285425.933370204
 31
0.0
  0
LINE
  5
496
330
17
100
AcDbEntity
  8
WALL
100
AcDbLine
 10
-2023508.665220812
 20
-1285425.933370204
 30
0.0
 11
-2023508.665220812
 21
-1285605.93337029
 31
0.0
  0
LINE
  5
497
330
17
100
AcDbEntity
  8
WALL
100
AcDbLine
 10
-2023508.665220812
 20
-1285605.93337029
 30
0.0
 11
-2023008.665221094
 21
-1285605.933370243
 31
0.0
  0
LINE
  5
498
330
17
100
AcDbEntity
  8
WALL
100
AcDbLine
 10
-2025908.665221122
 20
-1285605.933370243
 30
0.0
 11
-2025008.665220812
 21
-1285605.93337029
 31
0.0
  0
LINE
  5
499
330
17
100
AcDbEntity
  8
WALL
100
AcDbLine
 10
-2025008.665220812
 20
-1285605.93337029
 30
0.0
 11
-2025008.665220812
 21
-1285425.933370196
 31
0.0
  0
LINE
  5
49A
330
17
100
AcDbEntity
  8
WALL
100
AcDbLine
 10
-2025008.665220812
 20
-1285425.933370196
 30
0.0
 11
-2026008.665221135
 21
-1285425.933370228
 31
0.0
  0
LINE
  5
49B
330
17
100
AcDbEntity
  8
SURFACE
100
AcDbLine
 10
-2023508.665221296
 20
-1285325.933370242
 30
0.0
 11
-2023508.665221297
 21
-1285425.933370241
 31
0.0
  0
LINE
  5
49C
330
17
100
AcDbEntity
  8
SURFACE
100
AcDbLine
 10
-2023108.665221093
 20
-1285325.933370243
 30
0.0
 11
-2023508.665221296
 21
-1285325.933370242
 31
0.0
  0
LINE
  5
49D
330
17
100
AcDbEntity
  8
SURFACE
100
AcDbLine
 10
-2025008.665221296
 20
-1285325.933370234
 30
0.0
 11
-2025008.665221297
 21
-1285425.933370233
 31
0.0
  0
LINE
  5
49E
330
17
100
AcDbEntity
  8
SURFACE
100
AcDbLine
 10
-2025008.665221296
 20
-1285325.933370234
 30
0.0
 11
-2026008.665221135
 21
-1285325.933370228
 31
0.0
  0
INSERT
  5
49F
330
17
100
AcDbEntity
  8
WINDOW
100
AcDbBlockReference
 66
1
  2
$TCHSYS$WIN2D
 10
-2024258.665221135
 20
-1285465.933370228
 30
0.0
 41
1500.0
 42
280.0
 43
1500.0
 50
180.0
1001
WTHICK
1040
280.0
  0
ATTRIB
  5
4A0
330
49F
100
AcDbEntity
  8
WINDOW_TEXT
100
AcDbText
 10
-2024453.665221135
 20
-1285309.683370228
 30
0.0
 40
297.5
  1

  7
_TCH_WINDOW
 41
0.7058823529411765
100
AcDbAttribute
  2
A
 70
0
  0
SEQEND
  5
4A1
330
49F
100
AcDbEntity
  8
WINDOW
  0
LINE
  5
4A2
330
17
100
AcDbEntity
  8
WALL
100
AcDbLine
 10
-2028428.665221117
 20
-1285605.933370117
 30
0.0
 11
-2028428.665221117
 21
-1288935.933370313
 31
0.0
  0
LINE
  5
4A3
330
17
100
AcDbEntity
  8
WALL
100
AcDbLine
 10
-2028608.665221117
 20
-1285425.933370117
 30
0.0
 11
-2028608.665221135
 21
-1289025.933370228
 31
0.0
  0
LINE
  5
4A4
330
17
100
AcDbEntity
  8
SURFACE
100
AcDbLine
 10
-2028708.665221117
 20
-1285325.933370313
 30
0.0
 11
-2028708.665221135
 21
-1289025.933370228
 31
0.0
  0
LINE
  5
4A5
330
17
100
AcDbEntity
  8
WALL
100
AcDbLine
 10
-2028608.665220885
 20
-1293325.933370361
 30
0.0
 11
-2028718.66522149
 21
-1293325.933369903
 31
0.0
  0
LINE
  5
4A6
330
17
100
AcDbEntity
  8
WALL
100
AcDbLine
 10
-2028718.66522149
 20
-1293325.933369903
 30
0.0
 11
-2028718.66522149
 21
-1293505.933370302
 31
0.0
  0
LINE
  5
4A7
330
17
100
AcDbEntity
  8
WALL
100
AcDbLine
 10
-2028718.66522149
 20
-1293505.933370302
 30
0.0
 11
-2028508.665221135
 21
-1293505.933370228
 31
0.0
  0
LINE
  5
4A8
330
17
100
AcDbEntity
  8
WALL
100
AcDbLine
 10
-2029218.665220972
 20
-1293325.933370361
 30
0.0
 11
-2029218.665221252
 21
-1293505.933370361
 31
0.0
  0
LINE
  5
4A9
330
17
100
AcDbEntity
  8
SURFACE
100
AcDbLine
 10
-2028718.66522086
 20
-1293225.933370059
 30
0.0
 11
-2028718.66522086
 21
-1293325.933370361
 31
0.0
  0
LINE
  5
4AA
330
17
100
AcDbEntity
  8
SURFACE
100
AcDbLine
 10
-2028708.665221172
 20
-1293225.933369751
 30
0.0
 11
-2028718.66522086
 21
-1293225.933370059
 31
0.0
  0
INSERT
  5
4AB
330
17
100
AcDbEntity
  8
WINDOW
100
AcDbBlockReference
 66
1
  2
$TCHSYS$WIN2D
 10
-2028968.665221135
 20
-1293365.933370228
 30
0.0
 41
500.0
 42
-280.0
 43
500.0
 50
180.0
1001
WTHICK
1040
280.0
  0
ATTRIB
  5
4AC
330
4AB
100
AcDbEntity
  8
WINDOW_TEXT
100
AcDbText
 10
-2029163.665221135
 20
-1293939.683370228
 30
0.0
 40
297.5
  1

  7
_TCH_WINDOW
 41
0.7058823529411765
100
AcDbAttribute
  2
A
 70
0
  0
SEQEND
  5
4AD
330
4AB
100
AcDbEntity
  8
WINDOW
  0
LINE
  5
4AE
330
17
100
AcDbEntity
  8
WALL
100
AcDbLine
 10
-2013998.665221166
 20
-1298745.933370213
 30
0.0
 11
-2013998.665221166
 21
-1295425.933370029
 31
0.0
  0
LINE
  5
4AF
330
17
100
AcDbEntity
  8
WALL
100
AcDbLine
 10
-2013818.665221166
 20
-1298925.933370213
 30
0.0
 11
-2013818.665221135
 21
-1295325.933370228
 31
0.0
  0
LINE
  5
4B0
330
17
100
AcDbEntity
  8
WALL
100
AcDbLine
 10
-2013818.665221001
 20
-1293325.933370337
 30
0.0
 11
-2013998.66522149
 21
-1293325.933370367
 31
0.0
  0
LINE
  5
4B1
330
17
100
AcDbEntity
  8
WALL
100
AcDbLine
 10
-2013998.66522149
 20
-1293325.933370367
 30
0.0
 11
-2013998.66522149
 21
-1293505.933370291
 31
0.0
  0
LINE
  5
4B2
330
17
100
AcDbEntity
  8
WALL
100
AcDbLine
 10
-2014708.665221135
 20
-1293505.933370228
 30
0.0
 11
-2014498.665220812
 21
-1293505.933370214
 31
0.0
  0
LINE
  5
4B3
330
17
100
AcDbEntity
  8
WALL
100
AcDbLine
 10
-2014498.665220812
 20
-1293505.933370214
 30
0.0
 11
-2014498.665220812
 21
-1293325.933370367
 31
0.0
  0
LINE
  5
4B4
330
17
100
AcDbEntity
  8
WALL
100
AcDbLine
 10
-2014498.665220812
 20
-1293325.933370367
 30
0.0
 11
-2014608.665221163
 21
-1293325.933370337
 31
0.0
  0
LINE
  5
4B5
330
17
100
AcDbEntity
  8
SURFACE
100
AcDbLine
 10
-2013998.665221195
 20
-1293225.933370568
 30
0.0
 11
-2013998.665221195
 21
-1293325.933370337
 31
0.0
  0
LINE
  5
4B6
330
17
100
AcDbEntity
  8
SURFACE
100
AcDbLine
 10
-2013818.665221001
 20
-1293225.933370337
 30
0.0
 11
-2013998.665221195
 21
-1293225.933370568
 31
0.0
  0
LINE
  5
4B7
330
17
100
AcDbEntity
  8
SURFACE
100
AcDbLine
 10
-2014498.665221195
 20
-1293225.933370568
 30
0.0
 11
-2014498.665221194
 21
-1293325.933370337
 31
0.0
  0
LINE
  5
4B8
330
17
100
AcDbEntity
  8
SURFACE
100
AcDbLine
 10
-2014498.665221195
 20
-1293225.933370568
 30
0.0
 11
-2014508.665221163
 21
-1293225.933370337
 31
0.0
  0
INSERT
  5
4B9
330
17
100
AcDbEntity
  8
WINDOW
100
AcDbBlockReference
 66
1
  2
$TCHSYS$WIN2D
 10
-2014248.665221134
 20
-1293365.933370228
 30
0.0
 41
500.0
 42
280.0
 43
500.0
 50
180.0000000000167
1001
WTHICK
1040
280.0
  0
ATTRIB
  5
4BA
330
4B9
100
AcDbEntity
  8
WINDOW_TEXT
100
AcDbText
 10
-2014443.665221135
 20
-1293119.683370229
 30
0.0
 40
297.5
  1

 50
1.66661e-11
  7
_TCH_WINDOW
 41
0.7058823529411765
100
AcDbAttribute
  2
A
 70
0
  0
SEQEND
  5
4BB
330
4B9
100
AcDbEntity
  8
WINDOW
  0
LINE
  5
4BC
330
17
100
AcDbEntity
  8
WALL
100
AcDbLine
 10
-2014608.665221261
 20
-1285425.933370226
 30
0.0
 11
-2015308.66522149
 21
-1285425.933370263
 31
0.0
  0
LINE
  5
4BD
330
17
100
AcDbEntity
  8
WALL
100
AcDbLine
 10
-2015308.66522149
 20
-1285425.933370263
 30
0.0
 11
-2015308.66522149
 21
-1285605.933370228
 31
0.0
  0
LINE
  5
4BE
330
17
100
AcDbEntity
  8
WALL
100
AcDbLine
 10
-2015308.66522149
 20
-1285605.933370228
 30
0.0
 11
-2014788.665221122
 21
-1285605.933370226
 31
0.0
  0
LINE
  5
4BF
330
17
100
AcDbEntity
  8
WALL
100
AcDbLine
 10
-2017308.665221261
 20
-1285605.933370226
 30
0.0
 11
-2016808.665220812
 21
-1285605.933370228
 31
0.0
  0
LINE
  5
4C0
330
17
100
AcDbEntity
  8
WALL
100
AcDbLine
 10
-2016808.665220812
 20
-1285605.933370228
 30
0.0
 11
-2016808.665220812
 21
-1285425.933370264
 31
0.0
  0
LINE
  5
4C1
330
17
100
AcDbEntity
  8
WALL
100
AcDbLine
 10
-2016808.665220812
 20
-1285425.933370264
 30
0.0
 11
-2017408.665221135
 21
-1285425.933370228
 31
0.0
  0
LINE
  5
4C2
330
17
100
AcDbEntity
  8
SURFACE
100
AcDbLine
 10
-2015308.66522086
 20
-1285325.933370303
 30
0.0
 11
-2015308.66522086
 21
-1285425.933370226
 31
0.0
  0
LINE
  5
4C3
330
17
100
AcDbEntity
  8
SURFACE
100
AcDbLine
 10
-2014508.665221122
 20
-1285325.933370226
 30
0.0
 11
-2015308.66522086
 21
-1285325.933370303
 31
0.0
  0
LINE
  5
4C4
330
17
100
AcDbEntity
  8
SURFACE
100
AcDbLine
 10
-2016808.665221296
 20
-1285325.933370304
 30
0.0
 11
-2016808.665221296
 21
-1285425.933370228
 31
0.0
  0
LINE
  5
4C5
330
17
100
AcDbEntity
  8
SURFACE
100
AcDbLine
 10
-2016808.665221296
 20
-1285325.933370304
 30
0.0
 11
-2017408.665221135
 21
-1285325.933370228
 31
0.0
  0
INSERT
  5
4C6
330
17
100
AcDbEntity
  8
WINDOW
100
AcDbBlockReference
 66
1
  2
$TCHSYS$WIN2D
 10
-2016058.665221135
 20
-1285465.933370228
 30
0.0
 41
-1500.0
 42
280.0
 43
-1500.0
 50
180.0
1001
WTHICK
1040
280.0
  0
ATTRIB
  5
4C7
330
4C6
100
AcDbEntity
  8
WINDOW_TEXT
100
AcDbText
 10
-2016253.665221135
 20
-1285309.683370228
 30
0.0
 40
297.5
  1

  7
_TCH_WINDOW
 41
0.7058823529411765
100
AcDbAttribute
  2
A
 70
0
  0
SEQEND
  5
4C8
330
4C6
100
AcDbEntity
  8
WINDOW
  0
LINE
  5
4C9
330
17
100
AcDbEntity
  8
WALL
100
AcDbLine
 10
-2020208.665221089
 20
-1281125.933370163
 30
0.0
 11
-2021008.66522149
 21
-1281125.933370294
 31
0.0
  0
LINE
  5
4CA
330
17
100
AcDbEntity
  8
WALL
100
AcDbLine
 10
-2021008.66522149
 20
-1281125.933370294
 30
0.0
 11
-2021008.66522149
 21
-1281305.933370235
 31
0.0
  0
LINE
  5
4CB
330
17
100
AcDbEntity
  8
WALL
100
AcDbLine
 10
-2021008.66522149
 20
-1281305.933370235
 30
0.0
 11
-2020388.665221089
 21
-1281305.933370163
 31
0.0
  0
LINE
  5
4CC
330
17
100
AcDbEntity
  8
WALL
100
AcDbLine
 10
-2022828.665221207
 20
-1281305.933370163
 30
0.0
 11
-2022208.66522149
 21
-1281305.933370235
 31
0.0
  0
LINE
  5
4CD
330
17
100
AcDbEntity
  8
WALL
100
AcDbLine
 10
-2022208.66522149
 20
-1281305.933370235
 30
0.0
 11
-2022208.66522149
 21
-1281125.933370294
 31
0.0
  0
LINE
  5
4CE
330
17
100
AcDbEntity
  8
WALL
100
AcDbLine
 10
-2022208.66522149
 20
-1281125.933370294
 30
0.0
 11
-2023008.665221093
 21
-1281125.933370163
 31
0.0
  0
LINE
  5
4CF
330
17
100
AcDbEntity
  8
SURFACE
100
AcDbLine
 10
-2021008.66522086
 20
-1281025.933370218
 30
0.0
 11
-2021008.66522086
 21
-1281125.933370163
 31
0.0
  0
LINE
  5
4D0
330
17
100
AcDbEntity
  8
SURFACE
100
AcDbLine
 10
-2020108.665221089
 20
-1281025.933370163
 30
0.0
 11
-2021008.66522086
 21
-1281025.933370218
 31
0.0
  0
LINE
  5
4D1
330
17
100
AcDbEntity
  8
SURFACE
100
AcDbLine
 10
-2022208.665221296
 20
-1281025.933370218
 30
0.0
 11
-2022208.665221296
 21
-1281125.933370163
 31
0.0
  0
LINE
  5
4D2
330
17
100
AcDbEntity
  8
SURFACE
100
AcDbLine
 10
-2022208.665221296
 20
-1281025.933370218
 30
0.0
 11
-2023108.665221093
 21
-1281025.933370163
 31
0.0
  0
INSERT
  5
4D3
330
17
100
AcDbEntity
  8
WINDOW
100
AcDbBlockReference
 66
1
  2
$TCHSYS$WIN2D
 10
-2021608.665221135
 20
-1281165.933370228
 30
0.0
 41
-1200.0
 42
280.0
 43
-1200.0
 50
180.0
1001
WTHICK
1040
280.0
  0
ATTRIB
  5
4D4
330
4D3
100
AcDbEntity
  8
WINDOW_TEXT
100
AcDbText
 10
-2022153.665221135
 20
-1281123.016703561
 30
0.0
 40
297.5
  1

  7
_TCH_WINDOW
 41
0.7058823529411765
100
AcDbAttribute
  2
A
 70
0
  0
SEQEND
  5
4D5
330
4D3
100
AcDbEntity
  8
WINDOW
  0
LINE
  5
4D6
330
17
100
AcDbEntity
  8
WALL
100
AcDbLine
 10
-2019218.665221173
 20
-1287935.933369894
 30
0.0
 11
-2019218.665221173
 21
-1288935.933370169
 31
0.0
  0
LINE
  5
4D7
330
17
100
AcDbEntity
  8
WALL
100
AcDbLine
 10
-2019398.665221173
 20
-1288115.933369894
 30
0.0
 11
-2019398.665221173
 21
-1289025.933370169
 31
0.0
  0
LINE
  5
4D8
330
17
100
AcDbEntity
  8
WALL
100
AcDbLine
 10
-2025718.665221157
 20
-1298925.933370303
 30
0.0
 11
-2025158.665220812
 21
-1298925.933370287
 31
0.0
  0
LINE
  5
4D9
330
17
100
AcDbEntity
  8
WALL
100
AcDbLine
 10
-2025158.665220812
 20
-1298925.933370287
 30
0.0
 11
-2025158.665220812
 21
-1298745.933370266
 31
0.0
  0
LINE
  5
4DA
330
17
100
AcDbEntity
  8
WALL
100
AcDbLine
 10
-2025158.665220812
 20
-1298745.933370266
 30
0.0
 11
-2025718.665221217
 21
-1298745.933370303
 31
0.0
  0
LINE
  5
4DB
330
17
100
AcDbEntity
  8
WALL
100
AcDbLine
 10
-2021698.665221092
 20
-1298745.933370303
 30
0.0
 11
-2022258.66522149
 21
-1298745.933370266
 31
0.0
  0
LINE
  5
4DC
330
17
100
AcDbEntity
  8
WALL
100
AcDbLine
 10
-2022258.66522149
 20
-1298745.933370266
 30
0.0
 11
-2022258.66522149
 21
-1298925.933370287
 31
0.0
  0
LINE
  5
4DD
330
17
100
AcDbEntity
  8
WALL
100
AcDbLine
 10
-2022258.66522149
 20
-1298925.933370287
 30
0.0
 11
-2021698.665221122
 21
-1298925.933370303
 31
0.0
  0
INSERT
  5
4DE
330
17
100
AcDbEntity
  8
WINDOW
100
AcDbBlockReference
 66
1
  2
$DorLib2D$00000131
 10
-2023708.665221135
 20
-1298835.933370229
 30
0.0
 41
2900.0
 42
180.0
 43
2900.0
1001
WTHICK
1040
180.0
  0
ATTRIB
  5
4DF
330
4DE
100
AcDbEntity
  8
WINDOW_TEXT
100
AcDbText
 10
-2023903.665221135
 20
-1298967.183370229
 30
0.0
 40
297.5
  1

  7
_TCH_WINDOW
 41
0.7058823529411765
100
AcDbAttribute
  2
A
 70
0
  0
SEQEND
  5
4E0
330
4DE
100
AcDbEntity
  8
WINDOW
  0
LINE
  5
4E1
330
17
100
AcDbEntity
  8
WALL
100
AcDbLine
 10
-2023998.665221135
 20
-1294825.933370228
 30
0.0
 11
-2023998.665221135
 21
-1294425.933370228
 31
0.0
  0
LINE
  5
4E2
330
17
100
AcDbEntity
  8
WALL
100
AcDbLine
 10
-2023818.665221135
 20
-1294825.933370228
 30
0.0
 11
-2023818.665220947
 21
-1294515.933370202
 31
0.0
  0
LINE
  5
4E3
330
17
100
AcDbEntity
  8
WALL
100
AcDbLine
 10
-2023998.665221135
 20
-1294825.933370228
 30
0.0
 11
-2023818.665221135
 21
-1294825.933370228
 31
0.0
  0
LINE
  5
4E4
330
17
100
AcDbEntity
  8
WALL
100
AcDbLine
 10
-2019218.665221135
 20
-1292125.933370228
 30
0.0
 11
-2019218.665221173
 21
-1294915.933370202
 31
0.0
  0
LINE
  5
4E5
330
17
100
AcDbEntity
  8
WALL
100
AcDbLine
 10
-2019398.665221173
 20
-1292215.933370415
 30
0.0
 11
-2019398.665221173
 21
-1294735.933370202
 31
0.0
  0
LINE
  5
4E6
330
17
100
AcDbEntity
  8
WALL
100
AcDbLine
 10
-2023818.665221213
 20
-1292215.933370202
 30
0.0
 11
-2023308.665220812
 21
-1292215.933370119
 31
0.0
  0
LINE
  5
4E7
330
17
100
AcDbEntity
  8
WALL
100
AcDbLine
 10
-2023308.665220812
 20
-1292215.933370119
 30
0.0
 11
-2023308.665220812
 21
-1292035.933370404
 31
0.0
  0
LINE
  5
4E8
330
17
100
AcDbEntity
  8
WALL
100
AcDbLine
 10
-2023308.665220812
 20
-1292035.933370404
 30
0.0
 11
-2023818.665221035
 21
-1292035.933370415
 31
0.0
  0
LINE
  5
4E9
330
17
100
AcDbEntity
  8
WALL
100
AcDbLine
 10
-2021608.665221048
 20
-1292035.933370415
 30
0.0
 11
-2022208.66522149
 21
-1292035.933370404
 31
0.0
  0
LINE
  5
4EA
330
17
100
AcDbEntity
  8
WALL
100
AcDbLine
 10
-2022208.66522149
 20
-1292035.933370404
 30
0.0
 11
-2022208.66522149
 21
-1292215.933370119
 31
0.0
  0
LINE
  5
4EB
330
17
100
AcDbEntity
  8
WALL
100
AcDbLine
 10
-2022208.66522149
 20
-1292215.933370119
 30
0.0
 11
-2021698.665221
 21
-1292215.933370202
 31
0.0
  0
INSERT
  5
4EC
330
17
100
AcDbEntity
  8
WINDOW
100
AcDbBlockReference
 66
1
  2
$DorLib2D$00000127
 10
-2022758.665221135
 20
-1292125.933370228
 30
0.0
 41
1100.0
 42
-180.0
 43
1100.0
1001
WTHICK
1040
180.0
  0
ATTRIB
  5
4ED
330
4EC
100
AcDbEntity
  8
WINDOW_TEXT
100
AcDbText
 10
-2022953.665221135
 20
-1291909.683370228
 30
0.0
 40
297.5
  1

  7
_TCH_WINDOW
 41
0.7058823529411765
100
AcDbAttribute
  2
A
 70
0
  0
SEQEND
  5
4EE
330
4EC
100
AcDbEntity
  8
WINDOW
  0
INSERT
  5
4EF
330
17
100
AcDbEntity
  8
WINDOW
100
AcDbBlockReference
 66
1
  2
$DorLib2D$00000001
 10
-2023908.665221135
 20
-1291175.933370228
 30
0.0
 41
1100.0
 42
-1100.0
 43
1100.0
 50
90.0
1001
WTHICK
1040
180.0
  0
ATTRIB
  5
4F0
330
4EF
100
AcDbEntity
  8
WINDOW_TEXT
100
AcDbText
 10
-2024214.915221135
 20
-1291320.933370228
 30
0.0
 40
297.5
  1

 50
90.0
  7
_TCH_WINDOW
 41
0.7058823529411765
100
AcDbAttribute
  2
A
 70
0
  0
SEQEND
  5
4F1
330
4EF
100
AcDbEntity
  8
WINDOW
  0
LINE
  5
4F2
330
17
100
AcDbEntity
  8
WALL
100
AcDbLine
 10
-2028608.665221135
 20
-1289025.933370228
 30
0.0
 11
-2028608.665221173
 21
-1289115.933370633
 31
0.0
  0
LINE
  5
4F3
330
17
100
AcDbEntity
  8
WALL
100
AcDbLine
 10
-2028608.665221173
 20
-1289115.933370633
 30
0.0
 11
-2028428.6652212
 21
-1289115.933370633
 31
0.0
  0
LINE
  5
4F4
330
17
100
AcDbEntity
  8
WALL
100
AcDbLine
 10
-2028428.665221173
 20
-1291625.933370226
 30
0.0
 11
-2028608.665221173
 21
-1291625.933370633
 31
0.0
  0
LINE
  5
4F5
330
17
100
AcDbEntity
  8
WALL
100
AcDbLine
 10
-2028608.665221173
 20
-1291625.933370633
 30
0.0
 11
-2028608.665221135
 21
-1291725.933370228
 31
0.0
  0
LINE
  5
4F6
330
17
100
AcDbEntity
  8
WALL
100
AcDbLine
 10
-2028608.665221173
 20
-1289615.933369954
 30
0.0
 11
-2028608.665221173
 21
-1291125.933369954
 31
0.0
  0
LINE
  5
4F7
330
17
100
AcDbEntity
  8
WALL
100
AcDbLine
 10
-2028608.665221173
 20
-1291125.933369954
 30
0.0
 11
-2028428.6652212
 21
-1291125.933369954
 31
0.0
  0
LINE
  5
4F8
330
17
100
AcDbEntity
  8
WALL
100
AcDbLine
 10
-2028428.6652212
 20
-1291125.933369954
 30
0.0
 11
-2028428.6652212
 21
-1289615.933369955
 31
0.0
  0
LINE
  5
4F9
330
17
100
AcDbEntity
  8
WALL
100
AcDbLine
 10
-2028428.6652212
 20
-1289615.933369955
 30
0.0
 11
-2028608.665221173
 21
-1289615.933369954
 31
0.0
  0
LINE
  5
4FA
330
17
100
AcDbEntity
  8
SURFACE
100
AcDbLine
 10
-2028708.665221173
 20
-1289115.9333701
 30
0.0
 11
-2028608.665221135
 21
-1289115.9333701
 31
0.0
  0
LINE
  5
4FB
330
17
100
AcDbEntity
  8
SURFACE
100
AcDbLine
 10
-2028708.665221135
 20
-1289025.933370228
 30
0.0
 11
-2028708.665221173
 21
-1289115.9333701
 31
0.0
  0
LINE
  5
4FC
330
17
100
AcDbEntity
  8
SURFACE
100
AcDbLine
 10
-2028708.665221173
 20
-1291125.9333701
 30
0.0
 11
-2028608.665221135
 21
-1291125.9333701
 31
0.0
  0
LINE
  5
4FD
330
17
100
AcDbEntity
  8
SURFACE
100
AcDbLine
 10
-2028708.665221173
 20
-1289615.933370536
 30
0.0
 11
-2028608.665221135
 21
-1289615.933370536
 31
0.0
  0
LINE
  5
4FE
330
17
100
AcDbEntity
  8
SURFACE
100
AcDbLine
 10
-2028708.665221173
 20
-1289615.933370536
 30
0.0
 11
-2028708.665221173
 21
-1291125.9333701
 31
0.0
  0
LINE
  5
4FF
330
17
100
AcDbEntity
  8
SURFACE
100
AcDbLine
 10
-2028708.665221173
 20
-1291625.9333701
 30
0.0
 11
-2028608.665221135
 21
-1291625.9333701
 31
0.0
  0
LINE
  5
500
330
17
100
AcDbEntity
  8
SURFACE
100
AcDbLine
 10
-2028708.665221173
 20
-1291625.9333701
 30
0.0
 11
-2028708.665221135
 21
-1291725.933370228
 31
0.0
  0
INSERT
  5
501
330
17
100
AcDbEntity
  8
WINDOW
100
AcDbBlockReference
 66
1
  2
$TCHSYS$WIN2D
 10
-2028568.665221135
 20
-1289365.933370228
 30
0.0
 41
-500.0
 42
280.0
 43
-500.0
 50
270.0
1001
WTHICK
1040
280.0
  0
ATTRIB
  5
502
330
501
100
AcDbEntity
  8
WINDOW_TEXT
100
AcDbText
 10
-2028724.915221135
 20
-1289560.933370228
 30
0.0
 40
297.5
  1

 50
90.0
  7
_TCH_WINDOW
 41
0.7058823529411765
100
AcDbAttribute
  2
A
 70
0
  0
SEQEND
  5
503
330
501
100
AcDbEntity
  8
WINDOW
  0
INSERT
  5
504
330
17
100
AcDbEntity
  8
WINDOW
100
AcDbBlockReference
 66
1
  2
$TCHSYS$WIN2D
 10
-2028568.665221135
 20
-1291375.933370228
 30
0.0
 41
-500.0
 42
-280.0
 43
-500.0
 50
270.0
1001
WTHICK
1040
280.0
  0
ATTRIB
  5
505
330
504
100
AcDbEntity
  8
WINDOW_TEXT
100
AcDbText
 10
-2028114.915221135
 20
-1291570.933370228
 30
0.0
 40
297.5
  1

 50
90.0
  7
_TCH_WINDOW
 41
0.7058823529411765
100
AcDbAttribute
  2
A
 70
0
  0
SEQEND
  5
506
330
504
100
AcDbEntity
  8
WINDOW
  0
LINE
  5
507
330
17
100
AcDbEntity
  8
WALL
100
AcDbLine
 10
-2028428.665221173
 20
-1289115.933370117
 30
0.0
 11
-2026908.665220812
 21
-1289115.93337017
 31
0.0
  0
LINE
  5
508
330
17
100
AcDbEntity
  8
WALL
100
AcDbLine
 10
-2026908.665220812
 20
-1289115.93337017
 30
0.0
 11
-2026908.665220812
 21
-1288935.933370327
 31
0.0
  0
LINE
  5
509
330
17
100
AcDbEntity
  8
WALL
100
AcDbLine
 10
-2026908.665220812
 20
-1288935.933370327
 30
0.0
 11
-2028428.665221117
 21
-1288935.933370313
 31
0.0
  0
LINE
  5
50A
330
17
100
AcDbEntity
  8
WALL
100
AcDbLine
 10
-2026008.665221135
 20
-1289115.933370228
 30
0.0
 11
-2026008.665221122
 21
-1288935.933370313
 31
0.0
  0
INSERT
  5
50B
330
17
100
AcDbEntity
  8
WINDOW
100
AcDbBlockReference
 66
1
  2
$DorLib2D$00000001
 10
-2026458.665221135
 20
-1289025.933370228
 30
0.0
 41
900.0
 42
900.0
 43
900.0
1001
WTHICK
1040
180.0
  0
ATTRIB
  5
50C
330
50B
100
AcDbEntity
  8
WINDOW_TEXT
100
AcDbText
 10
-2026653.665221135
 20
-1289359.683370228
 30
0.0
 40
297.5
  1

  7
_TCH_WINDOW
 41
0.7058823529411765
100
AcDbAttribute
  2
A
 70
0
  0
SEQEND
  5
50D
330
50B
100
AcDbEntity
  8
WINDOW
  0
LINE
  5
50E
330
17
100
AcDbEntity
  8
WALL
100
AcDbLine
 10
-2014788.665221122
 20
-1288935.933370226
 30
0.0
 11
-2014788.665221122
 21
-1285605.933370226
 31
0.0
  0
LINE
  5
50F
330
17
100
AcDbEntity
  8
WALL
100
AcDbLine
 10
-2014608.665221135
 20
-1289025.933370228
 30
0.0
 11
-2014608.665221261
 21
-1285425.933370226
 31
0.0
  0
LINE
  5
510
330
17
100
AcDbEntity
  8
SURFACE
100
AcDbLine
 10
-2014508.665221135
 20
-1289025.933370228
 30
0.0
 11
-2014508.665221122
 21
-1285325.933370226
 31
0.0
  0
LINE
  5
511
330
17
100
AcDbEntity
  8
WALL
100
AcDbLine
 10
-2019218.66522168
 20
-1289115.933370426
 30
0.0
 11
-2019218.665221135
 21
-1289525.933370228
 31
0.0
  0
LINE
  5
512
330
17
100
AcDbEntity
  8
WALL
100
AcDbLine
 10
-2019398.665220703
 20
-1289125.933370426
 30
0.0
 11
-2019398.665220703
 21
-1289525.933370426
 31
0.0
  0
LINE
  5
513
330
17
100
AcDbEntity
  8
WALL
100
AcDbLine
 10
-2014788.665221122
 20
-1288935.933370226
 30
0.0
 11
-2016308.66522149
 21
-1288935.933370238
 31
0.0
  0
LINE
  5
514
330
17
100
AcDbEntity
  8
WALL
100
AcDbLine
 10
-2016308.66522149
 20
-1288935.933370238
 30
0.0
 11
-2016308.66522149
 21
-1289115.933370249
 31
0.0
  0
LINE
  5
515
330
17
100
AcDbEntity
  8
WALL
100
AcDbLine
 10
-2016308.66522149
 20
-1289115.933370249
 30
0.0
 11
-2014788.665221181
 21
-1289115.933370226
 31
0.0
  0
LINE
  5
516
330
17
100
AcDbEntity
  8
WALL
100
AcDbLine
 10
-2017408.665221135
 20
-1289115.933370228
 30
0.0
 11
-2017208.66522149
 21
-1289115.93337025
 31
0.0
  0
LINE
  5
517
330
17
100
AcDbEntity
  8
WALL
100
AcDbLine
 10
-2017208.66522149
 20
-1289115.93337025
 30
0.0
 11
-2017208.66522149
 21
-1288935.933370238
 31
0.0
  0
LINE
  5
518
330
17
100
AcDbEntity
  8
WALL
100
AcDbLine
 10
-2017208.66522149
 20
-1288935.933370238
 30
0.0
 11
-2017308.665221261
 21
-1288935.933370226
 31
0.0
  0
INSERT
  5
519
330
17
100
AcDbEntity
  8
WINDOW
100
AcDbBlockReference
 66
1
  2
$DorLib2D$00000001
 10
-2016758.665221135
 20
-1289025.933370228
 30
0.0
 41
900.0
 42
-900.0
 43
900.0
 50
180.0
1001
WTHICK
1040
180.0
  0
ATTRIB
  5
51A
330
519
100
AcDbEntity
  8
WINDOW_TEXT
100
AcDbText
 10
-2016953.665221135
 20
-1289449.683370228
 30
0.0
 40
297.5
  1

  7
_TCH_WINDOW
 41
0.7058823529411765
100
AcDbAttribute
  2
A
 70
0
  0
SEQEND
  5
51B
330
519
100
AcDbEntity
  8
WINDOW
  0
LINE
  5
51C
330
17
100
AcDbEntity
  8
WALL
100
AcDbLine
 10
-2017498.665221163
 20
-1293505.933370268
 30
0.0
 11
-2017498.665221163
 21
-1291625.933370226
 31
0.0
  0
LINE
  5
51D
330
17
100
AcDbEntity
  8
WALL
100
AcDbLine
 10
-2017318.665221163
 20
-1293325.933370268
 30
0.0
 11
-2017318.665221163
 21
-1291725.933370226
 31
0.0
  0
LINE
  5
51E
330
17
100
AcDbEntity
  8
WALL
100
AcDbLine
 10
-2014708.665221135
 20
-1293505.933370228
 30
0.0
 11
-2016108.665221122
 21
-1293505.933370201
 31
0.0
  0
LINE
  5
51F
330
17
100
AcDbEntity
  8
WALL
100
AcDbLine
 10
-2014788.665221163
 20
-1293325.933370201
 30
0.0
 11
-2016108.665221135
 21
-1293325.933370228
 31
0.0
  0
LINE
  5
520
330
17
100
AcDbEntity
  8
WALL
100
AcDbLine
 10
-2025898.665221173
 20
-1293325.933370268
 30
0.0
 11
-2025898.665221173
 21
-1291725.933370226
 31
0.0
  0
LINE
  5
521
330
17
100
AcDbEntity
  8
WALL
100
AcDbLine
 10
-2025718.665221173
 20
-1293505.933370268
 30
0.0
 11
-2025718.665221173
 21
-1291625.933370226
 31
0.0
  0
LINE
  5
522
330
17
100
AcDbEntity
  8
WALL
100
AcDbLine
 10
-2028428.665221172
 20
-1293325.933370187
 30
0.0
 11
-2027108.665221135
 21
-1293325.933370228
 31
0.0
  0
LINE
  5
523
330
17
100
AcDbEntity
  8
WALL
100
AcDbLine
 10
-2028508.665221135
 20
-1293505.933370228
 30
0.0
 11
-2027108.665221122
 21
-1293505.933370187
 31
0.0
  0
LINE
  5
524
330
17
100
AcDbEntity
  8
WALL
100
AcDbLine
 10
-2021518.665221122
 20
-1298925.933370187
 30
0.0
 11
-2020958.66522149
 21
-1298925.933370248
 31
0.0
  0
LINE
  5
525
330
17
100
AcDbEntity
  8
WALL
100
AcDbLine
 10
-2020958.66522149
 20
-1298925.933370248
 30
0.0
 11
-2020958.66522149
 21
-1298745.933370299
 31
0.0
  0
LINE
  5
526
330
17
100
AcDbEntity
  8
WALL
100
AcDbLine
 10
-2020958.66522149
 20
-1298745.933370299
 30
0.0
 11
-2021518.665221092
 21
-1298745.933370187
 31
0.0
  0
LINE
  5
527
330
17
100
AcDbEntity
  8
WALL
100
AcDbLine
 10
-2017498.665221219
 20
-1298745.933370187
 30
0.0
 11
-2018058.665220812
 21
-1298745.933370299
 31
0.0
  0
LINE
  5
528
330
17
100
AcDbEntity
  8
WALL
100
AcDbLine
 10
-2018058.665220812
 20
-1298745.933370299
 30
0.0
 11
-2018058.665220812
 21
-1298925.933370248
 31
0.0
  0
LINE
  5
529
330
17
100
AcDbEntity
  8
WALL
100
AcDbLine
 10
-2018058.665220812
 20
-1298925.933370248
 30
0.0
 11
-2017498.665221162
 21
-1298925.933370187
 31
0.0
  0
INSERT
  5
52A
330
17
100
AcDbEntity
  8
WINDOW
100
AcDbBlockReference
 66
1
  2
$DorLib2D$00000131
 10
-2019508.665221135
 20
-1298835.933370229
 30
0.0
 41
-2900.0
 42
180.0
 43
-2900.0
1001
WTHICK
1040
180.0
  0
ATTRIB
  5
52B
330
52A
100
AcDbEntity
  8
WINDOW_TEXT
100
AcDbText
 10
-2019703.665221135
 20
-1298967.183370229
 30
0.0
 40
297.5
  1

  7
_TCH_WINDOW
 41
0.7058823529411765
100
AcDbAttribute
  2
A
 70
0
  0
SEQEND
  5
52C
330
52A
100
AcDbEntity
  8
WINDOW
  0
LINE
  5
52D
330
17
100
AcDbEntity
  8
WALL
100
AcDbLine
 10
-2021518.665221213
 20
-1292215.933370415
 30
0.0
 11
-2021008.66522149
 21
-1292215.933370308
 31
0.0
  0
LINE
  5
52E
330
17
100
AcDbEntity
  8
WALL
100
AcDbLine
 10
-2021008.66522149
 20
-1292215.933370308
 30
0.0
 11
-2021008.66522149
 21
-1292035.933370348
 31
0.0
  0
LINE
  5
52F
330
17
100
AcDbEntity
  8
WALL
100
AcDbLine
 10
-2021008.66522149
 20
-1292035.933370348
 30
0.0
 11
-2021508.665221236
 21
-1292035.933370202
 31
0.0
  0
LINE
  5
530
330
17
100
AcDbEntity
  8
WALL
100
AcDbLine
 10
-2019398.665221236
 20
-1292035.933370202
 30
0.0
 11
-2019908.66522149
 21
-1292035.933370348
 31
0.0
  0
LINE
  5
531
330
17
100
AcDbEntity
  8
WALL
100
AcDbLine
 10
-2019908.66522149
 20
-1292035.933370348
 30
0.0
 11
-2019908.66522149
 21
-1292215.933370308
 31
0.0
  0
LINE
  5
532
330
17
100
AcDbEntity
  8
WALL
100
AcDbLine
 10
-2019908.66522149
 20
-1292215.933370308
 30
0.0
 11
-2019398.665221173
 21
-1292215.933370415
 31
0.0
  0
INSERT
  5
533
330
17
100
AcDbEntity
  8
WINDOW
100
AcDbBlockReference
 66
1
  2
$DorLib2D$00000127
 10
-2020458.665221135
 20
-1292125.933370228
 30
0.0
 41
1100.0
 42
-180.0
 43
1100.0
1001
WTHICK
1040
180.0
  0
ATTRIB
  5
534
330
533
100
AcDbEntity
  8
WINDOW_TEXT
100
AcDbText
 10
-2020653.665221135
 20
-1291909.683370228
 30
0.0
 40
297.5
  1

  7
_TCH_WINDOW
 41
0.7058823529411765
100
AcDbAttribute
  2
A
 70
0
  0
SEQEND
  5
535
330
533
100
AcDbEntity
  8
WINDOW
  0
LINE
  5
536
330
17
100
AcDbEntity
  8
WALL
100
AcDbLine
 10
-2021608.665221048
 20
-1289525.933370361
 30
0.0
 11
-2021608.665220994
 21
-1289625.933370361
 31
0.0
  0
LINE
  5
537
330
17
100
AcDbEntity
  8
WALL
100
AcDbLine
 10
-2021608.665220994
 20
-1289625.933370361
 30
0.0
 11
-2021508.665221272
 21
-1289625.933370361
 31
0.0
  0
LINE
  5
538
330
17
100
AcDbEntity
  8
WALL
100
AcDbLine
 10
-2021508.665221236
 20
-1292035.933370202
 30
0.0
 11
-2021508.665221272
 21
-1290825.933370361
 31
0.0
  0
LINE
  5
539
330
17
100
AcDbEntity
  8
WALL
100
AcDbLine
 10
-2021508.665221272
 20
-1290825.933370361
 30
0.0
 11
-2021608.665220994
 21
-1290825.933370361
 31
0.0
  0
LINE
  5
53A
330
17
100
AcDbEntity
  8
WALL
100
AcDbLine
 10
-2021608.665220994
 20
-1290825.933370361
 30
0.0
 11
-2021608.665221048
 21
-1292035.933370415
 31
0.0
  0
INSERT
  5
53B
330
17
100
AcDbEntity
  8
WINDOW
100
AcDbBlockReference
 66
1
  2
$DorLib2D$00000226
 10
-2021558.665221135
 20
-1290225.933370228
 30
0.0
 41
1200.0
 42
-1200.0
 43
1200.0
 50
270.0
1001
WTHICK
1040
100.0
  0
ATTRIB
  5
53C
330
53B
100
AcDbEntity
  8
WINDOW_TEXT
100
AcDbText
 10
-2021134.915221135
 20
-1290420.933370228
 30
0.0
 40
297.5
  1

 50
90.0
  7
_TCH_WINDOW
 41
0.7058823529411765
100
AcDbAttribute
  2
A
 70
0
  0
SEQEND
  5
53D
330
53B
100
AcDbEntity
  8
WINDOW
  0
LINE
  5
53E
330
17
100
AcDbEntity
  8
WALL
100
AcDbLine
 10
-2023818.665221213
 20
-1294335.933370202
 30
0.0
 11
-2021698.665221
 21
-1294335.933370202
 31
0.0
  0
LINE
  5
53F
330
17
100
AcDbEntity
  8
WALL
100
AcDbLine
 10
-2023818.665220947
 20
-1294515.933370202
 30
0.0
 11
-2021698.665222168
 21
-1294515.933370202
 31
0.0
  0
LINE
  5
540
330
17
100
AcDbEntity
  8
WALL
100
AcDbLine
 10
-2023998.665221135
 20
-1294425.933370228
 30
0.0
 11
-2023998.665221135
 21
-1292125.933370228
 31
0.0
  0
LINE
  5
541
330
17
100
AcDbEntity
  8
WALL
100
AcDbLine
 10
-2023818.665221213
 20
-1294335.933370202
 30
0.0
 11
-2023818.665221213
 21
-1292215.933370202
 31
0.0
  0
LINE
  5
542
330
17
100
AcDbEntity
  8
WALL
100
AcDbLine
 10
-2021518.665221135
 20
-1294425.933370228
 30
0.0
 11
-2021518.665220947
 21
-1294735.933370202
 31
0.0
  0
LINE
  5
543
330
17
100
AcDbEntity
  8
WALL
100
AcDbLine
 10
-2021698.665222168
 20
-1294515.933370202
 30
0.0
 11
-2021698.665221135
 21
-1294825.933370228
 31
0.0
  0
LINE
  5
544
330
17
100
AcDbEntity
  8
WALL
100
AcDbLine
 10
-2021518.665220947
 20
-1294735.933370202
 30
0.0
 11
-2019398.665221173
 21
-1294735.933370202
 31
0.0
  0
LINE
  5
545
330
17
100
AcDbEntity
  8
WALL
100
AcDbLine
 10
-2021518.665221091
 20
-1294915.933370202
 30
0.0
 11
-2019218.665221173
 21
-1294915.933370202
 31
0.0
  0
LINE
  5
546
330
17
100
AcDbEntity
  8
WALL
100
AcDbLine
 10
-2021518.665221091
 20
-1294915.933370202
 30
0.0
 11
-2021518.665221092
 21
-1298745.933370187
 31
0.0
  0
LINE
  5
547
330
17
100
AcDbEntity
  8
WALL
100
AcDbLine
 10
-2021698.665221135
 20
-1294825.933370228
 30
0.0
 11
-2021698.665221092
 21
-1298745.933370303
 31
0.0
  0
LINE
  5
548
330
17
100
AcDbEntity
  8
WALL
100
AcDbLine
 10
-2016208.665220666
 20
-1295425.933370029
 30
0.0
 11
-2016208.665220666
 21
-1294825.933370267
 31
0.0
  0
LINE
  5
549
330
17
100
AcDbEntity
  8
WALL
100
AcDbLine
 10
-2016108.665220665
 20
-1295325.93337025
 30
0.0
 11
-2016108.665221135
 21
-1294825.933370228
 31
0.0
  0
LINE
  5
54A
330
17
100
AcDbEntity
  8
WALL
100
AcDbLine
 10
-2016208.665221122
 20
-1293505.933370268
 30
0.0
 11
-2017498.665221163
 21
-1293505.933370268
 31
0.0
  0
LINE
  5
54B
330
17
100
AcDbEntity
  8
WALL
100
AcDbLine
 10
-2016108.665221135
 20
-1293325.933370228
 30
0.0
 11
-2017318.665221163
 21
-1293325.933370268
 31
0.0
  0
LINE
  5
54C
330
17
100
AcDbEntity
  8
WALL
100
AcDbLine
 10
-2013998.665221166
 20
-1295425.933370029
 30
0.0
 11
-2016208.665220666
 21
-1295425.933370029
 31
0.0
  0
LINE
  5
54D
330
17
100
AcDbEntity
  8
WALL
100
AcDbLine
 10
-2013998.665221258
 20
-1295325.933370251
 30
0.0
 11
-2016108.665220665
 21
-1295325.93337025
 31
0.0
  0
LINE
  5
54E
330
17
100
AcDbEntity
  8
WALL
100
AcDbLine
 10
-2013998.665221258
 20
-1295325.933370251
 30
0.0
 11
-2013998.665221258
 21
-1293505.933370337
 31
0.0
  0
LINE
  5
54F
330
17
100
AcDbEntity
  8
WALL
100
AcDbLine
 10
-2013818.665221135
 20
-1295325.933370228
 30
0.0
 11
-2013818.665221001
 21
-1293325.933370337
 31
0.0
  0
LINE
  5
550
330
17
100
AcDbEntity
  8
WALL
100
AcDbLine
 10
-2017408.665221122
 20
-1288935.933370169
 30
0.0
 11
-2017408.665221122
 21
-1285605.933370075
 31
0.0
  0
LINE
  5
551
330
17
100
AcDbEntity
  8
WALL
100
AcDbLine
 10
-2017308.665221261
 20
-1288935.933370226
 30
0.0
 11
-2017308.665221261
 21
-1285605.933370226
 31
0.0
  0
LINE
  5
552
330
17
100
AcDbEntity
  8
WALL
100
AcDbLine
 10
-2017408.665221122
 20
-1288935.933370169
 30
0.0
 11
-2017498.66522149
 21
-1288935.933369992
 31
0.0
  0
LINE
  5
553
330
17
100
AcDbEntity
  8
WALL
100
AcDbLine
 10
-2017498.66522149
 20
-1288935.933369992
 30
0.0
 11
-2017498.66522149
 21
-1289115.933370313
 31
0.0
  0
LINE
  5
554
330
17
100
AcDbEntity
  8
WALL
100
AcDbLine
 10
-2017498.66522149
 20
-1289115.933370313
 30
0.0
 11
-2017408.665221135
 21
-1289115.933370228
 31
0.0
  0
LINE
  5
555
330
17
100
AcDbEntity
  8
WALL
100
AcDbLine
 10
-2019218.66522168
 20
-1289115.933370426
 30
0.0
 11
-2018398.66522149
 21
-1289115.933370411
 31
0.0
  0
LINE
  5
556
330
17
100
AcDbEntity
  8
WALL
100
AcDbLine
 10
-2018398.66522149
 20
-1289115.933370411
 30
0.0
 11
-2018398.66522149
 21
-1288935.933369992
 31
0.0
  0
LINE
  5
557
330
17
100
AcDbEntity
  8
WALL
100
AcDbLine
 10
-2018398.66522149
 20
-1288935.933369992
 30
0.0
 11
-2019218.665221173
 21
-1288935.933370169
 31
0.0
  0
INSERT
  5
558
330
17
100
AcDbEntity
  8
WINDOW
100
AcDbBlockReference
 66
1
  2
$DorLib2D$00000001
 10
-2017948.665221135
 20
-1289025.933370228
 30
0.0
 41
-900.0
 42
-900.0
 43
-900.0
 50
180.0
1001
WTHICK
1040
180.0
  0
ATTRIB
  5
559
330
558
100
AcDbEntity
  8
WINDOW_TEXT
100
AcDbText
 10
-2018143.665221135
 20
-1289449.683370228
 30
0.0
 40
297.5
  1

  7
_TCH_WINDOW
 41
0.7058823529411765
100
AcDbAttribute
  2
A
 70
0
  0
SEQEND
  5
55A
330
558
100
AcDbEntity
  8
WINDOW
  0
LINE
  5
55B
330
17
100
AcDbEntity
  8
WALL
100
AcDbLine
 10
-2017408.665221135
 20
-1285425.933370228
 30
0.0
 11
-2018208.66522149
 21
-1285425.9333702
 31
0.0
  0
LINE
  5
55C
330
17
100
AcDbEntity
  8
WALL
100
AcDbLine
 10
-2018208.66522149
 20
-1285425.9333702
 30
0.0
 11
-2018208.66522149
 21
-1285605.933370053
 31
0.0
  0
LINE
  5
55D
330
17
100
AcDbEntity
  8
WALL
100
AcDbLine
 10
-2018208.66522149
 20
-1285605.933370053
 30
0.0
 11
-2017408.665221122
 21
-1285605.933370075
 31
0.0
  0
LINE
  5
55E
330
17
100
AcDbEntity
  8
WALL
100
AcDbLine
 10
-2020208.665221296
 20
-1285605.933370075
 30
0.0
 11
-2019708.66522149
 21
-1285605.933370053
 31
0.0
  0
LINE
  5
55F
330
17
100
AcDbEntity
  8
WALL
100
AcDbLine
 10
-2019708.66522149
 20
-1285605.933370053
 30
0.0
 11
-2019708.66522149
 21
-1285425.933370208
 31
0.0
  0
LINE
  5
560
330
17
100
AcDbEntity
  8
WALL
100
AcDbLine
 10
-2019708.66522149
 20
-1285425.933370208
 30
0.0
 11
-2020208.665221089
 21
-1285425.933370243
 31
0.0
  0
LINE
  5
561
330
17
100
AcDbEntity
  8
SURFACE
100
AcDbLine
 10
-2018208.66522086
 20
-1285325.933370231
 30
0.0
 11
-2018208.66522086
 21
-1285425.933370232
 31
0.0
  0
LINE
  5
562
330
17
100
AcDbEntity
  8
SURFACE
100
AcDbLine
 10
-2017408.665221135
 20
-1285325.933370228
 30
0.0
 11
-2018208.66522086
 21
-1285325.933370231
 31
0.0
  0
LINE
  5
563
330
17
100
AcDbEntity
  8
SURFACE
100
AcDbLine
 10
-2019708.66522086
 20
-1285325.93337024
 30
0.0
 11
-2019708.66522086
 21
-1285425.93337024
 31
0.0
  0
LINE
  5
564
330
17
100
AcDbEntity
  8
SURFACE
100
AcDbLine
 10
-2019708.66522086
 20
-1285325.93337024
 30
0.0
 11
-2020108.665221089
 21
-1285325.933370243
 31
0.0
  0
INSERT
  5
565
330
17
100
AcDbEntity
  8
WINDOW
100
AcDbBlockReference
 66
1
  2
$TCHSYS$WIN2D
 10
-2018958.665221135
 20
-1285465.933370228
 30
0.0
 41
-1500.0
 42
280.0
 43
-1500.0
 50
180.0
1001
WTHICK
1040
280.0
  0
ATTRIB
  5
566
330
565
100
AcDbEntity
  8
WINDOW_TEXT
100
AcDbText
 10
-2019153.665221135
 20
-1285309.683370228
 30
0.0
 40
297.5
  1

  7
_TCH_WINDOW
 41
0.7058823529411765
100
AcDbAttribute
  2
A
 70
0
  0
SEQEND
  5
567
330
565
100
AcDbEntity
  8
WINDOW
  0
INSERT
  5
568
330
17
100
AcDbEntity
  8
WINDOW
100
AcDbBlockReference
 66
1
  2
$DorLib2D$00000001
 10
-2019308.665221135
 20
-1291175.933370228
 30
0.0
 41
-1100.0
 42
-1100.0
 43
-1100.0
 50
270.0
1001
WTHICK
1040
180.0
  0
ATTRIB
  5
569
330
568
100
AcDbEntity
  8
WINDOW_TEXT
100
AcDbText
 10
-2018704.915221135
 20
-1291320.933370228
 30
0.0
 40
297.5
  1

 50
90.0
  7
_TCH_WINDOW
 41
0.7058823529411765
100
AcDbAttribute
  2
A
 70
0
  0
SEQEND
  5
56A
330
568
100
AcDbEntity
  8
WINDOW
  0
LINE
  5
56B
330
17
100
AcDbEntity
  8
WALL
100
AcDbLine
 10
-2023818.665221035
 20
-1292035.933370415
 30
0.0
 11
-2023818.665221114
 21
-1291725.933369954
 31
0.0
  0
LINE
  5
56C
330
17
100
AcDbEntity
  8
WALL
100
AcDbLine
 10
-2023818.665221114
 20
-1291725.933369954
 30
0.0
 11
-2023998.665221223
 21
-1291725.933369955
 31
0.0
  0
LINE
  5
56D
330
17
100
AcDbEntity
  8
WALL
100
AcDbLine
 10
-2023998.665221223
 20
-1291725.933369955
 30
0.0
 11
-2023998.665221135
 21
-1292125.933370228
 31
0.0
  0
LINE
  5
56E
330
17
100
AcDbEntity
  8
WALL
100
AcDbLine
 10
-2023998.665221135
 20
-1289525.933370229
 30
0.0
 11
-2023998.665221223
 21
-1290625.933369954
 31
0.0
  0
LINE
  5
56F
330
17
100
AcDbEntity
  8
WALL
100
AcDbLine
 10
-2023998.665221223
 20
-1290625.933369954
 30
0.0
 11
-2023818.665221114
 21
-1290625.933369954
 31
0.0
  0
LINE
  5
570
330
17
100
AcDbEntity
  8
WALL
100
AcDbLine
 10
-2023818.665221114
 20
-1290625.933369954
 30
0.0
 11
-2023818.665221035
 21
-1289625.933370451
 31
0.0
  0
LINE
  5
571
330
17
100
AcDbEntity
  8
WALL
100
AcDbLine
 10
-2026008.665221122
 20
-1288935.933370313
 30
0.0
 11
-2026008.665221122
 21
-1285605.933370117
 31
0.0
  0
LINE
  5
572
330
17
100
AcDbEntity
  8
WALL
100
AcDbLine
 10
-2025908.665221122
 20
-1288935.933370071
 30
0.0
 11
-2025908.665221122
 21
-1285605.933370243
 31
0.0
  0
LINE
  5
573
330
17
100
AcDbEntity
  8
WALL
100
AcDbLine
 10
-2026008.665221135
 20
-1289115.933370228
 30
0.0
 11
-2025718.66522149
 21
-1289115.933370369
 31
0.0
  0
LINE
  5
574
330
17
100
AcDbEntity
  8
WALL
100
AcDbLine
 10
-2025718.66522149
 20
-1289115.933370369
 30
0.0
 11
-2025718.66522149
 21
-1288935.933370185
 31
0.0
  0
LINE
  5
575
330
17
100
AcDbEntity
  8
WALL
100
AcDbLine
 10
-2025718.66522149
 20
-1288935.933370185
 30
0.0
 11
-2025908.665221122
 21
-1288935.933370071
 31
0.0
  0
LINE
  5
576
330
17
100
AcDbEntity
  8
WALL
100
AcDbLine
 10
-2023998.665221175
 20
-1288935.933370071
 30
0.0
 11
-2024818.66522149
 21
-1288935.933370184
 31
0.0
  0
LINE
  5
577
330
17
100
AcDbEntity
  8
WALL
100
AcDbLine
 10
-2024818.66522149
 20
-1288935.933370184
 30
0.0
 11
-2024818.66522149
 21
-1289115.933370403
 31
0.0
  0
LINE
  5
578
330
17
100
AcDbEntity
  8
WALL
100
AcDbLine
 10
-2024818.66522149
 20
-1289115.933370403
 30
0.0
 11
-2023998.665220771
 21
-1289115.933370303
 31
0.0
  0
INSERT
  5
579
330
17
100
AcDbEntity
  8
WINDOW
100
AcDbBlockReference
 66
1
  2
$DorLib2D$00000001
 10
-2025268.665221135
 20
-1289025.933370228
 30
0.0
 41
-900.0
 42
900.0
 43
-900.0
1001
WTHICK
1040
180.0
  0
ATTRIB
  5
57A
330
579
100
AcDbEntity
  8
WINDOW_TEXT
100
AcDbText
 10
-2025463.665221135
 20
-1289449.683370228
 30
0.0
 40
297.5
  1

  7
_TCH_WINDOW
 41
0.7058823529411765
100
AcDbAttribute
  2
A
 70
0
  0
SEQEND
  5
57B
330
579
100
AcDbEntity
  8
WINDOW
  0
LINE
  5
57C
330
17
100
AcDbEntity
  8
WALL
100
AcDbLine
 10
-2026008.665221135
 20
-1285425.933370228
 30
0.0
 11
-2026408.66522149
 21
-1285425.933370206
 31
0.0
  0
LINE
  5
57D
330
17
100
AcDbEntity
  8
WALL
100
AcDbLine
 10
-2026408.66522149
 20
-1285425.933370206
 30
0.0
 11
-2026408.66522149
 21
-1285605.933370119
 31
0.0
  0
LINE
  5
57E
330
17
100
AcDbEntity
  8
WALL
100
AcDbLine
 10
-2026408.66522149
 20
-1285605.933370119
 30
0.0
 11
-2026008.665221122
 21
-1285605.933370117
 31
0.0
  0
LINE
  5
57F
330
17
100
AcDbEntity
  8
WALL
100
AcDbLine
 10
-2028428.665221117
 20
-1285605.933370117
 30
0.0
 11
-2027908.665220812
 21
-1285605.933370119
 31
0.0
  0
LINE
  5
580
330
17
100
AcDbEntity
  8
WALL
100
AcDbLine
 10
-2027908.665220812
 20
-1285605.933370119
 30
0.0
 11
-2027908.665220812
 21
-1285425.933370142
 31
0.0
  0
LINE
  5
581
330
17
100
AcDbEntity
  8
WALL
100
AcDbLine
 10
-2027908.665220812
 20
-1285425.933370142
 30
0.0
 11
-2028608.665221117
 21
-1285425.933370117
 31
0.0
  0
LINE
  5
582
330
17
100
AcDbEntity
  8
SURFACE
100
AcDbLine
 10
-2026408.66522086
 20
-1285325.933370292
 30
0.0
 11
-2026408.665220864
 21
-1285425.933370211
 31
0.0
  0
LINE
  5
583
330
17
100
AcDbEntity
  8
SURFACE
100
AcDbLine
 10
-2026008.665221135
 20
-1285325.933370228
 30
0.0
 11
-2026408.66522086
 21
-1285325.933370292
 31
0.0
  0
LINE
  5
584
330
17
100
AcDbEntity
  8
SURFACE
100
AcDbLine
 10
-2027908.665221296
 20
-1285325.933370339
 30
0.0
 11
-2027908.6652213
 21
-1285425.933370147
 31
0.0
  0
LINE
  5
585
330
17
100
AcDbEntity
  8
SURFACE
100
AcDbLine
 10
-2027908.665221296
 20
-1285325.933370339
 30
0.0
 11
-2028708.665221117
 21
-1285325.933370313
 31
0.0
  0
INSERT
  5
586
330
17
100
AcDbEntity
  8
WINDOW
100
AcDbBlockReference
 66
1
  2
$TCHSYS$WIN2D
 10
-2027158.665221135
 20
-1285465.933370228
 30
0.0
 41
1500.0
 42
280.0
 43
1500.0
 50
180.0
1001
WTHICK
1040
280.0
  0
ATTRIB
  5
587
330
586
100
AcDbEntity
  8
WINDOW_TEXT
100
AcDbText
 10
-2027353.665221136
 20
-1285309.683370228
 30
0.0
 40
297.5
  1

  7
_TCH_WINDOW
 41
0.7058823529411765
100
AcDbAttribute
  2
A
 70
0
  0
SEQEND
  5
588
330
586
100
AcDbEntity
  8
WINDOW
  0
LINE
  5
589
330
17
100
AcDbEntity
  8
WALL
100
AcDbLine
 10
-2016208.665221122
 20
-1294725.933370268
 30
0.0
 11
-2016318.665220947
 21
-1294725.933370549
 31
0.0
  0
LINE
  5
58A
330
17
100
AcDbEntity
  8
WALL
100
AcDbLine
 10
-2016318.665220947
 20
-1294725.933370549
 30
0.0
 11
-2016318.665220947
 21
-1294825.9333704
 31
0.0
  0
LINE
  5
58B
330
17
100
AcDbEntity
  8
WALL
100
AcDbLine
 10
-2016318.665220947
 20
-1294825.9333704
 30
0.0
 11
-2016208.665220666
 21
-1294825.933370267
 31
0.0
  0
LINE
  5
58C
330
17
100
AcDbEntity
  8
WALL
100
AcDbLine
 10
-2017318.665221097
 20
-1294825.933370268
 30
0.0
 11
-2017218.665220947
 21
-1294825.9333704
 31
0.0
  0
LINE
  5
58D
330
17
100
AcDbEntity
  8
WALL
100
AcDbLine
 10
-2017218.665220947
 20
-1294825.9333704
 30
0.0
 11
-2017218.665220948
 21
-1294725.933370549
 31
0.0
  0
LINE
  5
58E
330
17
100
AcDbEntity
  8
WALL
100
AcDbLine
 10
-2017218.665220948
 20
-1294725.933370549
 30
0.0
 11
-2017498.665221219
 21
-1294725.933370268
 31
0.0
  0
INSERT
  5
58F
330
17
100
AcDbEntity
  8
WINDOW
100
AcDbBlockReference
 66
1
  2
$DorLib2D$00000001
 10
-2016768.665221135
 20
-1294775.933370228
 30
0.0
 41
900.0
 42
900.0
 43
900.0
 50
180.0
1001
WTHICK
1040
100.0
  0
ATTRIB
  5
590
330
58F
100
AcDbEntity
  8
WINDOW_TEXT
100
AcDbText
 10
-2016963.665221135
 20
-1294701.234140364
 30
0.0
 40
297.5
  1

  7
_TCH_WINDOW
 41
0.7058823529411765
100
AcDbAttribute
  2
A
 70
0
  0
SEQEND
  5
591
330
58F
100
AcDbEntity
  8
WINDOW
  0
LINE
  5
592
330
17
100
AcDbEntity
  8
WALL
100
AcDbLine
 10
-2016108.665221135
 20
-1294825.933370228
 30
0.0
 11
-2016108.665221105
 21
-1294425.933370361
 31
0.0
  0
LINE
  5
593
330
17
100
AcDbEntity
  8
WALL
100
AcDbLine
 10
-2016108.665221105
 20
-1294425.933370361
 30
0.0
 11
-2016208.665220767
 21
-1294425.933370361
 31
0.0
  0
LINE
  5
594
330
17
100
AcDbEntity
  8
WALL
100
AcDbLine
 10
-2016208.665220767
 20
-1294425.933370361
 30
0.0
 11
-2016208.665221122
 21
-1294725.933370268
 31
0.0
  0
LINE
  5
595
330
17
100
AcDbEntity
  8
WALL
100
AcDbLine
 10
-2016208.665221122
 20
-1293505.933370268
 30
0.0
 11
-2016208.665220767
 21
-1293625.933370361
 31
0.0
  0
LINE
  5
596
330
17
100
AcDbEntity
  8
WALL
100
AcDbLine
 10
-2016208.665220767
 20
-1293625.933370361
 30
0.0
 11
-2016108.665221097
 21
-1293625.933370361
 31
0.0
  0
LINE
  5
597
330
17
100
AcDbEntity
  8
WALL
100
AcDbLine
 10
-2016108.665221097
 20
-1293625.933370361
 30
0.0
 11
-2016108.665221122
 21
-1293505.933370201
 31
0.0
  0
INSERT
  5
598
330
17
100
AcDbEntity
  8
WINDOW
100
AcDbBlockReference
 66
1
  2
$DorLib2D$00000001
 10
-2016158.665221135
 20
-1294025.933370228
 30
0.0
 41
800.0
 42
-800.0
 43
800.0
 50
90.0
1001
WTHICK
1040
100.0
  0
ATTRIB
  5
599
330
598
100
AcDbEntity
  8
WINDOW_TEXT
100
AcDbText
 10
-2016234.915221135
 20
-1294220.933370228
 30
0.0
 40
297.5
  1

 50
90.0
  7
_TCH_WINDOW
 41
0.7058823529411765
100
AcDbAttribute
  2
A
 70
0
  0
SEQEND
  5
59A
330
598
100
AcDbEntity
  8
WINDOW
  0
LINE
  5
59B
330
17
100
AcDbEntity
  8
WALL
100
AcDbLine
 10
-2025898.665221094
 20
-1298745.933369792
 30
0.0
 11
-2025898.665221094
 21
-1294825.933370268
 31
0.0
  0
LINE
  5
59C
330
17
100
AcDbEntity
  8
WALL
100
AcDbLine
 10
-2025718.665221217
 20
-1298745.933370303
 30
0.0
 11
-2025718.665221217
 21
-1294725.933370268
 31
0.0
  0
LINE
  5
59D
330
17
100
AcDbEntity
  8
WALL
100
AcDbLine
 10
-2017498.665221219
 20
-1298745.933370187
 30
0.0
 11
-2017498.665221219
 21
-1294725.933370268
 31
0.0
  0
LINE
  5
59E
330
17
100
AcDbEntity
  8
WALL
100
AcDbLine
 10
-2017318.665221097
 20
-1298745.933370443
 30
0.0
 11
-2017318.665221097
 21
-1294825.933370268
 31
0.0
  0
LINE
  5
59F
330
17
100
AcDbEntity
  8
WALL
100
AcDbLine
 10
-2029218.665220921
 20
-1298925.933370164
 30
0.0
 11
-2028458.66522149
 21
-1298925.933370164
 31
0.0
  0
LINE
  5
5A0
330
17
100
AcDbEntity
  8
WALL
100
AcDbLine
 10
-2028458.66522149
 20
-1298925.933370164
 30
0.0
 11
-2028458.66522149
 21
-1298745.933370373
 31
0.0
  0
LINE
  5
5A1
330
17
100
AcDbEntity
  8
WALL
100
AcDbLine
 10
-2028458.66522149
 20
-1298745.933370373
 30
0.0
 11
-2029218.665221154
 21
-1298745.933370341
 31
0.0
  0
LINE
  5
5A2
330
17
100
AcDbEntity
  8
WALL
100
AcDbLine
 10
-2026558.665221135
 20
-1298745.933370229
 30
0.0
 11
-2026658.66522149
 21
-1298745.933370298
 31
0.0
  0
LINE
  5
5A3
330
17
100
AcDbEntity
  8
WALL
100
AcDbLine
 10
-2026658.66522149
 20
-1298745.933370298
 30
0.0
 11
-2026658.66522149
 21
-1298925.933370164
 31
0.0
  0
LINE
  5
5A4
330
17
100
AcDbEntity
  8
SURFACE
100
AcDbLine
 10
-2028458.66522086
 20
-1299025.933370189
 30
0.0
 11
-2028458.66522086
 21
-1298925.933370164
 31
0.0
  0
LINE
  5
5A5
330
17
100
AcDbEntity
  8
SURFACE
100
AcDbLine
 10
-2029118.665221328
 20
-1299025.933370164
 30
0.0
 11
-2028458.66522086
 21
-1299025.933370189
 31
0.0
  0
LINE
  5
5A6
330
17
100
AcDbEntity
  8
WINDOW
  6
DASH
100
AcDbLine
 10
-2026658.665221134
 20
-1299025.933370229
 30
0.0
 11
-2026658.665221134
 21
-1298745.933370229
 31
0.0
  0
LINE
  5
5A7
330
17
100
AcDbEntity
  8
WINDOW
  6
DASH
100
AcDbLine
 10
-2028458.665221134
 20
-1298745.933370229
 30
0.0
 11
-2028458.665221134
 21
-1299025.933370229
 31
0.0
  0
LINE
  5
5A8
330
17
100
AcDbEntity
  8
WALL
100
AcDbLine
 10
-2014788.665221181
 20
-1291625.933370226
 30
0.0
 11
-2014798.665220947
 21
-1291625.933370233
 31
0.0
  0
LINE
  5
5A9
330
17
100
AcDbEntity
  8
WALL
100
AcDbLine
 10
-2014798.665220947
 20
-1291625.933370233
 30
0.0
 11
-2014798.665220947
 21
-1291725.93337026
 31
0.0
  0
LINE
  5
5AA
330
17
100
AcDbEntity
  8
WALL
100
AcDbLine
 10
-2014798.665220947
 20
-1291725.93337026
 30
0.0
 11
-2014788.665221163
 21
-1291725.933370226
 31
0.0
  0
LINE
  5
5AB
330
17
100
AcDbEntity
  8
WALL
100
AcDbLine
 10
-2017318.665221163
 20
-1291725.933370226
 30
0.0
 11
-2017318.665220947
 21
-1291625.933370233
 31
0.0
  0
LINE
  5
5AC
330
17
100
AcDbEntity
  8
WALL
100
AcDbLine
 10
-2017318.665220947
 20
-1291625.933370233
 30
0.0
 11
-2017498.665221163
 21
-1291625.933370226
 31
0.0
  0
INSERT
  5
5AD
330
17
100
AcDbEntity
  8
WINDOW
100
AcDbBlockReference
 66
1
  2
$DorLib2D$00000131
 10
-2016058.665221135
 20
-1291675.933370228
 30
0.0
 41
2520.0
 42
100.0
 43
2520.0
 50
180.0
1001
WTHICK
1040
100.0
  0
ATTRIB
  5
5AE
330
5AD
100
AcDbEntity
  8
WINDOW_TEXT
100
AcDbText
 10
-2016113.665221135
 20
-1291519.683370229
 30
0.0
 40
297.5
  1

  7
_TCH_WINDOW
 41
0.7058823529411765
100
AcDbAttribute
  2
A
 70
0
  0
SEQEND
  5
5AF
330
5AD
100
AcDbEntity
  8
WINDOW
  0
LINE
  5
5B0
330
17
100
AcDbEntity
  8
WALL
100
AcDbLine
 10
-2014608.665221163
 20
-1293325.933370337
 30
0.0
 11
-2014608.665221079
 21
-1292725.933369954
 31
0.0
  0
LINE
  5
5B1
330
17
100
AcDbEntity
  8
WALL
100
AcDbLine
 10
-2014608.665221079
 20
-1292725.933369954
 30
0.0
 11
-2014788.665221191
 21
-1292725.933369954
 31
0.0
  0
LINE
  5
5B2
330
17
100
AcDbEntity
  8
WALL
100
AcDbLine
 10
-2014788.665221191
 20
-1292725.933369954
 30
0.0
 11
-2014788.665221163
 21
-1293325.933370201
 31
0.0
  0
LINE
  5
5B3
330
17
100
AcDbEntity
  8
WALL
100
AcDbLine
 10
-2014788.665221163
 20
-1291725.933370226
 30
0.0
 11
-2014788.665221191
 21
-1292225.933370633
 31
0.0
  0
LINE
  5
5B4
330
17
100
AcDbEntity
  8
WALL
100
AcDbLine
 10
-2014788.665221191
 20
-1292225.933370633
 30
0.0
 11
-2014608.66522107
 21
-1292225.933370633
 31
0.0
  0
LINE
  5
5B5
330
17
100
AcDbEntity
  8
WALL
100
AcDbLine
 10
-2014608.66522107
 20
-1292225.933370633
 30
0.0
 11
-2014608.665221135
 21
-1291725.933370228
 31
0.0
  0
LINE
  5
5B6
330
17
100
AcDbEntity
  8
SURFACE
100
AcDbLine
 10
-2014508.665221176
 20
-1292725.933370536
 30
0.0
 11
-2014608.665221152
 21
-1292725.933370534
 31
0.0
  0
LINE
  5
5B7
330
17
100
AcDbEntity
  8
SURFACE
100
AcDbLine
 10
-2014508.665221163
 20
-1293225.933370337
 30
0.0
 11
-2014508.665221176
 21
-1292725.933370536
 31
0.0
  0
LINE
  5
5B8
330
17
100
AcDbEntity
  8
SURFACE
100
AcDbLine
 10
-2014508.665221167
 20
-1292225.9333701
 30
0.0
 11
-2014608.665221143
 21
-1292225.933370098
 31
0.0
  0
LINE
  5
5B9
330
17
100
AcDbEntity
  8
SURFACE
100
AcDbLine
 10
-2014508.665221167
 20
-1292225.9333701
 30
0.0
 11
-2014508.665221135
 21
-1291725.933370228
 31
0.0
  0
INSERT
  5
5BA
330
17
100
AcDbEntity
  8
WINDOW
100
AcDbBlockReference
 66
1
  2
$TCHSYS$WIN2D
 10
-2014648.665221135
 20
-1292475.933370228
 30
0.0
 41
500.0
 42
280.0
 43
500.0
 50
90.0
1001
WTHICK
1040
280.0
  0
ATTRIB
  5
5BB
330
5BA
100
AcDbEntity
  8
WINDOW_TEXT
100
AcDbText
 10
-2014194.915221135
 20
-1292670.933370228
 30
0.0
 40
297.5
  1

 50
90.0
  7
_TCH_WINDOW
 41
0.7058823529411765
100
AcDbAttribute
  2
A
 70
0
  0
SEQEND
  5
5BC
330
5BA
100
AcDbEntity
  8
WINDOW
  0
INSERT
  5
5BD
330
17
100
AcDbEntity
  8
A-FLOR-SPCL
100
AcDbBlockReference
  2
$plan$00001629
 10
-2015647.214781647
 20
-1295275.933370229
 30
2.22e-13
 41
0.9821428571077286
 42
-0.9782608695225493
 50
359.9999999999999
  0
INSERT
  5
5BF
330
17
100
AcDbEntity
  8
A-FLOR-SPCL
100
AcDbBlockReference
  2
$lvtry$00000209
 10
-2013998.665221135
 20
-1293965.933370227
 30
0.0
 41
1.002004008016032
 42
-1.0
 50
90.00000000034974
  0
INSERT
  5
5C1
330
17
100
AcDbEntity
  8
A-FLOR-SPCL
100
AcDbBlockReference
  2
$lvtry$00000168
 10
-2014682.889813349
 20
-1295325.933370228
 30
1e-08
 50
179.9999999995404
  0
LINE
  5
5C3
330
17
100
AcDbEntity
  8
WALL
100
AcDbLine
 10
-2017318.665221097
 20
-1298745.933370443
 30
0.0
 11
-2016658.665221135
 21
-1298745.933370229
 31
0.0
  0
LINE
  5
5C4
330
17
100
AcDbEntity
  8
WALL
100
AcDbLine
 10
-2017318.665221162
 20
-1298925.933370443
 30
0.0
 11
-2016658.66522117
 21
-1298925.933370443
 31
0.0
  0
LINE
  5
5C5
330
17
100
AcDbEntity
  8
SURFACE
100
AcDbLine
 10
-2017218.665221162
 20
-1299025.933369792
 30
0.0
 11
-2016658.66522117
 21
-1299025.933369792
 31
0.0
  0
INSERT
  5
5C6
330
17
100
AcDbEntity
  8
WINDOW
100
AcDbBlockReference
 66
1
  2
$TCHSYS$WIN2D
 10
-2014648.665221135
 20
-1289365.933370228
 30
0.0
 41
500.0
 42
280.0
 43
500.0
 50
90.0
1001
WTHICK
1040
280.0
  0
ATTRIB
  5
5C7
330
5C6
100
AcDbEntity
  8
WINDOW_TEXT
100
AcDbText
 10
-2014194.915221135
 20
-1289560.933370228
 30
0.0
 40
297.5
  1

 50
90.0
  7
_TCH_WINDOW
 41
0.7058823529411765
100
AcDbAttribute
  2
A
 70
0
  0
SEQEND
  5
5C8
330
5C6
100
AcDbEntity
  8
WINDOW
  0
LINE
  5
5C9
330
17
100
AcDbEntity
  8
WALL
100
AcDbLine
 10
-2027108.665221647
 20
-1295325.93337025
 30
0.0
 11
-2027108.665221135
 21
-1294825.933370228
 31
0.0
  0
LINE
  5
5CA
330
17
100
AcDbEntity
  8
WALL
100
AcDbLine
 10
-2027008.665220671
 20
-1295425.93337025
 30
0.0
 11
-2027008.665220671
 21
-1294825.933370267
 31
0.0
  0
LINE
  5
5CB
330
17
100
AcDbEntity
  8
WALL
100
AcDbLine
 10
-2029218.665221252
 20
-1295325.93337025
 30
0.0
 11
-2027108.665221647
 21
-1295325.93337025
 31
0.0
  0
LINE
  5
5CC
330
17
100
AcDbEntity
  8
WALL
100
AcDbLine
 10
-2029218.665221153
 20
-1295425.93337025
 30
0.0
 11
-2027008.665220671
 21
-1295425.93337025
 31
0.0
  0
LINE
  5
5CD
330
17
100
AcDbEntity
  8
WALL
100
AcDbLine
 10
-2027008.665220671
 20
-1294825.933370267
 30
0.0
 11
-2026908.665222168
 21
-1294825.93337017
 31
0.0
  0
LINE
  5
5CE
330
17
100
AcDbEntity
  8
WALL
100
AcDbLine
 10
-2026908.665222168
 20
-1294825.93337017
 30
0.0
 11
-2026908.665222168
 21
-1294725.933370152
 31
0.0
  0
LINE
  5
5CF
330
17
100
AcDbEntity
  8
WALL
100
AcDbLine
 10
-2026908.665222168
 20
-1294725.933370152
 30
0.0
 11
-2027008.665221122
 21
-1294725.933370268
 31
0.0
  0
LINE
  5
5D0
330
17
100
AcDbEntity
  8
WALL
100
AcDbLine
 10
-2025718.665221217
 20
-1294725.933370268
 30
0.0
 11
-2026008.665222168
 21
-1294725.933370152
 31
0.0
  0
LINE
  5
5D1
330
17
100
AcDbEntity
  8
WALL
100
AcDbLine
 10
-2026008.665222168
 20
-1294725.933370152
 30
0.0
 11
-2026008.665222168
 21
-1294825.93337017
 31
0.0
  0
LINE
  5
5D2
330
17
100
AcDbEntity
  8
WALL
100
AcDbLine
 10
-2026008.665222168
 20
-1294825.93337017
 30
0.0
 11
-2025898.665221094
 21
-1294825.933370268
 31
0.0
  0
INSERT
  5
5D3
330
17
100
AcDbEntity
  8
WINDOW
100
AcDbBlockReference
 66
1
  2
$DorLib2D$00000001
 10
-2026458.665221135
 20
-1294775.933370228
 30
0.0
 41
900.0
 42
-900.0
 43
900.0
1001
WTHICK
1040
100.0
  0
ATTRIB
  5
5D4
330
5D3
100
AcDbEntity
  8
WINDOW_TEXT
100
AcDbText
 10
-2026653.665221135
 20
-1294701.234140364
 30
0.0
 40
297.5
  1

  7
_TCH_WINDOW
 41
0.7058823529411765
100
AcDbAttribute
  2
A
 70
0
  0
SEQEND
  5
5D5
330
5D3
100
AcDbEntity
  8
WINDOW
  0
LINE
  5
5D6
330
17
100
AcDbEntity
  8
WALL
100
AcDbLine
 10
-2027008.665221122
 20
-1294725.933370268
 30
0.0
 11
-2027008.665221168
 21
-1294425.933370361
 31
0.0
  0
LINE
  5
5D7
330
17
100
AcDbEntity
  8
WALL
100
AcDbLine
 10
-2027008.665221168
 20
-1294425.933370361
 30
0.0
 11
-2027108.665221222
 21
-1294425.933370361
 31
0.0
  0
LINE
  5
5D8
330
17
100
AcDbEntity
  8
WALL
100
AcDbLine
 10
-2027108.665221222
 20
-1294425.933370361
 30
0.0
 11
-2027108.665221135
 21
-1294825.933370228
 31
0.0
  0
LINE
  5
5D9
330
17
100
AcDbEntity
  8
WALL
100
AcDbLine
 10
-2027108.665221122
 20
-1293505.933370187
 30
0.0
 11
-2027108.665221214
 21
-1293625.933370361
 31
0.0
  0
LINE
  5
5DA
330
17
100
AcDbEntity
  8
WALL
100
AcDbLine
 10
-2027108.665221214
 20
-1293625.933370361
 30
0.0
 11
-2027008.665221168
 21
-1293625.933370361
 31
0.0
  0
LINE
  5
5DB
330
17
100
AcDbEntity
  8
WALL
100
AcDbLine
 10
-2027008.665221168
 20
-1293625.933370361
 30
0.0
 11
-2027008.665221122
 21
-1293505.933370268
 31
0.0
  0
INSERT
  5
5DC
330
17
100
AcDbEntity
  8
WINDOW
100
AcDbBlockReference
 66
1
  2
$DorLib2D$00000001
 10
-2027058.665221135
 20
-1294025.933370228
 30
0.0
 41
800.0
 42
800.0
 43
800.0
 50
90.0
1001
WTHICK
1040
100.0
  0
ATTRIB
  5
5DD
330
5DC
100
AcDbEntity
  8
WINDOW_TEXT
100
AcDbText
 10
-2026684.915221135
 20
-1294220.933370228
 30
0.0
 40
297.5
  1

 50
90.0
  7
_TCH_WINDOW
 41
0.7058823529411765
100
AcDbAttribute
  2
A
 70
0
  0
SEQEND
  5
5DE
330
5DC
100
AcDbEntity
  8
WINDOW
  0
INSERT
  5
5DF
330
17
100
AcDbEntity
  8
A-FLOR-SPCL
100
AcDbBlockReference
  2
$plan$00001629
 10
-2027570.115660623
 20
-1295275.933370229
 30
2.22e-13
 41
0.9821428571077286
 42
0.9782608695225493
 50
180.0000000000001
  0
INSERT
  5
5E1
330
17
100
AcDbEntity
  8
A-FLOR-SPCL
100
AcDbBlockReference
  2
$lvtry$00000209
 10
-2029218.665221135
 20
-1293965.933370227
 30
0.0
 41
1.002004008016032
 50
89.99999999965027
  0
INSERT
  5
5E3
330
17
100
AcDbEntity
  8
A-FLOR-SPCL
100
AcDbBlockReference
  2
$lvtry$00000168
 10
-2028534.440628921
 20
-1295325.933370228
 30
1e-08
 42
-1.0
 50
4.59559e-10
  0
LINE
  5
5E5
330
17
100
AcDbEntity
  8
WALL
100
AcDbLine
 10
-2027108.665221135
 20
-1293325.933370228
 30
0.0
 11
-2025898.665221173
 21
-1293325.933370268
 31
0.0
  0
LINE
  5
5E6
330
17
100
AcDbEntity
  8
WALL
100
AcDbLine
 10
-2027008.665221122
 20
-1293505.933370268
 30
0.0
 11
-2025718.665221173
 21
-1293505.933370268
 31
0.0
  0
LINE
  5
5E7
330
17
100
AcDbEntity
  8
WALL
100
AcDbLine
 10
-2014608.665221135
 20
-1291725.933370228
 30
0.0
 11
-2014608.665221
 21
-1291625.933369954
 31
0.0
  0
LINE
  5
5E8
330
17
100
AcDbEntity
  8
WALL
100
AcDbLine
 10
-2014608.665221
 20
-1291625.933369954
 30
0.0
 11
-2014788.665221147
 21
-1291625.933369954
 31
0.0
  0
LINE
  5
5E9
330
17
100
AcDbEntity
  8
WALL
100
AcDbLine
 10
-2014788.665221181
 20
-1289115.933370226
 30
0.0
 11
-2014608.665221
 21
-1289115.933369955
 31
0.0
  0
LINE
  5
5EA
330
17
100
AcDbEntity
  8
WALL
100
AcDbLine
 10
-2014608.665221
 20
-1289115.933369955
 30
0.0
 11
-2014608.665221135
 21
-1289025.933370228
 31
0.0
  0
LINE
  5
5EB
330
17
100
AcDbEntity
  8
WALL
100
AcDbLine
 10
-2014608.665221
 20
-1291125.933370633
 30
0.0
 11
-2014608.665221
 21
-1289615.933369955
 31
0.0
  0
LINE
  5
5EC
330
17
100
AcDbEntity
  8
WALL
100
AcDbLine
 10
-2014608.665221
 20
-1289615.933369955
 30
0.0
 11
-2014788.665221147
 21
-1289615.933369954
 31
0.0
  0
LINE
  5
5ED
330
17
100
AcDbEntity
  8
WALL
100
AcDbLine
 10
-2014788.665221147
 20
-1289615.933369954
 30
0.0
 11
-2014788.665221147
 21
-1291125.933370633
 31
0.0
  0
LINE
  5
5EE
330
17
100
AcDbEntity
  8
WALL
100
AcDbLine
 10
-2014788.665221147
 20
-1291125.933370633
 30
0.0
 11
-2014608.665221
 21
-1291125.933370633
 31
0.0
  0
LINE
  5
5EF
330
17
100
AcDbEntity
  8
SURFACE
100
AcDbLine
 10
-2014508.665221181
 20
-1291625.9333701
 30
0.0
 11
-2014608.665221135
 21
-1291625.9333701
 31
0.0
  0
LINE
  5
5F0
330
17
100
AcDbEntity
  8
SURFACE
100
AcDbLine
 10
-2014508.665221135
 20
-1291725.933370228
 30
0.0
 11
-2014508.665221181
 21
-1291625.9333701
 31
0.0
  0
LINE
  5
5F1
330
17
100
AcDbEntity
  8
SURFACE
100
AcDbLine
 10
-2014508.665221181
 20
-1289615.9333701
 30
0.0
 11
-2014608.665221135
 21
-1289615.9333701
 31
0.0
  0
LINE
  5
5F2
330
17
100
AcDbEntity
  8
SURFACE
100
AcDbLine
 10
-2014508.665221181
 20
-1291125.9333701
 30
0.0
 11
-2014608.665221135
 21
-1291125.9333701
 31
0.0
  0
LINE
  5
5F3
330
17
100
AcDbEntity
  8
SURFACE
100
AcDbLine
 10
-2014508.665221181
 20
-1291125.9333701
 30
0.0
 11
-2014508.665221181
 21
-1289615.9333701
 31
0.0
  0
LINE
  5
5F4
330
17
100
AcDbEntity
  8
SURFACE
100
AcDbLine
 10
-2014508.665221181
 20
-1289115.9333701
 30
0.0
 11
-2014608.665221135
 21
-1289115.9333701
 31
0.0
  0
LINE
  5
5F5
330
17
100
AcDbEntity
  8
SURFACE
100
AcDbLine
 10
-2014508.665221181
 20
-1289115.9333701
 30
0.0
 11
-2014508.665221135
 21
-1289025.933370228
 31
0.0
  0
INSERT
  5
5F6
330
17
100
AcDbEntity
  8
WINDOW
100
AcDbBlockReference
 66
1
  2
$TCHSYS$WIN2D
 10
-2014648.665221135
 20
-1291375.933370228
 30
0.0
 41
500.0
 42
280.0
 43
500.0
 50
90.0
1001
WTHICK
1040
280.0
  0
ATTRIB
  5
5F7
330
5F6
100
AcDbEntity
  8
WINDOW_TEXT
100
AcDbText
 10
-2014194.915221135
 20
-1291570.933370228
 30
0.0
 40
297.5
  1

 50
90.0
  7
_TCH_WINDOW
 41
0.7058823529411765
100
AcDbAttribute
  2
A
 70
0
  0
SEQEND
  5
5F8
330
5F6
100
AcDbEntity
  8
WINDOW
  0
LINE
  5
5F9
330
17
100
AcDbEntity
  8
WALL
100
AcDbLine
 10
-2028428.665221172
 20
-1291725.933370226
 30
0.0
 11
-2028428.665221173
 21
-1291625.933370226
 31
0.0
  0
LINE
  5
5FA
330
17
100
AcDbEntity
  8
WALL
100
AcDbLine
 10
-2025718.665221173
 20
-1291625.933370226
 30
0.0
 11
-2025898.665220947
 21
-1291625.933370246
 31
0.0
  0
LINE
  5
5FB
330
17
100
AcDbEntity
  8
WALL
100
AcDbLine
 10
-2025898.665220947
 20
-1291625.933370246
 30
0.0
 11
-2025898.665220947
 21
-1291725.933370186
 31
0.0
  0
INSERT
  5
5FC
330
17
100
AcDbEntity
  8
WINDOW
100
AcDbBlockReference
 66
1
  2
$DorLib2D$00000131
 10
-2027163.665221135
 20
-1291675.933370228
 30
0.0
 41
2530.0
 42
100.0
 43
2530.0
1001
WTHICK
1040
100.0
  0
ATTRIB
  5
5FD
330
5FC
100
AcDbEntity
  8
WINDOW_TEXT
100
AcDbText
 10
-2027358.665221135
 20
-1292149.683370228
 30
0.0
 40
297.5
  1

  7
_TCH_WINDOW
 41
0.7058823529411765
100
AcDbAttribute
  2
A
 70
0
  0
SEQEND
  5
5FE
330
5FC
100
AcDbEntity
  8
WINDOW
  0
LINE
  5
5FF
330
17
100
AcDbEntity
  8
WALL
100
AcDbLine
 10
-2028608.665221135
 20
-1291725.933370228
 30
0.0
 11
-2028608.665220815
 21
-1292225.933369955
 31
0.0
  0
LINE
  5
600
330
17
100
AcDbEntity
  8
WALL
100
AcDbLine
 10
-2028608.665220815
 20
-1292225.933369955
 30
0.0
 11
-2028428.665221413
 21
-1292225.933369955
 31
0.0
  0
LINE
  5
601
330
17
100
AcDbEntity
  8
WALL
100
AcDbLine
 10
-2028428.665221413
 20
-1292225.933369955
 30
0.0
 11
-2028428.665221172
 21
-1291725.933370226
 31
0.0
  0
LINE
  5
602
330
17
100
AcDbEntity
  8
WALL
100
AcDbLine
 10
-2028428.665221172
 20
-1293325.933370187
 30
0.0
 11
-2028428.665221413
 21
-1292725.933370633
 31
0.0
  0
LINE
  5
603
330
17
100
AcDbEntity
  8
WALL
100
AcDbLine
 10
-2028428.665221413
 20
-1292725.933370633
 30
0.0
 11
-2028608.665220737
 21
-1292725.933370633
 31
0.0
  0
LINE
  5
604
330
17
100
AcDbEntity
  8
WALL
100
AcDbLine
 10
-2028608.665220737
 20
-1292725.933370633
 30
0.0
 11
-2028608.665220885
 21
-1293325.933370361
 31
0.0
  0
LINE
  5
605
330
17
100
AcDbEntity
  8
SURFACE
100
AcDbLine
 10
-2028708.665221148
 20
-1292225.9333701
 30
0.0
 11
-2028608.665221057
 21
-1292225.933370084
 31
0.0
  0
LINE
  5
606
330
17
100
AcDbEntity
  8
SURFACE
100
AcDbLine
 10
-2028708.665221135
 20
-1291725.933370228
 30
0.0
 11
-2028708.665221148
 21
-1292225.9333701
 31
0.0
  0
LINE
  5
607
330
17
100
AcDbEntity
  8
SURFACE
100
AcDbLine
 10
-2028708.66522116
 20
-1292725.9333701
 30
0.0
 11
-2028608.665220979
 21
-1292725.933370084
 31
0.0
  0
LINE
  5
608
330
17
100
AcDbEntity
  8
SURFACE
100
AcDbLine
 10
-2028708.66522116
 20
-1292725.9333701
 30
0.0
 11
-2028708.665221172
 21
-1293225.933369751
 31
0.0
  0
INSERT
  5
609
330
17
100
AcDbEntity
  8
WINDOW
100
AcDbBlockReference
 66
1
  2
$TCHSYS$WIN2D
 10
-2028568.665221135
 20
-1292475.933370229
 30
0.0
 41
-500.0
 42
280.0
 43
-500.0
 50
270.0
1001
WTHICK
1040
280.0
  0
ATTRIB
  5
60A
330
609
100
AcDbEntity
  8
WINDOW_TEXT
100
AcDbText
 10
-2028724.915221136
 20
-1292670.933370228
 30
0.0
 40
297.5
  1

 50
90.0
  7
_TCH_WINDOW
 41
0.7058823529411765
100
AcDbAttribute
  2
A
 70
0
  0
SEQEND
  5
60B
330
609
100
AcDbEntity
  8
WINDOW
  0
INSERT
  5
60C
330
17
100
AcDbEntity
  8
WINDOW
100
AcDbBlockReference
 66
1
  2
$DorLib2D$00000226
 10
-2022228.665221135
 20
-1288025.933370229
 30
0.0
 41
-1200.0
 42
1200.0
 43
-1200.0
1001
WTHICK
1040
180.0
  0
ATTRIB
  5
60D
330
60C
100
AcDbEntity
  8
WINDOW_TEXT
100
AcDbText
 10
-2022423.665221135
 20
-1288599.683370229
 30
0.0
 40
297.5
  1

  7
_TCH_WINDOW
 41
0.7058823529411765
100
AcDbAttribute
  2
A
 70
0
  0
SEQEND
  5
60E
330
60C
100
AcDbEntity
  8
WINDOW
  0
LINE
  5
60F
330
17
100
AcDbEntity
  8
WALL
100
AcDbLine
 10
-2049208.665221104
 20
-1300125.933370158
 30
0.0
 11
-2049208.665221135
 21
-1296125.933370229
 31
0.0
  0
LINE
  5
610
330
17
100
AcDbEntity
  8
WALL
100
AcDbLine
 10
-2049028.665221229
 20
-1299945.933370158
 30
0.0
 11
-2049028.665221229
 21
-1296225.933370226
 31
0.0
  0
LINE
  5
611
330
17
100
AcDbEntity
  8
SURFACE
100
AcDbLine
 10
-2049308.665221104
 20
-1300225.933370361
 30
0.0
 11
-2049308.665221135
 21
-1296125.933370229
 31
0.0
  0
LINE
  5
612
330
17
100
AcDbEntity
  8
WALL
100
AcDbLine
 10
-2049028.665221218
 20
-1288355.933370086
 30
0.0
 11
-2048308.66522149
 21
-1288355.933370104
 31
0.0
  0
LINE
  5
613
330
17
100
AcDbEntity
  8
WALL
100
AcDbLine
 10
-2048308.66522149
 20
-1288355.933370104
 30
0.0
 11
-2048308.66522149
 21
-1288175.933370197
 31
0.0
  0
LINE
  5
614
330
17
100
AcDbEntity
  8
WALL
100
AcDbLine
 10
-2048308.66522149
 20
-1288175.933370197
 30
0.0
 11
-2049208.665221083
 21
-1288175.933370243
 31
0.0
  0
LINE
  5
615
330
17
100
AcDbEntity
  8
WALL
100
AcDbLine
 10
-2046008.665221135
 20
-1288175.933370229
 30
0.0
 11
-2046808.665220812
 21
-1288175.93337019
 31
0.0
  0
LINE
  5
616
330
17
100
AcDbEntity
  8
WALL
100
AcDbLine
 10
-2046808.665220812
 20
-1288175.93337019
 30
0.0
 11
-2046808.665220812
 21
-1288355.933370104
 31
0.0
  0
LINE
  5
617
330
17
100
AcDbEntity
  8
WALL
100
AcDbLine
 10
-2046808.665220812
 20
-1288355.933370104
 30
0.0
 11
-2046098.665221
 21
-1288355.933370086
 31
0.0
  0
LINE
  5
618
330
17
100
AcDbEntity
  8
SURFACE
100
AcDbLine
 10
-2048308.66522086
 20
-1288075.933370163
 30
0.0
 11
-2048308.665220859
 21
-1288175.933370239
 31
0.0
  0
LINE
  5
619
330
17
100
AcDbEntity
  8
SURFACE
100
AcDbLine
 10
-2049308.665221083
 20
-1288075.933370243
 30
0.0
 11
-2048308.66522086
 21
-1288075.933370163
 31
0.0
  0
LINE
  5
61A
330
17
100
AcDbEntity
  8
SURFACE
100
AcDbLine
 10
-2046808.665221296
 20
-1288075.933370157
 30
0.0
 11
-2046808.665221296
 21
-1288175.933370233
 31
0.0
  0
LINE
  5
61B
330
17
100
AcDbEntity
  8
SURFACE
100
AcDbLine
 10
-2046808.665221296
 20
-1288075.933370157
 30
0.0
 11
-2046008.665221135
 21
-1288075.933370229
 31
0.0
  0
INSERT
  5
61C
330
17
100
AcDbEntity
  8
WINDOW
100
AcDbBlockReference
 66
1
  2
$TCHSYS$WIN2D
 10
-2047558.665221135
 20
-1288215.933370229
 30
0.0
 41
1500.0
 42
280.0
 43
1500.0
1001
WTHICK
1040
280.0
  0
ATTRIB
  5
61D
330
61C
100
AcDbEntity
  8
WINDOW_TEXT
100
AcDbText
 10
-2047753.665221135
 20
-1288789.683370229
 30
0.0
 40
297.5
  1

  7
_TCH_WINDOW
 41
0.7058823529411765
100
AcDbAttribute
  2
A
 70
0
  0
SEQEND
  5
61E
330
61C
100
AcDbEntity
  8
WINDOW
  0
LINE
  5
61F
330
17
100
AcDbEntity
  8
WALL
100
AcDbLine
 10
-2043158.665221229
 20
-1288175.933370172
 30
0.0
 11
-2043158.665221229
 21
-1285575.933370225
 31
0.0
  0
LINE
  5
620
330
17
100
AcDbEntity
  8
WALL
100
AcDbLine
 10
-2042978.665221041
 20
-1288175.933370083
 30
0.0
 11
-2042978.665221041
 21
-1285755.933370225
 31
0.0
  0
LINE
  5
621
330
17
100
AcDbEntity
  8
SURFACE
100
AcDbLine
 10
-2043258.665221229
 20
-1288075.933370172
 30
0.0
 11
-2043258.665221229
 21
-1285475.933370225
 31
0.0
  0
LINE
  5
622
330
17
100
AcDbEntity
  8
WALL
100
AcDbLine
 10
-2042978.665221041
 20
-1285755.933370225
 30
0.0
 11
-2039038.665220812
 21
-1285755.933370239
 31
0.0
  0
LINE
  5
623
330
17
100
AcDbEntity
  8
WALL
100
AcDbLine
 10
-2039038.665220812
 20
-1285755.933370239
 30
0.0
 11
-2039038.665220812
 21
-1285575.933370233
 31
0.0
  0
LINE
  5
624
330
17
100
AcDbEntity
  8
WALL
100
AcDbLine
 10
-2039038.665220812
 20
-1285575.933370233
 30
0.0
 11
-2043158.665221229
 21
-1285575.933370225
 31
0.0
  0
LINE
  5
625
330
17
100
AcDbEntity
  8
WALL
100
AcDbLine
 10
-2037658.665221041
 20
-1285575.933370225
 30
0.0
 11
-2037838.66522149
 21
-1285575.933370233
 31
0.0
  0
LINE
  5
626
330
17
100
AcDbEntity
  8
WALL
100
AcDbLine
 10
-2037838.66522149
 20
-1285575.933370233
 30
0.0
 11
-2037838.66522149
 21
-1285755.933370239
 31
0.0
  0
LINE
  5
627
330
17
100
AcDbEntity
  8
SURFACE
100
AcDbLine
 10
-2039038.665221296
 20
-1285475.933370221
 30
0.0
 11
-2039038.665221296
 21
-1285575.933370225
 31
0.0
  0
LINE
  5
628
330
17
100
AcDbEntity
  8
SURFACE
100
AcDbLine
 10
-2043258.665221229
 20
-1285475.933370225
 30
0.0
 11
-2039038.665221296
 21
-1285475.933370221
 31
0.0
  0
LINE
  5
629
330
17
100
AcDbEntity
  8
SURFACE
100
AcDbLine
 10
-2037838.66522086
 20
-1285475.933370221
 30
0.0
 11
-2037838.665220861
 21
-1285575.933370225
 31
0.0
  0
LINE
  5
62A
330
17
100
AcDbEntity
  8
SURFACE
100
AcDbLine
 10
-2037838.66522086
 20
-1285475.933370221
 30
0.0
 11
-2037558.665221229
 21
-1285475.933370225
 31
0.0
  0
INSERT
  5
62B
330
17
100
AcDbEntity
  8
WINDOW
100
AcDbBlockReference
 66
1
  2
$TCHSYS$WIN2D
 10
-2038438.665221135
 20
-1285615.933370229
 30
0.0
 41
1200.0
 42
-280.0
 43
1200.0
1001
WTHICK
1040
280.0
  0
ATTRIB
  5
62C
330
62B
100
AcDbEntity
  8
WINDOW_TEXT
100
AcDbText
 10
-2038933.665221135
 20
-1285573.016703562
 30
0.0
 40
297.5
  1

  7
_TCH_WINDOW
 41
0.7058823529411765
100
AcDbAttribute
  2
A
 70
0
  0
SEQEND
  5
62D
330
62B
100
AcDbEntity
  8
WINDOW
  0
LINE
  5
62E
330
17
100
AcDbEntity
  8
WALL
100
AcDbLine
 10
-2037658.665221041
 20
-1285575.933370225
 30
0.0
 11
-2037658.665221041
 21
-1288175.933370361
 31
0.0
  0
LINE
  5
62F
330
17
100
AcDbEntity
  8
WALL
100
AcDbLine
 10
-2037838.665221229
 20
-1285755.933370225
 30
0.0
 11
-2037838.665221229
 21
-1288175.933370268
 31
0.0
  0
LINE
  5
630
330
17
100
AcDbEntity
  8
SURFACE
100
AcDbLine
 10
-2037558.665221229
 20
-1285475.933370225
 30
0.0
 11
-2037558.665221229
 21
-1288075.933370361
 31
0.0
  0
LINE
  5
631
330
17
100
AcDbEntity
  8
WALL
100
AcDbLine
 10
-2037658.665221041
 20
-1288175.933370361
 30
0.0
 11
-2036958.665221135
 21
-1288175.933370229
 31
0.0
  0
LINE
  5
632
330
17
100
AcDbEntity
  8
WALL
100
AcDbLine
 10
-2037658.665221213
 20
-1288355.933370361
 30
0.0
 11
-2037048.665221213
 21
-1288355.933370361
 31
0.0
  0
LINE
  5
633
330
17
100
AcDbEntity
  8
SURFACE
100
AcDbLine
 10
-2037558.665221229
 20
-1288075.933370361
 30
0.0
 11
-2036958.665221135
 21
-1288075.933370229
 31
0.0
  0
LINE
  5
634
330
17
100
AcDbEntity
  8
WALL
100
AcDbLine
 10
-2033808.665221354
 20
-1288175.933370192
 30
0.0
 11
-2033808.665221354
 21
-1286975.933370243
 31
0.0
  0
LINE
  5
635
330
17
100
AcDbEntity
  8
WALL
100
AcDbLine
 10
-2033628.665221135
 20
-1288275.933370229
 30
0.0
 11
-2033628.665221354
 21
-1287155.933370243
 31
0.0
  0
LINE
  5
636
330
17
100
AcDbEntity
  8
SURFACE
100
AcDbLine
 10
-2033908.665221354
 20
-1288075.933370192
 30
0.0
 11
-2033908.665221354
 21
-1286875.933370243
 31
0.0
  0
LINE
  5
637
330
17
100
AcDbEntity
  8
WALL
100
AcDbLine
 10
-2033628.665221354
 20
-1287155.933370243
 30
0.0
 11
-2032908.66522149
 21
-1287155.933370281
 31
0.0
  0
LINE
  5
638
330
17
100
AcDbEntity
  8
WALL
100
AcDbLine
 10
-2032908.66522149
 20
-1287155.933370281
 30
0.0
 11
-2032908.66522149
 21
-1286975.933370258
 31
0.0
  0
LINE
  5
639
330
17
100
AcDbEntity
  8
WALL
100
AcDbLine
 10
-2032908.66522149
 20
-1286975.933370258
 30
0.0
 11
-2033808.665221354
 21
-1286975.933370243
 31
0.0
  0
LINE
  5
63A
330
17
100
AcDbEntity
  8
WALL
100
AcDbLine
 10
-2030508.665221122
 20
-1286975.933370243
 30
0.0
 11
-2031408.66522149
 21
-1286975.933370258
 31
0.0
  0
LINE
  5
63B
330
17
100
AcDbEntity
  8
WALL
100
AcDbLine
 10
-2031408.66522149
 20
-1286975.933370258
 30
0.0
 11
-2031408.66522149
 21
-1287155.933370281
 31
0.0
  0
LINE
  5
63C
330
17
100
AcDbEntity
  8
WALL
100
AcDbLine
 10
-2031408.66522149
 20
-1287155.933370281
 30
0.0
 11
-2030688.665221122
 21
-1287155.933370243
 31
0.0
  0
LINE
  5
63D
330
17
100
AcDbEntity
  8
SURFACE
100
AcDbLine
 10
-2032908.665221296
 20
-1286875.933370333
 30
0.0
 11
-2032908.665221296
 21
-1286975.933370243
 31
0.0
  0
LINE
  5
63E
330
17
100
AcDbEntity
  8
SURFACE
100
AcDbLine
 10
-2033908.665221354
 20
-1286875.933370243
 30
0.0
 11
-2032908.665221296
 21
-1286875.933370333
 31
0.0
  0
LINE
  5
63F
330
17
100
AcDbEntity
  8
SURFACE
100
AcDbLine
 10
-2031408.66522086
 20
-1286875.933370333
 30
0.0
 11
-2031408.66522086
 21
-1286975.933370243
 31
0.0
  0
LINE
  5
640
330
17
100
AcDbEntity
  8
SURFACE
100
AcDbLine
 10
-2031408.66522086
 20
-1286875.933370333
 30
0.0
 11
-2030408.665221261
 21
-1286875.933370243
 31
0.0
  0
INSERT
  5
641
330
17
100
AcDbEntity
  8
WINDOW
100
AcDbBlockReference
 66
1
  2
$TCHSYS$WIN2D
 10
-2032158.665221135
 20
-1287015.933370229
 30
0.0
 41
1500.0
 42
-280.0
 43
1500.0
1001
WTHICK
1040
280.0
  0
ATTRIB
  5
642
330
641
100
AcDbEntity
  8
WINDOW_TEXT
100
AcDbText
 10
-2032353.665221135
 20
-1286859.683370229
 30
0.0
 40
297.5
  1

  7
_TCH_WINDOW
 41
0.7058823529411765
100
AcDbAttribute
  2
A
 70
0
  0
SEQEND
  5
643
330
641
100
AcDbEntity
  8
WINDOW
  0
LINE
  5
644
330
17
100
AcDbEntity
  8
WALL
100
AcDbLine
 10
-2030508.665221122
 20
-1286975.933370243
 30
0.0
 11
-2030508.665221135
 21
-1290575.933370229
 31
0.0
  0
LINE
  5
645
330
17
100
AcDbEntity
  8
WALL
100
AcDbLine
 10
-2030688.665221122
 20
-1287155.933370243
 30
0.0
 11
-2030688.665221122
 21
-1290485.933370226
 31
0.0
  0
LINE
  5
646
330
17
100
AcDbEntity
  8
SURFACE
100
AcDbLine
 10
-2030408.665221261
 20
-1286875.933370243
 30
0.0
 11
-2030408.665221135
 21
-1290575.933370229
 31
0.0
  0
LINE
  5
647
330
17
100
AcDbEntity
  8
WALL
100
AcDbLine
 10
-2032498.665221
 20
-1292955.933370268
 30
0.0
 11
-2032208.66522149
 21
-1292955.933370131
 31
0.0
  0
LINE
  5
648
330
17
100
AcDbEntity
  8
WALL
100
AcDbLine
 10
-2032208.66522149
 20
-1292955.933370131
 30
0.0
 11
-2032208.66522149
 21
-1292775.933370332
 31
0.0
  0
LINE
  5
649
330
17
100
AcDbEntity
  8
WALL
100
AcDbLine
 10
-2032208.66522149
 20
-1292775.933370332
 30
0.0
 11
-2032318.665221213
 21
-1292775.933370268
 31
0.0
  0
LINE
  5
64A
330
17
100
AcDbEntity
  8
WALL
100
AcDbLine
 10
-2031108.665221135
 20
-1292775.933370229
 30
0.0
 11
-2031408.66522149
 21
-1292775.933370306
 31
0.0
  0
LINE
  5
64B
330
17
100
AcDbEntity
  8
WALL
100
AcDbLine
 10
-2031408.66522149
 20
-1292775.933370306
 30
0.0
 11
-2031408.66522149
 21
-1292955.933370131
 31
0.0
  0
LINE
  5
64C
330
17
100
AcDbEntity
  8
WALL
100
AcDbLine
 10
-2031408.66522149
 20
-1292955.933370131
 30
0.0
 11
-2031208.665221029
 21
-1292955.933370268
 31
0.0
  0
INSERT
  5
64D
330
17
100
AcDbEntity
  8
WINDOW
100
AcDbBlockReference
 66
1
  2
$DorLib2D$00000001
 10
-2031808.665221134
 20
-1292865.933370229
 30
0.0
 41
-800.0
 42
800.0
 43
-800.0
1001
WTHICK
1040
180.0
  0
ATTRIB
  5
64E
330
64D
100
AcDbEntity
  8
WINDOW_TEXT
100
AcDbText
 10
-2032003.665221134
 20
-1293389.683370229
 30
0.0
 40
297.5
  1

  7
_TCH_WINDOW
 41
0.7058823529411765
100
AcDbAttribute
  2
A
 70
0
  0
SEQEND
  5
64F
330
64D
100
AcDbEntity
  8
WINDOW
  0
LINE
  5
650
330
17
100
AcDbEntity
  8
WALL
100
AcDbLine
 10
-2029218.665221135
 20
-1291875.933370229
 30
0.0
 11
-2029218.665221135
 21
-1292875.933370229
 31
0.0
  0
LINE
  5
651
330
17
100
AcDbEntity
  8
WALL
100
AcDbLine
 10
-2029398.665221135
 20
-1291875.933370229
 30
0.0
 11
-2029398.665221192
 21
-1292775.933370268
 31
0.0
  0
LINE
  5
652
330
17
100
AcDbEntity
  8
WALL
100
AcDbLine
 10
-2029218.665221135
 20
-1291875.933370229
 30
0.0
 11
-2029398.665221135
 21
-1291875.933370229
 31
0.0
  0
LINE
  5
653
330
17
100
AcDbEntity
  8
WALL
100
AcDbLine
 10
-2036398.66522104
 20
-1298395.933370151
 30
0.0
 11
-2036908.665220812
 21
-1298395.933370041
 31
0.0
  0
LINE
  5
654
330
17
100
AcDbEntity
  8
WALL
100
AcDbLine
 10
-2036908.665220812
 20
-1298395.933370041
 30
0.0
 11
-2036908.665220812
 21
-1298575.933370097
 31
0.0
  0
LINE
  5
655
330
17
100
AcDbEntity
  8
WALL
100
AcDbLine
 10
-2036908.665220812
 20
-1298575.933370097
 30
0.0
 11
-2036398.665221144
 21
-1298575.933370151
 31
0.0
  0
LINE
  5
656
330
17
100
AcDbEntity
  8
WALL
100
AcDbLine
 10
-2039118.665221305
 20
-1298575.933370151
 30
0.0
 11
-2038608.665220812
 21
-1298575.933370097
 31
0.0
  0
LINE
  5
657
330
17
100
AcDbEntity
  8
WALL
100
AcDbLine
 10
-2038608.665220812
 20
-1298575.933370097
 30
0.0
 11
-2038608.665220812
 21
-1298395.933370041
 31
0.0
  0
LINE
  5
658
330
17
100
AcDbEntity
  8
WALL
100
AcDbLine
 10
-2038608.665220812
 20
-1298395.933370041
 30
0.0
 11
-2039118.665221167
 21
-1298395.933370151
 31
0.0
  0
LINE
  5
659
330
17
100
AcDbEntity
  8
SURFACE
100
AcDbLine
 10
-2036908.665221296
 20
-1298675.933370314
 30
0.0
 11
-2036908.665221296
 21
-1298575.933370151
 31
0.0
  0
LINE
  5
65A
330
17
100
AcDbEntity
  8
SURFACE
100
AcDbLine
 10
-2036498.665221144
 20
-1298675.933370319
 30
0.0
 11
-2036908.665221296
 21
-1298675.933370314
 31
0.0
  0
LINE
  5
65B
330
17
100
AcDbEntity
  8
SURFACE
100
AcDbLine
 10
-2038608.665221296
 20
-1298675.933370314
 30
0.0
 11
-2038608.665221296
 21
-1298575.933370151
 31
0.0
  0
LINE
  5
65C
330
17
100
AcDbEntity
  8
SURFACE
100
AcDbLine
 10
-2038608.665221296
 20
-1298675.933370314
 30
0.0
 11
-2039118.665221305
 21
-1298675.933370319
 31
0.0
  0
INSERT
  5
65D
330
17
100
AcDbEntity
  8
WINDOW
100
AcDbBlockReference
 66
1
  2
$TCHSYS$WIN2D
 10
-2037758.665221135
 20
-1298535.933370229
 30
0.0
 41
1700.0
 42
280.0
 43
1700.0
 50
180.0
1001
WTHICK
1040
280.0
  0
ATTRIB
  5
65E
330
65D
100
AcDbEntity
  8
WINDOW_TEXT
100
AcDbText
 10
-2037953.665221135
 20
-1298259.683370229
 30
0.0
 40
297.5
  1

  7
_TCH_WINDOW
 41
0.7058823529411765
100
AcDbAttribute
  2
A
 70
0
  0
SEQEND
  5
65F
330
65D
100
AcDbEntity
  8
WINDOW
  0
LINE
  5
660
330
17
100
AcDbEntity
  8
WALL
100
AcDbLine
 10
-2046008.665221135
 20
-1300125.933370229
 30
0.0
 11
-2046708.665220947
 21
-1300125.933370536
 31
0.0
  0
LINE
  5
661
330
17
100
AcDbEntity
  8
WALL
100
AcDbLine
 10
-2046098.665221144
 20
-1299945.933370536
 30
0.0
 11
-2046708.665221135
 21
-1299945.933370229
 31
0.0
  0
LINE
  5
662
330
17
100
AcDbEntity
  8
SURFACE
100
AcDbLine
 10
-2046008.665221135
 20
-1300225.933370229
 30
0.0
 11
-2046708.665220947
 21
-1300225.933369838
 31
0.0
  0
LINE
  5
663
330
17
100
AcDbEntity
  8
WALL
100
AcDbLine
 10
-2045918.665221037
 20
-1294285.933370268
 30
0.0
 11
-2046208.66522149
 21
-1294285.933370155
 31
0.0
  0
LINE
  5
664
330
17
100
AcDbEntity
  8
WALL
100
AcDbLine
 10
-2046208.66522149
 20
-1294285.933370155
 30
0.0
 11
-2046208.66522149
 21
-1294465.933370454
 31
0.0
  0
LINE
  5
665
330
17
100
AcDbEntity
  8
WALL
100
AcDbLine
 10
-2046208.66522149
 20
-1294465.933370454
 30
0.0
 11
-2046098.665221156
 21
-1294465.933370268
 31
0.0
  0
LINE
  5
666
330
17
100
AcDbEntity
  8
WALL
100
AcDbLine
 10
-2047208.665221261
 20
-1294465.933370268
 30
0.0
 11
-2047108.66522149
 21
-1294465.933370454
 31
0.0
  0
LINE
  5
667
330
17
100
AcDbEntity
  8
WALL
100
AcDbLine
 10
-2047108.66522149
 20
-1294465.933370454
 30
0.0
 11
-2047108.66522149
 21
-1294285.933370155
 31
0.0
  0
LINE
  5
668
330
17
100
AcDbEntity
  8
WALL
100
AcDbLine
 10
-2047108.66522149
 20
-1294285.933370155
 30
0.0
 11
-2047208.665221315
 21
-1294285.933370267
 31
0.0
  0
INSERT
  5
669
330
17
100
AcDbEntity
  8
WINDOW
100
AcDbBlockReference
 66
1
  2
$DorLib2D$00000001
 10
-2046658.665221136
 20
-1294375.933370229
 30
0.0
 41
-900.0
 42
900.0
 43
-900.0
 50
180.0
1001
WTHICK
1040
180.0
  0
ATTRIB
  5
66A
330
669
100
AcDbEntity
  8
WINDOW_TEXT
100
AcDbText
 10
-2046853.665221136
 20
-1294159.683370229
 30
0.0
 40
297.5
  1

  7
_TCH_WINDOW
 41
0.7058823529411765
100
AcDbAttribute
  2
A
 70
0
  0
SEQEND
  5
66B
330
669
100
AcDbEntity
  8
WINDOW
  0
LINE
  5
66C
330
17
100
AcDbEntity
  8
WALL
100
AcDbLine
 10
-2045918.665221213
 20
-1288355.933370337
 30
0.0
 11
-2045233.66522149
 21
-1288355.933370424
 31
0.0
  0
LINE
  5
66D
330
17
100
AcDbEntity
  8
WALL
100
AcDbLine
 10
-2045233.66522149
 20
-1288355.933370424
 30
0.0
 11
-2045233.66522149
 21
-1288175.933370114
 31
0.0
  0
LINE
  5
66E
330
17
100
AcDbEntity
  8
WALL
100
AcDbLine
 10
-2045233.66522149
 20
-1288175.933370114
 30
0.0
 11
-2046008.665221135
 21
-1288175.933370229
 31
0.0
  0
LINE
  5
66F
330
17
100
AcDbEntity
  8
WALL
100
AcDbLine
 10
-2043158.665221229
 20
-1288175.933370172
 30
0.0
 11
-2043433.66522149
 21
-1288175.933370078
 31
0.0
  0
LINE
  5
670
330
17
100
AcDbEntity
  8
WALL
100
AcDbLine
 10
-2043433.66522149
 20
-1288175.933370078
 30
0.0
 11
-2043433.66522149
 21
-1288355.933370355
 31
0.0
  0
LINE
  5
671
330
17
100
AcDbEntity
  8
WALL
100
AcDbLine
 10
-2043433.66522149
 20
-1288355.933370355
 30
0.0
 11
-2043058.665221135
 21
-1288355.933370229
 31
0.0
  0
LINE
  5
672
330
17
100
AcDbEntity
  8
SURFACE
100
AcDbLine
 10
-2045233.66522086
 20
-1288075.933370146
 30
0.0
 11
-2045233.665220858
 21
-1288175.933370213
 31
0.0
  0
LINE
  5
673
330
17
100
AcDbEntity
  8
SURFACE
100
AcDbLine
 10
-2046008.665221135
 20
-1288075.933370229
 30
0.0
 11
-2045233.66522086
 21
-1288075.933370146
 31
0.0
  0
LINE
  5
674
330
17
100
AcDbEntity
  8
SURFACE
100
AcDbLine
 10
-2043433.66522086
 20
-1288075.933370109
 30
0.0
 11
-2043433.665220858
 21
-1288175.933370177
 31
0.0
  0
LINE
  5
675
330
17
100
AcDbEntity
  8
SURFACE
100
AcDbLine
 10
-2043433.66522086
 20
-1288075.933370109
 30
0.0
 11
-2043258.665221229
 21
-1288075.933370172
 31
0.0
  0
INSERT
  5
676
330
17
100
AcDbEntity
  8
WINDOW
100
AcDbBlockReference
 66
1
  2
$TCHSYS$WIN2D
 10
-2044333.665221135
 20
-1288215.933370229
 30
0.0
 41
1800.0
 42
280.0
 43
1800.0
1001
WTHICK
1040
280.0
  0
ATTRIB
  5
677
330
676
100
AcDbEntity
  8
WINDOW_TEXT
100
AcDbText
 10
-2044528.665221135
 20
-1288789.683370229
 30
0.0
 40
297.5
  1

  7
_TCH_WINDOW
 41
0.7058823529411765
100
AcDbAttribute
  2
A
 70
0
  0
SEQEND
  5
678
330
676
100
AcDbEntity
  8
WINDOW
  0
LINE
  5
679
330
17
100
AcDbEntity
  8
WALL
100
AcDbLine
 10
-2045918.665221213
 20
-1288355.933370337
 30
0.0
 11
-2045918.665221213
 21
-1290485.933370299
 31
0.0
  0
LINE
  5
67A
330
17
100
AcDbEntity
  8
WALL
100
AcDbLine
 10
-2046098.665221
 20
-1288355.933370086
 30
0.0
 11
-2046098.665221135
 21
-1290575.933370229
 31
0.0
  0
LINE
  5
67B
330
17
100
AcDbEntity
  8
WALL
100
AcDbLine
 10
-2049208.665221135
 20
-1291875.933370229
 30
0.0
 11
-2049208.665221083
 21
-1288175.933370243
 31
0.0
  0
LINE
  5
67C
330
17
100
AcDbEntity
  8
WALL
100
AcDbLine
 10
-2049028.665221219
 20
-1291785.933370226
 30
0.0
 11
-2049028.665221218
 21
-1288355.933370086
 31
0.0
  0
LINE
  5
67D
330
17
100
AcDbEntity
  8
SURFACE
100
AcDbLine
 10
-2049308.665221135
 20
-1291875.933370229
 30
0.0
 11
-2049308.665221083
 21
-1288075.933370243
 31
0.0
  0
LINE
  5
67E
330
17
100
AcDbEntity
  8
WALL
100
AcDbLine
 10
-2046098.665221229
 20
-1291785.933369892
 30
0.0
 11
-2046208.665220812
 21
-1291785.933369905
 31
0.0
  0
LINE
  5
67F
330
17
100
AcDbEntity
  8
WALL
100
AcDbLine
 10
-2046208.665220812
 20
-1291785.933369905
 30
0.0
 11
-2046208.665220812
 21
-1291965.933370132
 31
0.0
  0
LINE
  5
680
330
17
100
AcDbEntity
  8
WALL
100
AcDbLine
 10
-2046208.665220812
 20
-1291965.933370132
 30
0.0
 11
-2046018.665220936
 21
-1291965.933370268
 31
0.0
  0
LINE
  5
681
330
17
100
AcDbEntity
  8
WALL
100
AcDbLine
 10
-2047208.665221064
 20
-1291965.933370268
 30
0.0
 11
-2047108.665220812
 21
-1291965.933370132
 31
0.0
  0
LINE
  5
682
330
17
100
AcDbEntity
  8
WALL
100
AcDbLine
 10
-2047108.665220812
 20
-1291965.933370132
 30
0.0
 11
-2047108.665220812
 21
-1291785.933370156
 31
0.0
  0
LINE
  5
683
330
17
100
AcDbEntity
  8
WALL
100
AcDbLine
 10
-2047108.665220812
 20
-1291785.933370156
 30
0.0
 11
-2047308.665221135
 21
-1291785.933370229
 31
0.0
  0
INSERT
  5
684
330
17
100
AcDbEntity
  8
WINDOW
100
AcDbBlockReference
 66
1
  2
$DorLib2D$00000001
 10
-2046658.665221136
 20
-1291875.933370229
 30
0.0
 41
-900.0
 42
-900.0
 43
-900.0
 50
180.0
1001
WTHICK
1040
180.0
  0
ATTRIB
  5
685
330
684
100
AcDbEntity
  8
WINDOW_TEXT
100
AcDbText
 10
-2046853.665221136
 20
-1292389.683370229
 30
0.0
 40
297.5
  1

  7
_TCH_WINDOW
 41
0.7058823529411765
100
AcDbAttribute
  2
A
 70
0
  0
SEQEND
  5
686
330
684
100
AcDbEntity
  8
WINDOW
  0
LINE
  5
687
330
17
100
AcDbEntity
  8
WALL
100
AcDbLine
 10
-2042568.665221213
 20
-1288355.933370202
 30
0.0
 11
-2042568.665221213
 21
-1290485.933370202
 31
0.0
  0
LINE
  5
688
330
17
100
AcDbEntity
  8
WALL
100
AcDbLine
 10
-2042748.665221213
 20
-1288355.933370082
 30
0.0
 11
-2042748.665221213
 21
-1290485.933370361
 31
0.0
  0
LINE
  5
689
330
17
100
AcDbEntity
  8
WALL
100
AcDbLine
 10
-2040448.665221
 20
-1290665.933370202
 30
0.0
 11
-2042658.665221135
 21
-1290665.933370229
 31
0.0
  0
LINE
  5
68A
330
17
100
AcDbEntity
  8
WALL
100
AcDbLine
 10
-2040448.665221213
 20
-1290485.933370202
 30
0.0
 11
-2042568.665221213
 21
-1290485.933370202
 31
0.0
  0
LINE
  5
68B
330
17
100
AcDbEntity
  8
WALL
100
AcDbLine
 10
-2042968.665221213
 20
-1290665.933370361
 30
0.0
 11
-2042968.665221213
 21
-1292775.933370226
 31
0.0
  0
LINE
  5
68C
330
17
100
AcDbEntity
  8
WALL
100
AcDbLine
 10
-2043148.665221001
 20
-1290665.933370299
 30
0.0
 11
-2043148.665221
 21
-1292955.933370226
 31
0.0
  0
LINE
  5
68D
330
17
100
AcDbEntity
  8
WALL
100
AcDbLine
 10
-2040268.665221213
 20
-1292775.933370268
 30
0.0
 11
-2040268.665221265
 21
-1292275.933370633
 31
0.0
  0
LINE
  5
68E
330
17
100
AcDbEntity
  8
WALL
100
AcDbLine
 10
-2040268.665221265
 20
-1292275.933370633
 30
0.0
 11
-2040448.665221122
 21
-1292275.933370633
 31
0.0
  0
LINE
  5
68F
330
17
100
AcDbEntity
  8
WALL
100
AcDbLine
 10
-2040448.665221122
 20
-1292275.933370633
 30
0.0
 11
-2040448.665221
 21
-1292775.933370226
 31
0.0
  0
LINE
  5
690
330
17
100
AcDbEntity
  8
WALL
100
AcDbLine
 10
-2040448.665221
 20
-1290665.933370202
 30
0.0
 11
-2040448.665221122
 21
-1291175.933370633
 31
0.0
  0
LINE
  5
691
330
17
100
AcDbEntity
  8
WALL
100
AcDbLine
 10
-2040448.665221122
 20
-1291175.933370633
 30
0.0
 11
-2040268.665221226
 21
-1291175.933370633
 31
0.0
  0
LINE
  5
692
330
17
100
AcDbEntity
  8
WALL
100
AcDbLine
 10
-2040268.665221226
 20
-1291175.933370633
 30
0.0
 11
-2040268.665221135
 21
-1290575.933370229
 31
0.0
  0
INSERT
  5
693
330
17
100
AcDbEntity
  8
WINDOW
100
AcDbBlockReference
 66
1
  2
$DorLib2D$00000127
 10
-2040358.665221135
 20
-1291725.933370229
 30
0.0
 41
1100.0
 42
180.0
 43
1100.0
 50
90.0
1001
WTHICK
1040
180.0
  0
ATTRIB
  5
694
330
693
100
AcDbEntity
  8
WINDOW_TEXT
100
AcDbText
 10
-2039844.915221135
 20
-1291920.933370229
 30
0.0
 40
297.5
  1

 50
90.0
  7
_TCH_WINDOW
 41
0.7058823529411765
100
AcDbAttribute
  2
A
 70
0
  0
SEQEND
  5
695
330
693
100
AcDbEntity
  8
WINDOW
  0
LINE
  5
696
330
17
100
AcDbEntity
  8
WALL
100
AcDbLine
 10
-2040448.665221213
 20
-1288355.933370202
 30
0.0
 11
-2042568.665221213
 21
-1288355.933370202
 31
0.0
  0
LINE
  5
697
330
17
100
AcDbEntity
  8
WALL
100
AcDbLine
 10
-2040358.665221135
 20
-1288175.933370229
 30
0.0
 11
-2042658.665221135
 21
-1288175.933370229
 31
0.0
  0
LINE
  5
698
330
17
100
AcDbEntity
  8
WALL
100
AcDbLine
 10
-2040268.665221213
 20
-1288355.933370268
 30
0.0
 11
-2039038.66522149
 21
-1288355.933370251
 31
0.0
  0
LINE
  5
699
330
17
100
AcDbEntity
  8
WALL
100
AcDbLine
 10
-2039038.66522149
 20
-1288355.933370251
 30
0.0
 11
-2039038.66522149
 21
-1288175.93337022
 31
0.0
  0
LINE
  5
69A
330
17
100
AcDbEntity
  8
WALL
100
AcDbLine
 10
-2039038.66522149
 20
-1288175.93337022
 30
0.0
 11
-2040358.665221135
 21
-1288175.933370229
 31
0.0
  0
LINE
  5
69B
330
17
100
AcDbEntity
  8
WALL
100
AcDbLine
 10
-2037838.665221
 20
-1288355.933370268
 30
0.0
 11
-2037838.665221229
 21
-1288175.933370268
 31
0.0
  0
INSERT
  5
69C
330
17
100
AcDbEntity
  8
WINDOW
100
AcDbBlockReference
 66
1
  2
$DorLib2D$00000226
 10
-2038438.665221135
 20
-1288265.933370229
 30
0.0
 41
1200.0
 42
1200.0
 43
1200.0
1001
WTHICK
1040
180.0
  0
ATTRIB
  5
69D
330
69C
100
AcDbEntity
  8
WINDOW_TEXT
100
AcDbText
 10
-2038683.665221135
 20
-1288527.378399
 30
0.0
 40
297.5
  1

  7
_TCH_WINDOW
 41
0.7058823529411765
100
AcDbAttribute
  2
A
 70
0
  0
SEQEND
  5
69E
330
69C
100
AcDbEntity
  8
WINDOW
  0
LINE
  5
69F
330
17
100
AcDbEntity
  8
WALL
100
AcDbLine
 10
-2036868.665221
 20
-1288355.933370192
 30
0.0
 11
-2036283.665220812
 21
-1288355.933370194
 31
0.0
  0
LINE
  5
6A0
330
17
100
AcDbEntity
  8
WALL
100
AcDbLine
 10
-2036283.665220812
 20
-1288355.933370194
 30
0.0
 11
-2036283.665220812
 21
-1288175.933370331
 31
0.0
  0
LINE
  5
6A1
330
17
100
AcDbEntity
  8
WALL
100
AcDbLine
 10
-2036283.665220812
 20
-1288175.933370331
 30
0.0
 11
-2036958.665221135
 21
-1288175.933370229
 31
0.0
  0
LINE
  5
6A2
330
17
100
AcDbEntity
  8
WALL
100
AcDbLine
 10
-2033808.665221354
 20
-1288175.933370192
 30
0.0
 11
-2034483.665220812
 21
-1288175.93337031
 31
0.0
  0
LINE
  5
6A3
330
17
100
AcDbEntity
  8
WALL
100
AcDbLine
 10
-2034483.665220812
 20
-1288175.93337031
 30
0.0
 11
-2034483.665220812
 21
-1288355.933370194
 31
0.0
  0
LINE
  5
6A4
330
17
100
AcDbEntity
  8
WALL
100
AcDbLine
 10
-2034483.665220812
 20
-1288355.933370194
 30
0.0
 11
-2033808.665221
 21
-1288355.933370192
 31
0.0
  0
LINE
  5
6A5
330
17
100
AcDbEntity
  8
SURFACE
100
AcDbLine
 10
-2036283.665221296
 20
-1288075.933370203
 30
0.0
 11
-2036283.665221295
 21
-1288175.933370221
 31
0.0
  0
LINE
  5
6A6
330
17
100
AcDbEntity
  8
SURFACE
100
AcDbLine
 10
-2036958.665221135
 20
-1288075.933370229
 30
0.0
 11
-2036283.665221296
 21
-1288075.933370203
 31
0.0
  0
LINE
  5
6A7
330
17
100
AcDbEntity
  8
SURFACE
100
AcDbLine
 10
-2034483.665221296
 20
-1288075.933370182
 30
0.0
 11
-2034483.665221295
 21
-1288175.9333702
 31
0.0
  0
LINE
  5
6A8
330
17
100
AcDbEntity
  8
SURFACE
100
AcDbLine
 10
-2034483.665221296
 20
-1288075.933370182
 30
0.0
 11
-2033908.665221354
 21
-1288075.933370192
 31
0.0
  0
INSERT
  5
6A9
330
17
100
AcDbEntity
  8
WINDOW
100
AcDbBlockReference
 66
1
  2
$TCHSYS$WIN2D
 10
-2035383.665221135
 20
-1288215.933370229
 30
0.0
 41
1800.0
 42
-280.0
 43
1800.0
1001
WTHICK
1040
280.0
  0
ATTRIB
  5
6AA
330
6A9
100
AcDbEntity
  8
WINDOW_TEXT
100
AcDbText
 10
-2035578.665221135
 20
-1288059.683370229
 30
0.0
 40
297.5
  1

  7
_TCH_WINDOW
 41
0.7058823529411765
100
AcDbAttribute
  2
A
 70
0
  0
SEQEND
  5
6AB
330
6A9
100
AcDbEntity
  8
WINDOW
  0
LINE
  5
6AC
330
17
100
AcDbEntity
  8
WALL
100
AcDbLine
 10
-2036868.665221
 20
-1288355.933370192
 30
0.0
 11
-2036868.665221
 21
-1290485.933370343
 31
0.0
  0
LINE
  5
6AD
330
17
100
AcDbEntity
  8
WALL
100
AcDbLine
 10
-2037048.665221213
 20
-1288355.933370361
 30
0.0
 11
-2037048.665221213
 21
-1290485.933369751
 31
0.0
  0
LINE
  5
6AE
330
17
100
AcDbEntity
  8
WALL
100
AcDbLine
 10
-2033628.665221135
 20
-1288275.933370229
 30
0.0
 11
-2033628.665221213
 21
-1290485.933370268
 31
0.0
  0
LINE
  5
6AF
330
17
100
AcDbEntity
  8
WALL
100
AcDbLine
 10
-2033808.665221
 20
-1288355.933370192
 30
0.0
 11
-2033808.665221
 21
-1290485.933370343
 31
0.0
  0
LINE
  5
6B0
330
17
100
AcDbEntity
  8
WALL
100
AcDbLine
 10
-2030688.665221213
 20
-1290665.933370226
 30
0.0
 11
-2030688.665221007
 21
-1290975.933370633
 31
0.0
  0
LINE
  5
6B1
330
17
100
AcDbEntity
  8
WALL
100
AcDbLine
 10
-2030688.665221007
 20
-1290975.933370633
 30
0.0
 11
-2030508.665221077
 21
-1290975.933370633
 31
0.0
  0
LINE
  5
6B2
330
17
100
AcDbEntity
  8
WALL
100
AcDbLine
 10
-2030508.665221077
 20
-1290975.933370633
 30
0.0
 11
-2030508.665221135
 21
-1290575.933370229
 31
0.0
  0
LINE
  5
6B3
330
17
100
AcDbEntity
  8
WALL
100
AcDbLine
 10
-2030508.665221
 20
-1292775.933370268
 30
0.0
 11
-2030508.665221022
 21
-1291875.933369954
 31
0.0
  0
LINE
  5
6B4
330
17
100
AcDbEntity
  8
WALL
100
AcDbLine
 10
-2030508.665221022
 20
-1291875.933369954
 30
0.0
 11
-2030688.665221007
 21
-1291875.933369955
 31
0.0
  0
LINE
  5
6B5
330
17
100
AcDbEntity
  8
WALL
100
AcDbLine
 10
-2030688.665221007
 20
-1291875.933369955
 30
0.0
 11
-2030688.665221213
 21
-1292775.933370117
 31
0.0
  0
LINE
  5
6B6
330
17
100
AcDbEntity
  8
SURFACE
100
AcDbLine
 10
-2030408.66522091
 20
-1290975.9333701
 30
0.0
 11
-2030508.66522111
 21
-1290975.933370106
 31
0.0
  0
LINE
  5
6B7
330
17
100
AcDbEntity
  8
SURFACE
100
AcDbLine
 10
-2030408.665221135
 20
-1290575.933370229
 30
0.0
 11
-2030408.66522091
 21
-1290975.9333701
 31
0.0
  0
LINE
  5
6B8
330
17
100
AcDbEntity
  8
SURFACE
100
AcDbLine
 10
-2030408.665220853
 20
-1291875.9333701
 30
0.0
 11
-2030508.665221055
 21
-1291875.933370106
 31
0.0
  0
LINE
  5
6B9
330
17
100
AcDbEntity
  8
SURFACE
100
AcDbLine
 10
-2030408.665220853
 20
-1291875.9333701
 30
0.0
 11
-2030408.665221
 21
-1292675.933370268
 31
0.0
  0
INSERT
  5
6BA
330
17
100
AcDbEntity
  8
WINDOW
100
AcDbBlockReference
 66
1
  2
$TCHSYS$WIN2D
 10
-2030548.665221135
 20
-1291425.933370229
 30
0.0
 41
-900.0
 42
280.0
 43
-900.0
 50
270.0
1001
WTHICK
1040
280.0
  0
ATTRIB
  5
6BB
330
6BA
100
AcDbEntity
  8
WINDOW_TEXT
100
AcDbText
 10
-2030824.915221135
 20
-1291620.933370229
 30
0.0
 40
297.5
  1

 50
90.0
  7
_TCH_WINDOW
 41
0.7058823529411765
100
AcDbAttribute
  2
A
 70
0
  0
SEQEND
  5
6BC
330
6BA
100
AcDbEntity
  8
WINDOW
  0
LINE
  5
6BD
330
17
100
AcDbEntity
  8
WALL
100
AcDbLine
 10
-2033708.665221135
 20
-1290665.933370229
 30
0.0
 11
-2033508.66522149
 21
-1290665.933370162
 31
0.0
  0
LINE
  5
6BE
330
17
100
AcDbEntity
  8
WALL
100
AcDbLine
 10
-2033508.66522149
 20
-1290665.933370162
 30
0.0
 11
-2033508.66522149
 21
-1290485.933370349
 31
0.0
  0
LINE
  5
6BF
330
17
100
AcDbEntity
  8
WALL
100
AcDbLine
 10
-2033508.66522149
 20
-1290485.933370349
 30
0.0
 11
-2033628.665221213
 21
-1290485.933370268
 31
0.0
  0
LINE
  5
6C0
330
17
100
AcDbEntity
  8
WALL
100
AcDbLine
 10
-2032408.665221135
 20
-1290485.933370229
 30
0.0
 11
-2032608.66522149
 21
-1290485.933370321
 31
0.0
  0
LINE
  5
6C1
330
17
100
AcDbEntity
  8
WALL
100
AcDbLine
 10
-2032608.66522149
 20
-1290485.933370321
 30
0.0
 11
-2032608.66522149
 21
-1290665.933370191
 31
0.0
  0
LINE
  5
6C2
330
17
100
AcDbEntity
  8
WALL
100
AcDbLine
 10
-2032608.66522149
 20
-1290665.933370191
 30
0.0
 11
-2032498.665221
 21
-1290665.933370268
 31
0.0
  0
INSERT
  5
6C3
330
17
100
AcDbEntity
  8
WINDOW
100
AcDbBlockReference
 66
1
  2
$DorLib2D$00000001
 10
-2033058.665221134
 20
-1290575.933370229
 30
0.0
 41
-900.0
 42
900.0
 43
-900.0
1001
WTHICK
1040
180.0
  0
ATTRIB
  5
6C4
330
6C3
100
AcDbEntity
  8
WINDOW_TEXT
100
AcDbText
 10
-2033253.665221134
 20
-1291089.683370229
 30
0.0
 40
297.5
  1

  7
_TCH_WINDOW
 41
0.7058823529411765
100
AcDbAttribute
  2
A
 70
0
  0
SEQEND
  5
6C5
330
6C3
100
AcDbEntity
  8
WINDOW
  0
LINE
  5
6C6
330
17
100
AcDbEntity
  8
WALL
100
AcDbLine
 10
-2036868.665221213
 20
-1290665.933370192
 30
0.0
 11
-2036868.665221213
 21
-1292955.933369892
 31
0.0
  0
LINE
  5
6C7
330
17
100
AcDbEntity
  8
WALL
100
AcDbLine
 10
-2037048.665221213
 20
-1290665.933370361
 30
0.0
 11
-2037048.665221213
 21
-1292775.933369892
 31
0.0
  0
LINE
  5
6C8
330
17
100
AcDbEntity
  8
WALL
100
AcDbLine
 10
-2037658.665221213
 20
-1290485.933369751
 30
0.0
 11
-2037048.665221213
 21
-1290485.933369751
 31
0.0
  0
LINE
  5
6C9
330
17
100
AcDbEntity
  8
WALL
100
AcDbLine
 10
-2037738.665221213
 20
-1290665.933370361
 30
0.0
 11
-2037048.665221213
 21
-1290665.933370361
 31
0.0
  0
LINE
  5
6CA
330
17
100
AcDbEntity
  8
WALL
100
AcDbLine
 10
-2042198.665221159
 20
-1298395.933370145
 30
0.0
 11
-2042198.665221159
 21
-1294285.933370268
 31
0.0
  0
LINE
  5
6CB
330
17
100
AcDbEntity
  8
WALL
100
AcDbLine
 10
-2042018.665221159
 20
-1298395.93337032
 30
0.0
 11
-2042018.665221159
 21
-1294465.933370267
 31
0.0
  0
LINE
  5
6CC
330
17
100
AcDbEntity
  8
WALL
100
AcDbLine
 10
-2042018.665221159
 20
-1294465.933370267
 30
0.0
 11
-2041908.665220812
 21
-1294465.933370216
 31
0.0
  0
LINE
  5
6CD
330
17
100
AcDbEntity
  8
WALL
100
AcDbLine
 10
-2041908.665220812
 20
-1294465.933370216
 30
0.0
 11
-2041908.665220812
 21
-1294285.933370192
 31
0.0
  0
LINE
  5
6CE
330
17
100
AcDbEntity
  8
WALL
100
AcDbLine
 10
-2041908.665220812
 20
-1294285.933370192
 30
0.0
 11
-2042198.665221159
 21
-1294285.933370268
 31
0.0
  0
LINE
  5
6CF
330
17
100
AcDbEntity
  8
WALL
100
AcDbLine
 10
-2040898.665221354
 20
-1294285.933370268
 30
0.0
 11
-2041008.665220812
 21
-1294285.933370192
 31
0.0
  0
LINE
  5
6D0
330
17
100
AcDbEntity
  8
WALL
100
AcDbLine
 10
-2041008.665220812
 20
-1294285.933370192
 30
0.0
 11
-2041008.665220812
 21
-1294465.933370216
 31
0.0
  0
LINE
  5
6D1
330
17
100
AcDbEntity
  8
WALL
100
AcDbLine
 10
-2041008.665220812
 20
-1294465.933370216
 30
0.0
 11
-2040898.665221122
 21
-1294465.933370268
 31
0.0
  0
INSERT
  5
6D2
330
17
100
AcDbEntity
  8
WINDOW
100
AcDbBlockReference
 66
1
  2
$DorLib2D$00000001
 10
-2041458.665221136
 20
-1294375.933370229
 30
0.0
 41
900.0
 42
-900.0
 43
900.0
1001
WTHICK
1040
180.0
  0
ATTRIB
  5
6D3
330
6D2
100
AcDbEntity
  8
WINDOW_TEXT
100
AcDbText
 10
-2041653.665221136
 20
-1294159.683370229
 30
0.0
 40
297.5
  1

  7
_TCH_WINDOW
 41
0.7058823529411765
100
AcDbAttribute
  2
A
 70
0
  0
SEQEND
  5
6D4
330
6D2
100
AcDbEntity
  8
WINDOW
  0
LINE
  5
6D5
330
17
100
AcDbEntity
  8
WALL
100
AcDbLine
 10
-2040898.665221354
 20
-1292955.933370226
 30
0.0
 11
-2040898.665221463
 21
-1293075.933369954
 31
0.0
  0
LINE
  5
6D6
330
17
100
AcDbEntity
  8
WALL
100
AcDbLine
 10
-2040898.665221463
 20
-1293075.933369954
 30
0.0
 11
-2040718.665220987
 21
-1293075.933369954
 31
0.0
  0
LINE
  5
6D7
330
17
100
AcDbEntity
  8
WALL
100
AcDbLine
 10
-2040718.665220987
 20
-1293075.933369954
 30
0.0
 11
-2040718.665221029
 21
-1292955.933370226
 31
0.0
  0
LINE
  5
6D8
330
17
100
AcDbEntity
  8
WALL
100
AcDbLine
 10
-2040718.665221029
 20
-1294285.933370187
 30
0.0
 11
-2040718.665220987
 21
-1294175.933369955
 31
0.0
  0
LINE
  5
6D9
330
17
100
AcDbEntity
  8
WALL
100
AcDbLine
 10
-2040718.665220987
 20
-1294175.933369955
 30
0.0
 11
-2040898.665221463
 21
-1294175.933369954
 31
0.0
  0
LINE
  5
6DA
330
17
100
AcDbEntity
  8
WALL
100
AcDbLine
 10
-2040898.665221463
 20
-1294175.933369954
 30
0.0
 11
-2040898.665221354
 21
-1294285.933370268
 31
0.0
  0
INSERT
  5
6DB
330
17
100
AcDbEntity
  8
WINDOW
100
AcDbBlockReference
 66
1
  2
$DorLib2D$00000001
 10
-2040808.665221135
 20
-1293625.933370228
 30
0.0
 41
1100.0
 42
1100.0
 43
1100.0
 50
270.0
1001
WTHICK
1040
180.0
  0
ATTRIB
  5
6DC
330
6DB
100
AcDbEntity
  8
WINDOW_TEXT
100
AcDbText
 10
-2041114.915221135
 20
-1293870.933370228
 30
0.0
 40
297.5
  1

 50
90.0
  7
_TCH_WINDOW
 41
0.7058823529411765
100
AcDbAttribute
  2
A
 70
0
  0
SEQEND
  5
6DD
330
6DB
100
AcDbEntity
  8
WINDOW
  0
LINE
  5
6DE
330
17
100
AcDbEntity
  8
WALL
100
AcDbLine
 10
-2037698.665221122
 20
-1294985.933370361
 30
0.0
 11
-2037698.665221122
 21
-1294385.933370226
 31
0.0
  0
LINE
  5
6DF
330
17
100
AcDbEntity
  8
WALL
100
AcDbLine
 10
-2037518.665221122
 20
-1295165.933370361
 30
0.0
 11
-2037518.665221122
 21
-1294465.933370268
 31
0.0
  0
LINE
  5
6E0
330
17
100
AcDbEntity
  8
WALL
100
AcDbLine
 10
-2037518.665221122
 20
-1294465.933370268
 30
0.0
 11
-2037518.665221354
 21
-1294285.933370268
 31
0.0
  0
LINE
  5
6E1
330
17
100
AcDbEntity
  8
WALL
100
AcDbLine
 10
-2036218.665221159
 20
-1294285.933370268
 30
0.0
 11
-2036618.665220812
 21
-1294285.933370574
 31
0.0
  0
LINE
  5
6E2
330
17
100
AcDbEntity
  8
WALL
100
AcDbLine
 10
-2036618.665220812
 20
-1294285.933370574
 30
0.0
 11
-2036618.665220812
 21
-1294465.933370071
 31
0.0
  0
LINE
  5
6E3
330
17
100
AcDbEntity
  8
WALL
100
AcDbLine
 10
-2036618.665220812
 20
-1294465.933370071
 30
0.0
 11
-2036398.66522104
 21
-1294465.933370267
 31
0.0
  0
INSERT
  5
6E4
330
17
100
AcDbEntity
  8
WINDOW
100
AcDbBlockReference
 66
1
  2
$DorLib2D$00000001
 10
-2037068.665221135
 20
-1294375.933370229
 30
0.0
 41
-900.0
 42
-900.0
 43
-900.0
1001
WTHICK
1040
180.0
  0
ATTRIB
  5
6E5
330
6E4
100
AcDbEntity
  8
WINDOW_TEXT
100
AcDbText
 10
-2037263.665221135
 20
-1294249.683370229
 30
0.0
 40
297.5
  1

  7
_TCH_WINDOW
 41
0.7058823529411765
100
AcDbAttribute
  2
A
 70
0
  0
SEQEND
  5
6E6
330
6E4
100
AcDbEntity
  8
WINDOW
  0
LINE
  5
6E7
330
17
100
AcDbEntity
  8
WALL
100
AcDbLine
 10
-2036218.665221159
 20
-1294285.933370268
 30
0.0
 11
-2036218.665221159
 21
-1298395.933370271
 31
0.0
  0
LINE
  5
6E8
330
17
100
AcDbEntity
  8
WALL
100
AcDbLine
 10
-2036398.66522104
 20
-1294465.933370267
 30
0.0
 11
-2036398.66522104
 21
-1298395.933370151
 31
0.0
  0
LINE
  5
6E9
330
17
100
AcDbEntity
  8
WALL
100
AcDbLine
 10
-2039298.665221167
 20
-1298395.93337032
 30
0.0
 11
-2039808.66522149
 21
-1298395.933370331
 31
0.0
  0
LINE
  5
6EA
330
17
100
AcDbEntity
  8
WALL
100
AcDbLine
 10
-2039808.66522149
 20
-1298395.933370331
 30
0.0
 11
-2039808.66522149
 21
-1298575.933370228
 31
0.0
  0
LINE
  5
6EB
330
17
100
AcDbEntity
  8
WALL
100
AcDbLine
 10
-2039808.66522149
 20
-1298575.933370228
 30
0.0
 11
-2039298.665221009
 21
-1298575.933370319
 31
0.0
  0
LINE
  5
6EC
330
17
100
AcDbEntity
  8
WALL
100
AcDbLine
 10
-2042018.665221144
 20
-1298575.933370319
 30
0.0
 11
-2041508.66522149
 21
-1298575.933370228
 31
0.0
  0
LINE
  5
6ED
330
17
100
AcDbEntity
  8
WALL
100
AcDbLine
 10
-2041508.66522149
 20
-1298575.933370228
 30
0.0
 11
-2041508.66522149
 21
-1298395.933370331
 31
0.0
  0
LINE
  5
6EE
330
17
100
AcDbEntity
  8
WALL
100
AcDbLine
 10
-2041508.66522149
 20
-1298395.933370331
 30
0.0
 11
-2042018.665221159
 21
-1298395.93337032
 31
0.0
  0
LINE
  5
6EF
330
17
100
AcDbEntity
  8
SURFACE
100
AcDbLine
 10
-2039808.66522086
 20
-1298675.933370078
 30
0.0
 11
-2039808.66522086
 21
-1298575.933370319
 31
0.0
  0
LINE
  5
6F0
330
17
100
AcDbEntity
  8
SURFACE
100
AcDbLine
 10
-2039298.665221009
 20
-1298675.933370151
 30
0.0
 11
-2039808.66522086
 21
-1298675.933370078
 31
0.0
  0
LINE
  5
6F1
330
17
100
AcDbEntity
  8
SURFACE
100
AcDbLine
 10
-2041508.66522086
 20
-1298675.933370078
 30
0.0
 11
-2041508.66522086
 21
-1298575.933370319
 31
0.0
  0
LINE
  5
6F2
330
17
100
AcDbEntity
  8
SURFACE
100
AcDbLine
 10
-2041508.66522086
 20
-1298675.933370078
 30
0.0
 11
-2041918.665221144
 21
-1298675.933370151
 31
0.0
  0
INSERT
  5
6F3
330
17
100
AcDbEntity
  8
WINDOW
100
AcDbBlockReference
 66
1
  2
$TCHSYS$WIN2D
 10
-2040658.665221135
 20
-1298535.933370229
 30
0.0
 41
1700.0
 42
280.0
 43
1700.0
 50
180.0
1001
WTHICK
1040
280.0
  0
ATTRIB
  5
6F4
330
6F3
100
AcDbEntity
  8
WINDOW_TEXT
100
AcDbText
 10
-2040853.665221135
 20
-1298109.683370229
 30
0.0
 40
297.5
  1

  7
_TCH_WINDOW
 41
0.7058823529411765
100
AcDbAttribute
  2
A
 70
0
  0
SEQEND
  5
6F5
330
6F3
100
AcDbEntity
  8
WINDOW
  0
LINE
  5
6F6
330
17
100
AcDbEntity
  8
WALL
100
AcDbLine
 10
-2039208.665221135
 20
-1294985.933370229
 30
0.0
 11
-2037698.665221122
 21
-1294985.933370361
 31
0.0
  0
LINE
  5
6F7
330
17
100
AcDbEntity
  8
WALL
100
AcDbLine
 10
-2039118.665221167
 20
-1295165.933370361
 30
0.0
 11
-2037518.665221122
 21
-1295165.933370361
 31
0.0
  0
LINE
  5
6F8
330
17
100
AcDbEntity
  8
WALL
100
AcDbLine
 10
-2046098.665221135
 20
-1298475.933370229
 30
0.0
 11
-2046098.665221156
 21
-1294465.933370268
 31
0.0
  0
LINE
  5
6F9
330
17
100
AcDbEntity
  8
WALL
100
AcDbLine
 10
-2045918.665221037
 20
-1298395.933370146
 30
0.0
 11
-2045918.665221037
 21
-1294285.933370268
 31
0.0
  0
LINE
  5
6FA
330
17
100
AcDbEntity
  8
WALL
100
AcDbLine
 10
-2042198.665221159
 20
-1298395.933370145
 30
0.0
 11
-2042858.665220812
 21
-1298395.933370137
 31
0.0
  0
LINE
  5
6FB
330
17
100
AcDbEntity
  8
WALL
100
AcDbLine
 10
-2042858.665220812
 20
-1298395.933370137
 30
0.0
 11
-2042858.665220812
 21
-1298575.933370221
 31
0.0
  0
LINE
  5
6FC
330
17
100
AcDbEntity
  8
WALL
100
AcDbLine
 10
-2042858.665220812
 20
-1298575.933370221
 30
0.0
 11
-2042198.665221144
 21
-1298575.933370146
 31
0.0
  0
LINE
  5
6FD
330
17
100
AcDbEntity
  8
WALL
100
AcDbLine
 10
-2045918.665221144
 20
-1298575.933370145
 30
0.0
 11
-2045258.665220812
 21
-1298575.93337022
 31
0.0
  0
LINE
  5
6FE
330
17
100
AcDbEntity
  8
WALL
100
AcDbLine
 10
-2045258.665220812
 20
-1298575.93337022
 30
0.0
 11
-2045258.665220812
 21
-1298395.933370138
 31
0.0
  0
LINE
  5
6FF
330
17
100
AcDbEntity
  8
WALL
100
AcDbLine
 10
-2045258.665220812
 20
-1298395.933370138
 30
0.0
 11
-2045918.665221037
 21
-1298395.933370146
 31
0.0
  0
INSERT
  5
700
330
17
100
AcDbEntity
  8
WINDOW
100
AcDbBlockReference
 66
1
  2
$DorLib2D$00000131
 10
-2044058.665221135
 20
-1298485.933370229
 30
0.0
 41
-2400.0
 42
-180.0
 43
-2400.0
 50
179.9999999999966
1001
WTHICK
1040
180.0
  0
ATTRIB
  5
701
330
700
100
AcDbEntity
  8
WINDOW_TEXT
100
AcDbText
 10
-2044253.665221135
 20
-1298707.183370229
 30
0.0
 40
297.5
  1

 50
359.9999999999966
  7
_TCH_WINDOW
 41
0.7058823529411765
100
AcDbAttribute
  2
A
 70
0
  0
SEQEND
  5
702
330
700
100
AcDbEntity
  8
WINDOW
  0
LINE
  5
703
330
17
100
AcDbEntity
  8
WALL
100
AcDbLine
 10
-2032498.665221163
 20
-1298395.933370271
 30
0.0
 11
-2032498.665221163
 21
-1294285.933369892
 31
0.0
  0
LINE
  5
704
330
17
100
AcDbEntity
  8
WALL
100
AcDbLine
 10
-2032318.665221135
 20
-1298475.933370229
 30
0.0
 11
-2032318.665221163
 21
-1294465.933370267
 31
0.0
  0
LINE
  5
705
330
17
100
AcDbEntity
  8
WALL
100
AcDbLine
 10
-2036218.665221144
 20
-1298575.933370271
 30
0.0
 11
-2035558.66522149
 21
-1298575.933370324
 31
0.0
  0
LINE
  5
706
330
17
100
AcDbEntity
  8
WALL
100
AcDbLine
 10
-2035558.66522149
 20
-1298575.933370324
 30
0.0
 11
-2035558.66522149
 21
-1298395.93337034
 31
0.0
  0
LINE
  5
707
330
17
100
AcDbEntity
  8
WALL
100
AcDbLine
 10
-2035558.66522149
 20
-1298395.93337034
 30
0.0
 11
-2036218.665221159
 21
-1298395.933370271
 31
0.0
  0
LINE
  5
708
330
17
100
AcDbEntity
  8
WALL
100
AcDbLine
 10
-2032498.665221163
 20
-1298395.933370271
 30
0.0
 11
-2033158.665220812
 21
-1298395.93337034
 31
0.0
  0
LINE
  5
709
330
17
100
AcDbEntity
  8
WALL
100
AcDbLine
 10
-2033158.665220812
 20
-1298395.93337034
 30
0.0
 11
-2033158.665220812
 21
-1298575.933370324
 31
0.0
  0
LINE
  5
70A
330
17
100
AcDbEntity
  8
WALL
100
AcDbLine
 10
-2033158.665220812
 20
-1298575.933370324
 30
0.0
 11
-2032498.665220424
 21
-1298575.933370272
 31
0.0
  0
INSERT
  5
70B
330
17
100
AcDbEntity
  8
WINDOW
100
AcDbBlockReference
 66
1
  2
$DorLib2D$00000131
 10
-2034358.665221135
 20
-1298485.933370229
 30
0.0
 41
2400.0
 42
180.0
 43
2400.0
 50
359.9999999999966
1001
WTHICK
1040
180.0
  0
ATTRIB
  5
70C
330
70B
100
AcDbEntity
  8
WINDOW_TEXT
100
AcDbText
 10
-2034553.665221135
 20
-1298707.183370229
 30
0.0
 40
297.5
  1

  7
_TCH_WINDOW
 41
0.7058823529411765
100
AcDbAttribute
  2
A
 70
0
  0
SEQEND
  5
70D
330
70B
100
AcDbEntity
  8
WINDOW
  0
LINE
  5
70E
330
17
100
AcDbEntity
  8
WALL
100
AcDbLine
 10
-2049028.665221058
 20
-1293985.933370226
 30
0.0
 11
-2049028.66522108
 21
-1293575.933370633
 31
0.0
  0
LINE
  5
70F
330
17
100
AcDbEntity
  8
WALL
100
AcDbLine
 10
-2049028.66522108
 20
-1293575.933370633
 30
0.0
 11
-2049208.66522128
 21
-1293575.933370633
 31
0.0
  0
LINE
  5
710
330
17
100
AcDbEntity
  8
WALL
100
AcDbLine
 10
-2049208.66522128
 20
-1293575.933370633
 30
0.0
 11
-2049208.665221135
 21
-1294075.933370229
 31
0.0
  0
LINE
  5
711
330
17
100
AcDbEntity
  8
WALL
100
AcDbLine
 10
-2049208.665221135
 20
-1291875.933370229
 30
0.0
 11
-2049208.66522128
 21
-1292975.933369954
 31
0.0
  0
LINE
  5
712
330
17
100
AcDbEntity
  8
WALL
100
AcDbLine
 10
-2049208.66522128
 20
-1292975.933369954
 30
0.0
 11
-2049028.66522108
 21
-1292975.933369954
 31
0.0
  0
LINE
  5
713
330
17
100
AcDbEntity
  8
WALL
100
AcDbLine
 10
-2049028.66522108
 20
-1292975.933369954
 30
0.0
 11
-2049028.665221058
 21
-1291965.933370226
 31
0.0
  0
LINE
  5
714
330
17
100
AcDbEntity
  8
SURFACE
100
AcDbLine
 10
-2049308.66522128
 20
-1293575.9333701
 30
0.0
 11
-2049208.665221135
 21
-1293575.9333701
 31
0.0
  0
LINE
  5
715
330
17
100
AcDbEntity
  8
SURFACE
100
AcDbLine
 10
-2049308.665221135
 20
-1294075.933370229
 30
0.0
 11
-2049308.66522128
 21
-1293575.9333701
 31
0.0
  0
LINE
  5
716
330
17
100
AcDbEntity
  8
SURFACE
100
AcDbLine
 10
-2049308.66522128
 20
-1292975.9333701
 30
0.0
 11
-2049208.665221135
 21
-1292975.9333701
 31
0.0
  0
LINE
  5
717
330
17
100
AcDbEntity
  8
SURFACE
100
AcDbLine
 10
-2049308.66522128
 20
-1292975.9333701
 30
0.0
 11
-2049308.665221135
 21
-1291875.933370229
 31
0.0
  0
INSERT
  5
718
330
17
100
AcDbEntity
  8
WINDOW
100
AcDbBlockReference
 66
1
  2
$TCHSYS$WIN2D
 10
-2049168.665221135
 20
-1293275.933370229
 30
0.0
 41
-600.0
 42
280.0
 43
-600.0
 50
90.0
1001
WTHICK
1040
280.0
  0
ATTRIB
  5
719
330
718
100
AcDbEntity
  8
WINDOW_TEXT
100
AcDbText
 10
-2048594.915221135
 20
-1293470.933370229
 30
0.0
 40
297.5
  1

 50
90.0
  7
_TCH_WINDOW
 41
0.7058823529411765
100
AcDbAttribute
  2
A
 70
0
  0
SEQEND
  5
71A
330
718
100
AcDbEntity
  8
WINDOW
  0
LINE
  5
71B
330
17
100
AcDbEntity
  8
WALL
100
AcDbLine
 10
-2049028.665221058
 20
-1293985.933370226
 30
0.0
 11
-2047308.665221064
 21
-1293985.933370226
 31
0.0
  0
LINE
  5
71C
330
17
100
AcDbEntity
  8
WALL
100
AcDbLine
 10
-2049028.665221037
 20
-1294165.933370226
 30
0.0
 11
-2047308.665221316
 21
-1294165.933370226
 31
0.0
  0
LINE
  5
71D
330
17
100
AcDbEntity
  8
WALL
100
AcDbLine
 10
-2049028.665221037
 20
-1296125.933370226
 30
0.0
 11
-2049028.665221172
 21
-1295175.933369954
 31
0.0
  0
LINE
  5
71E
330
17
100
AcDbEntity
  8
WALL
100
AcDbLine
 10
-2049028.665221172
 20
-1295175.933369954
 30
0.0
 11
-2049208.665221037
 21
-1295175.933369954
 31
0.0
  0
LINE
  5
71F
330
17
100
AcDbEntity
  8
WALL
100
AcDbLine
 10
-2049208.665221037
 20
-1295175.933369954
 30
0.0
 11
-2049208.665221135
 21
-1296125.933370229
 31
0.0
  0
LINE
  5
720
330
17
100
AcDbEntity
  8
WALL
100
AcDbLine
 10
-2049208.665221135
 20
-1294075.933370229
 30
0.0
 11
-2049208.665221037
 21
-1294575.933370633
 31
0.0
  0
LINE
  5
721
330
17
100
AcDbEntity
  8
WALL
100
AcDbLine
 10
-2049208.665221037
 20
-1294575.933370633
 30
0.0
 11
-2049028.665221172
 21
-1294575.933370633
 31
0.0
  0
LINE
  5
722
330
17
100
AcDbEntity
  8
WALL
100
AcDbLine
 10
-2049028.665221172
 20
-1294575.933370633
 30
0.0
 11
-2049028.665221037
 21
-1294165.933370226
 31
0.0
  0
LINE
  5
723
330
17
100
AcDbEntity
  8
SURFACE
100
AcDbLine
 10
-2049308.665221037
 20
-1295175.933370536
 30
0.0
 11
-2049208.665221135
 21
-1295175.933370536
 31
0.0
  0
LINE
  5
724
330
17
100
AcDbEntity
  8
SURFACE
100
AcDbLine
 10
-2049308.665221135
 20
-1296125.933370229
 30
0.0
 11
-2049308.665221037
 21
-1295175.933370536
 31
0.0
  0
LINE
  5
725
330
17
100
AcDbEntity
  8
SURFACE
100
AcDbLine
 10
-2049308.665221037
 20
-1294575.9333701
 30
0.0
 11
-2049208.665221135
 21
-1294575.9333701
 31
0.0
  0
LINE
  5
726
330
17
100
AcDbEntity
  8
SURFACE
100
AcDbLine
 10
-2049308.665221037
 20
-1294575.9333701
 30
0.0
 11
-2049308.665221135
 21
-1294075.933370229
 31
0.0
  0
INSERT
  5
727
330
17
100
AcDbEntity
  8
WINDOW
100
AcDbBlockReference
 66
1
  2
$TCHSYS$WIN2D
 10
-2049168.665221135
 20
-1294875.933370229
 30
0.0
 41
600.0
 42
280.0
 43
600.0
 50
90.0
1001
WTHICK
1040
280.0
  0
ATTRIB
  5
728
330
727
100
AcDbEntity
  8
WINDOW_TEXT
100
AcDbText
 10
-2048594.915221135
 20
-1295070.933370229
 30
0.0
 40
297.5
  1

 50
90.0
  7
_TCH_WINDOW
 41
0.7058823529411765
100
AcDbAttribute
  2
A
 70
0
  0
SEQEND
  5
729
330
727
100
AcDbEntity
  8
WINDOW
  0
LINE
  5
72A
330
17
100
AcDbEntity
  8
WALL
100
AcDbLine
 10
-2049028.665221037
 20
-1296125.933370226
 30
0.0
 11
-2047308.665221261
 21
-1296125.933370226
 31
0.0
  0
LINE
  5
72B
330
17
100
AcDbEntity
  8
WALL
100
AcDbLine
 10
-2049028.665221229
 20
-1296225.933370226
 30
0.0
 11
-2047208.665221261
 21
-1296225.933370226
 31
0.0
  0
LINE
  5
72C
330
17
100
AcDbEntity
  8
WALL
100
AcDbLine
 10
-2047308.665221064
 20
-1291965.933370226
 30
0.0
 11
-2049028.665221058
 21
-1291965.933370226
 31
0.0
  0
LINE
  5
72D
330
17
100
AcDbEntity
  8
WALL
100
AcDbLine
 10
-2047308.665221135
 20
-1291785.933370229
 30
0.0
 11
-2049028.665221219
 21
-1291785.933370226
 31
0.0
  0
LINE
  5
72E
330
17
100
AcDbEntity
  8
WALL
100
AcDbLine
 10
-2047208.665221261
 20
-1296225.933370226
 30
0.0
 11
-2047208.665221256
 21
-1296025.933370361
 31
0.0
  0
LINE
  5
72F
330
17
100
AcDbEntity
  8
WALL
100
AcDbLine
 10
-2047208.665221256
 20
-1296025.933370361
 30
0.0
 11
-2047308.665221328
 21
-1296025.933370361
 31
0.0
  0
LINE
  5
730
330
17
100
AcDbEntity
  8
WALL
100
AcDbLine
 10
-2047308.665221328
 20
-1296025.933370361
 30
0.0
 11
-2047308.665221261
 21
-1296125.933370226
 31
0.0
  0
LINE
  5
731
330
17
100
AcDbEntity
  8
WALL
100
AcDbLine
 10
-2047308.665221135
 20
-1294375.933370229
 30
0.0
 11
-2047308.66522127
 21
-1295225.933370361
 31
0.0
  0
LINE
  5
732
330
17
100
AcDbEntity
  8
WALL
100
AcDbLine
 10
-2047308.66522127
 20
-1295225.933370361
 30
0.0
 11
-2047208.665221256
 21
-1295225.933370361
 31
0.0
  0
LINE
  5
733
330
17
100
AcDbEntity
  8
WALL
100
AcDbLine
 10
-2047208.665221256
 20
-1295225.933370361
 30
0.0
 11
-2047208.665221261
 21
-1294465.933370268
 31
0.0
  0
INSERT
  5
734
330
17
100
AcDbEntity
  8
WINDOW
100
AcDbBlockReference
 66
1
  2
$DorLib2D$00000001
 10
-2047258.665221135
 20
-1295625.933370229
 30
0.0
 41
-800.0
 42
800.0
 43
-800.0
 50
90.0
1001
WTHICK
1040
100.0
  0
ATTRIB
  5
735
330
734
100
AcDbEntity
  8
WINDOW_TEXT
100
AcDbText
 10
-2046844.915221135
 20
-1295820.933370229
 30
0.0
 40
297.5
  1

 50
90.0
  7
_TCH_WINDOW
 41
0.7058823529411765
100
AcDbAttribute
  2
A
 70
0
  0
SEQEND
  5
736
330
734
100
AcDbEntity
  8
WINDOW
  0
LINE
  5
737
330
17
100
AcDbEntity
  8
WALL
100
AcDbLine
 10
-2047308.665221135
 20
-1294375.933370229
 30
0.0
 11
-2047308.665221316
 21
-1294165.933370226
 31
0.0
  0
LINE
  5
738
330
17
100
AcDbEntity
  8
WALL
100
AcDbLine
 10
-2047208.665221315
 20
-1294285.933370267
 30
0.0
 11
-2047208.665221135
 21
-1294075.933370229
 31
0.0
  0
LINE
  5
739
330
17
100
AcDbEntity
  8
WALL
100
AcDbLine
 10
-2047208.665221135
 20
-1294075.933370229
 30
0.0
 11
-2047208.665221117
 21
-1292815.933370361
 31
0.0
  0
LINE
  5
73A
330
17
100
AcDbEntity
  8
WALL
100
AcDbLine
 10
-2047208.665221117
 20
-1292815.933370361
 30
0.0
 11
-2047308.66522108
 21
-1292815.933370361
 31
0.0
  0
LINE
  5
73B
330
17
100
AcDbEntity
  8
WALL
100
AcDbLine
 10
-2047308.66522108
 20
-1292815.933370361
 30
0.0
 11
-2047308.665221064
 21
-1293985.933370226
 31
0.0
  0
LINE
  5
73C
330
17
100
AcDbEntity
  8
WALL
100
AcDbLine
 10
-2047308.665221064
 20
-1291965.933370226
 30
0.0
 11
-2047308.66522108
 21
-1292015.933370361
 31
0.0
  0
LINE
  5
73D
330
17
100
AcDbEntity
  8
WALL
100
AcDbLine
 10
-2047308.66522108
 20
-1292015.933370361
 30
0.0
 11
-2047208.66522109
 21
-1292015.933370361
 31
0.0
  0
LINE
  5
73E
330
17
100
AcDbEntity
  8
WALL
100
AcDbLine
 10
-2047208.66522109
 20
-1292015.933370361
 30
0.0
 11
-2047208.665221064
 21
-1291965.933370268
 31
0.0
  0
INSERT
  5
73F
330
17
100
AcDbEntity
  8
WINDOW
100
AcDbBlockReference
 66
1
  2
$DorLib2D$00000001
 10
-2047258.665221135
 20
-1292415.933370229
 30
0.0
 41
800.0
 42
800.0
 43
800.0
 50
90.0
1001
WTHICK
1040
100.0
  0
ATTRIB
  5
740
330
73F
100
AcDbEntity
  8
WINDOW_TEXT
100
AcDbText
 10
-2046794.915221135
 20
-1292610.933370228
 30
0.0
 40
297.5
  1

 50
90.0
  7
_TCH_WINDOW
 41
0.7058823529411765
100
AcDbAttribute
  2
A
 70
0
  0
SEQEND
  5
741
330
73F
100
AcDbEntity
  8
WINDOW
  0
LINE
  5
742
330
17
100
AcDbEntity
  8
WALL
100
AcDbLine
 10
-2045918.665220854
 20
-1290665.933370299
 30
0.0
 11
-2045918.665221135
 21
-1291875.933370229
 31
0.0
  0
LINE
  5
743
330
17
100
AcDbEntity
  8
WALL
100
AcDbLine
 10
-2046098.665221135
 20
-1290575.933370229
 30
0.0
 11
-2046098.665221229
 21
-1291785.933369892
 31
0.0
  0
LINE
  5
744
330
17
100
AcDbEntity
  8
WALL
100
AcDbLine
 10
-2043058.665221135
 20
-1290485.933370229
 30
0.0
 11
-2043558.665220812
 21
-1290485.933370291
 31
0.0
  0
LINE
  5
745
330
17
100
AcDbEntity
  8
WALL
100
AcDbLine
 10
-2043558.665220812
 20
-1290485.933370291
 30
0.0
 11
-2043558.665220812
 21
-1290665.933370226
 31
0.0
  0
LINE
  5
746
330
17
100
AcDbEntity
  8
WALL
100
AcDbLine
 10
-2043558.665220812
 20
-1290665.933370226
 30
0.0
 11
-2043148.665221001
 21
-1290665.933370299
 31
0.0
  0
LINE
  5
747
330
17
100
AcDbEntity
  8
WALL
100
AcDbLine
 10
-2045918.665220854
 20
-1290665.933370299
 30
0.0
 11
-2045308.665220812
 21
-1290665.933370226
 31
0.0
  0
LINE
  5
748
330
17
100
AcDbEntity
  8
WALL
100
AcDbLine
 10
-2045308.665220812
 20
-1290665.933370226
 30
0.0
 11
-2045308.665220812
 21
-1290485.933370334
 31
0.0
  0
LINE
  5
749
330
17
100
AcDbEntity
  8
WALL
100
AcDbLine
 10
-2045308.665220812
 20
-1290485.933370334
 30
0.0
 11
-2045918.665221213
 21
-1290485.933370299
 31
0.0
  0
INSERT
  5
74A
330
17
100
AcDbEntity
  8
WINDOW
100
AcDbBlockReference
 66
1
  2
$DorLib2D$00000131
 10
-2044433.665221135
 20
-1290575.933370229
 30
0.0
 41
1750.0
 42
180.0
 43
1750.0
 50
180.0
1001
WTHICK
1040
180.0
  0
ATTRIB
  5
74B
330
74A
100
AcDbEntity
  8
WINDOW_TEXT
100
AcDbText
 10
-2044653.665221135
 20
-1290359.683370229
 30
0.0
 40
297.5
  1

  7
_TCH_WINDOW
 41
0.7058823529411765
100
AcDbAttribute
  2
A
 70
0
  0
SEQEND
  5
74C
330
74A
100
AcDbEntity
  8
WINDOW
  0
LINE
  5
74D
330
17
100
AcDbEntity
  8
WALL
100
AcDbLine
 10
-2037838.665221
 20
-1288355.933370268
 30
0.0
 11
-2037838.665220919
 21
-1288525.933369954
 31
0.0
  0
LINE
  5
74E
330
17
100
AcDbEntity
  8
WALL
100
AcDbLine
 10
-2037838.665220919
 20
-1288525.933369954
 30
0.0
 11
-2037658.665221227
 21
-1288525.933369955
 31
0.0
  0
LINE
  5
74F
330
17
100
AcDbEntity
  8
WALL
100
AcDbLine
 10
-2037658.665221227
 20
-1288525.933369955
 30
0.0
 11
-2037658.665221213
 21
-1288355.933370361
 31
0.0
  0
LINE
  5
750
330
17
100
AcDbEntity
  8
WALL
100
AcDbLine
 10
-2037658.665221213
 20
-1290485.933369751
 30
0.0
 11
-2037658.665221227
 21
-1289725.933370633
 31
0.0
  0
LINE
  5
751
330
17
100
AcDbEntity
  8
WALL
100
AcDbLine
 10
-2037658.665221227
 20
-1289725.933370633
 30
0.0
 11
-2037838.665220992
 21
-1289725.933370633
 31
0.0
  0
LINE
  5
752
330
17
100
AcDbEntity
  8
WALL
100
AcDbLine
 10
-2037838.665220992
 20
-1289725.933370633
 30
0.0
 11
-2037838.665221135
 21
-1290575.933370229
 31
0.0
  0
INSERT
  5
753
330
17
100
AcDbEntity
  8
WINDOW
100
AcDbBlockReference
 66
1
  2
$DorLib2D$00000231
 10
-2037748.665221135
 20
-1289125.933370229
 30
0.0
 41
1200.0
 42
-1200.0
 43
1200.0
 50
270.0
1001
WTHICK
1040
180.0
  0
ATTRIB
  5
754
330
753
100
AcDbEntity
  8
WINDOW_TEXT
100
AcDbText
 10
-2037304.915221135
 20
-1289320.933370229
 30
0.0
 40
297.5
  1

 50
90.0
  7
_TCH_WINDOW
 41
0.7058823529411765
100
AcDbAttribute
  2
A
 70
0
  0
SEQEND
  5
755
330
753
100
AcDbEntity
  8
WINDOW
  0
LINE
  5
756
330
17
100
AcDbEntity
  8
WALL
100
AcDbLine
 10
-2042968.665221213
 20
-1292775.933370226
 30
0.0
 11
-2040808.665221135
 21
-1292775.933370229
 31
0.0
  0
LINE
  5
757
330
17
100
AcDbEntity
  8
WALL
100
AcDbLine
 10
-2043148.665221
 20
-1292955.933370226
 30
0.0
 11
-2040898.665221354
 21
-1292955.933370226
 31
0.0
  0
LINE
  5
758
330
17
100
AcDbEntity
  8
WALL
100
AcDbLine
 10
-2037738.665221213
 20
-1292775.933369141
 30
0.0
 11
-2037608.665221135
 21
-1292775.933370229
 31
0.0
  0
LINE
  5
759
330
17
100
AcDbEntity
  8
WALL
100
AcDbLine
 10
-2037758.665221135
 20
-1292955.933370229
 30
0.0
 11
-2037698.665221029
 21
-1292955.933369141
 31
0.0
  0
LINE
  5
75A
330
17
100
AcDbEntity
  8
WALL
100
AcDbLine
 10
-2042658.665221135
 20
-1290665.933370229
 30
0.0
 11
-2042968.665221213
 21
-1290665.933370361
 31
0.0
  0
LINE
  5
75B
330
17
100
AcDbEntity
  8
WALL
100
AcDbLine
 10
-2042748.665221213
 20
-1290485.933370361
 30
0.0
 11
-2043058.665221135
 21
-1290485.933370229
 31
0.0
  0
LINE
  5
75C
330
17
100
AcDbEntity
  8
WALL
100
AcDbLine
 10
-2040268.665221135
 20
-1290575.933370229
 30
0.0
 11
-2040268.665221054
 21
-1289975.933369954
 31
0.0
  0
LINE
  5
75D
330
17
100
AcDbEntity
  8
WALL
100
AcDbLine
 10
-2040268.665221054
 20
-1289975.933369954
 30
0.0
 11
-2040448.665221079
 21
-1289975.933369954
 31
0.0
  0
LINE
  5
75E
330
17
100
AcDbEntity
  8
WALL
100
AcDbLine
 10
-2040448.665221079
 20
-1289975.933369954
 30
0.0
 11
-2040448.665221213
 21
-1290485.933370202
 31
0.0
  0
LINE
  5
75F
330
17
100
AcDbEntity
  8
WALL
100
AcDbLine
 10
-2040448.665221213
 20
-1288355.933370202
 30
0.0
 11
-2040448.665221079
 21
-1288875.933369954
 31
0.0
  0
LINE
  5
760
330
17
100
AcDbEntity
  8
WALL
100
AcDbLine
 10
-2040448.665221079
 20
-1288875.933369954
 30
0.0
 11
-2040268.665221093
 21
-1288875.933369954
 31
0.0
  0
LINE
  5
761
330
17
100
AcDbEntity
  8
WALL
100
AcDbLine
 10
-2040268.665221093
 20
-1288875.933369954
 30
0.0
 11
-2040268.665221213
 21
-1288355.933370268
 31
0.0
  0
INSERT
  5
762
330
17
100
AcDbEntity
  8
WINDOW
100
AcDbBlockReference
 66
1
  2
$DorLib2D$00000127
 10
-2040358.665221135
 20
-1289425.933370229
 30
0.0
 41
1100.0
 42
180.0
 43
1100.0
 50
90.0
1001
WTHICK
1040
180.0
  0
ATTRIB
  5
763
330
762
100
AcDbEntity
  8
WINDOW_TEXT
100
AcDbText
 10
-2039844.915221135
 20
-1289620.933370229
 30
0.0
 40
297.5
  1

 50
90.0
  7
_TCH_WINDOW
 41
0.7058823529411765
100
AcDbAttribute
  2
A
 70
0
  0
SEQEND
  5
764
330
762
100
AcDbEntity
  8
WINDOW
  0
LINE
  5
765
330
17
100
AcDbEntity
  8
WALL
100
AcDbLine
 10
-2032498.665221329
 20
-1299945.933369892
 30
0.0
 11
-2032498.665221135
 21
-1298825.933370229
 31
0.0
  0
LINE
  5
766
330
17
100
AcDbEntity
  8
WALL
100
AcDbLine
 10
-2032318.665221329
 20
-1299945.933370536
 30
0.0
 11
-2032318.665221329
 21
-1298925.933370243
 31
0.0
  0
LINE
  5
767
330
17
100
AcDbEntity
  8
WALL
100
AcDbLine
 10
-2032408.665221135
 20
-1290485.933370229
 30
0.0
 11
-2030688.665221122
 21
-1290485.933370226
 31
0.0
  0
LINE
  5
768
330
17
100
AcDbEntity
  8
WALL
100
AcDbLine
 10
-2032318.665221213
 20
-1290665.933370226
 30
0.0
 11
-2030688.665221213
 21
-1290665.933370226
 31
0.0
  0
LINE
  5
769
330
17
100
AcDbEntity
  8
WALL
100
AcDbLine
 10
-2032498.665221
 20
-1292955.933370268
 30
0.0
 11
-2032498.665221
 21
-1290665.933370268
 31
0.0
  0
LINE
  5
76A
330
17
100
AcDbEntity
  8
WALL
100
AcDbLine
 10
-2032318.665221213
 20
-1292775.933370268
 30
0.0
 11
-2032318.665221213
 21
-1290665.933370226
 31
0.0
  0
LINE
  5
76B
330
17
100
AcDbEntity
  8
WALL
100
AcDbLine
 10
-2030608.665221135
 20
-1292955.933370229
 30
0.0
 11
-2030408.665220812
 21
-1292955.933370168
 31
0.0
  0
LINE
  5
76C
330
17
100
AcDbEntity
  8
WALL
100
AcDbLine
 10
-2030408.665220812
 20
-1292955.933370168
 30
0.0
 11
-2030408.665220812
 21
-1292775.933370329
 31
0.0
  0
LINE
  5
76D
330
17
100
AcDbEntity
  8
WALL
100
AcDbLine
 10
-2030408.665220812
 20
-1292775.933370329
 30
0.0
 11
-2030508.665221
 21
-1292775.933370268
 31
0.0
  0
LINE
  5
76E
330
17
100
AcDbEntity
  8
WALL
100
AcDbLine
 10
-2029398.665221192
 20
-1292775.933370268
 30
0.0
 11
-2029508.665220812
 21
-1292775.933370329
 31
0.0
  0
LINE
  5
76F
330
17
100
AcDbEntity
  8
WALL
100
AcDbLine
 10
-2029508.665220812
 20
-1292775.933370329
 30
0.0
 11
-2029508.665220812
 21
-1292955.933370197
 31
0.0
  0
LINE
  5
770
330
17
100
AcDbEntity
  8
WALL
100
AcDbLine
 10
-2029508.665220812
 20
-1292955.933370197
 30
0.0
 11
-2029398.665220972
 21
-1292955.933370268
 31
0.0
  0
LINE
  5
771
330
17
100
AcDbEntity
  8
SURFACE
100
AcDbLine
 10
-2029508.665221296
 20
-1292675.933370427
 30
0.0
 11
-2029508.665221296
 21
-1292775.933370268
 31
0.0
  0
LINE
  5
772
330
17
100
AcDbEntity
  8
SURFACE
100
AcDbLine
 10
-2029508.665221296
 20
-1292675.933370427
 30
0.0
 11
-2029398.665221192
 21
-1292675.933370268
 31
0.0
  0
INSERT
  5
773
330
17
100
AcDbEntity
  8
WINDOW
100
AcDbBlockReference
 66
1
  2
$TCHSYS$WIN2D
 10
-2029958.665221135
 20
-1292815.933370229
 30
0.0
 41
-900.0
 42
280.0
 43
-900.0
1001
WTHICK
1040
280.0
  0
ATTRIB
  5
774
330
773
100
AcDbEntity
  8
WINDOW_TEXT
100
AcDbText
 10
-2030153.665221135
 20
-1293479.683370229
 30
0.0
 40
297.5
  1

  7
_TCH_WINDOW
 41
0.7058823529411765
100
AcDbAttribute
  2
A
 70
0
  0
SEQEND
  5
775
330
773
100
AcDbEntity
  8
WINDOW
  0
LINE
  5
776
330
17
100
AcDbEntity
  8
WALL
100
AcDbLine
 10
-2032318.665221163
 20
-1294465.933370267
 30
0.0
 11
-2032208.66522149
 21
-1294465.933370143
 31
0.0
  0
LINE
  5
777
330
17
100
AcDbEntity
  8
WALL
100
AcDbLine
 10
-2032208.66522149
 20
-1294465.933370143
 30
0.0
 11
-2032208.66522149
 21
-1294285.93337001
 31
0.0
  0
LINE
  5
778
330
17
100
AcDbEntity
  8
WALL
100
AcDbLine
 10
-2032208.66522149
 20
-1294285.93337001
 30
0.0
 11
-2032498.665221163
 21
-1294285.933369892
 31
0.0
  0
LINE
  5
779
330
17
100
AcDbEntity
  8
WALL
100
AcDbLine
 10
-2031208.665221029
 20
-1294285.933369892
 30
0.0
 11
-2031308.66522149
 21
-1294285.93337001
 31
0.0
  0
LINE
  5
77A
330
17
100
AcDbEntity
  8
WALL
100
AcDbLine
 10
-2031308.66522149
 20
-1294285.93337001
 30
0.0
 11
-2031308.66522149
 21
-1294465.933370143
 31
0.0
  0
LINE
  5
77B
330
17
100
AcDbEntity
  8
WALL
100
AcDbLine
 10
-2031308.66522149
 20
-1294465.933370143
 30
0.0
 11
-2031208.665221542
 21
-1294465.933370268
 31
0.0
  0
INSERT
  5
77C
330
17
100
AcDbEntity
  8
WINDOW
100
AcDbBlockReference
 66
1
  2
$DorLib2D$00000001
 10
-2031758.665221134
 20
-1294375.933370229
 30
0.0
 41
-900.0
 42
-900.0
 43
-900.0
1001
WTHICK
1040
180.0
  0
ATTRIB
  5
77D
330
77C
100
AcDbEntity
  8
WINDOW_TEXT
100
AcDbText
 10
-2031953.665221134
 20
-1294159.683370229
 30
0.0
 40
297.5
  1

  7
_TCH_WINDOW
 41
0.7058823529411765
100
AcDbAttribute
  2
A
 70
0
  0
SEQEND
  5
77E
330
77C
100
AcDbEntity
  8
WINDOW
  0
LINE
  5
77F
330
17
100
AcDbEntity
  8
WALL
100
AcDbLine
 10
-2031108.665221029
 20
-1292955.933370117
 30
0.0
 11
-2031108.665221135
 21
-1294375.933370229
 31
0.0
  0
LINE
  5
780
330
17
100
AcDbEntity
  8
WALL
100
AcDbLine
 10
-2031208.665221029
 20
-1292955.933370268
 30
0.0
 11
-2031208.665221029
 21
-1294285.933369892
 31
0.0
  0
LINE
  5
781
330
17
100
AcDbEntity
  8
WALL
100
AcDbLine
 10
-2031108.665221135
 20
-1292775.933370229
 30
0.0
 11
-2030688.665221213
 21
-1292775.933370117
 31
0.0
  0
LINE
  5
782
330
17
100
AcDbEntity
  8
WALL
100
AcDbLine
 10
-2031108.665221029
 20
-1292955.933370117
 30
0.0
 11
-2030608.665221135
 21
-1292955.933370229
 31
0.0
  0
LINE
  5
783
330
17
100
AcDbEntity
  8
WALL
100
AcDbLine
 10
-2032318.665221329
 20
-1298925.933370243
 30
0.0
 11
-2031758.66522149
 21
-1298925.933370161
 31
0.0
  0
LINE
  5
784
330
17
100
AcDbEntity
  8
WALL
100
AcDbLine
 10
-2031758.66522149
 20
-1298925.933370161
 30
0.0
 11
-2031758.66522149
 21
-1298745.933370119
 31
0.0
  0
LINE
  5
785
330
17
100
AcDbEntity
  8
WALL
100
AcDbLine
 10
-2031758.66522149
 20
-1298745.933370119
 30
0.0
 11
-2032318.665220424
 21
-1298745.933370086
 31
0.0
  0
LINE
  5
786
330
17
100
AcDbEntity
  8
WALL
100
AcDbLine
 10
-2029398.665221153
 20
-1298745.933370086
 30
0.0
 11
-2029958.66522149
 21
-1298745.933370119
 31
0.0
  0
LINE
  5
787
330
17
100
AcDbEntity
  8
WALL
100
AcDbLine
 10
-2029958.66522149
 20
-1298745.933370119
 30
0.0
 11
-2029958.66522149
 21
-1298925.933370161
 31
0.0
  0
LINE
  5
788
330
17
100
AcDbEntity
  8
WALL
100
AcDbLine
 10
-2029958.66522149
 20
-1298925.933370161
 30
0.0
 11
-2029398.665221328
 21
-1298925.933370243
 31
0.0
  0
INSERT
  5
789
330
17
100
AcDbEntity
  8
WINDOW
100
AcDbBlockReference
 66
1
  2
$DorLib2D$00000131
 10
-2030858.665221135
 20
-1298835.933370229
 30
0.0
 41
1800.0
 42
180.0
 43
1800.0
1001
WTHICK
1040
180.0
  0
ATTRIB
  5
78A
330
789
100
AcDbEntity
  8
WINDOW_TEXT
100
AcDbText
 10
-2031053.665221135
 20
-1299214.683370229
 30
0.0
 40
297.5
  1

  7
_TCH_WINDOW
 41
0.7058823529411765
100
AcDbAttribute
  2
A
 70
0
  0
SEQEND
  5
78B
330
789
100
AcDbEntity
  8
WINDOW
  0
LINE
  5
78C
330
17
100
AcDbEntity
  8
WALL
100
AcDbLine
 10
-2031108.665221028
 20
-1295275.933370226
 30
0.0
 11
-2029398.665220995
 21
-1295275.933370226
 31
0.0
  0
LINE
  5
78D
330
17
100
AcDbEntity
  8
WALL
100
AcDbLine
 10
-2031208.665221542
 20
-1295375.933370226
 30
0.0
 11
-2029398.665221153
 21
-1295375.933370226
 31
0.0
  0
LINE
  5
78E
330
17
100
AcDbEntity
  8
WALL
100
AcDbLine
 10
-2031208.665221542
 20
-1294465.933370268
 30
0.0
 11
-2031208.66522116
 21
-1294475.610540772
 31
0.0
  0
LINE
  5
78F
330
17
100
AcDbEntity
  8
WALL
100
AcDbLine
 10
-2031208.66522116
 20
-1294475.610540772
 30
0.0
 11
-2031108.665220959
 21
-1294475.610540772
 31
0.0
  0
LINE
  5
790
330
17
100
AcDbEntity
  8
WALL
100
AcDbLine
 10
-2031108.665220959
 20
-1294475.610540772
 30
0.0
 11
-2031108.665221135
 21
-1294375.933370229
 31
0.0
  0
LINE
  5
791
330
17
100
AcDbEntity
  8
WALL
100
AcDbLine
 10
-2031108.665221028
 20
-1295275.933370226
 30
0.0
 11
-2031108.665220864
 21
-1295275.610541992
 31
0.0
  0
LINE
  5
792
330
17
100
AcDbEntity
  8
WALL
100
AcDbLine
 10
-2031108.665220864
 20
-1295275.610541992
 30
0.0
 11
-2031208.66522116
 21
-1295275.610541992
 31
0.0
  0
LINE
  5
793
330
17
100
AcDbEntity
  8
WALL
100
AcDbLine
 10
-2031208.66522116
 20
-1295275.610541992
 30
0.0
 11
-2031208.665221542
 21
-1295375.933370226
 31
0.0
  0
INSERT
  5
794
330
17
100
AcDbEntity
  8
WINDOW
100
AcDbBlockReference
 66
1
  2
$DorLib2D$00000001
 10
-2031158.665221135
 20
-1294875.610541781
 30
0.0
 41
800.0
 42
800.0
 43
800.0
 50
270.0
1001
WTHICK
1040
100.0
  0
ATTRIB
  5
795
330
794
100
AcDbEntity
  8
WINDOW_TEXT
100
AcDbText
 10
-2031334.915221135
 20
-1295070.61054178
 30
0.0
 40
297.5
  1

 50
90.0
  7
_TCH_WINDOW
 41
0.7058823529411765
100
AcDbAttribute
  2
A
 70
0
  0
SEQEND
  5
796
330
794
100
AcDbEntity
  8
WINDOW
  0
LINE
  5
797
330
17
100
AcDbEntity
  8
WALL
100
AcDbLine
 10
-2039318.665221122
 20
-1294385.933370226
 30
0.0
 11
-2039318.665221122
 21
-1294985.933369141
 31
0.0
  0
LINE
  5
798
330
17
100
AcDbEntity
  8
WALL
100
AcDbLine
 10
-2039498.665221122
 20
-1294385.933370187
 30
0.0
 11
-2039498.665221122
 21
-1294985.933370187
 31
0.0
  0
LINE
  5
799
330
17
100
AcDbEntity
  8
WALL
100
AcDbLine
 10
-2040718.665221122
 20
-1294385.933370187
 30
0.0
 11
-2040608.665220947
 21
-1294385.933370021
 31
0.0
  0
LINE
  5
79A
330
17
100
AcDbEntity
  8
WALL
100
AcDbLine
 10
-2040608.665220947
 20
-1294385.933370021
 30
0.0
 11
-2040608.665220947
 21
-1294285.933370357
 31
0.0
  0
LINE
  5
79B
330
17
100
AcDbEntity
  8
WALL
100
AcDbLine
 10
-2040608.665220947
 20
-1294285.933370357
 30
0.0
 11
-2040718.665221029
 21
-1294285.933370187
 31
0.0
  0
LINE
  5
79C
330
17
100
AcDbEntity
  8
WALL
100
AcDbLine
 10
-2039408.665221135
 20
-1294285.933370229
 30
0.0
 11
-2039608.665220947
 21
-1294285.933370389
 31
0.0
  0
LINE
  5
79D
330
17
100
AcDbEntity
  8
WALL
100
AcDbLine
 10
-2039608.665220947
 20
-1294285.933370389
 30
0.0
 11
-2039608.665220947
 21
-1294385.933370021
 31
0.0
  0
LINE
  5
79E
330
17
100
AcDbEntity
  8
WALL
100
AcDbLine
 10
-2039608.665220947
 20
-1294385.933370021
 30
0.0
 11
-2039498.665221122
 21
-1294385.933370187
 31
0.0
  0
INSERT
  5
79F
330
17
100
AcDbEntity
  8
WINDOW
100
AcDbBlockReference
 66
1
  2
$DorLib2D$00000231
 10
-2040108.665221135
 20
-1294335.933370229
 30
0.0
 41
1000.0
 42
1000.0
 43
1000.0
1001
WTHICK
1040
100.0
  0
ATTRIB
  5
7A0
330
79F
100
AcDbEntity
  8
WINDOW_TEXT
100
AcDbText
 10
-2040403.665221135
 20
-1294809.683370229
 30
0.0
 40
297.5
  1

  7
_TCH_WINDOW
 41
0.7058823529411765
100
AcDbAttribute
  2
A
 70
0
  0
SEQEND
  5
7A1
330
79F
100
AcDbEntity
  8
WINDOW
  0
LINE
  5
7A2
330
17
100
AcDbEntity
  8
WALL
100
AcDbLine
 10
-2040718.665221122
 20
-1294985.933370187
 30
0.0
 11
-2039498.665221122
 21
-1294985.933370187
 31
0.0
  0
LINE
  5
7A3
330
17
100
AcDbEntity
  8
WALL
100
AcDbLine
 10
-2040898.665221122
 20
-1295165.933370187
 30
0.0
 11
-2039408.665221135
 21
-1295165.933370229
 31
0.0
  0
LINE
  5
7A4
330
17
100
AcDbEntity
  8
WALL
100
AcDbLine
 10
-2036868.665221213
 20
-1290665.933370192
 30
0.0
 11
-2036258.66522149
 21
-1290665.93337022
 31
0.0
  0
LINE
  5
7A5
330
17
100
AcDbEntity
  8
WALL
100
AcDbLine
 10
-2036258.66522149
 20
-1290665.93337022
 30
0.0
 11
-2036258.66522149
 21
-1290485.933370354
 31
0.0
  0
LINE
  5
7A6
330
17
100
AcDbEntity
  8
WALL
100
AcDbLine
 10
-2036258.66522149
 20
-1290485.933370354
 30
0.0
 11
-2036868.665221
 21
-1290485.933370343
 31
0.0
  0
LINE
  5
7A7
330
17
100
AcDbEntity
  8
WALL
100
AcDbLine
 10
-2033808.665221
 20
-1290485.933370343
 30
0.0
 11
-2034408.66522149
 21
-1290485.933370354
 31
0.0
  0
LINE
  5
7A8
330
17
100
AcDbEntity
  8
WALL
100
AcDbLine
 10
-2034408.66522149
 20
-1290485.933370354
 30
0.0
 11
-2034408.66522149
 21
-1290665.933370242
 31
0.0
  0
LINE
  5
7A9
330
17
100
AcDbEntity
  8
WALL
100
AcDbLine
 10
-2034408.66522149
 20
-1290665.933370242
 30
0.0
 11
-2033708.665221135
 21
-1290665.933370229
 31
0.0
  0
INSERT
  5
7AA
330
17
100
AcDbEntity
  8
WINDOW
100
AcDbBlockReference
 66
1
  2
$DorLib2D$00000131
 10
-2035333.665221135
 20
-1290575.933370229
 30
0.0
 41
-1850.0
 42
-180.0
 43
-1850.0
1001
WTHICK
1040
180.0
  0
ATTRIB
  5
7AB
330
7AA
100
AcDbEntity
  8
WINDOW_TEXT
100
AcDbText
 10
-2035228.665221135
 20
-1290179.68337023
 30
0.0
 40
297.5
  1

  7
_TCH_WINDOW
 41
0.7058823529411765
100
AcDbAttribute
  2
A
 70
0
  0
SEQEND
  5
7AC
330
7AA
100
AcDbEntity
  8
WINDOW
  0
LINE
  5
7AD
330
17
100
AcDbEntity
  8
WALL
100
AcDbLine
 10
-2037738.665221213
 20
-1290665.933370361
 30
0.0
 11
-2037738.665221213
 21
-1292775.933369141
 31
0.0
  0
LINE
  5
7AE
330
17
100
AcDbEntity
  8
WALL
100
AcDbLine
 10
-2037838.665221135
 20
-1290575.933370229
 30
0.0
 11
-2037838.665221213
 21
-1292775.933370268
 31
0.0
  0
LINE
  5
7AF
330
17
100
AcDbEntity
  8
WALL
100
AcDbLine
 10
-2040718.665221122
 20
-1294385.933370187
 30
0.0
 11
-2040718.665221122
 21
-1294985.933370187
 31
0.0
  0
LINE
  5
7B0
330
17
100
AcDbEntity
  8
WALL
100
AcDbLine
 10
-2040898.665221122
 20
-1294465.933370268
 30
0.0
 11
-2040898.665221122
 21
-1295165.933370187
 31
0.0
  0
LINE
  5
7B1
330
17
100
AcDbEntity
  8
WALL
100
AcDbLine
 10
-2040808.665221135
 20
-1292775.933370229
 30
0.0
 11
-2040448.665221
 21
-1292775.933370226
 31
0.0
  0
LINE
  5
7B2
330
17
100
AcDbEntity
  8
WALL
100
AcDbLine
 10
-2040718.665221029
 20
-1292955.933370226
 30
0.0
 11
-2040358.665221135
 21
-1292955.933370229
 31
0.0
  0
LINE
  5
7B3
330
17
100
AcDbEntity
  8
WALL
100
AcDbLine
 10
-2037608.665221135
 20
-1292775.933370229
 30
0.0
 11
-2037048.665221213
 21
-1292775.933369892
 31
0.0
  0
LINE
  5
7B4
330
17
100
AcDbEntity
  8
WALL
100
AcDbLine
 10
-2037518.665221354
 20
-1292955.933369892
 30
0.0
 11
-2036868.665221213
 21
-1292955.933369892
 31
0.0
  0
LINE
  5
7B5
330
17
100
AcDbEntity
  8
WALL
100
AcDbLine
 10
-2037518.665221354
 20
-1294285.933370268
 30
0.0
 11
-2037518.665221487
 21
-1294175.933369954
 31
0.0
  0
LINE
  5
7B6
330
17
100
AcDbEntity
  8
WALL
100
AcDbLine
 10
-2037518.665221487
 20
-1294175.933369954
 30
0.0
 11
-2037698.665220831
 21
-1294175.933369955
 31
0.0
  0
LINE
  5
7B7
330
17
100
AcDbEntity
  8
WALL
100
AcDbLine
 10
-2037698.665220831
 20
-1294175.933369955
 30
0.0
 11
-2037698.665221029
 21
-1294285.933370226
 31
0.0
  0
LINE
  5
7B8
330
17
100
AcDbEntity
  8
WALL
100
AcDbLine
 10
-2037698.665221029
 20
-1292955.933369141
 30
0.0
 11
-2037698.665220831
 21
-1293075.933369954
 31
0.0
  0
LINE
  5
7B9
330
17
100
AcDbEntity
  8
WALL
100
AcDbLine
 10
-2037698.665220831
 20
-1293075.933369954
 30
0.0
 11
-2037518.665221487
 21
-1293075.933369954
 31
0.0
  0
LINE
  5
7BA
330
17
100
AcDbEntity
  8
WALL
100
AcDbLine
 10
-2037518.665221487
 20
-1293075.933369954
 30
0.0
 11
-2037518.665221354
 21
-1292955.933369892
 31
0.0
  0
INSERT
  5
7BB
330
17
100
AcDbEntity
  8
WINDOW
100
AcDbBlockReference
 66
1
  2
$DorLib2D$00000001
 10
-2037608.665221135
 20
-1293625.933370228
 30
0.0
 41
-1100.0
 42
1100.0
 43
-1100.0
 50
90.0
1001
WTHICK
1040
180.0
  0
ATTRIB
  5
7BC
330
7BB
100
AcDbEntity
  8
WINDOW_TEXT
100
AcDbText
 10
-2037004.915221135
 20
-1293870.933370228
 30
0.0
 40
297.5
  1

 50
90.0
  7
_TCH_WINDOW
 41
0.7058823529411765
100
AcDbAttribute
  2
A
 70
0
  0
SEQEND
  5
7BD
330
7BB
100
AcDbEntity
  8
WINDOW
  0
LINE
  5
7BE
330
17
100
AcDbEntity
  8
WALL
100
AcDbLine
 10
-2046098.665221144
 20
-1299945.933370536
 30
0.0
 11
-2046098.665221135
 21
-1298475.933370229
 31
0.0
  0
LINE
  5
7BF
330
17
100
AcDbEntity
  8
WALL
100
AcDbLine
 10
-2045918.665221144
 20
-1299945.933369892
 30
0.0
 11
-2045918.665221144
 21
-1298575.933370145
 31
0.0
  0
LINE
  5
7C0
330
17
100
AcDbEntity
  8
WALL
100
AcDbLine
 10
-2039298.665221135
 20
-1300125.933370228
 30
0.0
 11
-2039298.665221009
 21
-1298575.933370319
 31
0.0
  0
LINE
  5
7C1
330
17
100
AcDbEntity
  8
WALL
100
AcDbLine
 10
-2039118.665221135
 20
-1300125.933370228
 30
0.0
 11
-2039118.665221305
 21
-1298575.933370151
 31
0.0
  0
LINE
  5
7C2
330
17
100
AcDbEntity
  8
WALL
100
AcDbLine
 10
-2039298.665221135
 20
-1300125.933370228
 30
0.0
 11
-2039118.665221135
 21
-1300125.933370228
 31
0.0
  0
LINE
  5
7C3
330
17
100
AcDbEntity
  8
WALL
100
AcDbLine
 10
-2039318.665221122
 20
-1294385.933370226
 30
0.0
 11
-2039008.665220947
 21
-1294385.933370105
 31
0.0
  0
LINE
  5
7C4
330
17
100
AcDbEntity
  8
WALL
100
AcDbLine
 10
-2039008.665220947
 20
-1294385.933370105
 30
0.0
 11
-2039008.665220947
 21
-1294285.933370112
 31
0.0
  0
LINE
  5
7C5
330
17
100
AcDbEntity
  8
WALL
100
AcDbLine
 10
-2039008.665220947
 20
-1294285.933370112
 30
0.0
 11
-2039408.665221135
 21
-1294285.933370229
 31
0.0
  0
LINE
  5
7C6
330
17
100
AcDbEntity
  8
WALL
100
AcDbLine
 10
-2037698.665221029
 20
-1294285.933370226
 30
0.0
 11
-2038008.665220948
 21
-1294285.93337011
 31
0.0
  0
LINE
  5
7C7
330
17
100
AcDbEntity
  8
WALL
100
AcDbLine
 10
-2038008.665220948
 20
-1294285.93337011
 30
0.0
 11
-2038008.665220947
 21
-1294385.933370105
 31
0.0
  0
LINE
  5
7C8
330
17
100
AcDbEntity
  8
WALL
100
AcDbLine
 10
-2038008.665220947
 20
-1294385.933370105
 30
0.0
 11
-2037698.665221122
 21
-1294385.933370226
 31
0.0
  0
INSERT
  5
7C9
330
17
100
AcDbEntity
  8
WINDOW
100
AcDbBlockReference
 66
1
  2
$DorLib2D$00000231
 10
-2038508.665221135
 20
-1294335.933370229
 30
0.0
 41
1000.0
 42
1000.0
 43
1000.0
1001
WTHICK
1040
100.0
  0
ATTRIB
  5
7CA
330
7C9
100
AcDbEntity
  8
WINDOW_TEXT
100
AcDbText
 10
-2038803.665221135
 20
-1294859.683370229
 30
0.0
 40
297.5
  1

  7
_TCH_WINDOW
 41
0.7058823529411765
100
AcDbAttribute
  2
A
 70
0
  0
SEQEND
  5
7CB
330
7C9
100
AcDbEntity
  8
WINDOW
  0
LINE
  5
7CC
330
17
100
AcDbEntity
  8
WALL
100
AcDbLine
 10
-2039318.665221122
 20
-1294985.933369141
 30
0.0
 11
-2039208.665221135
 21
-1294985.933370229
 31
0.0
  0
LINE
  5
7CD
330
17
100
AcDbEntity
  8
WALL
100
AcDbLine
 10
-2039408.665221135
 20
-1295165.933370229
 30
0.0
 11
-2039298.665221167
 21
-1295165.933369141
 31
0.0
  0
TEXT
  5
7CE
330
17
100
AcDbEntity
  8
PUB_TEXT
100
AcDbText
 10
-2039363.665221135
 20
-1287770.933370229
 30
0.0
 40
337.5886524822695
  1
上
  7
_TCH_DIM
100
AcDbText
  0
LWPOLYLINE
  5
7CF
330
17
100
AcDbEntity
  8
DIM_SYMB
100
AcDbPolyline
 90
3
 70
0
 10
-2039468.665221135
 20
-1287595.933370229
 10
-2040638.665221135
 20
-1287595.933370229
 40
0.0
 41
80.00000000000001
 10
-2040338.665221135
 20
-1287595.933370229
  0
TEXT
  5
7D0
330
17
100
AcDbEntity
  8
PUB_TEXT
100
AcDbText
 10
-2039363.665221135
 20
-1286510.933370229
 30
0.0
 40
337.5886524822695
  1
下
  7
_TCH_DIM
100
AcDbText
  0
LWPOLYLINE
  5
7D1
330
17
100
AcDbEntity
  8
DIM_SYMB
100
AcDbPolyline
 90
5
 70
0
 10
-2039468.665221135
 20
-1286335.933370229
 10
-2042328.665221135
 20
-1286335.933370229
 10
-2042328.665221135
 20
-1287595.933370229
 10
-2040898.665221135
 20
-1287595.933370229
 40
0.0
 41
80.00000000000001
 10
-2041198.665221135
 20
-1287595.933370229
  0
LINE
  5
7D2
330
17
100
AcDbEntity
  8
STAIR
100
AcDbLine
 10
-2039598.665221135
 20
-1288175.933370229
 30
0.0
 11
-2040376.067037518
 21
-1288175.933370267
 31
0.0
  0
LINE
  5
7D3
330
17
100
AcDbEntity
  8
STAIR
100
AcDbLine
 10
-2040491.537091723
 20
-1288175.933370268
 30
0.0
 11
-2041678.665221135
 21
-1288175.933370229
 31
0.0
  0
LINE
  5
7D4
330
17
100
AcDbEntity
  8
STAIR
100
AcDbLine
 10
-2039598.665221135
 20
-1288175.933370229
 30
0.0
 11
-2039598.665221326
 21
-1287075.933370029
 31
0.0
  0
LINE
  5
7D5
330
17
100
AcDbEntity
  8
STAIR
100
AcDbLine
 10
-2039858.665221135
 20
-1288175.933370229
 30
0.0
 11
-2039858.665221326
 21
-1287075.933370029
 31
0.0
  0
LINE
  5
7D6
330
17
100
AcDbEntity
  8
STAIR
100
AcDbLine
 10
-2040118.665221135
 20
-1288175.933370229
 30
0.0
 11
-2040118.665221326
 21
-1287075.933370029
 31
0.0
  0
LINE
  5
7D7
330
17
100
AcDbEntity
  8
STAIR
100
AcDbLine
 10
-2040378.665221336
 20
-1288171.433183892
 30
0.0
 11
-2040378.665221326
 21
-1287075.933370029
 31
0.0
  0
LINE
  5
7D8
330
17
100
AcDbEntity
  8
STAIR
100
AcDbLine
 10
-2040638.665221135
 20
-1288175.933370229
 30
0.0
 11
-2040638.665221332
 21
-1287921.099974672
 31
0.0
  0
LINE
  5
7D9
330
17
100
AcDbEntity
  8
STAIR
100
AcDbLine
 10
-2040638.665221367
 20
-1287721.099974377
 30
0.0
 11
-2040638.665221326
 21
-1287075.933370029
 31
0.0
  0
LINE
  5
7DA
330
17
100
AcDbEntity
  8
STAIR
100
AcDbLine
 10
-2040898.665221135
 20
-1288175.933370229
 30
0.0
 11
-2040898.665221363
 21
-1287470.766764033
 31
0.0
  0
LINE
  5
7DB
330
17
100
AcDbEntity
  8
STAIR
100
AcDbLine
 10
-2040898.665221398
 20
-1287270.766765184
 30
0.0
 11
-2040898.665221326
 21
-1287075.933370029
 31
0.0
  0
LINE
  5
7DC
330
17
100
AcDbEntity
  8
STAIR
100
AcDbLine
 10
-2041158.665221135
 20
-1288175.933370229
 30
0.0
 11
-2041158.665221326
 21
-1287075.933370029
 31
0.0
  0
LINE
  5
7DD
330
17
100
AcDbEntity
  8
STAIR
100
AcDbLine
 10
-2041418.665221135
 20
-1288175.933370229
 30
0.0
 11
-2041418.665221326
 21
-1287075.933370029
 31
0.0
  0
LINE
  5
7DE
330
17
100
AcDbEntity
  8
STAIR
100
AcDbLine
 10
-2041678.665221135
 20
-1288175.933370229
 30
0.0
 11
-2041678.665221326
 21
-1287075.933370029
 31
0.0
  0
LINE
  5
7DF
330
17
100
AcDbEntity
  8
STAIR
100
AcDbLine
 10
-2039598.665221135
 20
-1287015.933370229
 30
0.0
 11
-2041045.793350601
 21
-1287015.933370268
 31
0.0
  0
LINE
  5
7E0
330
17
100
AcDbEntity
  8
STAIR
100
AcDbLine
 10
-2041161.263403718
 20
-1287015.933370268
 30
0.0
 11
-2041678.665221135
 21
-1287015.933370229
 31
0.0
  0
LINE
  5
7E1
330
17
100
AcDbEntity
  8
STAIR
100
AcDbLine
 10
-2040491.537091782
 20
-1288175.933370268
 30
0.0
 11
-2040773.74648831
 21
-1287687.132357316
 31
0.0
  0
LINE
  5
7E2
330
17
100
AcDbEntity
  8
STAIR
100
AcDbLine
 10
-2040376.067037735
 20
-1288175.933370268
 30
0.0
 11
-2040673.746488314
 21
-1287660.337438074
 31
0.0
  0
LINE
  5
7E3
330
17
100
AcDbEntity
  8
STAIR
100
AcDbLine
 10
-2040673.746488314
 20
-1287660.337438074
 30
0.0
 11
-2040846.098040043
 21
-1287706.518896208
 31
0.0
  0
LINE
  5
7E4
330
17
100
AcDbEntity
  8
STAIR
100
AcDbLine
 10
-2040846.098040043
 20
-1287706.518896208
 30
0.0
 11
-2040673.205805675
 21
-1287500.473954769
 31
0.0
  0
LINE
  5
7E5
330
17
100
AcDbEntity
  8
STAIR
100
AcDbLine
 10
-2040673.205805675
 20
-1287500.473954769
 30
0.0
 11
-2040853.605792183
 21
-1287548.811985588
 31
0.0
  0
LINE
  5
7E6
330
17
100
AcDbEntity
  8
STAIR
100
AcDbLine
 10
-2040853.605792183
 20
-1287548.811985588
 30
0.0
 11
-2041161.263404217
 21
-1287015.933370267
 31
0.0
  0
LINE
  5
7E7
330
17
100
AcDbEntity
  8
STAIR
100
AcDbLine
 10
-2040753.605792219
 20
-1287522.017066355
 30
0.0
 11
-2041045.793350487
 21
-1287015.933370267
 31
0.0
  0
LINE
  5
7E8
330
17
100
AcDbEntity
  8
STAIR
100
AcDbLine
 10
-2041678.665221135
 20
-1285755.933370229
 30
0.0
 11
-2039598.665221135
 21
-1285755.933370229
 31
0.0
  0
LINE
  5
7E9
330
17
100
AcDbEntity
  8
STAIR
100
AcDbLine
 10
-2041678.665221135
 20
-1285755.933370229
 30
0.0
 11
-2041678.665221326
 21
-1286855.93337025
 31
0.0
  0
LINE
  5
7EA
330
17
100
AcDbEntity
  8
STAIR
100
AcDbLine
 10
-2041418.665221135
 20
-1285755.933370229
 30
0.0
 11
-2041418.665221326
 21
-1286855.93337025
 31
0.0
  0
LINE
  5
7EB
330
17
100
AcDbEntity
  8
STAIR
100
AcDbLine
 10
-2041158.665221135
 20
-1285755.933370229
 30
0.0
 11
-2041158.665221326
 21
-1286855.93337025
 31
0.0
  0
LINE
  5
7EC
330
17
100
AcDbEntity
  8
STAIR
100
AcDbLine
 10
-2040898.665221135
 20
-1285755.933370229
 30
0.0
 11
-2040898.665221326
 21
-1286855.93337025
 31
0.0
  0
LINE
  5
7ED
330
17
100
AcDbEntity
  8
STAIR
100
AcDbLine
 10
-2040638.665221135
 20
-1285755.933370229
 30
0.0
 11
-2040638.665220905
 21
-1286855.93337025
 31
0.0
  0
LINE
  5
7EE
330
17
100
AcDbEntity
  8
STAIR
100
AcDbLine
 10
-2040378.665221135
 20
-1285755.933370229
 30
0.0
 11
-2040378.665220905
 21
-1286855.93337025
 31
0.0
  0
LINE
  5
7EF
330
17
100
AcDbEntity
  8
STAIR
100
AcDbLine
 10
-2040118.665221135
 20
-1285755.933370229
 30
0.0
 11
-2040118.665220905
 21
-1286855.93337025
 31
0.0
  0
LINE
  5
7F0
330
17
100
AcDbEntity
  8
STAIR
100
AcDbLine
 10
-2039858.665221135
 20
-1285755.933370229
 30
0.0
 11
-2039858.665220905
 21
-1286855.93337025
 31
0.0
  0
LINE
  5
7F1
330
17
100
AcDbEntity
  8
STAIR
100
AcDbLine
 10
-2039598.665221135
 20
-1285755.933370229
 30
0.0
 11
-2039598.665220905
 21
-1286855.93337025
 31
0.0
  0
LINE
  5
7F2
330
17
100
AcDbEntity
  8
STAIR
100
AcDbLine
 10
-2041678.665221135
 20
-1286915.933370229
 30
0.0
 11
-2039598.665221135
 21
-1286915.933370229
 31
0.0
  0
LINE
  5
7F3
330
17
100
AcDbEntity
  8
STAIR
100
AcDbLine
 10
-2039538.665222168
 20
-1286855.933370145
 30
0.0
 11
-2039538.665222168
 21
-1287075.933370145
 31
0.0
  0
LINE
  5
7F4
330
17
100
AcDbEntity
  8
STAIR
100
AcDbLine
 10
-2039538.665222168
 20
-1287075.933370145
 30
0.0
 11
-2041011.152334576
 21
-1287075.933370029
 31
0.0
  0
LINE
  5
7F5
330
17
100
AcDbEntity
  8
STAIR
100
AcDbLine
 10
-2041126.622387702
 20
-1287075.933370029
 30
0.0
 11
-2041738.665222168
 21
-1287075.933370145
 31
0.0
  0
LINE
  5
7F6
330
17
100
AcDbEntity
  8
STAIR
100
AcDbLine
 10
-2041738.665222168
 20
-1287075.933370145
 30
0.0
 11
-2041738.665222168
 21
-1286855.933370145
 31
0.0
  0
LINE
  5
7F7
330
17
100
AcDbEntity
  8
STAIR
100
AcDbLine
 10
-2041738.665222168
 20
-1286855.933370145
 30
0.0
 11
-2039538.665222168
 21
-1286855.933370145
 31
0.0
  0
LINE
  5
7F8
330
17
100
AcDbEntity
  8
STAIR
100
AcDbLine
 10
-2039598.665222168
 20
-1286915.933370145
 30
0.0
 11
-2039598.665222168
 21
-1287015.933370373
 31
0.0
  0
LINE
  5
7F9
330
17
100
AcDbEntity
  8
STAIR
100
AcDbLine
 10
-2039598.665222168
 20
-1287015.933370373
 30
0.0
 11
-2041045.793350503
 21
-1287015.933370438
 31
0.0
  0
LINE
  5
7FA
330
17
100
AcDbEntity
  8
STAIR
100
AcDbLine
 10
-2041161.26340362
 20
-1287015.933370438
 30
0.0
 11
-2041678.665219116
 21
-1287015.933370373
 31
0.0
  0
LINE
  5
7FB
330
17
100
AcDbEntity
  8
STAIR
100
AcDbLine
 10
-2041678.665219116
 20
-1287015.933370373
 30
0.0
 11
-2041678.665219116
 21
-1286915.933370145
 31
0.0
  0
LINE
  5
7FC
330
17
100
AcDbEntity
  8
STAIR
100
AcDbLine
 10
-2041678.665219116
 20
-1286915.933370145
 30
0.0
 11
-2039598.665222168
 21
-1286915.933370145
 31
0.0
  0
LINE
  5
7FD
330
17
100
AcDbEntity
  8
STAIR
100
AcDbLine
 10
-2041678.665221135
 20
-1285755.933370229
 30
0.0
 11
-2042978.665221135
 21
-1285755.933370229
 31
0.0
  0
LINE
  5
7FE
330
17
100
AcDbEntity
  8
STAIR
100
AcDbLine
 10
-2042978.665221135
 20
-1285755.933370229
 30
0.0
 11
-2042978.665221135
 21
-1288175.933370229
 31
0.0
  0
LINE
  5
7FF
330
17
100
AcDbEntity
  8
STAIR
100
AcDbLine
 10
-2042978.665221135
 20
-1288175.933370229
 30
0.0
 11
-2041678.665221135
 21
-1288175.933370229
 31
0.0
  0
LINE
  5
800
330
17
100
AcDbEntity
  8
STAIR
100
AcDbLine
 10
-2041678.665221135
 20
-1288175.933370229
 30
0.0
 11
-2041678.66522126
 21
-1287075.933370029
 31
0.0
  0
LINE
  5
801
330
17
100
AcDbEntity
  8
STAIR
100
AcDbLine
 10
-2041678.665221715
 20
-1286855.93337025
 30
0.0
 11
-2041678.665221135
 21
-1285755.933370229
 31
0.0
  0
LINE
  5
802
330
17
100
AcDbEntity
  8
STAIR
100
AcDbLine
 10
-2041678.66522126
 20
-1287015.933370438
 30
0.0
 11
-2041678.665221458
 21
-1286915.933369835
 31
0.0
  0
LINE
  5
803
330
17
100
AcDbEntity
  8
STAIR
100
AcDbLine
 10
-2039598.665221135
 20
-1287015.933370229
 30
0.0
 11
-2039598.665221135
 21
-1286915.933370229
 31
0.0
  0
LINE
  5
804
330
17
100
AcDbEntity
  8
WALL
100
AcDbLine
 10
-2029218.665221252
 20
-1293505.933370361
 30
0.0
 11
-2029218.665221252
 21
-1295325.93337025
 31
0.0
  0
LINE
  5
805
330
17
100
AcDbEntity
  8
WALL
100
AcDbLine
 10
-2029398.665221135
 20
-1293425.933370228
 30
0.0
 11
-2029398.665220995
 21
-1295275.933370226
 31
0.0
  0
LINE
  5
806
330
17
100
AcDbEntity
  8
WALL
100
AcDbLine
 10
-1993848.665221104
 20
-1299945.933370361
 30
0.0
 11
-1993848.665221104
 21
-1296225.933370226
 31
0.0
  0
LINE
  5
807
330
17
100
AcDbEntity
  8
WALL
100
AcDbLine
 10
-1993668.665221104
 20
-1300125.933370361
 30
0.0
 11
-1993668.665221135
 21
-1296125.933370229
 31
0.0
  0
LINE
  5
808
330
17
100
AcDbEntity
  8
SURFACE
100
AcDbLine
 10
-1993568.665221229
 20
-1300225.933370158
 30
0.0
 11
-1993568.665221135
 21
-1296125.933370229
 31
0.0
  0
LINE
  5
809
330
17
100
AcDbEntity
  8
WALL
100
AcDbLine
 10
-1993668.665221218
 20
-1288175.933370243
 30
0.0
 11
-1994568.665220812
 21
-1288175.933370125
 31
0.0
  0
LINE
  5
80A
330
17
100
AcDbEntity
  8
WALL
100
AcDbLine
 10
-1994568.665220812
 20
-1288175.933370125
 30
0.0
 11
-1994568.665220812
 21
-1288355.933370289
 31
0.0
  0
LINE
  5
80B
330
17
100
AcDbEntity
  8
WALL
100
AcDbLine
 10
-1994568.665220812
 20
-1288355.933370289
 30
0.0
 11
-1993848.665221083
 21
-1288355.933370243
 31
0.0
  0
LINE
  5
80C
330
17
100
AcDbEntity
  8
WALL
100
AcDbLine
 10
-1996778.665221
 20
-1288355.933370243
 30
0.0
 11
-1996068.66522149
 21
-1288355.933370289
 31
0.0
  0
LINE
  5
80D
330
17
100
AcDbEntity
  8
WALL
100
AcDbLine
 10
-1996068.66522149
 20
-1288355.933370289
 30
0.0
 11
-1996068.66522149
 21
-1288175.933370118
 31
0.0
  0
LINE
  5
80E
330
17
100
AcDbEntity
  8
WALL
100
AcDbLine
 10
-1996068.66522149
 20
-1288175.933370118
 30
0.0
 11
-1996868.665221135
 21
-1288175.933370229
 31
0.0
  0
LINE
  5
80F
330
17
100
AcDbEntity
  8
SURFACE
100
AcDbLine
 10
-1994568.665221296
 20
-1288075.933370241
 30
0.0
 11
-1994568.665221297
 21
-1288175.933370239
 31
0.0
  0
LINE
  5
810
330
17
100
AcDbEntity
  8
SURFACE
100
AcDbLine
 10
-1993568.665221218
 20
-1288075.933370243
 30
0.0
 11
-1994568.665221296
 21
-1288075.933370241
 31
0.0
  0
LINE
  5
811
330
17
100
AcDbEntity
  8
SURFACE
100
AcDbLine
 10
-1996068.66522086
 20
-1288075.933370234
 30
0.0
 11
-1996068.665220861
 21
-1288175.933370233
 31
0.0
  0
LINE
  5
812
330
17
100
AcDbEntity
  8
SURFACE
100
AcDbLine
 10
-1996068.66522086
 20
-1288075.933370234
 30
0.0
 11
-1996868.665221135
 21
-1288075.933370229
 31
0.0
  0
INSERT
  5
813
330
17
100
AcDbEntity
  8
WINDOW
100
AcDbBlockReference
 66
1
  2
$TCHSYS$WIN2D
 10
-1995318.665221135
 20
-1288215.933370229
 30
0.0
 41
1500.0
 42
-280.0
 43
1500.0
 50
180.0
1001
WTHICK
1040
280.0
  0
ATTRIB
  5
814
330
813
100
AcDbEntity
  8
WINDOW_TEXT
100
AcDbText
 10
-1995513.665221135
 20
-1288789.683370229
 30
0.0
 40
297.5
  1

  7
_TCH_WINDOW
 41
0.7058823529411765
100
AcDbAttribute
  2
A
 70
0
  0
SEQEND
  5
815
330
813
100
AcDbEntity
  8
WINDOW
  0
LINE
  5
816
330
17
100
AcDbEntity
  8
WALL
100
AcDbLine
 10
-1999898.665221229
 20
-1288175.93337064
 30
0.0
 11
-1999898.665221229
 21
-1285755.933370175
 31
0.0
  0
LINE
  5
817
330
17
100
AcDbEntity
  8
WALL
100
AcDbLine
 10
-1999718.665221041
 20
-1288175.933370262
 30
0.0
 11
-1999718.665221041
 21
-1285575.933370175
 31
0.0
  0
LINE
  5
818
330
17
100
AcDbEntity
  8
SURFACE
100
AcDbLine
 10
-1999618.665221229
 20
-1288075.933370262
 30
0.0
 11
-1999618.665221229
 21
-1285475.933370267
 31
0.0
  0
LINE
  5
819
330
17
100
AcDbEntity
  8
WALL
100
AcDbLine
 10
-1999718.665221041
 20
-1285575.933370175
 30
0.0
 11
-2003838.66522149
 21
-1285575.933370172
 31
0.0
  0
LINE
  5
81A
330
17
100
AcDbEntity
  8
WALL
100
AcDbLine
 10
-2003838.66522149
 20
-1285575.933370172
 30
0.0
 11
-2003838.66522149
 21
-1285755.933370165
 31
0.0
  0
LINE
  5
81B
330
17
100
AcDbEntity
  8
WALL
100
AcDbLine
 10
-2003838.66522149
 20
-1285755.933370165
 30
0.0
 11
-1999898.665221229
 21
-1285755.933370175
 31
0.0
  0
LINE
  5
81C
330
17
100
AcDbEntity
  8
WALL
100
AcDbLine
 10
-2005038.665221229
 20
-1285755.933370175
 30
0.0
 11
-2005038.665220812
 21
-1285575.933370172
 31
0.0
  0
LINE
  5
81D
330
17
100
AcDbEntity
  8
WALL
100
AcDbLine
 10
-2005038.665220812
 20
-1285575.933370172
 30
0.0
 11
-2005218.665221041
 21
-1285575.933370175
 31
0.0
  0
LINE
  5
81E
330
17
100
AcDbEntity
  8
SURFACE
100
AcDbLine
 10
-2003838.66522086
 20
-1285475.933370311
 30
0.0
 11
-2003838.66522086
 21
-1285575.933370175
 31
0.0
  0
LINE
  5
81F
330
17
100
AcDbEntity
  8
SURFACE
100
AcDbLine
 10
-1999618.665221229
 20
-1285475.933370267
 30
0.0
 11
-2003838.66522086
 21
-1285475.933370311
 31
0.0
  0
LINE
  5
820
330
17
100
AcDbEntity
  8
SURFACE
100
AcDbLine
 10
-2005038.665221296
 20
-1285475.933370311
 30
0.0
 11
-2005038.665221296
 21
-1285575.933370175
 31
0.0
  0
LINE
  5
821
330
17
100
AcDbEntity
  8
SURFACE
100
AcDbLine
 10
-2005038.665221296
 20
-1285475.933370311
 30
0.0
 11
-2005318.665221041
 21
-1285475.933370267
 31
0.0
  0
INSERT
  5
822
330
17
100
AcDbEntity
  8
WINDOW
100
AcDbBlockReference
 66
1
  2
$TCHSYS$WIN2D
 10
-2004438.665221135
 20
-1285615.933370229
 30
0.0
 41
-1200.0
 42
280.0
 43
-1200.0
 50
180.0
1001
WTHICK
1040
280.0
  0
ATTRIB
  5
823
330
822
100
AcDbEntity
  8
WINDOW_TEXT
100
AcDbText
 10
-2005033.665221135
 20
-1285573.016703562
 30
0.0
 40
297.5
  1

  7
_TCH_WINDOW
 41
0.7058823529411765
100
AcDbAttribute
  2
A
 70
0
  0
SEQEND
  5
824
330
822
100
AcDbEntity
  8
WINDOW
  0
LINE
  5
825
330
17
100
AcDbEntity
  8
WALL
100
AcDbLine
 10
-2005038.665221229
 20
-1285755.933370175
 30
0.0
 11
-2005038.665221229
 21
-1288175.933370268
 31
0.0
  0
LINE
  5
826
330
17
100
AcDbEntity
  8
WALL
100
AcDbLine
 10
-2005218.665221041
 20
-1285575.933370175
 30
0.0
 11
-2005218.665221041
 21
-1288175.933369751
 31
0.0
  0
LINE
  5
827
330
17
100
AcDbEntity
  8
SURFACE
100
AcDbLine
 10
-2005318.665221041
 20
-1285475.933370267
 30
0.0
 11
-2005318.665221041
 21
-1288075.933370361
 31
0.0
  0
LINE
  5
828
330
17
100
AcDbEntity
  8
WALL
100
AcDbLine
 10
-2005218.665221213
 20
-1288355.933370361
 30
0.0
 11
-2005828.665221213
 21
-1288355.933370361
 31
0.0
  0
LINE
  5
829
330
17
100
AcDbEntity
  8
WALL
100
AcDbLine
 10
-2005218.665221041
 20
-1288175.933369751
 30
0.0
 11
-2005918.665221135
 21
-1288175.933370229
 31
0.0
  0
LINE
  5
82A
330
17
100
AcDbEntity
  8
SURFACE
100
AcDbLine
 10
-2005318.665221041
 20
-1288075.933370361
 30
0.0
 11
-2005918.665221135
 21
-1288075.933370229
 31
0.0
  0
LINE
  5
82B
330
17
100
AcDbEntity
  8
WALL
100
AcDbLine
 10
-2009248.665221135
 20
-1288275.933370229
 30
0.0
 11
-2009248.665220947
 21
-1287155.933370243
 31
0.0
  0
LINE
  5
82C
330
17
100
AcDbEntity
  8
WALL
100
AcDbLine
 10
-2009068.665221354
 20
-1288175.933370343
 30
0.0
 11
-2009068.665221354
 21
-1286975.933370243
 31
0.0
  0
LINE
  5
82D
330
17
100
AcDbEntity
  8
SURFACE
100
AcDbLine
 10
-2008968.665220947
 20
-1288075.933370192
 30
0.0
 11
-2008968.665220947
 21
-1286875.933370243
 31
0.0
  0
LINE
  5
82E
330
17
100
AcDbEntity
  8
WALL
100
AcDbLine
 10
-2009068.665221354
 20
-1286975.933370243
 30
0.0
 11
-2009968.665220812
 21
-1286975.933370243
 31
0.0
  0
LINE
  5
82F
330
17
100
AcDbEntity
  8
WALL
100
AcDbLine
 10
-2009968.665220812
 20
-1286975.933370243
 30
0.0
 11
-2009968.665220812
 21
-1287155.933370316
 31
0.0
  0
LINE
  5
830
330
17
100
AcDbEntity
  8
WALL
100
AcDbLine
 10
-2009968.665220812
 20
-1287155.933370316
 30
0.0
 11
-2009248.665220947
 21
-1287155.933370243
 31
0.0
  0
LINE
  5
831
330
17
100
AcDbEntity
  8
WALL
100
AcDbLine
 10
-2012188.665221122
 20
-1287155.933370243
 30
0.0
 11
-2011468.665220812
 21
-1287155.933370316
 31
0.0
  0
LINE
  5
832
330
17
100
AcDbEntity
  8
WALL
100
AcDbLine
 10
-2011468.665220812
 20
-1287155.933370316
 30
0.0
 11
-2011468.665220812
 21
-1286975.933370243
 31
0.0
  0
LINE
  5
833
330
17
100
AcDbEntity
  8
WALL
100
AcDbLine
 10
-2011468.665220812
 20
-1286975.933370243
 30
0.0
 11
-2012368.665221122
 21
-1286975.933370243
 31
0.0
  0
LINE
  5
834
330
17
100
AcDbEntity
  8
SURFACE
100
AcDbLine
 10
-2009968.665221296
 20
-1286875.933370226
 30
0.0
 11
-2009968.665221296
 21
-1286975.933370243
 31
0.0
  0
LINE
  5
835
330
17
100
AcDbEntity
  8
SURFACE
100
AcDbLine
 10
-2008968.665220947
 20
-1286875.933370243
 30
0.0
 11
-2009968.665221296
 21
-1286875.933370226
 31
0.0
  0
LINE
  5
836
330
17
100
AcDbEntity
  8
SURFACE
100
AcDbLine
 10
-2011468.665221296
 20
-1286875.933370226
 30
0.0
 11
-2011468.665221296
 21
-1286975.933370243
 31
0.0
  0
LINE
  5
837
330
17
100
AcDbEntity
  8
SURFACE
100
AcDbLine
 10
-2011468.665221296
 20
-1286875.933370226
 30
0.0
 11
-2012468.665221122
 21
-1286875.933370243
 31
0.0
  0
INSERT
  5
838
330
17
100
AcDbEntity
  8
WINDOW
100
AcDbBlockReference
 66
1
  2
$TCHSYS$WIN2D
 10
-2010718.665221135
 20
-1287015.933370229
 30
0.0
 41
1500.0
 42
280.0
 43
1500.0
 50
180.0
1001
WTHICK
1040
280.0
  0
ATTRIB
  5
839
330
838
100
AcDbEntity
  8
WINDOW_TEXT
100
AcDbText
 10
-2010913.665221135
 20
-1286859.683370229
 30
0.0
 40
297.5
  1

  7
_TCH_WINDOW
 41
0.7058823529411765
100
AcDbAttribute
  2
A
 70
0
  0
SEQEND
  5
83A
330
838
100
AcDbEntity
  8
WINDOW
  0
LINE
  5
83B
330
17
100
AcDbEntity
  8
WALL
100
AcDbLine
 10
-2012188.665221122
 20
-1287155.933370243
 30
0.0
 11
-2012188.665221122
 21
-1290485.933370226
 31
0.0
  0
LINE
  5
83C
330
17
100
AcDbEntity
  8
WALL
100
AcDbLine
 10
-2012368.665221122
 20
-1286975.933370243
 30
0.0
 11
-2012368.665221135
 21
-1290575.933370229
 31
0.0
  0
LINE
  5
83D
330
17
100
AcDbEntity
  8
SURFACE
100
AcDbLine
 10
-2012468.665221122
 20
-1286875.933370243
 30
0.0
 11
-2012468.665221135
 21
-1290575.933370229
 31
0.0
  0
LINE
  5
83E
330
17
100
AcDbEntity
  8
WALL
100
AcDbLine
 10
-2010558.665221213
 20
-1292775.933370268
 30
0.0
 11
-2010668.66522149
 21
-1292775.9333703
 31
0.0
  0
LINE
  5
83F
330
17
100
AcDbEntity
  8
WALL
100
AcDbLine
 10
-2010668.66522149
 20
-1292775.9333703
 30
0.0
 11
-2010668.66522149
 21
-1292955.933369967
 31
0.0
  0
LINE
  5
840
330
17
100
AcDbEntity
  8
WALL
100
AcDbLine
 10
-2010668.66522149
 20
-1292955.933369967
 30
0.0
 11
-2010378.665221
 21
-1292955.933370268
 31
0.0
  0
LINE
  5
841
330
17
100
AcDbEntity
  8
WALL
100
AcDbLine
 10
-2011668.665221029
 20
-1292955.933370268
 30
0.0
 11
-2011468.66522149
 21
-1292955.933369967
 31
0.0
  0
LINE
  5
842
330
17
100
AcDbEntity
  8
WALL
100
AcDbLine
 10
-2011468.66522149
 20
-1292955.933369967
 30
0.0
 11
-2011468.66522149
 21
-1292775.933370274
 31
0.0
  0
LINE
  5
843
330
17
100
AcDbEntity
  8
WALL
100
AcDbLine
 10
-2011468.66522149
 20
-1292775.933370274
 30
0.0
 11
-2011768.665221135
 21
-1292775.933370229
 31
0.0
  0
INSERT
  5
844
330
17
100
AcDbEntity
  8
WINDOW
100
AcDbBlockReference
 66
1
  2
$DorLib2D$00000001
 10
-2011068.665221136
 20
-1292865.933370229
 30
0.0
 41
-800.0
 42
-800.0
 43
-800.0
 50
180.0
1001
WTHICK
1040
180.0
  0
ATTRIB
  5
845
330
844
100
AcDbEntity
  8
WINDOW_TEXT
100
AcDbText
 10
-2011263.665221136
 20
-1293389.683370229
 30
0.0
 40
297.5
  1

  7
_TCH_WINDOW
 41
0.7058823529411765
100
AcDbAttribute
  2
A
 70
0
  0
SEQEND
  5
846
330
844
100
AcDbEntity
  8
WINDOW
  0
LINE
  5
847
330
17
100
AcDbEntity
  8
WALL
100
AcDbLine
 10
-2013478.665221135
 20
-1291875.933370229
 30
0.0
 11
-2013478.665221192
 21
-1292775.933370268
 31
0.0
  0
LINE
  5
848
330
17
100
AcDbEntity
  8
WALL
100
AcDbLine
 10
-2013658.665221135
 20
-1291875.933370229
 30
0.0
 11
-2013658.665221135
 21
-1292875.933370229
 31
0.0
  0
LINE
  5
849
330
17
100
AcDbEntity
  8
WALL
100
AcDbLine
 10
-2013478.665221135
 20
-1291875.933370229
 30
0.0
 11
-2013658.665221135
 21
-1291875.933370229
 31
0.0
  0
LINE
  5
84A
330
17
100
AcDbEntity
  8
WALL
100
AcDbLine
 10
-2006478.665221144
 20
-1298575.933370319
 30
0.0
 11
-2005968.66522149
 21
-1298575.933370435
 31
0.0
  0
LINE
  5
84B
330
17
100
AcDbEntity
  8
WALL
100
AcDbLine
 10
-2005968.66522149
 20
-1298575.933370435
 30
0.0
 11
-2005968.66522149
 21
-1298395.933370307
 31
0.0
  0
LINE
  5
84C
330
17
100
AcDbEntity
  8
WALL
100
AcDbLine
 10
-2005968.66522149
 20
-1298395.933370307
 30
0.0
 11
-2006478.665221161
 21
-1298395.93337032
 31
0.0
  0
LINE
  5
84D
330
17
100
AcDbEntity
  8
WALL
100
AcDbLine
 10
-2003758.665221204
 20
-1298395.93337032
 30
0.0
 11
-2004268.665220812
 21
-1298395.933370307
 31
0.0
  0
LINE
  5
84E
330
17
100
AcDbEntity
  8
WALL
100
AcDbLine
 10
-2004268.665220812
 20
-1298395.933370307
 30
0.0
 11
-2004268.665220812
 21
-1298575.933370435
 31
0.0
  0
LINE
  5
84F
330
17
100
AcDbEntity
  8
WALL
100
AcDbLine
 10
-2004268.665220812
 20
-1298575.933370435
 30
0.0
 11
-2003758.665221301
 21
-1298575.93337032
 31
0.0
  0
LINE
  5
850
330
17
100
AcDbEntity
  8
SURFACE
100
AcDbLine
 10
-2005968.66522086
 20
-1298675.93337011
 30
0.0
 11
-2005968.66522086
 21
-1298575.933370319
 31
0.0
  0
LINE
  5
851
330
17
100
AcDbEntity
  8
SURFACE
100
AcDbLine
 10
-2006378.665221144
 20
-1298675.933370151
 30
0.0
 11
-2005968.66522086
 21
-1298675.93337011
 31
0.0
  0
LINE
  5
852
330
17
100
AcDbEntity
  8
SURFACE
100
AcDbLine
 10
-2004268.665221296
 20
-1298675.93337011
 30
0.0
 11
-2004268.665221296
 21
-1298575.93337032
 31
0.0
  0
LINE
  5
853
330
17
100
AcDbEntity
  8
SURFACE
100
AcDbLine
 10
-2004268.665221296
 20
-1298675.93337011
 30
0.0
 11
-2003758.665221301
 21
-1298675.933370151
 31
0.0
  0
INSERT
  5
854
330
17
100
AcDbEntity
  8
WINDOW
100
AcDbBlockReference
 66
1
  2
$TCHSYS$WIN2D
 10
-2005118.665221135
 20
-1298535.93337023
 30
0.0
 41
1700.0
 42
-280.0
 43
1700.0
1001
WTHICK
1040
280.0
  0
ATTRIB
  5
855
330
854
100
AcDbEntity
  8
WINDOW_TEXT
100
AcDbText
 10
-2005313.665221135
 20
-1298209.683370229
 30
0.0
 40
297.5
  1

  7
_TCH_WINDOW
 41
0.7058823529411765
100
AcDbAttribute
  2
A
 70
0
  0
SEQEND
  5
856
330
854
100
AcDbEntity
  8
WINDOW
  0
LINE
  5
857
330
17
100
AcDbEntity
  8
WALL
100
AcDbLine
 10
-1996778.665221156
 20
-1294465.933370268
 30
0.0
 11
-1996668.66522149
 21
-1294465.933370554
 31
0.0
  0
LINE
  5
858
330
17
100
AcDbEntity
  8
WALL
100
AcDbLine
 10
-1996668.66522149
 20
-1294465.933370554
 30
0.0
 11
-1996668.66522149
 21
-1294285.933370371
 31
0.0
  0
LINE
  5
859
330
17
100
AcDbEntity
  8
WALL
100
AcDbLine
 10
-1996668.66522149
 20
-1294285.933370371
 30
0.0
 11
-1996958.665221156
 21
-1294285.933370268
 31
0.0
  0
LINE
  5
85A
330
17
100
AcDbEntity
  8
WALL
100
AcDbLine
 10
-1995668.665219727
 20
-1294285.933370268
 30
0.0
 11
-1995768.66522149
 21
-1294285.933370371
 31
0.0
  0
LINE
  5
85B
330
17
100
AcDbEntity
  8
WALL
100
AcDbLine
 10
-1995768.66522149
 20
-1294285.933370371
 30
0.0
 11
-1995768.66522149
 21
-1294465.933370554
 31
0.0
  0
LINE
  5
85C
330
17
100
AcDbEntity
  8
WALL
100
AcDbLine
 10
-1995768.66522149
 20
-1294465.933370554
 30
0.0
 11
-1995668.665221261
 21
-1294465.933370268
 31
0.0
  0
INSERT
  5
85D
330
17
100
AcDbEntity
  8
WINDOW
100
AcDbBlockReference
 66
1
  2
$DorLib2D$00000001
 10
-1996218.665221134
 20
-1294375.933370229
 30
0.0
 41
-900.0
 42
-900.0
 43
-900.0
1001
WTHICK
1040
180.0
  0
ATTRIB
  5
85E
330
85D
100
AcDbEntity
  8
WINDOW_TEXT
100
AcDbText
 10
-1996413.665221134
 20
-1294159.683370229
 30
0.0
 40
297.5
  1

  7
_TCH_WINDOW
 41
0.7058823529411765
100
AcDbAttribute
  2
A
 70
0
  0
SEQEND
  5
85F
330
85D
100
AcDbEntity
  8
WINDOW
  0
LINE
  5
860
330
17
100
AcDbEntity
  8
WALL
100
AcDbLine
 10
-1996868.665221135
 20
-1288175.933370229
 30
0.0
 11
-1997643.66522149
 21
-1288175.933370234
 31
0.0
  0
LINE
  5
861
330
17
100
AcDbEntity
  8
WALL
100
AcDbLine
 10
-1997643.66522149
 20
-1288175.933370234
 30
0.0
 11
-1997643.66522149
 21
-1288355.933370288
 31
0.0
  0
LINE
  5
862
330
17
100
AcDbEntity
  8
WALL
100
AcDbLine
 10
-1997643.66522149
 20
-1288355.933370288
 30
0.0
 11
-1996958.665221213
 21
-1288355.933370262
 31
0.0
  0
LINE
  5
863
330
17
100
AcDbEntity
  8
WALL
100
AcDbLine
 10
-1999818.665221135
 20
-1288355.933370229
 30
0.0
 11
-1999443.66522149
 21
-1288355.933370268
 31
0.0
  0
LINE
  5
864
330
17
100
AcDbEntity
  8
WALL
100
AcDbLine
 10
-1999443.66522149
 20
-1288355.933370268
 30
0.0
 11
-1999443.66522149
 21
-1288175.933370254
 31
0.0
  0
LINE
  5
865
330
17
100
AcDbEntity
  8
WALL
100
AcDbLine
 10
-1999443.66522149
 20
-1288175.933370254
 30
0.0
 11
-1999718.665221041
 21
-1288175.933370262
 31
0.0
  0
LINE
  5
866
330
17
100
AcDbEntity
  8
SURFACE
100
AcDbLine
 10
-1997643.66522086
 20
-1288075.933370221
 30
0.0
 11
-1997643.665220859
 21
-1288175.933370238
 31
0.0
  0
LINE
  5
867
330
17
100
AcDbEntity
  8
SURFACE
100
AcDbLine
 10
-1996868.665221135
 20
-1288075.933370229
 30
0.0
 11
-1997643.66522086
 21
-1288075.933370221
 31
0.0
  0
LINE
  5
868
330
17
100
AcDbEntity
  8
SURFACE
100
AcDbLine
 10
-1999443.66522086
 20
-1288075.933370242
 30
0.0
 11
-1999443.665220859
 21
-1288175.933370259
 31
0.0
  0
LINE
  5
869
330
17
100
AcDbEntity
  8
SURFACE
100
AcDbLine
 10
-1999443.66522086
 20
-1288075.933370242
 30
0.0
 11
-1999618.665221229
 21
-1288075.933370262
 31
0.0
  0
INSERT
  5
86A
330
17
100
AcDbEntity
  8
WINDOW
100
AcDbBlockReference
 66
1
  2
$TCHSYS$WIN2D
 10
-1998543.665221135
 20
-1288215.933370229
 30
0.0
 41
1800.0
 42
-280.0
 43
1800.0
 50
180.0
1001
WTHICK
1040
280.0
  0
ATTRIB
  5
86B
330
86A
100
AcDbEntity
  8
WINDOW_TEXT
100
AcDbText
 10
-1998738.665221135
 20
-1288789.683370229
 30
0.0
 40
297.5
  1

  7
_TCH_WINDOW
 41
0.7058823529411765
100
AcDbAttribute
  2
A
 70
0
  0
SEQEND
  5
86C
330
86A
100
AcDbEntity
  8
WINDOW
  0
LINE
  5
86D
330
17
100
AcDbEntity
  8
WALL
100
AcDbLine
 10
-1996778.665221
 20
-1288355.933370243
 30
0.0
 11
-1996778.665221135
 21
-1290575.933370229
 31
0.0
  0
LINE
  5
86E
330
17
100
AcDbEntity
  8
WALL
100
AcDbLine
 10
-1996958.665221213
 20
-1288355.933370262
 30
0.0
 11
-1996958.665221213
 21
-1290485.933370134
 31
0.0
  0
LINE
  5
86F
330
17
100
AcDbEntity
  8
WALL
100
AcDbLine
 10
-1993848.665221083
 20
-1291785.933370226
 30
0.0
 11
-1993848.665221083
 21
-1288355.933370243
 31
0.0
  0
LINE
  5
870
330
17
100
AcDbEntity
  8
WALL
100
AcDbLine
 10
-1993668.665221135
 20
-1291875.933370229
 30
0.0
 11
-1993668.665221218
 21
-1288175.933370243
 31
0.0
  0
LINE
  5
871
330
17
100
AcDbEntity
  8
SURFACE
100
AcDbLine
 10
-1993568.665221135
 20
-1291875.933370229
 30
0.0
 11
-1993568.665221218
 21
-1288075.933370243
 31
0.0
  0
LINE
  5
872
330
17
100
AcDbEntity
  8
WALL
100
AcDbLine
 10
-1996858.665221384
 20
-1291965.933369892
 30
0.0
 11
-1996668.66522149
 21
-1291965.933369813
 31
0.0
  0
LINE
  5
873
330
17
100
AcDbEntity
  8
WALL
100
AcDbLine
 10
-1996668.66522149
 20
-1291965.933369813
 30
0.0
 11
-1996668.66522149
 21
-1291785.933370462
 31
0.0
  0
LINE
  5
874
330
17
100
AcDbEntity
  8
WALL
100
AcDbLine
 10
-1996668.66522149
 20
-1291785.933370462
 30
0.0
 11
-1996778.665221229
 21
-1291785.933370268
 31
0.0
  0
LINE
  5
875
330
17
100
AcDbEntity
  8
WALL
100
AcDbLine
 10
-1995568.665221135
 20
-1291785.933370229
 30
0.0
 11
-1995768.66522149
 21
-1291785.933370433
 31
0.0
  0
LINE
  5
876
330
17
100
AcDbEntity
  8
WALL
100
AcDbLine
 10
-1995768.66522149
 20
-1291785.933370433
 30
0.0
 11
-1995768.66522149
 21
-1291965.933369813
 31
0.0
  0
LINE
  5
877
330
17
100
AcDbEntity
  8
WALL
100
AcDbLine
 10
-1995768.66522149
 20
-1291965.933369813
 30
0.0
 11
-1995668.66522128
 21
-1291965.933369892
 31
0.0
  0
INSERT
  5
878
330
17
100
AcDbEntity
  8
WINDOW
100
AcDbBlockReference
 66
1
  2
$DorLib2D$00000001
 10
-1996218.665221134
 20
-1291875.933370229
 30
0.0
 41
-900.0
 42
900.0
 43
-900.0
1001
WTHICK
1040
180.0
  0
ATTRIB
  5
879
330
878
100
AcDbEntity
  8
WINDOW_TEXT
100
AcDbText
 10
-1996413.665221134
 20
-1292389.683370229
 30
0.0
 40
297.5
  1

  7
_TCH_WINDOW
 41
0.7058823529411765
100
AcDbAttribute
  2
A
 70
0
  0
SEQEND
  5
87A
330
878
100
AcDbEntity
  8
WINDOW
  0
LINE
  5
87B
330
17
100
AcDbEntity
  8
WALL
100
AcDbLine
 10
-2000128.665221213
 20
-1288355.933370641
 30
0.0
 11
-2000128.665221213
 21
-1290485.933370361
 31
0.0
  0
LINE
  5
87C
330
17
100
AcDbEntity
  8
WALL
100
AcDbLine
 10
-2000308.665221
 20
-1288355.933370202
 30
0.0
 11
-2000308.665221
 21
-1290485.933370202
 31
0.0
  0
LINE
  5
87D
330
17
100
AcDbEntity
  8
WALL
100
AcDbLine
 10
-2002428.665221213
 20
-1290485.933370202
 30
0.0
 11
-2000308.665221
 21
-1290485.933370202
 31
0.0
  0
LINE
  5
87E
330
17
100
AcDbEntity
  8
WALL
100
AcDbLine
 10
-2002428.665221213
 20
-1290665.933370202
 30
0.0
 11
-2000218.665221135
 21
-1290665.933370229
 31
0.0
  0
LINE
  5
87F
330
17
100
AcDbEntity
  8
WALL
100
AcDbLine
 10
-1999728.665221213
 20
-1290665.933370134
 30
0.0
 11
-1999728.665221213
 21
-1292955.933370226
 31
0.0
  0
LINE
  5
880
330
17
100
AcDbEntity
  8
WALL
100
AcDbLine
 10
-1999908.665221
 20
-1290665.933370361
 30
0.0
 11
-1999908.665221
 21
-1292775.933370226
 31
0.0
  0
LINE
  5
881
330
17
100
AcDbEntity
  8
WALL
100
AcDbLine
 10
-2002428.665221213
 20
-1292775.933370226
 30
0.0
 11
-2002428.665221315
 21
-1292275.933370633
 31
0.0
  0
LINE
  5
882
330
17
100
AcDbEntity
  8
WALL
100
AcDbLine
 10
-2002428.665221315
 20
-1292275.933370633
 30
0.0
 11
-2002608.665221023
 21
-1292275.933370633
 31
0.0
  0
LINE
  5
883
330
17
100
AcDbEntity
  8
WALL
100
AcDbLine
 10
-2002608.665221023
 20
-1292275.933370633
 30
0.0
 11
-2002608.665221
 21
-1292775.933370268
 31
0.0
  0
LINE
  5
884
330
17
100
AcDbEntity
  8
WALL
100
AcDbLine
 10
-2002608.665221135
 20
-1290575.933370229
 30
0.0
 11
-2002608.665221091
 21
-1291175.933370633
 31
0.0
  0
LINE
  5
885
330
17
100
AcDbEntity
  8
WALL
100
AcDbLine
 10
-2002608.665221091
 20
-1291175.933370633
 30
0.0
 11
-2002428.665221315
 21
-1291175.933370633
 31
0.0
  0
LINE
  5
886
330
17
100
AcDbEntity
  8
WALL
100
AcDbLine
 10
-2002428.665221315
 20
-1291175.933370633
 30
0.0
 11
-2002428.665221213
 21
-1290665.933370202
 31
0.0
  0
INSERT
  5
887
330
17
100
AcDbEntity
  8
WINDOW
100
AcDbBlockReference
 66
1
  2
$DorLib2D$00000127
 10
-2002518.665221135
 20
-1291725.933370229
 30
0.0
 41
1100.0
 42
-180.0
 43
1100.0
 50
90.0
1001
WTHICK
1040
180.0
  0
ATTRIB
  5
888
330
887
100
AcDbEntity
  8
WINDOW_TEXT
100
AcDbText
 10
-2002734.915221135
 20
-1291920.933370229
 30
0.0
 40
297.5
  1

 50
90.0
  7
_TCH_WINDOW
 41
0.7058823529411765
100
AcDbAttribute
  2
A
 70
0
  0
SEQEND
  5
889
330
887
100
AcDbEntity
  8
WINDOW
  0
LINE
  5
88A
330
17
100
AcDbEntity
  8
WALL
100
AcDbLine
 10
-2002518.665221135
 20
-1288175.933370229
 30
0.0
 11
-2000218.665221135
 21
-1288175.933370229
 31
0.0
  0
LINE
  5
88B
330
17
100
AcDbEntity
  8
WALL
100
AcDbLine
 10
-2002428.665221213
 20
-1288355.933370202
 30
0.0
 11
-2000308.665221
 21
-1288355.933370202
 31
0.0
  0
LINE
  5
88C
330
17
100
AcDbEntity
  8
WALL
100
AcDbLine
 10
-2002518.665221135
 20
-1288175.933370229
 30
0.0
 11
-2003838.665220812
 21
-1288175.933370329
 31
0.0
  0
LINE
  5
88D
330
17
100
AcDbEntity
  8
WALL
100
AcDbLine
 10
-2003838.665220812
 20
-1288175.933370329
 30
0.0
 11
-2003838.665220812
 21
-1288355.933370361
 31
0.0
  0
LINE
  5
88E
330
17
100
AcDbEntity
  8
WALL
100
AcDbLine
 10
-2003838.665220812
 20
-1288355.933370361
 30
0.0
 11
-2002608.665221213
 21
-1288355.933370268
 31
0.0
  0
LINE
  5
88F
330
17
100
AcDbEntity
  8
WALL
100
AcDbLine
 10
-2005038.665221229
 20
-1288175.933370268
 30
0.0
 11
-2005038.665221
 21
-1288355.933370268
 31
0.0
  0
INSERT
  5
890
330
17
100
AcDbEntity
  8
WINDOW
100
AcDbBlockReference
 66
1
  2
$DorLib2D$00000226
 10
-2004438.665221135
 20
-1288265.933370229
 30
0.0
 41
1200.0
 42
-1200.0
 43
1200.0
 50
180.0
1001
WTHICK
1040
180.0
  0
ATTRIB
  5
891
330
890
100
AcDbEntity
  8
WINDOW_TEXT
100
AcDbText
 10
-2004633.665221135
 20
-1288499.683370229
 30
0.0
 40
297.5
  1

  7
_TCH_WINDOW
 41
0.7058823529411765
100
AcDbAttribute
  2
A
 70
0
  0
SEQEND
  5
892
330
890
100
AcDbEntity
  8
WINDOW
  0
LINE
  5
893
330
17
100
AcDbEntity
  8
WALL
100
AcDbLine
 10
-2005918.665221135
 20
-1288175.933370229
 30
0.0
 11
-2006593.66522149
 21
-1288175.933370346
 31
0.0
  0
LINE
  5
894
330
17
100
AcDbEntity
  8
WALL
100
AcDbLine
 10
-2006593.66522149
 20
-1288175.933370346
 30
0.0
 11
-2006593.66522149
 21
-1288355.933370238
 31
0.0
  0
LINE
  5
895
330
17
100
AcDbEntity
  8
WALL
100
AcDbLine
 10
-2006593.66522149
 20
-1288355.933370238
 30
0.0
 11
-2006008.665221213
 21
-1288355.933370192
 31
0.0
  0
LINE
  5
896
330
17
100
AcDbEntity
  8
WALL
100
AcDbLine
 10
-2009068.665221
 20
-1288355.933370192
 30
0.0
 11
-2008393.66522149
 21
-1288355.933370238
 31
0.0
  0
LINE
  5
897
330
17
100
AcDbEntity
  8
WALL
100
AcDbLine
 10
-2008393.66522149
 20
-1288355.933370238
 30
0.0
 11
-2008393.66522149
 21
-1288175.933370411
 31
0.0
  0
LINE
  5
898
330
17
100
AcDbEntity
  8
WALL
100
AcDbLine
 10
-2008393.66522149
 20
-1288175.933370411
 30
0.0
 11
-2009068.665221354
 21
-1288175.933370343
 31
0.0
  0
LINE
  5
899
330
17
100
AcDbEntity
  8
SURFACE
100
AcDbLine
 10
-2006593.66522086
 20
-1288075.933370149
 30
0.0
 11
-2006593.665220856
 21
-1288175.933370254
 31
0.0
  0
LINE
  5
89A
330
17
100
AcDbEntity
  8
SURFACE
100
AcDbLine
 10
-2005918.665221135
 20
-1288075.933370229
 30
0.0
 11
-2006593.66522086
 21
-1288075.933370149
 31
0.0
  0
LINE
  5
89B
330
17
100
AcDbEntity
  8
SURFACE
100
AcDbLine
 10
-2008393.66522086
 20
-1288075.933370127
 30
0.0
 11
-2008393.665220856
 21
-1288175.933370318
 31
0.0
  0
LINE
  5
89C
330
17
100
AcDbEntity
  8
SURFACE
100
AcDbLine
 10
-2008393.66522086
 20
-1288075.933370127
 30
0.0
 11
-2008968.665220947
 21
-1288075.933370192
 31
0.0
  0
INSERT
  5
89D
330
17
100
AcDbEntity
  8
WINDOW
100
AcDbBlockReference
 66
1
  2
$TCHSYS$WIN2D
 10
-2007493.665221135
 20
-1288215.933370229
 30
0.0
 41
1800.0
 42
280.0
 43
1800.0
 50
180.0
1001
WTHICK
1040
280.0
  0
ATTRIB
  5
89E
330
89D
100
AcDbEntity
  8
WINDOW_TEXT
100
AcDbText
 10
-2007688.665221135
 20
-1288059.683370229
 30
0.0
 40
297.5
  1

  7
_TCH_WINDOW
 41
0.7058823529411765
100
AcDbAttribute
  2
A
 70
0
  0
SEQEND
  5
89F
330
89D
100
AcDbEntity
  8
WINDOW
  0
LINE
  5
8A0
330
17
100
AcDbEntity
  8
WALL
100
AcDbLine
 10
-2005828.665221213
 20
-1288355.933370361
 30
0.0
 11
-2005828.665221213
 21
-1290485.933370361
 31
0.0
  0
LINE
  5
8A1
330
17
100
AcDbEntity
  8
WALL
100
AcDbLine
 10
-2006008.665221213
 20
-1288355.933370192
 30
0.0
 11
-2006008.665221213
 21
-1290485.933370192
 31
0.0
  0
LINE
  5
8A2
330
17
100
AcDbEntity
  8
WALL
100
AcDbLine
 10
-2009068.665221
 20
-1288355.933370192
 30
0.0
 11
-2009068.665221
 21
-1290485.933370192
 31
0.0
  0
LINE
  5
8A3
330
17
100
AcDbEntity
  8
WALL
100
AcDbLine
 10
-2009248.665221135
 20
-1288275.933370229
 30
0.0
 11
-2009248.665221213
 21
-1290485.933370268
 31
0.0
  0
LINE
  5
8A4
330
17
100
AcDbEntity
  8
WALL
100
AcDbLine
 10
-2012368.665221135
 20
-1290575.933370229
 30
0.0
 11
-2012368.665220933
 21
-1290975.933370633
 31
0.0
  0
LINE
  5
8A5
330
17
100
AcDbEntity
  8
WALL
100
AcDbLine
 10
-2012368.665220933
 20
-1290975.933370633
 30
0.0
 11
-2012188.665221213
 21
-1290975.933370633
 31
0.0
  0
LINE
  5
8A6
330
17
100
AcDbEntity
  8
WALL
100
AcDbLine
 10
-2012188.665221213
 20
-1290975.933370633
 30
0.0
 11
-2012188.665221213
 21
-1290665.933370226
 31
0.0
  0
LINE
  5
8A7
330
17
100
AcDbEntity
  8
WALL
100
AcDbLine
 10
-2012188.665221213
 20
-1292775.933370117
 30
0.0
 11
-2012188.665221213
 21
-1291875.933369955
 31
0.0
  0
LINE
  5
8A8
330
17
100
AcDbEntity
  8
WALL
100
AcDbLine
 10
-2012188.665221213
 20
-1291875.933369955
 30
0.0
 11
-2012368.665220879
 21
-1291875.933369954
 31
0.0
  0
LINE
  5
8A9
330
17
100
AcDbEntity
  8
WALL
100
AcDbLine
 10
-2012368.665220879
 20
-1291875.933369954
 30
0.0
 11
-2012368.665221
 21
-1292775.933370268
 31
0.0
  0
LINE
  5
8AA
330
17
100
AcDbEntity
  8
SURFACE
100
AcDbLine
 10
-2012468.665221278
 20
-1290975.9333701
 30
0.0
 11
-2012368.66522111
 21
-1290975.933370094
 31
0.0
  0
LINE
  5
8AB
330
17
100
AcDbEntity
  8
SURFACE
100
AcDbLine
 10
-2012468.665221135
 20
-1290575.933370229
 30
0.0
 11
-2012468.665221278
 21
-1290975.9333701
 31
0.0
  0
LINE
  5
8AC
330
17
100
AcDbEntity
  8
SURFACE
100
AcDbLine
 10
-2012468.665221311
 20
-1291875.933370536
 30
0.0
 11
-2012368.665221055
 21
-1291875.93337053
 31
0.0
  0
LINE
  5
8AD
330
17
100
AcDbEntity
  8
SURFACE
100
AcDbLine
 10
-2012468.665221311
 20
-1291875.933370536
 30
0.0
 11
-2012468.665221213
 21
-1292675.933369892
 31
0.0
  0
INSERT
  5
8AE
330
17
100
AcDbEntity
  8
WINDOW
100
AcDbBlockReference
 66
1
  2
$TCHSYS$WIN2D
 10
-2012328.665221135
 20
-1291425.933370229
 30
0.0
 41
-900.0
 42
-280.0
 43
-900.0
 50
270.0
1001
WTHICK
1040
280.0
  0
ATTRIB
  5
8AF
330
8AE
100
AcDbEntity
  8
WINDOW_TEXT
100
AcDbText
 10
-2011754.915221135
 20
-1291620.933370229
 30
0.0
 40
297.5
  1

 50
90.0
  7
_TCH_WINDOW
 41
0.7058823529411765
100
AcDbAttribute
  2
A
 70
0
  0
SEQEND
  5
8B0
330
8AE
100
AcDbEntity
  8
WINDOW
  0
LINE
  5
8B1
330
17
100
AcDbEntity
  8
WALL
100
AcDbLine
 10
-2009248.665221213
 20
-1290485.933370268
 30
0.0
 11
-2009368.66522149
 21
-1290485.933370024
 31
0.0
  0
LINE
  5
8B2
330
17
100
AcDbEntity
  8
WALL
100
AcDbLine
 10
-2009368.66522149
 20
-1290485.933370024
 30
0.0
 11
-2009368.66522149
 21
-1290665.933370288
 31
0.0
  0
LINE
  5
8B3
330
17
100
AcDbEntity
  8
WALL
100
AcDbLine
 10
-2009368.66522149
 20
-1290665.933370288
 30
0.0
 11
-2009168.665221135
 21
-1290665.933370229
 31
0.0
  0
LINE
  5
8B4
330
17
100
AcDbEntity
  8
WALL
100
AcDbLine
 10
-2010378.665221
 20
-1290665.933370268
 30
0.0
 11
-2010268.66522149
 21
-1290665.933370316
 31
0.0
  0
LINE
  5
8B5
330
17
100
AcDbEntity
  8
WALL
100
AcDbLine
 10
-2010268.66522149
 20
-1290665.933370316
 30
0.0
 11
-2010268.66522149
 21
-1290485.933369996
 31
0.0
  0
LINE
  5
8B6
330
17
100
AcDbEntity
  8
WALL
100
AcDbLine
 10
-2010268.66522149
 20
-1290485.933369996
 30
0.0
 11
-2010468.665221135
 21
-1290485.933370229
 31
0.0
  0
INSERT
  5
8B7
330
17
100
AcDbEntity
  8
WINDOW
100
AcDbBlockReference
 66
1
  2
$DorLib2D$00000001
 10
-2009818.665221136
 20
-1290575.933370229
 30
0.0
 41
-900.0
 42
-900.0
 43
-900.0
 50
180.0
1001
WTHICK
1040
180.0
  0
ATTRIB
  5
8B8
330
8B7
100
AcDbEntity
  8
WINDOW_TEXT
100
AcDbText
 10
-2010013.665221136
 20
-1291089.683370229
 30
0.0
 40
297.5
  1

  7
_TCH_WINDOW
 41
0.7058823529411765
100
AcDbAttribute
  2
A
 70
0
  0
SEQEND
  5
8B9
330
8B7
100
AcDbEntity
  8
WINDOW
  0
LINE
  5
8BA
330
17
100
AcDbEntity
  8
WALL
100
AcDbLine
 10
-2005828.665221
 20
-1290665.933370361
 30
0.0
 11
-2005828.665221
 21
-1292775.933370643
 31
0.0
  0
LINE
  5
8BB
330
17
100
AcDbEntity
  8
WALL
100
AcDbLine
 10
-2006008.665221213
 20
-1290665.933370192
 30
0.0
 11
-2006008.665221213
 21
-1292955.933370643
 31
0.0
  0
LINE
  5
8BC
330
17
100
AcDbEntity
  8
WALL
100
AcDbLine
 10
-2005138.665221213
 20
-1290665.933370361
 30
0.0
 11
-2005828.665221
 21
-1290665.933370361
 31
0.0
  0
LINE
  5
8BD
330
17
100
AcDbEntity
  8
WALL
100
AcDbLine
 10
-2005218.665221213
 20
-1290485.933370361
 30
0.0
 11
-2005828.665221213
 21
-1290485.933370361
 31
0.0
  0
LINE
  5
8BE
330
17
100
AcDbEntity
  8
WALL
100
AcDbLine
 10
-2000858.665221037
 20
-1298395.933370143
 30
0.0
 11
-2000858.665221037
 21
-1294465.933370268
 31
0.0
  0
LINE
  5
8BF
330
17
100
AcDbEntity
  8
WALL
100
AcDbLine
 10
-2000678.665221156
 20
-1298395.933370268
 30
0.0
 11
-2000678.665221156
 21
-1294285.933370268
 31
0.0
  0
LINE
  5
8C0
330
17
100
AcDbEntity
  8
WALL
100
AcDbLine
 10
-2000678.665221156
 20
-1294285.933370268
 30
0.0
 11
-2000968.665220812
 21
-1294285.933370401
 31
0.0
  0
LINE
  5
8C1
330
17
100
AcDbEntity
  8
WALL
100
AcDbLine
 10
-2000968.665220812
 20
-1294285.933370401
 30
0.0
 11
-2000968.665220812
 21
-1294465.933369971
 31
0.0
  0
LINE
  5
8C2
330
17
100
AcDbEntity
  8
WALL
100
AcDbLine
 10
-2000968.665220812
 20
-1294465.933369971
 30
0.0
 11
-2000858.665221037
 21
-1294465.933370268
 31
0.0
  0
LINE
  5
8C3
330
17
100
AcDbEntity
  8
WALL
100
AcDbLine
 10
-2001978.665221122
 20
-1294465.933370268
 30
0.0
 11
-2001868.665220812
 21
-1294465.933369971
 31
0.0
  0
LINE
  5
8C4
330
17
100
AcDbEntity
  8
WALL
100
AcDbLine
 10
-2001868.665220812
 20
-1294465.933369971
 30
0.0
 11
-2001868.665220812
 21
-1294285.933370401
 31
0.0
  0
LINE
  5
8C5
330
17
100
AcDbEntity
  8
WALL
100
AcDbLine
 10
-2001868.665220812
 20
-1294285.933370401
 30
0.0
 11
-2001978.665221029
 21
-1294285.933370268
 31
0.0
  0
INSERT
  5
8C6
330
17
100
AcDbEntity
  8
WINDOW
100
AcDbBlockReference
 66
1
  2
$DorLib2D$00000001
 10
-2001418.665221134
 20
-1294375.933370229
 30
0.0
 41
900.0
 42
900.0
 43
900.0
 50
180.0
1001
WTHICK
1040
180.0
  0
ATTRIB
  5
8C7
330
8C6
100
AcDbEntity
  8
WINDOW_TEXT
100
AcDbText
 10
-2001613.665221134
 20
-1294159.683370229
 30
0.0
 40
297.5
  1

  7
_TCH_WINDOW
 41
0.7058823529411765
100
AcDbAttribute
  2
A
 70
0
  0
SEQEND
  5
8C8
330
8C6
100
AcDbEntity
  8
WINDOW
  0
LINE
  5
8C9
330
17
100
AcDbEntity
  8
WALL
100
AcDbLine
 10
-2002158.665221029
 20
-1292955.933370226
 30
0.0
 11
-2002158.665220968
 21
-1293075.933369954
 31
0.0
  0
LINE
  5
8CA
330
17
100
AcDbEntity
  8
WALL
100
AcDbLine
 10
-2002158.665220968
 20
-1293075.933369954
 30
0.0
 11
-2001978.665220853
 21
-1293075.933369954
 31
0.0
  0
LINE
  5
8CB
330
17
100
AcDbEntity
  8
WALL
100
AcDbLine
 10
-2001978.665220853
 20
-1293075.933369954
 30
0.0
 11
-2001978.665221029
 21
-1292955.933370226
 31
0.0
  0
LINE
  5
8CC
330
17
100
AcDbEntity
  8
WALL
100
AcDbLine
 10
-2001978.665221029
 20
-1294285.933370268
 30
0.0
 11
-2001978.665220853
 21
-1294175.933369954
 31
0.0
  0
LINE
  5
8CD
330
17
100
AcDbEntity
  8
WALL
100
AcDbLine
 10
-2001978.665220853
 20
-1294175.933369954
 30
0.0
 11
-2002158.665220968
 21
-1294175.933369955
 31
0.0
  0
LINE
  5
8CE
330
17
100
AcDbEntity
  8
WALL
100
AcDbLine
 10
-2002158.665220968
 20
-1294175.933369955
 30
0.0
 11
-2002158.665221029
 21
-1294285.933370187
 31
0.0
  0
INSERT
  5
8CF
330
17
100
AcDbEntity
  8
WINDOW
100
AcDbBlockReference
 66
1
  2
$DorLib2D$00000001
 10
-2002068.665221135
 20
-1293625.933370229
 30
0.0
 41
1100.0
 42
-1100.0
 43
1100.0
 50
270.0
1001
WTHICK
1040
180.0
  0
ATTRIB
  5
8D0
330
8CF
100
AcDbEntity
  8
WINDOW_TEXT
100
AcDbText
 10
-2001464.915221135
 20
-1293870.933370229
 30
0.0
 40
297.5
  1

 50
90.0
  7
_TCH_WINDOW
 41
0.7058823529411765
100
AcDbAttribute
  2
A
 70
0
  0
SEQEND
  5
8D1
330
8CF
100
AcDbEntity
  8
WINDOW
  0
LINE
  5
8D2
330
17
100
AcDbEntity
  8
WALL
100
AcDbLine
 10
-2005358.665221122
 20
-1295165.933370056
 30
0.0
 11
-2005358.665221122
 21
-1294465.933370268
 31
0.0
  0
LINE
  5
8D3
330
17
100
AcDbEntity
  8
WALL
100
AcDbLine
 10
-2005178.665221122
 20
-1294985.933370056
 30
0.0
 11
-2005178.665221122
 21
-1294385.933370226
 31
0.0
  0
LINE
  5
8D4
330
17
100
AcDbEntity
  8
WALL
100
AcDbLine
 10
-2005358.665221354
 20
-1294285.933370268
 30
0.0
 11
-2005358.665221122
 21
-1294465.933370268
 31
0.0
  0
LINE
  5
8D5
330
17
100
AcDbEntity
  8
WALL
100
AcDbLine
 10
-2006478.665221161
 20
-1294465.933370267
 30
0.0
 11
-2006258.66522149
 21
-1294465.933370686
 31
0.0
  0
LINE
  5
8D6
330
17
100
AcDbEntity
  8
WALL
100
AcDbLine
 10
-2006258.66522149
 20
-1294465.933370686
 30
0.0
 11
-2006258.66522149
 21
-1294285.933370355
 31
0.0
  0
LINE
  5
8D7
330
17
100
AcDbEntity
  8
WALL
100
AcDbLine
 10
-2006258.66522149
 20
-1294285.933370355
 30
0.0
 11
-2006658.665221042
 21
-1294285.933370268
 31
0.0
  0
INSERT
  5
8D8
330
17
100
AcDbEntity
  8
WINDOW
100
AcDbBlockReference
 66
1
  2
$DorLib2D$00000001
 10
-2005808.665221135
 20
-1294375.933370229
 30
0.0
 41
-900.0
 42
900.0
 43
-900.0
 50
180.0
1001
WTHICK
1040
180.0
  0
ATTRIB
  5
8D9
330
8D8
100
AcDbEntity
  8
WINDOW_TEXT
100
AcDbText
 10
-2006003.665221135
 20
-1294069.683370229
 30
0.0
 40
297.5
  1

  7
_TCH_WINDOW
 41
0.7058823529411765
100
AcDbAttribute
  2
A
 70
0
  0
SEQEND
  5
8DA
330
8D8
100
AcDbEntity
  8
WINDOW
  0
LINE
  5
8DB
330
17
100
AcDbEntity
  8
WALL
100
AcDbLine
 10
-2006478.665221161
 20
-1294465.933370267
 30
0.0
 11
-2006478.665221161
 21
-1298395.93337032
 31
0.0
  0
LINE
  5
8DC
330
17
100
AcDbEntity
  8
WALL
100
AcDbLine
 10
-2006658.665221042
 20
-1294285.933370268
 30
0.0
 11
-2006658.665221042
 21
-1298395.933370142
 31
0.0
  0
LINE
  5
8DD
330
17
100
AcDbEntity
  8
WALL
100
AcDbLine
 10
-2003578.665221301
 20
-1298575.933370144
 30
0.0
 11
-2003068.66522149
 21
-1298575.933370102
 31
0.0
  0
LINE
  5
8DE
330
17
100
AcDbEntity
  8
WALL
100
AcDbLine
 10
-2003068.66522149
 20
-1298575.933370102
 30
0.0
 11
-2003068.66522149
 21
-1298395.93337015
 31
0.0
  0
LINE
  5
8DF
330
17
100
AcDbEntity
  8
WALL
100
AcDbLine
 10
-2003068.66522149
 20
-1298395.93337015
 30
0.0
 11
-2003578.66522106
 21
-1298395.933370144
 31
0.0
  0
LINE
  5
8E0
330
17
100
AcDbEntity
  8
WALL
100
AcDbLine
 10
-2000858.665221037
 20
-1298395.933370143
 30
0.0
 11
-2001368.66522149
 21
-1298395.93337015
 31
0.0
  0
LINE
  5
8E1
330
17
100
AcDbEntity
  8
WALL
100
AcDbLine
 10
-2001368.66522149
 20
-1298395.93337015
 30
0.0
 11
-2001368.66522149
 21
-1298575.933370102
 31
0.0
  0
LINE
  5
8E2
330
17
100
AcDbEntity
  8
WALL
100
AcDbLine
 10
-2001368.66522149
 20
-1298575.933370102
 30
0.0
 11
-2000858.665220829
 21
-1298575.933370143
 31
0.0
  0
LINE
  5
8E3
330
17
100
AcDbEntity
  8
SURFACE
100
AcDbLine
 10
-2003068.665221296
 20
-1298675.933370483
 30
0.0
 11
-2003068.665221296
 21
-1298575.933370144
 31
0.0
  0
LINE
  5
8E4
330
17
100
AcDbEntity
  8
SURFACE
100
AcDbLine
 10
-2003578.665221301
 20
-1298675.933370312
 30
0.0
 11
-2003068.665221296
 21
-1298675.933370483
 31
0.0
  0
LINE
  5
8E5
330
17
100
AcDbEntity
  8
SURFACE
100
AcDbLine
 10
-2001368.66522086
 20
-1298675.933370483
 30
0.0
 11
-2001368.66522086
 21
-1298575.933370143
 31
0.0
  0
LINE
  5
8E6
330
17
100
AcDbEntity
  8
SURFACE
100
AcDbLine
 10
-2001368.66522086
 20
-1298675.933370483
 30
0.0
 11
-2000958.665221144
 21
-1298675.933370312
 31
0.0
  0
INSERT
  5
8E7
330
17
100
AcDbEntity
  8
WINDOW
100
AcDbBlockReference
 66
1
  2
$TCHSYS$WIN2D
 10
-2002218.665221134
 20
-1298535.933370229
 30
0.0
 41
1700.0
 42
-280.0
 43
1700.0
 50
4.6001e-12
1001
WTHICK
1040
280.0
  0
ATTRIB
  5
8E8
330
8E7
100
AcDbEntity
  8
WINDOW_TEXT
100
AcDbText
 10
-2002413.665221135
 20
-1298259.683370229
 30
0.0
 40
297.5
  1

 50
4.6001e-12
  7
_TCH_WINDOW
 41
0.7058823529411765
100
AcDbAttribute
  2
A
 70
0
  0
SEQEND
  5
8E9
330
8E7
100
AcDbEntity
  8
WINDOW
  0
LINE
  5
8EA
330
17
100
AcDbEntity
  8
WALL
100
AcDbLine
 10
-2003758.665221203
 20
-1295165.933370056
 30
0.0
 11
-2005358.665221122
 21
-1295165.933370056
 31
0.0
  0
LINE
  5
8EB
330
17
100
AcDbEntity
  8
WALL
100
AcDbLine
 10
-2003668.665221135
 20
-1294985.933370229
 30
0.0
 11
-2005178.665221122
 21
-1294985.933370056
 31
0.0
  0
LINE
  5
8EC
330
17
100
AcDbEntity
  8
WALL
100
AcDbLine
 10
-1996958.665221156
 20
-1298395.933370268
 30
0.0
 11
-1996958.665221156
 21
-1294285.933370268
 31
0.0
  0
LINE
  5
8ED
330
17
100
AcDbEntity
  8
WALL
100
AcDbLine
 10
-1996778.665221135
 20
-1298475.933370229
 30
0.0
 11
-1996778.665221156
 21
-1294465.933370268
 31
0.0
  0
LINE
  5
8EE
330
17
100
AcDbEntity
  8
WALL
100
AcDbLine
 10
-2000678.665221144
 20
-1298575.933370268
 30
0.0
 11
-2000018.66522149
 21
-1298575.933370217
 31
0.0
  0
LINE
  5
8EF
330
17
100
AcDbEntity
  8
WALL
100
AcDbLine
 10
-2000018.66522149
 20
-1298575.933370217
 30
0.0
 11
-2000018.66522149
 21
-1298395.933370348
 31
0.0
  0
LINE
  5
8F0
330
17
100
AcDbEntity
  8
WALL
100
AcDbLine
 10
-2000018.66522149
 20
-1298395.933370348
 30
0.0
 11
-2000678.665221156
 21
-1298395.933370268
 31
0.0
  0
LINE
  5
8F1
330
17
100
AcDbEntity
  8
WALL
100
AcDbLine
 10
-1996958.665221156
 20
-1298395.933370268
 30
0.0
 11
-1997618.66522149
 21
-1298395.933370348
 31
0.0
  0
LINE
  5
8F2
330
17
100
AcDbEntity
  8
WALL
100
AcDbLine
 10
-1997618.66522149
 20
-1298395.933370348
 30
0.0
 11
-1997618.66522149
 21
-1298575.933370217
 31
0.0
  0
LINE
  5
8F3
330
17
100
AcDbEntity
  8
WALL
100
AcDbLine
 10
-1997618.66522149
 20
-1298575.933370217
 30
0.0
 11
-1996958.665221144
 21
-1298575.933370268
 31
0.0
  0
INSERT
  5
8F4
330
17
100
AcDbEntity
  8
WINDOW
100
AcDbBlockReference
 66
1
  2
$DorLib2D$00000131
 10
-1998818.665221135
 20
-1298485.933370229
 30
0.0
 41
-2400.0
 42
180.0
 43
-2400.0
1001
WTHICK
1040
180.0
  0
ATTRIB
  5
8F5
330
8F4
100
AcDbEntity
  8
WINDOW_TEXT
100
AcDbText
 10
-1999013.665221135
 20
-1298707.183370229
 30
0.0
 40
297.5
  1

  7
_TCH_WINDOW
 41
0.7058823529411765
100
AcDbAttribute
  2
A
 70
0
  0
SEQEND
  5
8F6
330
8F4
100
AcDbEntity
  8
WINDOW
  0
LINE
  5
8F7
330
17
100
AcDbEntity
  8
WALL
100
AcDbLine
 10
-2010558.665221135
 20
-1298475.93337023
 30
0.0
 11
-2010558.665221161
 21
-1294465.933370267
 31
0.0
  0
LINE
  5
8F8
330
17
100
AcDbEntity
  8
WALL
100
AcDbLine
 10
-2010378.665221042
 20
-1298395.933370142
 30
0.0
 11
-2010378.665221042
 21
-1294285.933370268
 31
0.0
  0
LINE
  5
8F9
330
17
100
AcDbEntity
  8
WALL
100
AcDbLine
 10
-2006658.665221042
 20
-1298395.933370142
 30
0.0
 11
-2007318.665220812
 21
-1298395.933370036
 31
0.0
  0
LINE
  5
8FA
330
17
100
AcDbEntity
  8
WALL
100
AcDbLine
 10
-2007318.665220812
 20
-1298395.933370036
 30
0.0
 11
-2007318.665220812
 21
-1298575.933370205
 31
0.0
  0
LINE
  5
8FB
330
17
100
AcDbEntity
  8
WALL
100
AcDbLine
 10
-2007318.665220812
 20
-1298575.933370205
 30
0.0
 11
-2006658.665221144
 21
-1298575.933370142
 31
0.0
  0
LINE
  5
8FC
330
17
100
AcDbEntity
  8
WALL
100
AcDbLine
 10
-2010378.665221819
 20
-1298575.933370142
 30
0.0
 11
-2009718.66522149
 21
-1298575.933370205
 31
0.0
  0
LINE
  5
8FD
330
17
100
AcDbEntity
  8
WALL
100
AcDbLine
 10
-2009718.66522149
 20
-1298575.933370205
 30
0.0
 11
-2009718.66522149
 21
-1298395.933370036
 31
0.0
  0
LINE
  5
8FE
330
17
100
AcDbEntity
  8
WALL
100
AcDbLine
 10
-2009718.66522149
 20
-1298395.933370036
 30
0.0
 11
-2010378.665221042
 21
-1298395.933370142
 31
0.0
  0
INSERT
  5
8FF
330
17
100
AcDbEntity
  8
WINDOW
100
AcDbBlockReference
 66
1
  2
$DorLib2D$00000131
 10
-2008518.665221135
 20
-1298485.93337023
 30
0.0
 41
2400.0
 42
-180.0
 43
2400.0
 50
180.0
1001
WTHICK
1040
180.0
  0
ATTRIB
  5
900
330
8FF
100
AcDbEntity
  8
WINDOW_TEXT
100
AcDbText
 10
-2008713.665221135
 20
-1298707.183370229
 30
0.0
 40
297.5
  1

  7
_TCH_WINDOW
 41
0.7058823529411765
100
AcDbAttribute
  2
A
 70
0
  0
SEQEND
  5
901
330
8FF
100
AcDbEntity
  8
WINDOW
  0
LINE
  5
902
330
17
100
AcDbEntity
  8
WALL
100
AcDbLine
 10
-1993668.665221135
 20
-1294075.933370229
 30
0.0
 11
-1993668.665221058
 21
-1293575.933370633
 31
0.0
  0
LINE
  5
903
330
17
100
AcDbEntity
  8
WALL
100
AcDbLine
 10
-1993668.665221058
 20
-1293575.933370633
 30
0.0
 11
-1993848.665221322
 21
-1293575.933370633
 31
0.0
  0
LINE
  5
904
330
17
100
AcDbEntity
  8
WALL
100
AcDbLine
 10
-1993848.665221322
 20
-1293575.933370633
 30
0.0
 11
-1993848.66522128
 21
-1293985.933370226
 31
0.0
  0
LINE
  5
905
330
17
100
AcDbEntity
  8
WALL
100
AcDbLine
 10
-1993848.66522128
 20
-1291965.933370226
 30
0.0
 11
-1993848.665221322
 21
-1292975.933369954
 31
0.0
  0
LINE
  5
906
330
17
100
AcDbEntity
  8
WALL
100
AcDbLine
 10
-1993848.665221322
 20
-1292975.933369954
 30
0.0
 11
-1993668.665221058
 21
-1292975.933369954
 31
0.0
  0
LINE
  5
907
330
17
100
AcDbEntity
  8
WALL
100
AcDbLine
 10
-1993668.665221058
 20
-1292975.933369954
 30
0.0
 11
-1993668.665221135
 21
-1291875.933370229
 31
0.0
  0
LINE
  5
908
330
17
100
AcDbEntity
  8
SURFACE
100
AcDbLine
 10
-1993568.665221058
 20
-1293575.9333701
 30
0.0
 11
-1993668.665221135
 21
-1293575.9333701
 31
0.0
  0
LINE
  5
909
330
17
100
AcDbEntity
  8
SURFACE
100
AcDbLine
 10
-1993568.665221135
 20
-1294075.933370229
 30
0.0
 11
-1993568.665221058
 21
-1293575.9333701
 31
0.0
  0
LINE
  5
90A
330
17
100
AcDbEntity
  8
SURFACE
100
AcDbLine
 10
-1993568.665221058
 20
-1292975.9333701
 30
0.0
 11
-1993668.665221135
 21
-1292975.9333701
 31
0.0
  0
LINE
  5
90B
330
17
100
AcDbEntity
  8
SURFACE
100
AcDbLine
 10
-1993568.665221058
 20
-1292975.9333701
 30
0.0
 11
-1993568.665221135
 21
-1291875.933370229
 31
0.0
  0
INSERT
  5
90C
330
17
100
AcDbEntity
  8
WINDOW
100
AcDbBlockReference
 66
1
  2
$TCHSYS$WIN2D
 10
-1993708.665221135
 20
-1293275.933370229
 30
0.0
 41
-600.0
 42
-280.0
 43
-600.0
 50
90.0
1001
WTHICK
1040
280.0
  0
ATTRIB
  5
90D
330
90C
100
AcDbEntity
  8
WINDOW_TEXT
100
AcDbText
 10
-1993984.915221135
 20
-1293470.933370229
 30
0.0
 40
297.5
  1

 50
90.0
  7
_TCH_WINDOW
 41
0.7058823529411765
100
AcDbAttribute
  2
A
 70
0
  0
SEQEND
  5
90E
330
90C
100
AcDbEntity
  8
WINDOW
  0
LINE
  5
90F
330
17
100
AcDbEntity
  8
WALL
100
AcDbLine
 10
-1993848.665221037
 20
-1294165.933370226
 30
0.0
 11
-1995568.665221354
 21
-1294165.933370226
 31
0.0
  0
LINE
  5
910
330
17
100
AcDbEntity
  8
WALL
100
AcDbLine
 10
-1993848.66522128
 20
-1293985.933370226
 30
0.0
 11
-1995568.665221058
 21
-1293985.933370226
 31
0.0
  0
LINE
  5
911
330
17
100
AcDbEntity
  8
WALL
100
AcDbLine
 10
-1993668.665221135
 20
-1296125.933370229
 30
0.0
 11
-1993668.665221275
 21
-1295175.933369954
 31
0.0
  0
LINE
  5
912
330
17
100
AcDbEntity
  8
WALL
100
AcDbLine
 10
-1993668.665221275
 20
-1295175.933369954
 30
0.0
 11
-1993848.665221172
 21
-1295175.933369954
 31
0.0
  0
LINE
  5
913
330
17
100
AcDbEntity
  8
WALL
100
AcDbLine
 10
-1993848.665221172
 20
-1295175.933369954
 30
0.0
 11
-1993848.665221037
 21
-1296125.933370226
 31
0.0
  0
LINE
  5
914
330
17
100
AcDbEntity
  8
WALL
100
AcDbLine
 10
-1993848.665221037
 20
-1294165.933370226
 30
0.0
 11
-1993848.665221172
 21
-1294575.933369954
 31
0.0
  0
LINE
  5
915
330
17
100
AcDbEntity
  8
WALL
100
AcDbLine
 10
-1993848.665221172
 20
-1294575.933369954
 30
0.0
 11
-1993668.665221275
 21
-1294575.933369954
 31
0.0
  0
LINE
  5
916
330
17
100
AcDbEntity
  8
WALL
100
AcDbLine
 10
-1993668.665221275
 20
-1294575.933369954
 30
0.0
 11
-1993668.665221135
 21
-1294075.933370229
 31
0.0
  0
LINE
  5
917
330
17
100
AcDbEntity
  8
SURFACE
100
AcDbLine
 10
-1993568.665221037
 20
-1295175.933370536
 30
0.0
 11
-1993668.665221135
 21
-1295175.933370536
 31
0.0
  0
LINE
  5
918
330
17
100
AcDbEntity
  8
SURFACE
100
AcDbLine
 10
-1993568.665221135
 20
-1296125.933370229
 30
0.0
 11
-1993568.665221037
 21
-1295175.933370536
 31
0.0
  0
LINE
  5
919
330
17
100
AcDbEntity
  8
SURFACE
100
AcDbLine
 10
-1993568.665221037
 20
-1294575.9333701
 30
0.0
 11
-1993668.665221135
 21
-1294575.9333701
 31
0.0
  0
LINE
  5
91A
330
17
100
AcDbEntity
  8
SURFACE
100
AcDbLine
 10
-1993568.665221037
 20
-1294575.9333701
 30
0.0
 11
-1993568.665221135
 21
-1294075.933370229
 31
0.0
  0
INSERT
  5
91B
330
17
100
AcDbEntity
  8
WINDOW
100
AcDbBlockReference
 66
1
  2
$TCHSYS$WIN2D
 10
-1993708.665221135
 20
-1294875.933370229
 30
0.0
 41
600.0
 42
-280.0
 43
600.0
 50
90.0
1001
WTHICK
1040
280.0
  0
ATTRIB
  5
91C
330
91B
100
AcDbEntity
  8
WINDOW_TEXT
100
AcDbText
 10
-1993984.915221135
 20
-1295070.933370229
 30
0.0
 40
297.5
  1

 50
90.0
  7
_TCH_WINDOW
 41
0.7058823529411765
100
AcDbAttribute
  2
A
 70
0
  0
SEQEND
  5
91D
330
91B
100
AcDbEntity
  8
WINDOW
  0
LINE
  5
91E
330
17
100
AcDbEntity
  8
WALL
100
AcDbLine
 10
-1993848.665221104
 20
-1296225.933370226
 30
0.0
 11
-1995668.665221261
 21
-1296225.933370226
 31
0.0
  0
LINE
  5
91F
330
17
100
AcDbEntity
  8
WALL
100
AcDbLine
 10
-1993848.665221037
 20
-1296125.933370226
 30
0.0
 11
-1995568.665221261
 21
-1296125.933370226
 31
0.0
  0
LINE
  5
920
330
17
100
AcDbEntity
  8
WALL
100
AcDbLine
 10
-1995568.665221135
 20
-1291785.933370229
 30
0.0
 11
-1993848.665221083
 21
-1291785.933370226
 31
0.0
  0
LINE
  5
921
330
17
100
AcDbEntity
  8
WALL
100
AcDbLine
 10
-1995568.665221058
 20
-1291965.933370226
 30
0.0
 11
-1993848.66522128
 21
-1291965.933370226
 31
0.0
  0
LINE
  5
922
330
17
100
AcDbEntity
  8
WALL
100
AcDbLine
 10
-1995568.665221261
 20
-1296125.933370226
 30
0.0
 11
-1995568.665221483
 21
-1296025.933370361
 31
0.0
  0
LINE
  5
923
330
17
100
AcDbEntity
  8
WALL
100
AcDbLine
 10
-1995568.665221483
 20
-1296025.933370361
 30
0.0
 11
-1995668.665221416
 21
-1296025.933370361
 31
0.0
  0
LINE
  5
924
330
17
100
AcDbEntity
  8
WALL
100
AcDbLine
 10
-1995668.665221416
 20
-1296025.933370361
 30
0.0
 11
-1995668.665221261
 21
-1296225.933370226
 31
0.0
  0
LINE
  5
925
330
17
100
AcDbEntity
  8
WALL
100
AcDbLine
 10
-1995668.665221261
 20
-1294465.933370268
 30
0.0
 11
-1995668.665221416
 21
-1295225.933370361
 31
0.0
  0
LINE
  5
926
330
17
100
AcDbEntity
  8
WALL
100
AcDbLine
 10
-1995668.665221416
 20
-1295225.933370361
 30
0.0
 11
-1995568.665221426
 21
-1295225.933370361
 31
0.0
  0
LINE
  5
927
330
17
100
AcDbEntity
  8
WALL
100
AcDbLine
 10
-1995568.665221426
 20
-1295225.933370361
 30
0.0
 11
-1995568.665221135
 21
-1294375.933370229
 31
0.0
  0
INSERT
  5
928
330
17
100
AcDbEntity
  8
WINDOW
100
AcDbBlockReference
 66
1
  2
$DorLib2D$00000001
 10
-1995618.665221135
 20
-1295625.933370229
 30
0.0
 41
-800.0
 42
-800.0
 43
-800.0
 50
90.0
1001
WTHICK
1040
100.0
  0
ATTRIB
  5
929
330
928
100
AcDbEntity
  8
WINDOW_TEXT
100
AcDbText
 10
-1995734.915221135
 20
-1295820.933370229
 30
0.0
 40
297.5
  1

 50
90.0
  7
_TCH_WINDOW
 41
0.7058823529411765
100
AcDbAttribute
  2
A
 70
0
  0
SEQEND
  5
92A
330
928
100
AcDbEntity
  8
WINDOW
  0
LINE
  5
92B
330
17
100
AcDbEntity
  8
WALL
100
AcDbLine
 10
-1995668.665219727
 20
-1294285.933370268
 30
0.0
 11
-1995668.665221135
 21
-1294075.933370229
 31
0.0
  0
LINE
  5
92C
330
17
100
AcDbEntity
  8
WALL
100
AcDbLine
 10
-1995568.665221135
 20
-1294375.933370229
 30
0.0
 11
-1995568.665221354
 21
-1294165.933370226
 31
0.0
  0
LINE
  5
92D
330
17
100
AcDbEntity
  8
WALL
100
AcDbLine
 10
-1995568.665221058
 20
-1293985.933370226
 30
0.0
 11
-1995568.66522108
 21
-1292875.933369141
 31
0.0
  0
LINE
  5
92E
330
17
100
AcDbEntity
  8
WALL
100
AcDbLine
 10
-1995568.66522108
 20
-1292875.933369141
 30
0.0
 11
-1995668.665221152
 21
-1292875.933369141
 31
0.0
  0
LINE
  5
92F
330
17
100
AcDbEntity
  8
WALL
100
AcDbLine
 10
-1995668.665221152
 20
-1292875.933369141
 30
0.0
 11
-1995668.665221135
 21
-1294075.933370229
 31
0.0
  0
LINE
  5
930
330
17
100
AcDbEntity
  8
WALL
100
AcDbLine
 10
-1995668.66522128
 20
-1291965.933369892
 30
0.0
 11
-1995668.665221207
 21
-1292075.933370361
 31
0.0
  0
LINE
  5
931
330
17
100
AcDbEntity
  8
WALL
100
AcDbLine
 10
-1995668.665221207
 20
-1292075.933370361
 30
0.0
 11
-1995568.66522108
 21
-1292075.933370361
 31
0.0
  0
LINE
  5
932
330
17
100
AcDbEntity
  8
WALL
100
AcDbLine
 10
-1995568.66522108
 20
-1292075.933370361
 30
0.0
 11
-1995568.665221058
 21
-1291965.933370226
 31
0.0
  0
INSERT
  5
933
330
17
100
AcDbEntity
  8
WINDOW
100
AcDbBlockReference
 66
1
  2
$DorLib2D$00000001
 10
-1995618.665221135
 20
-1292475.933370229
 30
0.0
 41
800.0
 42
-800.0
 43
800.0
 50
90.0
1001
WTHICK
1040
100.0
  0
ATTRIB
  5
934
330
933
100
AcDbEntity
  8
WINDOW_TEXT
100
AcDbText
 10
-1995784.915221135
 20
-1292670.933370229
 30
0.0
 40
297.5
  1

 50
90.0
  7
_TCH_WINDOW
 41
0.7058823529411765
100
AcDbAttribute
  2
A
 70
0
  0
SEQEND
  5
935
330
933
100
AcDbEntity
  8
WINDOW
  0
LINE
  5
936
330
17
100
AcDbEntity
  8
WALL
100
AcDbLine
 10
-1996778.665221135
 20
-1290575.933370229
 30
0.0
 11
-1996778.665221229
 21
-1291785.933370268
 31
0.0
  0
LINE
  5
937
330
17
100
AcDbEntity
  8
WALL
100
AcDbLine
 10
-1996958.665221229
 20
-1290665.933370134
 30
0.0
 11
-1996958.665221135
 21
-1291875.933370229
 31
0.0
  0
LINE
  5
938
330
17
100
AcDbEntity
  8
WALL
100
AcDbLine
 10
-1999728.665221213
 20
-1290665.933370134
 30
0.0
 11
-1999318.66522149
 21
-1290665.933370248
 31
0.0
  0
LINE
  5
939
330
17
100
AcDbEntity
  8
WALL
100
AcDbLine
 10
-1999318.66522149
 20
-1290665.933370248
 30
0.0
 11
-1999318.66522149
 21
-1290485.933370092
 31
0.0
  0
LINE
  5
93A
330
17
100
AcDbEntity
  8
WALL
100
AcDbLine
 10
-1999318.66522149
 20
-1290485.933370092
 30
0.0
 11
-1999818.665221135
 21
-1290485.933370229
 31
0.0
  0
LINE
  5
93B
330
17
100
AcDbEntity
  8
WALL
100
AcDbLine
 10
-1996958.665221213
 20
-1290485.933370134
 30
0.0
 11
-1997568.66522149
 21
-1290485.933370033
 31
0.0
  0
LINE
  5
93C
330
17
100
AcDbEntity
  8
WALL
100
AcDbLine
 10
-1997568.66522149
 20
-1290485.933370033
 30
0.0
 11
-1997568.66522149
 21
-1290665.933370248
 31
0.0
  0
LINE
  5
93D
330
17
100
AcDbEntity
  8
WALL
100
AcDbLine
 10
-1997568.66522149
 20
-1290665.933370248
 30
0.0
 11
-1996958.665221229
 21
-1290665.933370134
 31
0.0
  0
INSERT
  5
93E
330
17
100
AcDbEntity
  8
WINDOW
100
AcDbBlockReference
 66
1
  2
$DorLib2D$00000131
 10
-1998443.665221135
 20
-1290575.933370229
 30
0.0
 41
1750.0
 42
-180.0
 43
1750.0
1001
WTHICK
1040
180.0
  0
ATTRIB
  5
93F
330
93E
100
AcDbEntity
  8
WINDOW_TEXT
100
AcDbText
 10
-1998613.665221135
 20
-1290359.683370229
 30
0.0
 40
297.5
  1

  7
_TCH_WINDOW
 41
0.7058823529411765
100
AcDbAttribute
  2
A
 70
0
  0
SEQEND
  5
940
330
93E
100
AcDbEntity
  8
WINDOW
  0
LINE
  5
941
330
17
100
AcDbEntity
  8
WALL
100
AcDbLine
 10
-2005218.665221213
 20
-1288355.933370361
 30
0.0
 11
-2005218.665221079
 21
-1288525.933370633
 31
0.0
  0
LINE
  5
942
330
17
100
AcDbEntity
  8
WALL
100
AcDbLine
 10
-2005218.665221079
 20
-1288525.933370633
 30
0.0
 11
-2005038.665221028
 21
-1288525.933370633
 31
0.0
  0
LINE
  5
943
330
17
100
AcDbEntity
  8
WALL
100
AcDbLine
 10
-2005038.665221028
 20
-1288525.933370633
 30
0.0
 11
-2005038.665221
 21
-1288355.933370268
 31
0.0
  0
LINE
  5
944
330
17
100
AcDbEntity
  8
WALL
100
AcDbLine
 10
-2005038.665221135
 20
-1290575.933370229
 30
0.0
 11
-2005038.6652211
 21
-1289725.933369954
 31
0.0
  0
LINE
  5
945
330
17
100
AcDbEntity
  8
WALL
100
AcDbLine
 10
-2005038.6652211
 20
-1289725.933369954
 30
0.0
 11
-2005218.665221079
 21
-1289725.933369954
 31
0.0
  0
LINE
  5
946
330
17
100
AcDbEntity
  8
WALL
100
AcDbLine
 10
-2005218.665221079
 20
-1289725.933369954
 30
0.0
 11
-2005218.665221213
 21
-1290485.933370361
 31
0.0
  0
INSERT
  5
947
330
17
100
AcDbEntity
  8
WINDOW
100
AcDbBlockReference
 66
1
  2
$DorLib2D$00000231
 10
-2005128.665221135
 20
-1289125.933370229
 30
0.0
 41
1200.0
 42
1200.0
 43
1200.0
 50
270.0
1001
WTHICK
1040
180.0
  0
ATTRIB
  5
948
330
947
100
AcDbEntity
  8
WINDOW_TEXT
100
AcDbText
 10
-2005274.915221135
 20
-1289320.933370229
 30
0.0
 40
297.5
  1

 50
90.0
  7
_TCH_WINDOW
 41
0.7058823529411765
100
AcDbAttribute
  2
A
 70
0
  0
SEQEND
  5
949
330
947
100
AcDbEntity
  8
WINDOW
  0
LINE
  5
94A
330
17
100
AcDbEntity
  8
WALL
100
AcDbLine
 10
-1999728.665221213
 20
-1292955.933370226
 30
0.0
 11
-2001978.665221029
 21
-1292955.933370226
 31
0.0
  0
LINE
  5
94B
330
17
100
AcDbEntity
  8
WALL
100
AcDbLine
 10
-1999908.665221
 20
-1292775.933370226
 30
0.0
 11
-2002068.665221135
 21
-1292775.933370229
 31
0.0
  0
LINE
  5
94C
330
17
100
AcDbEntity
  8
WALL
100
AcDbLine
 10
-2002608.665221
 20
-1292775.933370268
 30
0.0
 11
-2003318.66522149
 21
-1292775.933370267
 31
0.0
  0
LINE
  5
94D
330
17
100
AcDbEntity
  8
WALL
100
AcDbLine
 10
-2003318.66522149
 20
-1292775.933370267
 30
0.0
 11
-2003318.66522149
 21
-1292955.933370268
 31
0.0
  0
LINE
  5
94E
330
17
100
AcDbEntity
  8
WALL
100
AcDbLine
 10
-2003318.66522149
 20
-1292955.933370268
 30
0.0
 11
-2002518.665221135
 21
-1292955.933370229
 31
0.0
  0
LINE
  5
94F
330
17
100
AcDbEntity
  8
WALL
100
AcDbLine
 10
-2005118.665221135
 20
-1292955.933370229
 30
0.0
 11
-2004518.665220812
 21
-1292955.933370268
 31
0.0
  0
LINE
  5
950
330
17
100
AcDbEntity
  8
WALL
100
AcDbLine
 10
-2004518.665220812
 20
-1292955.933370268
 30
0.0
 11
-2004518.665220812
 21
-1292775.933370267
 31
0.0
  0
LINE
  5
951
330
17
100
AcDbEntity
  8
WALL
100
AcDbLine
 10
-2004518.665220812
 20
-1292775.933370267
 30
0.0
 11
-2005038.665221213
 21
-1292775.933370268
 31
0.0
  0
INSERT
  5
952
330
17
100
AcDbEntity
  8
WINDOW
100
AcDbBlockReference
 66
1
  2
$DorLib2D$00000226
 10
-2003918.665221135
 20
-1292865.933370229
 30
0.0
 41
1200.0
 42
-1200.0
 43
1200.0
 50
180.0
1001
WTHICK
1040
180.0
  0
ATTRIB
  5
953
330
952
100
AcDbEntity
  8
WINDOW_TEXT
100
AcDbText
 10
-2004113.665221135
 20
-1293099.683370229
 30
0.0
 40
297.5
  1

  7
_TCH_WINDOW
 41
0.7058823529411765
100
AcDbAttribute
  2
A
 70
0
  0
SEQEND
  5
954
330
952
100
AcDbEntity
  8
WINDOW
  0
LINE
  5
955
330
17
100
AcDbEntity
  8
WALL
100
AcDbLine
 10
-2000128.665221213
 20
-1290485.933370361
 30
0.0
 11
-1999818.665221135
 21
-1290485.933370229
 31
0.0
  0
LINE
  5
956
330
17
100
AcDbEntity
  8
WALL
100
AcDbLine
 10
-2000218.665221135
 20
-1290665.933370229
 30
0.0
 11
-1999908.665221
 21
-1290665.933370361
 31
0.0
  0
LINE
  5
957
330
17
100
AcDbEntity
  8
WALL
100
AcDbLine
 10
-2002428.665221213
 20
-1290485.933370202
 30
0.0
 11
-2002428.665221308
 21
-1289975.933369954
 31
0.0
  0
LINE
  5
958
330
17
100
AcDbEntity
  8
WALL
100
AcDbLine
 10
-2002428.665221308
 20
-1289975.933369954
 30
0.0
 11
-2002608.665221298
 21
-1289975.933369954
 31
0.0
  0
LINE
  5
959
330
17
100
AcDbEntity
  8
WALL
100
AcDbLine
 10
-2002608.665221298
 20
-1289975.933369954
 30
0.0
 11
-2002608.665221135
 21
-1290575.933370229
 31
0.0
  0
LINE
  5
95A
330
17
100
AcDbEntity
  8
WALL
100
AcDbLine
 10
-2002608.665221213
 20
-1288355.933370268
 30
0.0
 11
-2002608.665221337
 21
-1288875.933369954
 31
0.0
  0
LINE
  5
95B
330
17
100
AcDbEntity
  8
WALL
100
AcDbLine
 10
-2002608.665221337
 20
-1288875.933369954
 30
0.0
 11
-2002428.665221308
 21
-1288875.933369954
 31
0.0
  0
LINE
  5
95C
330
17
100
AcDbEntity
  8
WALL
100
AcDbLine
 10
-2002428.665221308
 20
-1288875.933369954
 30
0.0
 11
-2002428.665221213
 21
-1288355.933370202
 31
0.0
  0
INSERT
  5
95D
330
17
100
AcDbEntity
  8
WINDOW
100
AcDbBlockReference
 66
1
  2
$DorLib2D$00000127
 10
-2002518.665221135
 20
-1289425.933370229
 30
0.0
 41
1100.0
 42
-180.0
 43
1100.0
 50
90.0
1001
WTHICK
1040
180.0
  0
ATTRIB
  5
95E
330
95D
100
AcDbEntity
  8
WINDOW_TEXT
100
AcDbText
 10
-2002734.915221135
 20
-1289620.933370229
 30
0.0
 40
297.5
  1

 50
90.0
  7
_TCH_WINDOW
 41
0.7058823529411765
100
AcDbAttribute
  2
A
 70
0
  0
SEQEND
  5
95F
330
95D
100
AcDbEntity
  8
WINDOW
  0
LINE
  5
960
330
17
100
AcDbEntity
  8
WALL
100
AcDbLine
 10
-2010558.665221819
 20
-1298745.933370237
 30
0.0
 11
-2010558.665221135
 21
-1298475.93337023
 31
0.0
  0
LINE
  5
961
330
17
100
AcDbEntity
  8
WALL
100
AcDbLine
 10
-2010378.665221135
 20
-1298825.93337023
 30
0.0
 11
-2010378.665221819
 21
-1298575.933370142
 31
0.0
  0
LINE
  5
962
330
17
100
AcDbEntity
  8
WALL
100
AcDbLine
 10
-2010558.665221213
 20
-1290665.933370226
 30
0.0
 11
-2012188.665221213
 21
-1290665.933370226
 31
0.0
  0
LINE
  5
963
330
17
100
AcDbEntity
  8
WALL
100
AcDbLine
 10
-2010468.665221135
 20
-1290485.933370229
 30
0.0
 11
-2012188.665221122
 21
-1290485.933370226
 31
0.0
  0
LINE
  5
964
330
17
100
AcDbEntity
  8
WALL
100
AcDbLine
 10
-2010558.665221213
 20
-1292775.933370268
 30
0.0
 11
-2010558.665221213
 21
-1290665.933370226
 31
0.0
  0
LINE
  5
965
330
17
100
AcDbEntity
  8
WALL
100
AcDbLine
 10
-2010378.665221
 20
-1292955.933370268
 30
0.0
 11
-2010378.665221
 21
-1290665.933370268
 31
0.0
  0
LINE
  5
966
330
17
100
AcDbEntity
  8
WALL
100
AcDbLine
 10
-2012368.665221
 20
-1292775.933370268
 30
0.0
 11
-2012468.665220812
 21
-1292775.93337024
 31
0.0
  0
LINE
  5
967
330
17
100
AcDbEntity
  8
WALL
100
AcDbLine
 10
-2012468.665220812
 20
-1292775.93337024
 30
0.0
 11
-2012468.665220812
 21
-1292955.933370202
 31
0.0
  0
LINE
  5
968
330
17
100
AcDbEntity
  8
WALL
100
AcDbLine
 10
-2012468.665220812
 20
-1292955.933370202
 30
0.0
 11
-2012268.665221135
 21
-1292955.933370229
 31
0.0
  0
LINE
  5
969
330
17
100
AcDbEntity
  8
WALL
100
AcDbLine
 10
-2013478.665221221
 20
-1292955.933370268
 30
0.0
 11
-2013368.665220812
 21
-1292955.93337023
 31
0.0
  0
LINE
  5
96A
330
17
100
AcDbEntity
  8
WALL
100
AcDbLine
 10
-2013368.665220812
 20
-1292955.93337023
 30
0.0
 11
-2013368.665220812
 21
-1292775.93337024
 31
0.0
  0
LINE
  5
96B
330
17
100
AcDbEntity
  8
WALL
100
AcDbLine
 10
-2013368.665220812
 20
-1292775.93337024
 30
0.0
 11
-2013478.665221192
 21
-1292775.933370268
 31
0.0
  0
LINE
  5
96C
330
17
100
AcDbEntity
  8
SURFACE
100
AcDbLine
 10
-2013368.665221296
 20
-1292675.933369959
 30
0.0
 11
-2013368.665221296
 21
-1292775.933370268
 31
0.0
  0
LINE
  5
96D
330
17
100
AcDbEntity
  8
SURFACE
100
AcDbLine
 10
-2013368.665221296
 20
-1292675.933369959
 30
0.0
 11
-2013478.665221192
 21
-1292675.933369892
 31
0.0
  0
INSERT
  5
96E
330
17
100
AcDbEntity
  8
WINDOW
100
AcDbBlockReference
 66
1
  2
$TCHSYS$WIN2D
 10
-2012918.665221135
 20
-1292815.933370229
 30
0.0
 41
-900.0
 42
-280.0
 43
-900.0
 50
180.0
1001
WTHICK
1040
280.0
  0
ATTRIB
  5
96F
330
96E
100
AcDbEntity
  8
WINDOW_TEXT
100
AcDbText
 10
-2013113.665221135
 20
-1293479.683370229
 30
0.0
 40
297.5
  1

  7
_TCH_WINDOW
 41
0.7058823529411765
100
AcDbAttribute
  2
A
 70
0
  0
SEQEND
  5
970
330
96E
100
AcDbEntity
  8
WINDOW
  0
LINE
  5
971
330
17
100
AcDbEntity
  8
WALL
100
AcDbLine
 10
-2010378.665221042
 20
-1294285.933370268
 30
0.0
 11
-2010668.66522149
 21
-1294285.933370406
 31
0.0
  0
LINE
  5
972
330
17
100
AcDbEntity
  8
WALL
100
AcDbLine
 10
-2010668.66522149
 20
-1294285.933370406
 30
0.0
 11
-2010668.66522149
 21
-1294465.933369986
 31
0.0
  0
LINE
  5
973
330
17
100
AcDbEntity
  8
WALL
100
AcDbLine
 10
-2010668.66522149
 20
-1294465.933369986
 30
0.0
 11
-2010558.665221161
 21
-1294465.933370267
 31
0.0
  0
LINE
  5
974
330
17
100
AcDbEntity
  8
WALL
100
AcDbLine
 10
-2011668.665221442
 20
-1294465.933370268
 30
0.0
 11
-2011568.66522149
 21
-1294465.933369986
 31
0.0
  0
LINE
  5
975
330
17
100
AcDbEntity
  8
WALL
100
AcDbLine
 10
-2011568.66522149
 20
-1294465.933369986
 30
0.0
 11
-2011568.66522149
 21
-1294285.933370406
 31
0.0
  0
LINE
  5
976
330
17
100
AcDbEntity
  8
WALL
100
AcDbLine
 10
-2011568.66522149
 20
-1294285.933370406
 30
0.0
 11
-2011668.665221029
 21
-1294285.933370268
 31
0.0
  0
INSERT
  5
977
330
17
100
AcDbEntity
  8
WINDOW
100
AcDbBlockReference
 66
1
  2
$DorLib2D$00000001
 10
-2011118.665221136
 20
-1294375.933370229
 30
0.0
 41
-900.0
 42
900.0
 43
-900.0
 50
180.0
1001
WTHICK
1040
180.0
  0
ATTRIB
  5
978
330
977
100
AcDbEntity
  8
WINDOW_TEXT
100
AcDbText
 10
-2011313.665221136
 20
-1294159.683370229
 30
0.0
 40
297.5
  1

  7
_TCH_WINDOW
 41
0.7058823529411765
100
AcDbAttribute
  2
A
 70
0
  0
SEQEND
  5
979
330
977
100
AcDbEntity
  8
WINDOW
  0
LINE
  5
97A
330
17
100
AcDbEntity
  8
WALL
100
AcDbLine
 10
-2011668.665221029
 20
-1292955.933370268
 30
0.0
 11
-2011668.665221029
 21
-1294285.933370268
 31
0.0
  0
LINE
  5
97B
330
17
100
AcDbEntity
  8
WALL
100
AcDbLine
 10
-2011768.665221029
 20
-1292955.933370117
 30
0.0
 11
-2011768.665221135
 21
-1294375.933370229
 31
0.0
  0
LINE
  5
97C
330
17
100
AcDbEntity
  8
WALL
100
AcDbLine
 10
-2011768.665221029
 20
-1292955.933370117
 30
0.0
 11
-2012268.665221135
 21
-1292955.933370229
 31
0.0
  0
LINE
  5
97D
330
17
100
AcDbEntity
  8
WALL
100
AcDbLine
 10
-2011768.665221135
 20
-1292775.933370229
 30
0.0
 11
-2012188.665221213
 21
-1292775.933370117
 31
0.0
  0
LINE
  5
97E
330
17
100
AcDbEntity
  8
WALL
100
AcDbLine
 10
-2010558.665221819
 20
-1298745.933370237
 30
0.0
 11
-2011118.66522149
 21
-1298745.933370219
 31
0.0
  0
LINE
  5
97F
330
17
100
AcDbEntity
  8
WALL
100
AcDbLine
 10
-2011118.66522149
 20
-1298745.933370219
 30
0.0
 11
-2011118.66522149
 21
-1298925.933370148
 31
0.0
  0
LINE
  5
980
330
17
100
AcDbEntity
  8
WALL
100
AcDbLine
 10
-2011118.66522149
 20
-1298925.933370148
 30
0.0
 11
-2010558.665220914
 21
-1298925.933370237
 31
0.0
  0
LINE
  5
981
330
17
100
AcDbEntity
  8
WALL
100
AcDbLine
 10
-2013478.665220915
 20
-1298925.933370237
 30
0.0
 11
-2012918.66522149
 21
-1298925.933370148
 31
0.0
  0
LINE
  5
982
330
17
100
AcDbEntity
  8
WALL
100
AcDbLine
 10
-2012918.66522149
 20
-1298925.933370148
 30
0.0
 11
-2012918.66522149
 21
-1298745.933370219
 31
0.0
  0
LINE
  5
983
330
17
100
AcDbEntity
  8
WALL
100
AcDbLine
 10
-2012918.66522149
 20
-1298745.933370219
 30
0.0
 11
-2013478.665221133
 21
-1298745.933370237
 31
0.0
  0
INSERT
  5
984
330
17
100
AcDbEntity
  8
WINDOW
100
AcDbBlockReference
 66
1
  2
$DorLib2D$00000131
 10
-2012018.665221134
 20
-1298835.93337023
 30
0.0
 41
1800.0
 42
-180.0
 43
1800.0
 50
180.0000000000043
1001
WTHICK
1040
180.0
  0
ATTRIB
  5
985
330
984
100
AcDbEntity
  8
WINDOW_TEXT
100
AcDbText
 10
-2012213.665221135
 20
-1299214.683370229
 30
0.0
 40
297.5
  1

 50
4.3001e-12
  7
_TCH_WINDOW
 41
0.7058823529411765
100
AcDbAttribute
  2
A
 70
0
  0
SEQEND
  5
986
330
984
100
AcDbEntity
  8
WINDOW
  0
LINE
  5
987
330
17
100
AcDbEntity
  8
WALL
100
AcDbLine
 10
-2011668.665221442
 20
-1295375.933370182
 30
0.0
 11
-2013478.665221133
 21
-1295375.933370183
 31
0.0
  0
LINE
  5
988
330
17
100
AcDbEntity
  8
WALL
100
AcDbLine
 10
-2011768.665221442
 20
-1295275.933370181
 30
0.0
 11
-2013478.665221221
 21
-1295275.933370182
 31
0.0
  0
LINE
  5
989
330
17
100
AcDbEntity
  8
WALL
100
AcDbLine
 10
-2011768.665221135
 20
-1294375.933370229
 30
0.0
 11
-2011768.66522123
 21
-1294475.933370361
 31
0.0
  0
LINE
  5
98A
330
17
100
AcDbEntity
  8
WALL
100
AcDbLine
 10
-2011768.66522123
 20
-1294475.933370361
 30
0.0
 11
-2011668.665221475
 21
-1294475.933370361
 31
0.0
  0
LINE
  5
98B
330
17
100
AcDbEntity
  8
WALL
100
AcDbLine
 10
-2011668.665221475
 20
-1294475.933370361
 30
0.0
 11
-2011668.665221442
 21
-1294465.933370268
 31
0.0
  0
LINE
  5
98C
330
17
100
AcDbEntity
  8
WALL
100
AcDbLine
 10
-2011668.665221442
 20
-1295375.933370182
 30
0.0
 11
-2011668.665221475
 21
-1295275.933370361
 31
0.0
  0
LINE
  5
98D
330
17
100
AcDbEntity
  8
WALL
100
AcDbLine
 10
-2011668.665221475
 20
-1295275.933370361
 30
0.0
 11
-2011768.665221503
 21
-1295275.933370361
 31
0.0
  0
INSERT
  5
98E
330
17
100
AcDbEntity
  8
WINDOW
100
AcDbBlockReference
 66
1
  2
$DorLib2D$00000001
 10
-2011718.665221135
 20
-1294875.933370229
 30
0.0
 41
800.0
 42
-800.0
 43
800.0
 50
270.0
1001
WTHICK
1040
100.0
  0
ATTRIB
  5
98F
330
98E
100
AcDbEntity
  8
WINDOW_TEXT
100
AcDbText
 10
-2011294.915221135
 20
-1295070.933370229
 30
0.0
 40
297.5
  1

 50
90.0
  7
_TCH_WINDOW
 41
0.7058823529411765
100
AcDbAttribute
  2
A
 70
0
  0
SEQEND
  5
990
330
98E
100
AcDbEntity
  8
WINDOW
  0
LINE
  5
991
330
17
100
AcDbEntity
  8
WALL
100
AcDbLine
 10
-2003378.665221122
 20
-1294385.933370536
 30
0.0
 11
-2003378.665221122
 21
-1294985.933370187
 31
0.0
  0
LINE
  5
992
330
17
100
AcDbEntity
  8
WALL
100
AcDbLine
 10
-2003558.665221122
 20
-1294385.933370226
 30
0.0
 11
-2003558.665221122
 21
-1294985.933371582
 31
0.0
  0
LINE
  5
993
330
17
100
AcDbEntity
  8
WALL
100
AcDbLine
 10
-2002158.665221029
 20
-1294285.933370187
 30
0.0
 11
-2002268.665220947
 21
-1294285.933370093
 31
0.0
  0
LINE
  5
994
330
17
100
AcDbEntity
  8
WALL
100
AcDbLine
 10
-2002268.665220947
 20
-1294285.933370093
 30
0.0
 11
-2002268.665220947
 21
-1294385.933370488
 31
0.0
  0
LINE
  5
995
330
17
100
AcDbEntity
  8
WALL
100
AcDbLine
 10
-2002268.665220947
 20
-1294385.933370488
 30
0.0
 11
-2002158.665221819
 21
-1294385.933370536
 31
0.0
  0
LINE
  5
996
330
17
100
AcDbEntity
  8
WALL
100
AcDbLine
 10
-2003378.665221122
 20
-1294385.933370536
 30
0.0
 11
-2003268.665220947
 21
-1294385.933370488
 31
0.0
  0
LINE
  5
997
330
17
100
AcDbEntity
  8
WALL
100
AcDbLine
 10
-2003268.665220947
 20
-1294385.933370488
 30
0.0
 11
-2003268.665220948
 21
-1294285.933370126
 31
0.0
  0
LINE
  5
998
330
17
100
AcDbEntity
  8
WALL
100
AcDbLine
 10
-2003268.665220948
 20
-1294285.933370126
 30
0.0
 11
-2003468.665221135
 21
-1294285.933370229
 31
0.0
  0
INSERT
  5
999
330
17
100
AcDbEntity
  8
WINDOW
100
AcDbBlockReference
 66
1
  2
$DorLib2D$00000231
 10
-2002768.665221135
 20
-1294335.933370229
 30
0.0
 41
1000.0
 42
-1000.0
 43
1000.0
 50
180.0
1001
WTHICK
1040
100.0
  0
ATTRIB
  5
99A
330
999
100
AcDbEntity
  8
WINDOW_TEXT
100
AcDbText
 10
-2002863.665221135
 20
-1294809.683370229
 30
0.0
 40
297.5
  1

  7
_TCH_WINDOW
 41
0.7058823529411765
100
AcDbAttribute
  2
A
 70
0
  0
SEQEND
  5
99B
330
999
100
AcDbEntity
  8
WINDOW
  0
LINE
  5
99C
330
17
100
AcDbEntity
  8
WALL
100
AcDbLine
 10
-2001978.665221122
 20
-1295165.933370187
 30
0.0
 11
-2003468.665221135
 21
-1295165.933370229
 31
0.0
  0
LINE
  5
99D
330
17
100
AcDbEntity
  8
WALL
100
AcDbLine
 10
-2002158.665221819
 20
-1294985.933370187
 30
0.0
 11
-2003378.665221122
 21
-1294985.933370187
 31
0.0
  0
LINE
  5
99E
330
17
100
AcDbEntity
  8
WALL
100
AcDbLine
 10
-2006008.665221213
 20
-1290485.933370192
 30
0.0
 11
-2006618.665220812
 21
-1290485.933370066
 31
0.0
  0
LINE
  5
99F
330
17
100
AcDbEntity
  8
WALL
100
AcDbLine
 10
-2006618.665220812
 20
-1290485.933370066
 30
0.0
 11
-2006618.665220812
 21
-1290665.933370208
 31
0.0
  0
LINE
  5
9A0
330
17
100
AcDbEntity
  8
WALL
100
AcDbLine
 10
-2006618.665220812
 20
-1290665.933370208
 30
0.0
 11
-2006008.665221213
 21
-1290665.933370192
 31
0.0
  0
LINE
  5
9A1
330
17
100
AcDbEntity
  8
WALL
100
AcDbLine
 10
-2009168.665221135
 20
-1290665.933370229
 30
0.0
 11
-2008468.665220812
 21
-1290665.93337023
 31
0.0
  0
LINE
  5
9A2
330
17
100
AcDbEntity
  8
WALL
100
AcDbLine
 10
-2008468.665220812
 20
-1290665.93337023
 30
0.0
 11
-2008468.665220812
 21
-1290485.933370066
 31
0.0
  0
LINE
  5
9A3
330
17
100
AcDbEntity
  8
WALL
100
AcDbLine
 10
-2008468.665220812
 20
-1290485.933370066
 30
0.0
 11
-2009068.665221
 21
-1290485.933370192
 31
0.0
  0
INSERT
  5
9A4
330
17
100
AcDbEntity
  8
WINDOW
100
AcDbBlockReference
 66
1
  2
$DorLib2D$00000131
 10
-2007543.665221135
 20
-1290575.933370229
 30
0.0
 41
-1850.0
 42
180.0
 43
-1850.0
 50
180.0
1001
WTHICK
1040
180.0
  0
ATTRIB
  5
9A5
330
9A4
100
AcDbEntity
  8
WINDOW_TEXT
100
AcDbText
 10
-2008038.665221135
 20
-1290179.68337023
 30
0.0
 40
297.5
  1

  7
_TCH_WINDOW
 41
0.7058823529411765
100
AcDbAttribute
  2
A
 70
0
  0
SEQEND
  5
9A6
330
9A4
100
AcDbEntity
  8
WINDOW
  0
LINE
  5
9A7
330
17
100
AcDbEntity
  8
WALL
100
AcDbLine
 10
-2005038.665221135
 20
-1290575.933370229
 30
0.0
 11
-2005038.665221213
 21
-1292775.933370268
 31
0.0
  0
LINE
  5
9A8
330
17
100
AcDbEntity
  8
WALL
100
AcDbLine
 10
-2005138.665221213
 20
-1290665.933370361
 30
0.0
 11
-2005138.665221213
 21
-1292775.933369141
 31
0.0
  0
LINE
  5
9A9
330
17
100
AcDbEntity
  8
WALL
100
AcDbLine
 10
-2001978.665221122
 20
-1294465.933370268
 30
0.0
 11
-2001978.665221122
 21
-1295165.933370187
 31
0.0
  0
LINE
  5
9AA
330
17
100
AcDbEntity
  8
WALL
100
AcDbLine
 10
-2002158.665221819
 20
-1294385.933370536
 30
0.0
 11
-2002158.665221819
 21
-1294985.933370187
 31
0.0
  0
LINE
  5
9AB
330
17
100
AcDbEntity
  8
WALL
100
AcDbLine
 10
-2002158.665221029
 20
-1292955.933370226
 30
0.0
 11
-2002518.665221135
 21
-1292955.933370229
 31
0.0
  0
LINE
  5
9AC
330
17
100
AcDbEntity
  8
WALL
100
AcDbLine
 10
-2002068.665221135
 20
-1292775.933370229
 30
0.0
 11
-2002428.665221213
 21
-1292775.933370226
 31
0.0
  0
LINE
  5
9AD
330
17
100
AcDbEntity
  8
WALL
100
AcDbLine
 10
-2005358.665221354
 20
-1292955.933370643
 30
0.0
 11
-2006008.665221213
 21
-1292955.933370643
 31
0.0
  0
LINE
  5
9AE
330
17
100
AcDbEntity
  8
WALL
100
AcDbLine
 10
-2005268.665221135
 20
-1292775.933370229
 30
0.0
 11
-2005828.665221
 21
-1292775.933370643
 31
0.0
  0
LINE
  5
9AF
330
17
100
AcDbEntity
  8
WALL
100
AcDbLine
 10
-2005178.665221029
 20
-1294285.933370226
 30
0.0
 11
-2005178.665220927
 21
-1294175.933370633
 31
0.0
  0
LINE
  5
9B0
330
17
100
AcDbEntity
  8
WALL
100
AcDbLine
 10
-2005178.665220927
 20
-1294175.933370633
 30
0.0
 11
-2005358.665221305
 21
-1294175.933370633
 31
0.0
  0
LINE
  5
9B1
330
17
100
AcDbEntity
  8
WALL
100
AcDbLine
 10
-2005358.665221305
 20
-1294175.933370633
 30
0.0
 11
-2005358.665221354
 21
-1294285.933370268
 31
0.0
  0
LINE
  5
9B2
330
17
100
AcDbEntity
  8
WALL
100
AcDbLine
 10
-2005358.665221354
 20
-1292955.933370643
 30
0.0
 11
-2005358.665221305
 21
-1293075.933369954
 31
0.0
  0
LINE
  5
9B3
330
17
100
AcDbEntity
  8
WALL
100
AcDbLine
 10
-2005358.665221305
 20
-1293075.933369954
 30
0.0
 11
-2005178.665220927
 21
-1293075.933369954
 31
0.0
  0
LINE
  5
9B4
330
17
100
AcDbEntity
  8
WALL
100
AcDbLine
 10
-2005178.665220927
 20
-1293075.933369954
 30
0.0
 11
-2005178.665221029
 21
-1292955.933369141
 31
0.0
  0
INSERT
  5
9B5
330
17
100
AcDbEntity
  8
WINDOW
100
AcDbBlockReference
 66
1
  2
$DorLib2D$00000001
 10
-2005268.665221135
 20
-1293625.933370229
 30
0.0
 41
-1100.0
 42
-1100.0
 43
-1100.0
 50
90.0
1001
WTHICK
1040
180.0
  0
ATTRIB
  5
9B6
330
9B5
100
AcDbEntity
  8
WINDOW_TEXT
100
AcDbText
 10
-2005574.915221135
 20
-1293870.933370229
 30
0.0
 40
297.5
  1

 50
90.0
  7
_TCH_WINDOW
 41
0.7058823529411765
100
AcDbAttribute
  2
A
 70
0
  0
SEQEND
  5
9B7
330
9B5
100
AcDbEntity
  8
WINDOW
  0
LINE
  5
9B8
330
17
100
AcDbEntity
  8
WALL
100
AcDbLine
 10
-1996958.665221144
 20
-1299945.933370643
 30
0.0
 11
-1996958.665221144
 21
-1298575.933370268
 31
0.0
  0
LINE
  5
9B9
330
17
100
AcDbEntity
  8
WALL
100
AcDbLine
 10
-1996778.665221144
 20
-1299945.933369838
 30
0.0
 11
-1996778.665221135
 21
-1298475.933370229
 31
0.0
  0
LINE
  5
9BA
330
17
100
AcDbEntity
  8
WALL
100
AcDbLine
 10
-1996778.665221144
 20
-1299945.933369838
 30
0.0
 11
-1996168.665221135
 21
-1299945.933370229
 31
0.0
  0
LINE
  5
9BB
330
17
100
AcDbEntity
  8
WALL
100
AcDbLine
 10
-1996868.665221135
 20
-1300125.933370229
 30
0.0
 11
-1996168.665221558
 21
-1300125.933369838
 31
0.0
  0
LINE
  5
9BC
330
17
100
AcDbEntity
  8
SURFACE
100
AcDbLine
 10
-1996868.665221135
 20
-1300225.933370229
 30
0.0
 11
-1996168.665221558
 21
-1300225.933369838
 31
0.0
  0
LINE
  5
9BD
330
17
100
AcDbEntity
  8
WALL
100
AcDbLine
 10
-2003758.665221135
 20
-1300125.933370229
 30
0.0
 11
-2003758.665221301
 21
-1298575.93337032
 31
0.0
  0
LINE
  5
9BE
330
17
100
AcDbEntity
  8
WALL
100
AcDbLine
 10
-2003578.665221135
 20
-1300125.933370229
 30
0.0
 11
-2003578.665221301
 21
-1298575.933370144
 31
0.0
  0
LINE
  5
9BF
330
17
100
AcDbEntity
  8
WALL
100
AcDbLine
 10
-2003758.665221135
 20
-1300125.933370229
 30
0.0
 11
-2003578.665221135
 21
-1300125.933370229
 31
0.0
  0
LINE
  5
9C0
330
17
100
AcDbEntity
  8
WALL
100
AcDbLine
 10
-2003468.665221135
 20
-1294285.933370229
 30
0.0
 11
-2003868.665220947
 21
-1294285.933370317
 31
0.0
  0
LINE
  5
9C1
330
17
100
AcDbEntity
  8
WALL
100
AcDbLine
 10
-2003868.665220947
 20
-1294285.933370317
 30
0.0
 11
-2003868.665220947
 21
-1294385.933370407
 31
0.0
  0
LINE
  5
9C2
330
17
100
AcDbEntity
  8
WALL
100
AcDbLine
 10
-2003868.665220947
 20
-1294385.933370407
 30
0.0
 11
-2003558.665221122
 21
-1294385.933370226
 31
0.0
  0
LINE
  5
9C3
330
17
100
AcDbEntity
  8
WALL
100
AcDbLine
 10
-2005178.665221122
 20
-1294385.933370226
 30
0.0
 11
-2004868.665222168
 21
-1294385.933370407
 31
0.0
  0
LINE
  5
9C4
330
17
100
AcDbEntity
  8
WALL
100
AcDbLine
 10
-2004868.665222168
 20
-1294385.933370407
 30
0.0
 11
-2004868.665222168
 21
-1294285.933370315
 31
0.0
  0
LINE
  5
9C5
330
17
100
AcDbEntity
  8
WALL
100
AcDbLine
 10
-2004868.665222168
 20
-1294285.933370315
 30
0.0
 11
-2005178.665221029
 21
-1294285.933370226
 31
0.0
  0
INSERT
  5
9C6
330
17
100
AcDbEntity
  8
WINDOW
100
AcDbBlockReference
 66
1
  2
$DorLib2D$00000231
 10
-2004368.665221135
 20
-1294335.933370229
 30
0.0
 41
1000.0
 42
-1000.0
 43
1000.0
 50
180.0
1001
WTHICK
1040
100.0
  0
ATTRIB
  5
9C7
330
9C6
100
AcDbEntity
  8
WINDOW_TEXT
100
AcDbText
 10
-2004463.665221135
 20
-1294859.683370229
 30
0.0
 40
297.5
  1

  7
_TCH_WINDOW
 41
0.7058823529411765
100
AcDbAttribute
  2
A
 70
0
  0
SEQEND
  5
9C8
330
9C6
100
AcDbEntity
  8
WINDOW
  0
LINE
  5
9C9
330
17
100
AcDbEntity
  8
WALL
100
AcDbLine
 10
-2003468.665221135
 20
-1295165.933370229
 30
0.0
 11
-2003578.665221059
 21
-1295165.933371582
 31
0.0
  0
LINE
  5
9CA
330
17
100
AcDbEntity
  8
WALL
100
AcDbLine
 10
-2003558.665221122
 20
-1294985.933371582
 30
0.0
 11
-2003668.665221135
 21
-1294985.933370229
 31
0.0
  0
TEXT
  5
9CB
330
17
100
AcDbEntity
  8
PUB_TEXT
100
AcDbText
 10
-2003722.175859433
 20
-1287770.933370229
 30
0.0
 40
337.5886524822695
  1
上
  7
_TCH_DIM
100
AcDbText
  0
LWPOLYLINE
  5
9CC
330
17
100
AcDbEntity
  8
DIM_SYMB
100
AcDbPolyline
 90
3
 70
0
 10
-2003408.665221135
 20
-1287595.933370229
 10
-2002238.665221135
 20
-1287595.933370229
 40
0.0
 41
80.00000000000001
 10
-2002538.665221135
 20
-1287595.933370229
  0
TEXT
  5
9CD
330
17
100
AcDbEntity
  8
PUB_TEXT
100
AcDbText
 10
-2003703.558838157
 20
-1286510.933370229
 30
0.0
 40
337.5886524822695
  1
下
  7
_TCH_DIM
100
AcDbText
  0
LWPOLYLINE
  5
9CE
330
17
100
AcDbEntity
  8
DIM_SYMB
100
AcDbPolyline
 90
5
 70
0
 10
-2003408.665221135
 20
-1286335.933370229
 10
-2000548.665221135
 20
-1286335.933370229
 10
-2000548.665221135
 20
-1287595.933370229
 10
-2001978.665221135
 20
-1287595.933370229
 40
0.0
 41
80.00000000000001
 10
-2001678.665221135
 20
-1287595.933370229
  0
LINE
  5
9CF
330
17
100
AcDbEntity
  8
STAIR
100
AcDbLine
 10
-2003278.665221135
 20
-1288175.933370229
 30
0.0
 11
-2001831.537092097
 21
-1288175.933370268
 31
0.0
  0
LINE
  5
9D0
330
17
100
AcDbEntity
  8
STAIR
100
AcDbLine
 10
-2001716.06703846
 20
-1288175.933370268
 30
0.0
 11
-2001198.665221135
 21
-1288175.933370229
 31
0.0
  0
LINE
  5
9D1
330
17
100
AcDbEntity
  8
STAIR
100
AcDbLine
 10
-2003278.665220905
 20
-1287075.933370029
 30
0.0
 11
-2003278.665221135
 21
-1288175.933370229
 31
0.0
  0
LINE
  5
9D2
330
17
100
AcDbEntity
  8
STAIR
100
AcDbLine
 10
-2003018.665220905
 20
-1287075.933370029
 30
0.0
 11
-2003018.665221135
 21
-1288175.933370229
 31
0.0
  0
LINE
  5
9D3
330
17
100
AcDbEntity
  8
STAIR
100
AcDbLine
 10
-2002758.665220905
 20
-1287075.933370029
 30
0.0
 11
-2002758.665221135
 21
-1288175.933370229
 31
0.0
  0
LINE
  5
9D4
330
17
100
AcDbEntity
  8
STAIR
100
AcDbLine
 10
-2002498.665220905
 20
-1287075.933370029
 30
0.0
 11
-2002498.665221135
 21
-1288175.933370229
 31
0.0
  0
LINE
  5
9D5
330
17
100
AcDbEntity
  8
STAIR
100
AcDbLine
 10
-2002238.665220905
 20
-1287075.933370029
 30
0.0
 11
-2002238.665220841
 21
-1287270.76676621
 31
0.0
  0
LINE
  5
9D6
330
17
100
AcDbEntity
  8
STAIR
100
AcDbLine
 10
-2002238.665220883
 20
-1287470.766766151
 30
0.0
 11
-2002238.665221135
 21
-1288175.933370229
 31
0.0
  0
LINE
  5
9D7
330
17
100
AcDbEntity
  8
STAIR
100
AcDbLine
 10
-2001978.665220905
 20
-1287075.933370029
 30
0.0
 11
-2001978.665220983
 21
-1287721.099975947
 31
0.0
  0
LINE
  5
9D8
330
17
100
AcDbEntity
  8
STAIR
100
AcDbLine
 10
-2001978.665221024
 20
-1287921.099975828
 30
0.0
 11
-2001978.665221135
 21
-1288175.933370229
 31
0.0
  0
LINE
  5
9D9
330
17
100
AcDbEntity
  8
STAIR
100
AcDbLine
 10
-2001718.665220905
 20
-1287075.933370029
 30
0.0
 11
-2001718.665221125
 21
-1288171.433185882
 31
0.0
  0
LINE
  5
9DA
330
17
100
AcDbEntity
  8
STAIR
100
AcDbLine
 10
-2001458.665220905
 20
-1287075.933370029
 30
0.0
 11
-2001458.665221135
 21
-1288175.933370229
 31
0.0
  0
LINE
  5
9DB
330
17
100
AcDbEntity
  8
STAIR
100
AcDbLine
 10
-2001198.665220905
 20
-1287075.933370029
 30
0.0
 11
-2001198.665221135
 21
-1288175.933370229
 31
0.0
  0
LINE
  5
9DC
330
17
100
AcDbEntity
  8
STAIR
100
AcDbLine
 10
-2003278.665221135
 20
-1287015.933370229
 30
0.0
 11
-2002501.263404441
 21
-1287015.933370268
 31
0.0
  0
LINE
  5
9DD
330
17
100
AcDbEntity
  8
STAIR
100
AcDbLine
 10
-2002385.793350648
 20
-1287015.933370267
 30
0.0
 11
-2001198.665221135
 21
-1287015.933370229
 31
0.0
  0
LINE
  5
9DE
330
17
100
AcDbEntity
  8
STAIR
100
AcDbLine
 10
-2002385.793350416
 20
-1287015.933370268
 30
0.0
 11
-2002103.583954576
 21
-1287504.734382033
 31
0.0
  0
LINE
  5
9DF
330
17
100
AcDbEntity
  8
STAIR
100
AcDbLine
 10
-2002501.263404464
 20
-1287015.933370268
 30
0.0
 11
-2002203.583954851
 21
-1287531.52930135
 31
0.0
  0
LINE
  5
9E0
330
17
100
AcDbEntity
  8
STAIR
100
AcDbLine
 10
-2002203.583954851
 20
-1287531.52930135
 30
0.0
 11
-2002031.232402228
 21
-1287485.34784425
 31
0.0
  0
LINE
  5
9E1
330
17
100
AcDbEntity
  8
STAIR
100
AcDbLine
 10
-2002031.232402228
 20
-1287485.34784425
 30
0.0
 11
-2002204.124636595
 21
-1287691.39278569
 31
0.0
  0
LINE
  5
9E2
330
17
100
AcDbEntity
  8
STAIR
100
AcDbLine
 10
-2002204.124636595
 20
-1287691.39278569
 30
0.0
 11
-2002023.724650724
 21
-1287643.054753767
 31
0.0
  0
LINE
  5
9E3
330
17
100
AcDbEntity
  8
STAIR
100
AcDbLine
 10
-2002023.724650724
 20
-1287643.054753767
 30
0.0
 11
-2001716.067038188
 21
-1288175.933370268
 31
0.0
  0
LINE
  5
9E4
330
17
100
AcDbEntity
  8
STAIR
100
AcDbLine
 10
-2002123.724650984
 20
-1287669.84967308
 30
0.0
 11
-2001831.537092083
 21
-1288175.933370268
 31
0.0
  0
LINE
  5
9E5
330
17
100
AcDbEntity
  8
STAIR
100
AcDbLine
 10
-2001198.665221135
 20
-1285755.933370229
 30
0.0
 11
-2003278.665221135
 21
-1285755.933370229
 31
0.0
  0
LINE
  5
9E6
330
17
100
AcDbEntity
  8
STAIR
100
AcDbLine
 10
-2001198.665220905
 20
-1286855.933370029
 30
0.0
 11
-2001198.665221135
 21
-1285755.933370229
 31
0.0
  0
LINE
  5
9E7
330
17
100
AcDbEntity
  8
STAIR
100
AcDbLine
 10
-2001458.665220905
 20
-1286855.933370029
 30
0.0
 11
-2001458.665221135
 21
-1285755.933370229
 31
0.0
  0
LINE
  5
9E8
330
17
100
AcDbEntity
  8
STAIR
100
AcDbLine
 10
-2001718.665220905
 20
-1286855.933370029
 30
0.0
 11
-2001718.665221135
 21
-1285755.933370229
 31
0.0
  0
LINE
  5
9E9
330
17
100
AcDbEntity
  8
STAIR
100
AcDbLine
 10
-2001978.665220905
 20
-1286855.933370029
 30
0.0
 11
-2001978.665221135
 21
-1285755.933370229
 31
0.0
  0
LINE
  5
9EA
330
17
100
AcDbEntity
  8
STAIR
100
AcDbLine
 10
-2002238.665220905
 20
-1286855.933370029
 30
0.0
 11
-2002238.665221135
 21
-1285755.933370229
 31
0.0
  0
LINE
  5
9EB
330
17
100
AcDbEntity
  8
STAIR
100
AcDbLine
 10
-2002498.665220905
 20
-1286855.933370029
 30
0.0
 11
-2002498.665221135
 21
-1285755.933370229
 31
0.0
  0
LINE
  5
9EC
330
17
100
AcDbEntity
  8
STAIR
100
AcDbLine
 10
-2002758.665220905
 20
-1286855.933370029
 30
0.0
 11
-2002758.665221135
 21
-1285755.933370229
 31
0.0
  0
LINE
  5
9ED
330
17
100
AcDbEntity
  8
STAIR
100
AcDbLine
 10
-2003018.665220905
 20
-1286855.933370029
 30
0.0
 11
-2003018.665221135
 21
-1285755.933370229
 31
0.0
  0
LINE
  5
9EE
330
17
100
AcDbEntity
  8
STAIR
100
AcDbLine
 10
-2003278.665220905
 20
-1286855.933370029
 30
0.0
 11
-2003278.665221135
 21
-1285755.933370229
 31
0.0
  0
LINE
  5
9EF
330
17
100
AcDbEntity
  8
STAIR
100
AcDbLine
 10
-2001198.665221135
 20
-1286915.933370229
 30
0.0
 11
-2003278.665221135
 21
-1286915.933370229
 31
0.0
  0
LINE
  5
9F0
330
17
100
AcDbEntity
  8
STAIR
100
AcDbLine
 10
-2003278.665222168
 20
-1286915.933370373
 30
0.0
 11
-2003278.665222168
 21
-1287015.933370373
 31
0.0
  0
LINE
  5
9F1
330
17
100
AcDbEntity
  8
STAIR
100
AcDbLine
 10
-2003278.665222168
 20
-1287015.933370373
 30
0.0
 11
-2002501.263404441
 21
-1287015.933370268
 31
0.0
  0
LINE
  5
9F2
330
17
100
AcDbEntity
  8
STAIR
100
AcDbLine
 10
-2002385.793350648
 20
-1287015.933370267
 30
0.0
 11
-2001198.665222168
 21
-1287015.933370373
 31
0.0
  0
LINE
  5
9F3
330
17
100
AcDbEntity
  8
STAIR
100
AcDbLine
 10
-2001198.665222168
 20
-1287015.933370373
 30
0.0
 11
-2001198.665222168
 21
-1286915.933370373
 31
0.0
  0
LINE
  5
9F4
330
17
100
AcDbEntity
  8
STAIR
100
AcDbLine
 10
-2001198.665222168
 20
-1286915.933370373
 30
0.0
 11
-2003278.665222168
 21
-1286915.933370373
 31
0.0
  0
LINE
  5
9F5
330
17
100
AcDbEntity
  8
STAIR
100
AcDbLine
 10
-2003338.665219116
 20
-1286855.933370145
 30
0.0
 11
-2003338.665219116
 21
-1287075.933370145
 31
0.0
  0
LINE
  5
9F6
330
17
100
AcDbEntity
  8
STAIR
100
AcDbLine
 10
-2003338.665219116
 20
-1287075.933370145
 30
0.0
 11
-2002466.622388426
 21
-1287075.933370029
 31
0.0
  0
LINE
  5
9F7
330
17
100
AcDbEntity
  8
STAIR
100
AcDbLine
 10
-2002351.15233462
 20
-1287075.933370029
 30
0.0
 11
-2001138.665219116
 21
-1287075.933370145
 31
0.0
  0
LINE
  5
9F8
330
17
100
AcDbEntity
  8
STAIR
100
AcDbLine
 10
-2001138.665219116
 20
-1287075.933370145
 30
0.0
 11
-2001138.665219116
 21
-1286855.933370145
 31
0.0
  0
LINE
  5
9F9
330
17
100
AcDbEntity
  8
STAIR
100
AcDbLine
 10
-2001138.665219116
 20
-1286855.933370145
 30
0.0
 11
-2003338.665219116
 21
-1286855.933370145
 31
0.0
  0
LINE
  5
9FA
330
17
100
AcDbEntity
  8
STAIR
100
AcDbLine
 10
-2001198.665221135
 20
-1288175.933370229
 30
0.0
 11
-1999898.665221135
 21
-1288175.933370229
 31
0.0
  0
LINE
  5
9FB
330
17
100
AcDbEntity
  8
STAIR
100
AcDbLine
 10
-1999898.665221135
 20
-1288175.933370229
 30
0.0
 11
-1999898.665221135
 21
-1285755.933370229
 31
0.0
  0
LINE
  5
9FC
330
17
100
AcDbEntity
  8
STAIR
100
AcDbLine
 10
-1999898.665221135
 20
-1285755.933370229
 30
0.0
 11
-2001198.665221135
 21
-1285755.933370229
 31
0.0
  0
LINE
  5
9FD
330
17
100
AcDbEntity
  8
STAIR
100
AcDbLine
 10
-2001198.665221135
 20
-1285755.933370229
 30
0.0
 11
-2001198.665220717
 21
-1286855.933370029
 31
0.0
  0
LINE
  5
9FE
330
17
100
AcDbEntity
  8
STAIR
100
AcDbLine
 10
-2001198.665221058
 20
-1287075.933370029
 30
0.0
 11
-2001198.665221135
 21
-1288175.933370229
 31
0.0
  0
LINE
  5
9FF
330
17
100
AcDbEntity
  8
STAIR
100
AcDbLine
 10
-2001198.665221027
 20
-1286915.933369294
 30
0.0
 11
-2001198.665221058
 21
-1287015.933366459
 31
0.0
  0
LINE
  5
A00
330
17
100
AcDbEntity
  8
STAIR
100
AcDbLine
 10
-2003278.665221135
 20
-1287015.933370229
 30
0.0
 11
-2003278.665221135
 21
-1286915.933370229
 31
0.0
  0
LINE
  5
A01
330
17
100
AcDbEntity
  8
WALL
100
AcDbLine
 10
-2029218.665221153
 20
-1295425.93337025
 30
0.0
 11
-2029218.665221154
 21
-1298745.933370341
 31
0.0
  0
LINE
  5
A02
330
17
100
AcDbEntity
  8
WALL
100
AcDbLine
 10
-2029398.665221153
 20
-1295375.933370226
 30
0.0
 11
-2029398.665221153
 21
-1298745.933370086
 31
0.0
  0
INSERT
  5
A03
330
17
100
AcDbEntity
  8
WINDOW
100
AcDbBlockReference
 66
1
  2
$TCHSYS$WIN2D
 10
-2044058.665221135
 20
-1300085.933370229
 30
0.0
 41
2400.0
 42
-280.0
 43
2400.0
 50
180.0
1001
WTHICK
1040
280.0
  0
ATTRIB
  5
A04
330
A03
100
AcDbEntity
  8
WINDOW_TEXT
100
AcDbText
 10
-2044253.665221135
 20
-1300539.683370229
 30
0.0
 40
297.5
  1

  7
_TCH_WINDOW
 41
0.7058823529411765
100
AcDbAttribute
  2
A
 70
0
  0
SEQEND
  5
A05
330
A03
100
AcDbEntity
  8
WINDOW
  0
LINE
  5
A06
330
17
100
AcDbEntity
  8
WALL
100
AcDbLine
 10
-2045258.665221558
 20
-1300925.933370226
 30
0.0
 11
-2045258.665221886
 21
-1300775.933370361
 31
0.0
  0
LINE
  5
A07
330
17
100
AcDbEntity
  8
WALL
100
AcDbLine
 10
-2045258.665221886
 20
-1300775.933370361
 30
0.0
 11
-2045358.665220714
 21
-1300775.933370361
 31
0.0
  0
LINE
  5
A08
330
17
100
AcDbEntity
  8
WALL
100
AcDbLine
 10
-2045358.665220714
 20
-1300775.933370361
 30
0.0
 11
-2045358.665220947
 21
-1300825.933370226
 31
0.0
  0
LINE
  5
A09
330
17
100
AcDbEntity
  8
WALL
100
AcDbLine
 10
-2045358.665220947
 20
-1300125.933369892
 30
0.0
 11
-2045358.665220714
 21
-1300225.933370361
 31
0.0
  0
LINE
  5
A0A
330
17
100
AcDbEntity
  8
WALL
100
AcDbLine
 10
-2045358.665220714
 20
-1300225.933370361
 30
0.0
 11
-2045258.665221886
 21
-1300225.933370361
 31
0.0
  0
LINE
  5
A0B
330
17
100
AcDbEntity
  8
WALL
100
AcDbLine
 10
-2045258.665221886
 20
-1300225.933370361
 30
0.0
 11
-2045258.665221558
 21
-1300125.933370192
 31
0.0
  0
INSERT
  5
A0C
330
17
100
AcDbEntity
  8
WINDOW
100
AcDbBlockReference
 66
1
  2
$WINLIB2D$00000039
 10
-2045308.665221135
 20
-1300500.933370229
 30
0.0
 41
550.0
 42
100.0
 43
550.0
 50
90.0
1001
WTHICK
1040
100.0
  0
ATTRIB
  5
A0D
330
A0C
100
AcDbEntity
  8
WINDOW_TEXT
100
AcDbText
 10
-2044834.915221135
 20
-1300695.933370229
 30
0.0
 40
297.5
  1

 50
90.0
  7
_TCH_WINDOW
 41
0.7058823529411765
100
AcDbAttribute
  2
A
 70
0
  0
SEQEND
  5
A0E
330
A0C
100
AcDbEntity
  8
WINDOW
  0
LINE
  5
A0F
330
17
100
AcDbEntity
  8
WINDOW
  6
DASH
100
AcDbLine
 10
-2048508.665221135
 20
-1299945.933370229
 30
0.0
 11
-2048508.665221135
 21
-1300225.933370229
 31
0.0
  0
LINE
  5
A10
330
17
100
AcDbEntity
  8
WINDOW
  6
DASH
100
AcDbLine
 10
-2046808.665221135
 20
-1300225.933370229
 30
0.0
 11
-2046808.665221135
 21
-1299945.933370229
 31
0.0
  0
LINE
  5
A11
330
17
100
AcDbEntity
  8
WALL
100
AcDbLine
 10
-2046808.665220947
 20
-1300925.933370226
 30
0.0
 11
-2046808.665220947
 21
-1300125.933370158
 31
0.0
  0
LINE
  5
A12
330
17
100
AcDbEntity
  8
WALL
100
AcDbLine
 10
-2046708.665220947
 20
-1300825.933370226
 30
0.0
 11
-2046708.665220947
 21
-1300125.933370536
 31
0.0
  0
LINE
  5
A13
330
17
100
AcDbEntity
  8
WALL
100
AcDbLine
 10
-2045358.665220947
 20
-1300825.933370226
 30
0.0
 11
-2045558.665222168
 21
-1300825.933370226
 31
0.0
  0
LINE
  5
A14
330
17
100
AcDbEntity
  8
WALL
100
AcDbLine
 10
-2045558.665222168
 20
-1300825.933370226
 30
0.0
 11
-2045558.665222168
 21
-1300925.93336993
 31
0.0
  0
LINE
  5
A15
330
17
100
AcDbEntity
  8
WALL
100
AcDbLine
 10
-2045558.665222168
 20
-1300925.93336993
 30
0.0
 11
-2045258.665221558
 21
-1300925.933370226
 31
0.0
  0
LINE
  5
A16
330
17
100
AcDbEntity
  8
WALL
100
AcDbLine
 10
-2046808.665220947
 20
-1300925.933370226
 30
0.0
 11
-2046508.665220947
 21
-1300925.93336993
 31
0.0
  0
LINE
  5
A17
330
17
100
AcDbEntity
  8
WALL
100
AcDbLine
 10
-2046508.665220947
 20
-1300925.93336993
 30
0.0
 11
-2046508.665220947
 21
-1300825.933370226
 31
0.0
  0
LINE
  5
A18
330
17
100
AcDbEntity
  8
WALL
100
AcDbLine
 10
-2046508.665220947
 20
-1300825.933370226
 30
0.0
 11
-2046708.665220947
 21
-1300825.933370226
 31
0.0
  0
INSERT
  5
A19
330
17
100
AcDbEntity
  8
WINDOW
100
AcDbBlockReference
 66
1
  2
$WINLIB2D$00000039
 10
-2046033.665221135
 20
-1300875.933370229
 30
0.0
 41
950.0
 42
-100.0
 43
950.0
 50
180.0
1001
WTHICK
1040
100.0
  0
ATTRIB
  5
A1A
330
A19
100
AcDbEntity
  8
WINDOW_TEXT
100
AcDbText
 10
-2046228.665221135
 20
-1301349.683370229
 30
0.0
 40
297.5
  1

  7
_TCH_WINDOW
 41
0.7058823529411765
100
AcDbAttribute
  2
A
 70
0
  0
SEQEND
  5
A1B
330
A19
100
AcDbEntity
  8
WINDOW
  0
LINE
  5
A1C
330
17
100
AcDbEntity
  8
WALL
100
AcDbLine
 10
-2046708.665221135
 20
-1299945.933370229
 30
0.0
 11
-2046808.66522149
 21
-1299945.933370293
 31
0.0
  0
LINE
  5
A1D
330
17
100
AcDbEntity
  8
WALL
100
AcDbLine
 10
-2046808.66522149
 20
-1299945.933370293
 30
0.0
 11
-2046808.66522149
 21
-1300125.933370238
 31
0.0
  0
LINE
  5
A1E
330
17
100
AcDbEntity
  8
WALL
100
AcDbLine
 10
-2049208.665221104
 20
-1300125.933370158
 30
0.0
 11
-2048508.665220812
 21
-1300125.933370238
 31
0.0
  0
LINE
  5
A1F
330
17
100
AcDbEntity
  8
WALL
100
AcDbLine
 10
-2048508.665220812
 20
-1300125.933370238
 30
0.0
 11
-2048508.665220812
 21
-1299945.933370242
 31
0.0
  0
LINE
  5
A20
330
17
100
AcDbEntity
  8
WALL
100
AcDbLine
 10
-2048508.665220812
 20
-1299945.933370242
 30
0.0
 11
-2049028.665221229
 21
-1299945.933370158
 31
0.0
  0
LINE
  5
A21
330
17
100
AcDbEntity
  8
SURFACE
100
AcDbLine
 10
-2048508.665221296
 20
-1300225.933370383
 30
0.0
 11
-2048508.665221296
 21
-1300125.933370158
 31
0.0
  0
LINE
  5
A22
330
17
100
AcDbEntity
  8
SURFACE
100
AcDbLine
 10
-2048508.665221296
 20
-1300225.933370383
 30
0.0
 11
-2049308.665221104
 21
-1300225.933370361
 31
0.0
  0
LINE
  5
A23
330
17
100
AcDbEntity
  8
WALL
100
AcDbLine
 10
-2042198.665221144
 20
-1299945.933370192
 30
0.0
 11
-2042858.66522149
 21
-1299945.933370215
 31
0.0
  0
LINE
  5
A24
330
17
100
AcDbEntity
  8
WALL
100
AcDbLine
 10
-2042858.66522149
 20
-1299945.933370215
 30
0.0
 11
-2042858.66522149
 21
-1300125.933370252
 31
0.0
  0
LINE
  5
A25
330
17
100
AcDbEntity
  8
WALL
100
AcDbLine
 10
-2042858.66522149
 20
-1300125.933370252
 30
0.0
 11
-2042018.665221144
 21
-1300125.933370192
 31
0.0
  0
LINE
  5
A26
330
17
100
AcDbEntity
  8
WALL
100
AcDbLine
 10
-2045258.665221558
 20
-1300125.933370192
 30
0.0
 11
-2045258.665220812
 21
-1299945.933370242
 31
0.0
  0
LINE
  5
A27
330
17
100
AcDbEntity
  8
WALL
100
AcDbLine
 10
-2045258.665220812
 20
-1299945.933370242
 30
0.0
 11
-2045358.665221135
 21
-1299945.933370229
 31
0.0
  0
LINE
  5
A28
330
17
100
AcDbEntity
  8
SURFACE
100
AcDbLine
 10
-2042858.66522086
 20
-1300225.93337006
 30
0.0
 11
-2042858.665220861
 21
-1300125.933370192
 31
0.0
  0
LINE
  5
A29
330
17
100
AcDbEntity
  8
SURFACE
100
AcDbLine
 10
-2041918.665221144
 20
-1300225.933370192
 30
0.0
 11
-2042858.66522086
 21
-1300225.93337006
 31
0.0
  0
LINE
  5
A2A
330
17
100
AcDbEntity
  8
WALL
100
AcDbLine
 10
-2045358.665220947
 20
-1300125.933369892
 30
0.0
 11
-2046008.665221135
 21
-1300125.933370229
 31
0.0
  0
LINE
  5
A2B
330
17
100
AcDbEntity
  8
WALL
100
AcDbLine
 10
-2045358.665221135
 20
-1299945.933370229
 30
0.0
 11
-2045918.665221144
 21
-1299945.933369892
 31
0.0
  0
LINE
  5
A2C
330
17
100
AcDbEntity
  8
SURFACE
100
AcDbLine
 10
-2045358.665220947
 20
-1300225.933370643
 30
0.0
 11
-2046008.665221135
 21
-1300225.933370229
 31
0.0
  0
LINE
  5
A2D
330
17
100
AcDbEntity
  8
WALL
100
AcDbLine
 10
-2042018.665221144
 20
-1298575.933370319
 30
0.0
 11
-2042018.665221144
 21
-1300125.933370192
 31
0.0
  0
LINE
  5
A2E
330
17
100
AcDbEntity
  8
WALL
100
AcDbLine
 10
-2042198.665221144
 20
-1298575.933370146
 30
0.0
 11
-2042198.665221144
 21
-1299945.933370192
 31
0.0
  0
LINE
  5
A2F
330
17
100
AcDbEntity
  8
SURFACE
100
AcDbLine
 10
-2041918.665221144
 20
-1298675.933370151
 30
0.0
 11
-2041918.665221144
 21
-1300225.933370192
 31
0.0
  0
INSERT
  5
A30
330
17
100
AcDbEntity
  8
WINDOW
100
AcDbBlockReference
 66
1
  2
$TCHSYS$WIN2D
 10
-2034358.665221135
 20
-1300085.933370229
 30
0.0
 41
2400.0
 42
280.0
 43
2400.0
1001
WTHICK
1040
280.0
  0
ATTRIB
  5
A31
330
A30
100
AcDbEntity
  8
WINDOW_TEXT
100
AcDbText
 10
-2034553.665221135
 20
-1300539.683370229
 30
0.0
 40
297.5
  1

  7
_TCH_WINDOW
 41
0.7058823529411765
100
AcDbAttribute
  2
A
 70
0
  0
SEQEND
  5
A32
330
A30
100
AcDbEntity
  8
WINDOW
  0
LINE
  5
A33
330
17
100
AcDbEntity
  8
WALL
100
AcDbLine
 10
-2033058.665221558
 20
-1300825.933370226
 30
0.0
 11
-2033058.665221263
 21
-1300775.933369141
 31
0.0
  0
LINE
  5
A34
330
17
100
AcDbEntity
  8
WALL
100
AcDbLine
 10
-2033058.665221263
 20
-1300775.933369141
 30
0.0
 11
-2033158.66522178
 21
-1300775.933369141
 31
0.0
  0
LINE
  5
A35
330
17
100
AcDbEntity
  8
WALL
100
AcDbLine
 10
-2033158.66522178
 20
-1300775.933369141
 30
0.0
 11
-2033158.665221558
 21
-1300925.933370226
 31
0.0
  0
LINE
  5
A36
330
17
100
AcDbEntity
  8
WALL
100
AcDbLine
 10
-2033158.665221558
 20
-1300125.933370192
 30
0.0
 11
-2033158.66522178
 21
-1300225.933370361
 31
0.0
  0
LINE
  5
A37
330
17
100
AcDbEntity
  8
WALL
100
AcDbLine
 10
-2033158.66522178
 20
-1300225.933370361
 30
0.0
 11
-2033058.665221263
 21
-1300225.933370361
 31
0.0
  0
LINE
  5
A38
330
17
100
AcDbEntity
  8
WALL
100
AcDbLine
 10
-2033058.665221263
 20
-1300225.933370361
 30
0.0
 11
-2033058.665221558
 21
-1300125.933370643
 31
0.0
  0
INSERT
  5
A39
330
17
100
AcDbEntity
  8
WINDOW
100
AcDbBlockReference
 66
1
  2
$WINLIB2D$00000039
 10
-2033108.665221135
 20
-1300500.933370229
 30
0.0
 41
550.0
 42
100.0
 43
550.0
 50
90.0
1001
WTHICK
1040
100.0
  0
ATTRIB
  5
A3A
330
A39
100
AcDbEntity
  8
WINDOW_TEXT
100
AcDbText
 10
-2032630.625260631
 20
-1300695.933370229
 30
0.0
 40
297.5
  1

 50
90.0
  7
_TCH_WINDOW
 41
0.7058823529411765
100
AcDbAttribute
  2
A
 70
0
  0
SEQEND
  5
A3B
330
A39
100
AcDbEntity
  8
WINDOW
  0
LINE
  5
A3C
330
17
100
AcDbEntity
  8
WALL
100
AcDbLine
 10
-2031708.665221558
 20
-1300825.933370226
 30
0.0
 11
-2031708.665221558
 21
-1300125.933369838
 31
0.0
  0
LINE
  5
A3D
330
17
100
AcDbEntity
  8
WALL
100
AcDbLine
 10
-2031608.665220947
 20
-1300925.933370226
 30
0.0
 11
-2031608.665220947
 21
-1299945.933370536
 31
0.0
  0
LINE
  5
A3E
330
17
100
AcDbEntity
  8
WALL
100
AcDbLine
 10
-2033158.665221558
 20
-1300925.933370226
 30
0.0
 11
-2032858.665220947
 21
-1300925.933370242
 31
0.0
  0
LINE
  5
A3F
330
17
100
AcDbEntity
  8
WALL
100
AcDbLine
 10
-2032858.665220947
 20
-1300925.933370242
 30
0.0
 11
-2032858.665220947
 21
-1300825.933370226
 31
0.0
  0
LINE
  5
A40
330
17
100
AcDbEntity
  8
WALL
100
AcDbLine
 10
-2032858.665220947
 20
-1300825.933370226
 30
0.0
 11
-2033058.665221558
 21
-1300825.933370226
 31
0.0
  0
LINE
  5
A41
330
17
100
AcDbEntity
  8
WALL
100
AcDbLine
 10
-2031708.665221558
 20
-1300825.933370226
 30
0.0
 11
-2031908.665220947
 21
-1300825.933370226
 31
0.0
  0
LINE
  5
A42
330
17
100
AcDbEntity
  8
WALL
100
AcDbLine
 10
-2031908.665220947
 20
-1300825.933370226
 30
0.0
 11
-2031908.665220948
 21
-1300925.933370242
 31
0.0
  0
LINE
  5
A43
330
17
100
AcDbEntity
  8
WALL
100
AcDbLine
 10
-2031908.665220948
 20
-1300925.933370242
 30
0.0
 11
-2031608.665220947
 21
-1300925.933370226
 31
0.0
  0
INSERT
  5
A44
330
17
100
AcDbEntity
  8
WINDOW
100
AcDbBlockReference
 66
1
  2
$WINLIB2D$00000039
 10
-2032383.665221135
 20
-1300875.933370229
 30
0.0
 41
950.0
 42
100.0
 43
950.0
1001
WTHICK
1040
100.0
  0
ATTRIB
  5
A45
330
A44
100
AcDbEntity
  8
WINDOW_TEXT
100
AcDbText
 10
-2032578.665221135
 20
-1301349.683370229
 30
0.0
 40
297.5
  1

  7
_TCH_WINDOW
 41
0.7058823529411765
100
AcDbAttribute
  2
A
 70
0
  0
SEQEND
  5
A46
330
A44
100
AcDbEntity
  8
WINDOW
  0
LINE
  5
A47
330
17
100
AcDbEntity
  8
WALL
100
AcDbLine
 10
-2036398.665221144
 20
-1300125.933370192
 30
0.0
 11
-2035558.665220812
 21
-1300125.93337026
 31
0.0
  0
LINE
  5
A48
330
17
100
AcDbEntity
  8
WALL
100
AcDbLine
 10
-2035558.665220812
 20
-1300125.93337026
 30
0.0
 11
-2035558.665220812
 21
-1299945.9333702
 31
0.0
  0
LINE
  5
A49
330
17
100
AcDbEntity
  8
WALL
100
AcDbLine
 10
-2035558.665220812
 20
-1299945.9333702
 30
0.0
 11
-2036218.665221144
 21
-1299945.933370343
 31
0.0
  0
LINE
  5
A4A
330
17
100
AcDbEntity
  8
WALL
100
AcDbLine
 10
-2033058.665221135
 20
-1299945.933370229
 30
0.0
 11
-2033158.665220812
 21
-1299945.933370113
 31
0.0
  0
LINE
  5
A4B
330
17
100
AcDbEntity
  8
WALL
100
AcDbLine
 10
-2033158.665220812
 20
-1299945.933370113
 30
0.0
 11
-2033158.665220812
 21
-1300125.93337026
 31
0.0
  0
LINE
  5
A4C
330
17
100
AcDbEntity
  8
SURFACE
100
AcDbLine
 10
-2035558.665221296
 20
-1300225.933370239
 30
0.0
 11
-2035558.665221296
 21
-1300125.933370192
 31
0.0
  0
LINE
  5
A4D
330
17
100
AcDbEntity
  8
SURFACE
100
AcDbLine
 10
-2036498.665221144
 20
-1300225.933370192
 30
0.0
 11
-2035558.665221296
 21
-1300225.933370239
 31
0.0
  0
LINE
  5
A4E
330
17
100
AcDbEntity
  8
WALL
100
AcDbLine
 10
-2036218.665221144
 20
-1298575.933370271
 30
0.0
 11
-2036218.665221144
 21
-1299945.933370343
 31
0.0
  0
LINE
  5
A4F
330
17
100
AcDbEntity
  8
WALL
100
AcDbLine
 10
-2036398.665221144
 20
-1298575.933370151
 30
0.0
 11
-2036398.665221144
 21
-1300125.933370192
 31
0.0
  0
LINE
  5
A50
330
17
100
AcDbEntity
  8
SURFACE
100
AcDbLine
 10
-2036498.665221144
 20
-1298675.933370319
 30
0.0
 11
-2036498.665221144
 21
-1300225.933370192
 31
0.0
  0
LINE
  5
A51
330
17
100
AcDbEntity
  8
WALL
100
AcDbLine
 10
-2029218.665220921
 20
-1298925.933370164
 30
0.0
 11
-2029218.665220921
 21
-1300125.933370202
 31
0.0
  0
LINE
  5
A52
330
17
100
AcDbEntity
  8
WALL
100
AcDbLine
 10
-2029398.665221328
 20
-1298925.933370243
 30
0.0
 11
-2029398.665221328
 21
-1299945.933370202
 31
0.0
  0
LINE
  5
A53
330
17
100
AcDbEntity
  8
SURFACE
100
AcDbLine
 10
-2029118.665221328
 20
-1299025.933370164
 30
0.0
 11
-2029118.665221328
 21
-1300225.933370415
 31
0.0
  0
LINE
  5
A54
330
17
100
AcDbEntity
  8
WALL
100
AcDbLine
 10
-2033058.665221135
 20
-1299945.933370229
 30
0.0
 11
-2032498.665221329
 21
-1299945.933369892
 31
0.0
  0
LINE
  5
A55
330
17
100
AcDbEntity
  8
WALL
100
AcDbLine
 10
-2033058.665221558
 20
-1300125.933370643
 30
0.0
 11
-2032408.665221135
 21
-1300125.933370229
 31
0.0
  0
LINE
  5
A56
330
17
100
AcDbEntity
  8
SURFACE
100
AcDbLine
 10
-2033058.665221558
 20
-1300225.933370643
 30
0.0
 11
-2032408.665221135
 21
-1300225.933370229
 31
0.0
  0
LINE
  5
A57
330
17
100
AcDbEntity
  8
WALL
100
AcDbLine
 10
-2032498.665221135
 20
-1298825.933370229
 30
0.0
 11
-2032498.665220424
 21
-1298575.933370272
 31
0.0
  0
LINE
  5
A58
330
17
100
AcDbEntity
  8
WALL
100
AcDbLine
 10
-2032318.665220424
 20
-1298745.933370086
 30
0.0
 11
-2032318.665221135
 21
-1298475.933370229
 31
0.0
  0
LINE
  5
A59
330
17
100
AcDbEntity
  8
WALL
100
AcDbLine
 10
-2032318.665221329
 20
-1299945.933370536
 30
0.0
 11
-2031608.665220947
 21
-1299945.933370536
 31
0.0
  0
LINE
  5
A5A
330
17
100
AcDbEntity
  8
WALL
100
AcDbLine
 10
-2032408.665221135
 20
-1300125.933370229
 30
0.0
 11
-2031708.665221558
 21
-1300125.933369838
 31
0.0
  0
LINE
  5
A5B
330
17
100
AcDbEntity
  8
SURFACE
100
AcDbLine
 10
-2032408.665221135
 20
-1300225.933370229
 30
0.0
 11
-2031708.665221558
 21
-1300225.933369838
 31
0.0
  0
LINE
  5
A5C
330
17
100
AcDbEntity
  8
WALL
100
AcDbLine
 10
-2031608.665221135
 20
-1300125.933370229
 30
0.0
 11
-2031608.665221135
 21
-1299945.933370229
 31
0.0
  0
LINE
  5
A5D
330
17
100
AcDbEntity
  8
WALL
100
AcDbLine
 10
-2029398.665221328
 20
-1299945.933370202
 30
0.0
 11
-2029808.66522149
 21
-1299945.933370332
 31
0.0
  0
LINE
  5
A5E
330
17
100
AcDbEntity
  8
WALL
100
AcDbLine
 10
-2029808.66522149
 20
-1299945.933370332
 30
0.0
 11
-2029808.66522149
 21
-1300125.933370284
 31
0.0
  0
LINE
  5
A5F
330
17
100
AcDbEntity
  8
WALL
100
AcDbLine
 10
-2029808.66522149
 20
-1300125.933370284
 30
0.0
 11
-2029218.665220921
 21
-1300125.933370202
 31
0.0
  0
LINE
  5
A60
330
17
100
AcDbEntity
  8
SURFACE
100
AcDbLine
 10
-2029808.66522086
 20
-1300225.933370507
 30
0.0
 11
-2029808.665220861
 21
-1300125.933370209
 31
0.0
  0
LINE
  5
A61
330
17
100
AcDbEntity
  8
SURFACE
100
AcDbLine
 10
-2029808.66522086
 20
-1300225.933370507
 30
0.0
 11
-2029118.665221328
 21
-1300225.933370415
 31
0.0
  0
INSERT
  5
A62
330
17
100
AcDbEntity
  8
WINDOW
100
AcDbBlockReference
 66
1
  2
$TCHSYS$WIN2D
 10
-2030708.665221135
 20
-1300085.933370229
 30
0.0
 41
-1800.0
 42
-280.0
 43
-1800.0
1001
WTHICK
1040
280.0
  0
ATTRIB
  5
A63
330
A62
100
AcDbEntity
  8
WINDOW_TEXT
100
AcDbText
 10
-2030603.665221135
 20
-1299809.683370229
 30
0.0
 40
297.5
  1

  7
_TCH_WINDOW
 41
0.7058823529411765
100
AcDbAttribute
  2
A
 70
0
  0
SEQEND
  5
A64
330
A62
100
AcDbEntity
  8
WINDOW
  0
LINE
  5
A65
330
17
100
AcDbEntity
  8
WALL
100
AcDbLine
 10
-2017498.665221135
 20
-1300515.933370229
 30
0.0
 11
-2017498.665220713
 21
-1300315.933370303
 31
0.0
  0
LINE
  5
A66
330
17
100
AcDbEntity
  8
WALL
100
AcDbLine
 10
-2017318.665221135
 20
-1300515.933370229
 30
0.0
 11
-2017318.665221135
 21
-1300225.93337023
 31
0.0
  0
LINE
  5
A67
330
17
100
AcDbEntity
  8
WALL
100
AcDbLine
 10
-2017498.665221135
 20
-1300515.933370229
 30
0.0
 11
-2017318.665221135
 21
-1300515.933370229
 31
0.0
  0
LINE
  5
A68
330
17
100
AcDbEntity
  8
SURFACE
100
AcDbLine
 10
-2017598.665221135
 20
-1300515.933370229
 30
0.0
 11
-2017598.665220714
 21
-1300415.933370187
 31
0.0
  0
LINE
  5
A69
330
17
100
AcDbEntity
  8
SURFACE
100
AcDbLine
 10
-2017218.665221135
 20
-1300515.933370229
 30
0.0
 11
-2017218.665221135
 21
-1300225.93337023
 31
0.0
  0
LINE
  5
A6A
330
17
100
AcDbEntity
  8
WALL
100
AcDbLine
 10
-2025898.665221135
 20
-1300515.933370229
 30
0.0
 11
-2025898.665221135
 21
-1300225.93337023
 31
0.0
  0
LINE
  5
A6B
330
17
100
AcDbEntity
  8
WALL
100
AcDbLine
 10
-2025718.665221135
 20
-1300515.933370229
 30
0.0
 11
-2025718.665220733
 21
-1300315.933370159
 31
0.0
  0
LINE
  5
A6C
330
17
100
AcDbEntity
  8
WALL
100
AcDbLine
 10
-2025898.665221135
 20
-1300515.933370229
 30
0.0
 11
-2025718.665221135
 21
-1300515.933370229
 31
0.0
  0
LINE
  5
A6D
330
17
100
AcDbEntity
  8
SURFACE
100
AcDbLine
 10
-2025998.665221135
 20
-1300515.933370229
 30
0.0
 11
-2025998.665221135
 21
-1300225.93337023
 31
0.0
  0
LINE
  5
A6E
330
17
100
AcDbEntity
  8
SURFACE
100
AcDbLine
 10
-2025618.665221135
 20
-1300515.933370229
 30
0.0
 11
-2025618.665222417
 21
-1300415.933370276
 31
0.0
  0
LINE
  5
A6F
330
17
100
AcDbEntity
  8
WALL
100
AcDbLine
 10
-2021518.665221122
 20
-1298925.933370187
 30
0.0
 11
-2021518.665221122
 21
-1300135.933370303
 31
0.0
  0
LINE
  5
A70
330
17
100
AcDbEntity
  8
WALL
100
AcDbLine
 10
-2021698.665221122
 20
-1298925.933370303
 30
0.0
 11
-2021698.665221122
 21
-1300135.933370159
 31
0.0
  0
LINE
  5
A71
330
17
100
AcDbEntity
  8
WALL
100
AcDbLine
 10
-2025718.665220733
 20
-1300315.933370159
 30
0.0
 11
-2025548.665220812
 21
-1300315.93337016
 31
0.0
  0
LINE
  5
A72
330
17
100
AcDbEntity
  8
WALL
100
AcDbLine
 10
-2025548.665220812
 20
-1300315.93337016
 30
0.0
 11
-2025548.665220812
 21
-1300135.933370155
 31
0.0
  0
LINE
  5
A73
330
17
100
AcDbEntity
  8
WALL
100
AcDbLine
 10
-2025548.665220812
 20
-1300135.933370155
 30
0.0
 11
-2025718.665221157
 21
-1300135.933370159
 31
0.0
  0
LINE
  5
A74
330
17
100
AcDbEntity
  8
WALL
100
AcDbLine
 10
-2021698.665221122
 20
-1300135.933370159
 30
0.0
 11
-2022108.665220812
 21
-1300135.933370155
 31
0.0
  0
LINE
  5
A75
330
17
100
AcDbEntity
  8
WALL
100
AcDbLine
 10
-2022108.665220812
 20
-1300135.933370155
 30
0.0
 11
-2022108.665220812
 21
-1300315.93337022
 31
0.0
  0
LINE
  5
A76
330
17
100
AcDbEntity
  8
WALL
100
AcDbLine
 10
-2022108.665220812
 20
-1300315.93337022
 30
0.0
 11
-2021608.665221135
 21
-1300315.93337023
 31
0.0
  0
LINE
  5
A77
330
17
100
AcDbEntity
  8
SURFACE
100
AcDbLine
 10
-2025548.665221296
 20
-1300415.933370327
 30
0.0
 11
-2025548.665221294
 21
-1300315.933370162
 31
0.0
  0
LINE
  5
A78
330
17
100
AcDbEntity
  8
SURFACE
100
AcDbLine
 10
-2025618.665222417
 20
-1300415.933370276
 30
0.0
 11
-2025548.665221296
 21
-1300415.933370327
 31
0.0
  0
LINE
  5
A79
330
17
100
AcDbEntity
  8
SURFACE
100
AcDbLine
 10
-2022108.665221296
 20
-1300415.933370288
 30
0.0
 11
-2022108.665221294
 21
-1300315.933370222
 31
0.0
  0
LINE
  5
A7A
330
17
100
AcDbEntity
  8
SURFACE
100
AcDbLine
 10
-2022108.665221296
 20
-1300415.933370288
 30
0.0
 11
-2021608.665221135
 21
-1300415.93337023
 31
0.0
  0
INSERT
  5
A7B
330
17
100
AcDbEntity
  8
WINDOW
100
AcDbBlockReference
 66
1
  2
$TCHSYS$WIN2D
 10
-2023828.665221135
 20
-1300275.93337023
 30
0.0
 41
3440.0
 42
-280.0
 43
3440.0
1001
WTHICK
1040
280.0
  0
ATTRIB
  5
A7C
330
A7B
100
AcDbEntity
  8
WINDOW_TEXT
100
AcDbText
 10
-2023993.665221135
 20
-1300009.68337023
 30
0.0
 40
297.5
  1

  7
_TCH_WINDOW
 41
0.7058823529411765
100
AcDbAttribute
  2
A
 70
0
  0
SEQEND
  5
A7D
330
A7B
100
AcDbEntity
  8
WINDOW
  0
LINE
  5
A7E
330
17
100
AcDbEntity
  8
WALL
100
AcDbLine
 10
-2021608.665221135
 20
-1300315.93337023
 30
0.0
 11
-2021108.66522149
 21
-1300315.933370176
 31
0.0
  0
LINE
  5
A7F
330
17
100
AcDbEntity
  8
WALL
100
AcDbLine
 10
-2021108.66522149
 20
-1300315.933370176
 30
0.0
 11
-2021108.66522149
 21
-1300135.933370385
 31
0.0
  0
LINE
  5
A80
330
17
100
AcDbEntity
  8
WALL
100
AcDbLine
 10
-2021108.66522149
 20
-1300135.933370385
 30
0.0
 11
-2021518.665221122
 21
-1300135.933370303
 31
0.0
  0
LINE
  5
A81
330
17
100
AcDbEntity
  8
WALL
100
AcDbLine
 10
-2017498.665221162
 20
-1300135.933370303
 30
0.0
 11
-2017668.66522149
 21
-1300135.933370386
 31
0.0
  0
LINE
  5
A82
330
17
100
AcDbEntity
  8
WALL
100
AcDbLine
 10
-2017668.66522149
 20
-1300135.933370386
 30
0.0
 11
-2017668.66522149
 21
-1300315.933370237
 31
0.0
  0
LINE
  5
A83
330
17
100
AcDbEntity
  8
WALL
100
AcDbLine
 10
-2017668.66522149
 20
-1300315.933370237
 30
0.0
 11
-2017498.665220713
 21
-1300315.933370303
 31
0.0
  0
LINE
  5
A84
330
17
100
AcDbEntity
  8
SURFACE
100
AcDbLine
 10
-2021108.66522086
 20
-1300415.933370256
 30
0.0
 11
-2021108.665220858
 21
-1300315.933370239
 31
0.0
  0
LINE
  5
A85
330
17
100
AcDbEntity
  8
SURFACE
100
AcDbLine
 10
-2021608.665221135
 20
-1300415.93337023
 30
0.0
 11
-2021108.66522086
 21
-1300415.933370256
 31
0.0
  0
LINE
  5
A86
330
17
100
AcDbEntity
  8
SURFACE
100
AcDbLine
 10
-2017668.66522086
 20
-1300415.933370219
 30
0.0
 11
-2017668.665220858
 21
-1300315.9333703
 31
0.0
  0
LINE
  5
A87
330
17
100
AcDbEntity
  8
SURFACE
100
AcDbLine
 10
-2017668.66522086
 20
-1300415.933370219
 30
0.0
 11
-2017598.665220714
 21
-1300415.933370187
 31
0.0
  0
INSERT
  5
A88
330
17
100
AcDbEntity
  8
WINDOW
100
AcDbBlockReference
 66
1
  2
$TCHSYS$WIN2D
 10
-2019388.665221135
 20
-1300275.93337023
 30
0.0
 41
-3440.0
 42
-280.0
 43
-3440.0
1001
WTHICK
1040
280.0
  0
ATTRIB
  5
A89
330
A88
100
AcDbEntity
  8
WINDOW_TEXT
100
AcDbText
 10
-2019613.665221135
 20
-1300009.68337023
 30
0.0
 40
297.5
  1

  7
_TCH_WINDOW
 41
0.7058823529411765
100
AcDbAttribute
  2
A
 70
0
  0
SEQEND
  5
A8A
330
A88
100
AcDbEntity
  8
WINDOW
  0
LINE
  5
A8B
330
17
100
AcDbEntity
  8
WALL
100
AcDbLine
 10
-2026558.66522117
 20
-1300415.933369727
 30
0.0
 11
-2026658.665220995
 21
-1300415.933370361
 31
0.0
  0
LINE
  5
A8C
330
17
100
AcDbEntity
  8
WALL
100
AcDbLine
 10
-2026658.665220995
 20
-1300415.933370361
 30
0.0
 11
-2026658.66522117
 21
-1300515.933369818
 31
0.0
  0
LINE
  5
A8D
330
17
100
AcDbEntity
  8
WALL
100
AcDbLine
 10
-2026658.66522117
 20
-1298925.933370164
 30
0.0
 11
-2026658.665220995
 21
-1299465.933369141
 31
0.0
  0
LINE
  5
A8E
330
17
100
AcDbEntity
  8
WALL
100
AcDbLine
 10
-2026658.665220995
 20
-1299465.933369141
 30
0.0
 11
-2026558.6652211
 21
-1299465.933369141
 31
0.0
  0
LINE
  5
A8F
330
17
100
AcDbEntity
  8
WALL
100
AcDbLine
 10
-2026558.6652211
 20
-1299465.933369141
 30
0.0
 11
-2026558.66522117
 21
-1298925.933370443
 31
0.0
  0
INSERT
  5
A90
330
17
100
AcDbEntity
  8
WINDOW
100
AcDbBlockReference
 66
1
  2
$WINLIB2D$00000039
 10
-2026608.665221135
 20
-1299940.933370229
 30
0.0
 41
950.0
 42
100.0
 43
950.0
 50
90.0
1001
WTHICK
1040
100.0
  0
ATTRIB
  5
A91
330
A90
100
AcDbEntity
  8
WINDOW_TEXT
100
AcDbText
 10
-2026080.625260631
 20
-1300335.933370229
 30
0.0
 40
297.5
  1

 50
90.0
  7
_TCH_WINDOW
 41
0.7058823529411765
100
AcDbAttribute
  2
A
 70
0
  0
SEQEND
  5
A92
330
A90
100
AcDbEntity
  8
WINDOW
  0
LINE
  5
A93
330
17
100
AcDbEntity
  8
WALL
100
AcDbLine
 10
-2016558.66522117
 20
-1300515.933370876
 30
0.0
 11
-2016558.665221331
 21
-1300415.933370361
 31
0.0
  0
LINE
  5
A94
330
17
100
AcDbEntity
  8
WALL
100
AcDbLine
 10
-2016558.665221331
 20
-1300415.933370361
 30
0.0
 11
-2016658.665221115
 21
-1300415.933370361
 31
0.0
  0
LINE
  5
A95
330
17
100
AcDbEntity
  8
WALL
100
AcDbLine
 10
-2016658.66522117
 20
-1298925.933370443
 30
0.0
 11
-2016658.665221115
 21
-1299465.933370361
 31
0.0
  0
LINE
  5
A96
330
17
100
AcDbEntity
  8
WALL
100
AcDbLine
 10
-2016658.665221115
 20
-1299465.933370361
 30
0.0
 11
-2016558.665221331
 21
-1299465.933370361
 31
0.0
  0
LINE
  5
A97
330
17
100
AcDbEntity
  8
WALL
100
AcDbLine
 10
-2016558.665221331
 20
-1299465.933370361
 30
0.0
 11
-2016558.66522117
 21
-1298925.933370213
 31
0.0
  0
INSERT
  5
A98
330
17
100
AcDbEntity
  8
WINDOW
100
AcDbBlockReference
 66
1
  2
$WINLIB2D$00000039
 10
-2016608.665221135
 20
-1299940.933370229
 30
0.0
 41
950.0
 42
100.0
 43
950.0
 50
90.0
1001
WTHICK
1040
100.0
  0
ATTRIB
  5
A99
330
A98
100
AcDbEntity
  8
WINDOW_TEXT
100
AcDbText
 10
-2016080.625260631
 20
-1300335.933370229
 30
0.0
 40
297.5
  1

 50
90.0
  7
_TCH_WINDOW
 41
0.7058823529411765
100
AcDbAttribute
  2
A
 70
0
  0
SEQEND
  5
A9A
330
A98
100
AcDbEntity
  8
WINDOW
  0
LINE
  5
A9B
330
17
100
AcDbEntity
  8
WALL
100
AcDbLine
 10
-2025898.665221135
 20
-1300225.93337023
 30
0.0
 11
-2025898.665221157
 21
-1298925.933370443
 31
0.0
  0
LINE
  5
A9C
330
17
100
AcDbEntity
  8
WALL
100
AcDbLine
 10
-2025718.665221157
 20
-1300135.933370159
 30
0.0
 11
-2025718.665221157
 21
-1298925.933370303
 31
0.0
  0
LINE
  5
A9D
330
17
100
AcDbEntity
  8
SURFACE
100
AcDbLine
 10
-2025998.665221135
 20
-1300225.93337023
 30
0.0
 11
-2025998.665221157
 21
-1299025.933370443
 31
0.0
  0
LINE
  5
A9E
330
17
100
AcDbEntity
  8
WALL
100
AcDbLine
 10
-2026208.295206805
 20
-1300515.933370229
 30
0.0
 11
-2026658.66522117
 21
-1300515.933369818
 31
0.0
  0
LINE
  5
A9F
330
17
100
AcDbEntity
  8
WALL
100
AcDbLine
 10
-2026208.295206805
 20
-1300415.933370229
 30
0.0
 11
-2026558.66522117
 21
-1300415.933369727
 31
0.0
  0
LINE
  5
AA0
330
17
100
AcDbEntity
  8
WALL
100
AcDbLine
 10
-2026208.295206805
 20
-1300515.933370229
 30
0.0
 11
-2026208.295206805
 21
-1300415.933370229
 31
0.0
  0
LINE
  5
AA1
330
17
100
AcDbEntity
  8
WALL
100
AcDbLine
 10
-2017009.035235465
 20
-1300415.933370229
 30
0.0
 11
-2016658.66522117
 21
-1300415.933370786
 31
0.0
  0
LINE
  5
AA2
330
17
100
AcDbEntity
  8
WALL
100
AcDbLine
 10
-2017009.035235465
 20
-1300515.933370229
 30
0.0
 11
-2016558.66522117
 21
-1300515.933370876
 31
0.0
  0
LINE
  5
AA3
330
17
100
AcDbEntity
  8
WALL
100
AcDbLine
 10
-2017009.035235465
 20
-1300415.933370229
 30
0.0
 11
-2017009.035235465
 21
-1300515.933370229
 31
0.0
  0
LINE
  5
AA4
330
17
100
AcDbEntity
  8
WALL
100
AcDbLine
 10
-2017498.665221162
 20
-1300135.933370303
 30
0.0
 11
-2017498.665221162
 21
-1298925.933370187
 31
0.0
  0
LINE
  5
AA5
330
17
100
AcDbEntity
  8
WALL
100
AcDbLine
 10
-2017318.665221135
 20
-1300225.93337023
 30
0.0
 11
-2017318.665221162
 21
-1298925.933370443
 31
0.0
  0
LINE
  5
AA6
330
17
100
AcDbEntity
  8
SURFACE
100
AcDbLine
 10
-2017218.665221135
 20
-1300225.93337023
 30
0.0
 11
-2017218.665221162
 21
-1299025.933369792
 31
0.0
  0
LINE
  5
AA7
330
17
100
AcDbEntity
  8
WALL
100
AcDbLine
 10
-2026558.665221135
 20
-1298745.933370229
 30
0.0
 11
-2025898.665221094
 21
-1298745.933369792
 31
0.0
  0
LINE
  5
AA8
330
17
100
AcDbEntity
  8
WALL
100
AcDbLine
 10
-2026558.66522117
 20
-1298925.933370443
 30
0.0
 11
-2025898.665221157
 21
-1298925.933370443
 31
0.0
  0
LINE
  5
AA9
330
17
100
AcDbEntity
  8
SURFACE
100
AcDbLine
 10
-2026558.66522117
 20
-1299025.933370443
 30
0.0
 11
-2025998.665221157
 21
-1299025.933370443
 31
0.0
  0
LINE
  5
AAA
330
17
100
AcDbEntity
  8
WALL
100
AcDbLine
 10
-2016558.66522117
 20
-1298925.933370213
 30
0.0
 11
-2016558.66522149
 21
-1298745.933370153
 31
0.0
  0
LINE
  5
AAB
330
17
100
AcDbEntity
  8
WALL
100
AcDbLine
 10
-2016558.66522149
 20
-1298745.933370153
 30
0.0
 11
-2016658.665221135
 21
-1298745.933370229
 31
0.0
  0
LINE
  5
AAC
330
17
100
AcDbEntity
  8
WALL
100
AcDbLine
 10
-2013998.665221166
 20
-1298745.933370213
 30
0.0
 11
-2014758.66522149
 21
-1298745.933370142
 31
0.0
  0
LINE
  5
AAD
330
17
100
AcDbEntity
  8
WALL
100
AcDbLine
 10
-2014758.66522149
 20
-1298745.933370142
 30
0.0
 11
-2014758.66522149
 21
-1298925.933370201
 31
0.0
  0
LINE
  5
AAE
330
17
100
AcDbEntity
  8
WALL
100
AcDbLine
 10
-2014758.66522149
 20
-1298925.933370201
 30
0.0
 11
-2013818.665221166
 21
-1298925.933370213
 31
0.0
  0
LINE
  5
AAF
330
17
100
AcDbEntity
  8
SURFACE
100
AcDbLine
 10
-2014758.66522086
 20
-1299025.933370194
 30
0.0
 11
-2014758.665220861
 21
-1298925.933370213
 31
0.0
  0
LINE
  5
AB0
330
17
100
AcDbEntity
  8
SURFACE
100
AcDbLine
 10
-2014758.66522086
 20
-1299025.933370194
 30
0.0
 11
-2013818.665221166
 21
-1299025.933370213
 31
0.0
  0
LINE
  5
AB1
330
17
100
AcDbEntity
  8
WINDOW
  6
DASH
100
AcDbLine
 10
-2014758.665221136
 20
-1299025.933370229
 30
0.0
 11
-2014758.665221136
 21
-1298745.933370229
 31
0.0
  0
LINE
  5
AB2
330
17
100
AcDbEntity
  8
WINDOW
  6
DASH
100
AcDbLine
 10
-2016558.665221136
 20
-1298745.933370229
 30
0.0
 11
-2016558.665221136
 21
-1299025.933370229
 31
0.0
  0
LINE
  5
AB3
330
17
100
AcDbEntity
  8
WALL
100
AcDbLine
 10
-2010558.665220914
 20
-1299945.933370536
 30
0.0
 11
-2010558.665220914
 21
-1298925.933370237
 31
0.0
  0
LINE
  5
AB4
330
17
100
AcDbEntity
  8
WALL
100
AcDbLine
 10
-2010378.665221321
 20
-1299945.933369892
 30
0.0
 11
-2010378.665221135
 21
-1298825.933370229
 31
0.0
  0
INSERT
  5
AB5
330
17
100
AcDbEntity
  8
WINDOW
100
AcDbBlockReference
 66
1
  2
$TCHSYS$WIN2D
 10
-1998818.665221135
 20
-1300085.933370229
 30
0.0
 41
2400.0
 42
280.0
 43
2400.0
1001
WTHICK
1040
280.0
  0
ATTRIB
  5
AB6
330
AB5
100
AcDbEntity
  8
WINDOW_TEXT
100
AcDbText
 10
-1999013.665221135
 20
-1300539.683370229
 30
0.0
 40
297.5
  1

  7
_TCH_WINDOW
 41
0.7058823529411765
100
AcDbAttribute
  2
A
 70
0
  0
SEQEND
  5
AB7
330
AB5
100
AcDbEntity
  8
WINDOW
  0
LINE
  5
AB8
330
17
100
AcDbEntity
  8
WALL
100
AcDbLine
 10
-1997518.665221558
 20
-1300825.933370226
 30
0.0
 11
-1997518.665220994
 21
-1300775.933370361
 31
0.0
  0
LINE
  5
AB9
330
17
100
AcDbEntity
  8
WALL
100
AcDbLine
 10
-1997518.665220994
 20
-1300775.933370361
 30
0.0
 11
-1997618.665221428
 21
-1300775.933370361
 31
0.0
  0
LINE
  5
ABA
330
17
100
AcDbEntity
  8
WALL
100
AcDbLine
 10
-1997618.665221428
 20
-1300775.933370361
 30
0.0
 11
-1997618.665220947
 21
-1300925.933370226
 31
0.0
  0
LINE
  5
ABB
330
17
100
AcDbEntity
  8
WALL
100
AcDbLine
 10
-1997618.665220947
 20
-1300125.933370192
 30
0.0
 11
-1997618.665221428
 21
-1300225.933370361
 31
0.0
  0
LINE
  5
ABC
330
17
100
AcDbEntity
  8
WALL
100
AcDbLine
 10
-1997618.665221428
 20
-1300225.933370361
 30
0.0
 11
-1997518.665220994
 21
-1300225.933370361
 31
0.0
  0
LINE
  5
ABD
330
17
100
AcDbEntity
  8
WALL
100
AcDbLine
 10
-1997518.665220994
 20
-1300225.933370361
 30
0.0
 11
-1997518.665221558
 21
-1300125.933370643
 31
0.0
  0
INSERT
  5
ABE
330
17
100
AcDbEntity
  8
WINDOW
100
AcDbBlockReference
 66
1
  2
$WINLIB2D$00000039
 10
-1997568.665221135
 20
-1300500.933370229
 30
0.0
 41
550.0
 42
100.0
 43
550.0
 50
90.0
1001
WTHICK
1040
100.0
  0
ATTRIB
  5
ABF
330
ABE
100
AcDbEntity
  8
WINDOW_TEXT
100
AcDbText
 10
-1997090.214085328
 20
-1300695.933370229
 30
0.0
 40
297.5
  1

 50
90.0
  7
_TCH_WINDOW
 41
0.7058823529411765
100
AcDbAttribute
  2
A
 70
0
  0
SEQEND
  5
AC0
330
ABE
100
AcDbEntity
  8
WINDOW
  0
LINE
  5
AC1
330
17
100
AcDbEntity
  8
WINDOW
  6
DASH
100
AcDbLine
 10
-1994368.665221135
 20
-1300225.933370229
 30
0.0
 11
-1994368.665221135
 21
-1299945.933370229
 31
0.0
  0
LINE
  5
AC2
330
17
100
AcDbEntity
  8
WINDOW
  6
DASH
100
AcDbLine
 10
-1996068.665221135
 20
-1299945.933370229
 30
0.0
 11
-1996068.665221135
 21
-1300225.933370229
 31
0.0
  0
LINE
  5
AC3
330
17
100
AcDbEntity
  8
WALL
100
AcDbLine
 10
-1996168.665221558
 20
-1300825.933370226
 30
0.0
 11
-1996168.665221558
 21
-1300125.933369838
 31
0.0
  0
LINE
  5
AC4
330
17
100
AcDbEntity
  8
WALL
100
AcDbLine
 10
-1996068.665221558
 20
-1300925.933370226
 30
0.0
 11
-1996068.665221558
 21
-1300125.933370361
 31
0.0
  0
LINE
  5
AC5
330
17
100
AcDbEntity
  8
WALL
100
AcDbLine
 10
-1997618.665220947
 20
-1300925.933370226
 30
0.0
 11
-1997318.665222168
 21
-1300925.933370245
 31
0.0
  0
LINE
  5
AC6
330
17
100
AcDbEntity
  8
WALL
100
AcDbLine
 10
-1997318.665222168
 20
-1300925.933370245
 30
0.0
 11
-1997318.665222168
 21
-1300825.933370226
 31
0.0
  0
LINE
  5
AC7
330
17
100
AcDbEntity
  8
WALL
100
AcDbLine
 10
-1997318.665222168
 20
-1300825.933370226
 30
0.0
 11
-1997518.665221558
 21
-1300825.933370226
 31
0.0
  0
LINE
  5
AC8
330
17
100
AcDbEntity
  8
WALL
100
AcDbLine
 10
-1996168.665221558
 20
-1300825.933370226
 30
0.0
 11
-1996368.665220947
 21
-1300825.933370226
 31
0.0
  0
LINE
  5
AC9
330
17
100
AcDbEntity
  8
WALL
100
AcDbLine
 10
-1996368.665220947
 20
-1300825.933370226
 30
0.0
 11
-1996368.665220947
 21
-1300925.933370245
 31
0.0
  0
LINE
  5
ACA
330
17
100
AcDbEntity
  8
WALL
100
AcDbLine
 10
-1996368.665220947
 20
-1300925.933370245
 30
0.0
 11
-1996068.665221558
 21
-1300925.933370226
 31
0.0
  0
INSERT
  5
ACB
330
17
100
AcDbEntity
  8
WINDOW
100
AcDbBlockReference
 66
1
  2
$WINLIB2D$00000039
 10
-1996843.665221135
 20
-1300875.933370229
 30
0.0
 41
950.0
 42
-100.0
 43
950.0
1001
WTHICK
1040
100.0
  0
ATTRIB
  5
ACC
330
ACB
100
AcDbEntity
  8
WINDOW_TEXT
100
AcDbText
 10
-1997038.665221135
 20
-1300699.683370229
 30
0.0
 40
297.5
  1

  7
_TCH_WINDOW
 41
0.7058823529411765
100
AcDbAttribute
  2
A
 70
0
  0
SEQEND
  5
ACD
330
ACB
100
AcDbEntity
  8
WINDOW
  0
LINE
  5
ACE
330
17
100
AcDbEntity
  8
WALL
100
AcDbLine
 10
-2000858.665220829
 20
-1300125.933370192
 30
0.0
 11
-2000018.66522149
 21
-1300125.933370246
 31
0.0
  0
LINE
  5
ACF
330
17
100
AcDbEntity
  8
WALL
100
AcDbLine
 10
-2000018.66522149
 20
-1300125.933370246
 30
0.0
 11
-2000018.66522149
 21
-1299945.933370139
 31
0.0
  0
LINE
  5
AD0
330
17
100
AcDbEntity
  8
WALL
100
AcDbLine
 10
-2000018.66522149
 20
-1299945.933370139
 30
0.0
 11
-2000678.665221144
 21
-1299945.933370192
 31
0.0
  0
LINE
  5
AD1
330
17
100
AcDbEntity
  8
WALL
100
AcDbLine
 10
-1997518.665221135
 20
-1299945.933370229
 30
0.0
 11
-1997618.665220812
 21
-1299945.933370166
 31
0.0
  0
LINE
  5
AD2
330
17
100
AcDbEntity
  8
WALL
100
AcDbLine
 10
-1997618.665220812
 20
-1299945.933370166
 30
0.0
 11
-1997618.665220812
 21
-1300125.933370246
 31
0.0
  0
LINE
  5
AD3
330
17
100
AcDbEntity
  8
SURFACE
100
AcDbLine
 10
-2000018.66522086
 20
-1300225.933370147
 30
0.0
 11
-2000018.665220861
 21
-1300125.933370192
 31
0.0
  0
LINE
  5
AD4
330
17
100
AcDbEntity
  8
SURFACE
100
AcDbLine
 10
-2000958.665221144
 20
-1300225.933370192
 30
0.0
 11
-2000018.66522086
 21
-1300225.933370147
 31
0.0
  0
LINE
  5
AD5
330
17
100
AcDbEntity
  8
WALL
100
AcDbLine
 10
-1997518.665221135
 20
-1299945.933370229
 30
0.0
 11
-1996958.665221144
 21
-1299945.933370643
 31
0.0
  0
LINE
  5
AD6
330
17
100
AcDbEntity
  8
WALL
100
AcDbLine
 10
-1997518.665221558
 20
-1300125.933370643
 30
0.0
 11
-1996868.665221135
 21
-1300125.933370229
 31
0.0
  0
LINE
  5
AD7
330
17
100
AcDbEntity
  8
SURFACE
100
AcDbLine
 10
-1997518.665221558
 20
-1300225.933369892
 30
0.0
 11
-1996868.665221135
 21
-1300225.933370229
 31
0.0
  0
LINE
  5
AD8
330
17
100
AcDbEntity
  8
WALL
100
AcDbLine
 10
-2000678.665221144
 20
-1298575.933370268
 30
0.0
 11
-2000678.665221144
 21
-1299945.933370192
 31
0.0
  0
LINE
  5
AD9
330
17
100
AcDbEntity
  8
WALL
100
AcDbLine
 10
-2000858.665220829
 20
-1298575.933370143
 30
0.0
 11
-2000858.665220829
 21
-1300125.933370192
 31
0.0
  0
LINE
  5
ADA
330
17
100
AcDbEntity
  8
SURFACE
100
AcDbLine
 10
-2000958.665221144
 20
-1298675.933370312
 30
0.0
 11
-2000958.665221144
 21
-1300225.933370192
 31
0.0
  0
INSERT
  5
ADB
330
17
100
AcDbEntity
  8
WINDOW
100
AcDbBlockReference
 66
1
  2
$TCHSYS$WIN2D
 10
-2008518.665221135
 20
-1300085.933370229
 30
0.0
 41
2400.0
 42
-280.0
 43
2400.0
 50
180.0
1001
WTHICK
1040
280.0
  0
ATTRIB
  5
ADC
330
ADB
100
AcDbEntity
  8
WINDOW_TEXT
100
AcDbText
 10
-2008713.665221135
 20
-1300539.683370229
 30
0.0
 40
297.5
  1

  7
_TCH_WINDOW
 41
0.7058823529411765
100
AcDbAttribute
  2
A
 70
0
  0
SEQEND
  5
ADD
330
ADB
100
AcDbEntity
  8
WINDOW
  0
LINE
  5
ADE
330
17
100
AcDbEntity
  8
WALL
100
AcDbLine
 10
-2009718.665220947
 20
-1300925.933370226
 30
0.0
 11
-2009718.665220924
 21
-1300775.933370361
 31
0.0
  0
LINE
  5
ADF
330
17
100
AcDbEntity
  8
WALL
100
AcDbLine
 10
-2009718.665220924
 20
-1300775.933370361
 30
0.0
 11
-2009818.665220656
 21
-1300775.933370361
 31
0.0
  0
LINE
  5
AE0
330
17
100
AcDbEntity
  8
WALL
100
AcDbLine
 10
-2009818.665220656
 20
-1300775.933370361
 30
0.0
 11
-2009818.665220947
 21
-1300825.933370226
 31
0.0
  0
LINE
  5
AE1
330
17
100
AcDbEntity
  8
WALL
100
AcDbLine
 10
-2009818.665220947
 20
-1300125.933370643
 30
0.0
 11
-2009818.665220656
 21
-1300225.933370361
 31
0.0
  0
LINE
  5
AE2
330
17
100
AcDbEntity
  8
WALL
100
AcDbLine
 10
-2009818.665220656
 20
-1300225.933370361
 30
0.0
 11
-2009718.665220924
 21
-1300225.933370361
 31
0.0
  0
LINE
  5
AE3
330
17
100
AcDbEntity
  8
WALL
100
AcDbLine
 10
-2009718.665220924
 20
-1300225.933370361
 30
0.0
 11
-2009718.665220947
 21
-1300125.933370192
 31
0.0
  0
INSERT
  5
AE4
330
17
100
AcDbEntity
  8
WINDOW
100
AcDbBlockReference
 66
1
  2
$WINLIB2D$00000039
 10
-2009768.665221135
 20
-1300500.933370229
 30
0.0
 41
550.0
 42
100.0
 43
550.0
 50
90.0
1001
WTHICK
1040
100.0
  0
ATTRIB
  5
AE5
330
AE4
100
AcDbEntity
  8
WINDOW_TEXT
100
AcDbText
 10
-2009295.7151741
 20
-1300695.933370229
 30
0.0
 40
297.5
  1

 50
90.0
  7
_TCH_WINDOW
 41
0.7058823529411765
100
AcDbAttribute
  2
A
 70
0
  0
SEQEND
  5
AE6
330
AE4
100
AcDbEntity
  8
WINDOW
  0
LINE
  5
AE7
330
17
100
AcDbEntity
  8
WALL
100
AcDbLine
 10
-2011268.665220947
 20
-1300925.933370226
 30
0.0
 11
-2011268.665220947
 21
-1300125.933369141
 31
0.0
  0
LINE
  5
AE8
330
17
100
AcDbEntity
  8
WALL
100
AcDbLine
 10
-2011168.665220947
 20
-1300825.933370226
 30
0.0
 11
-2011168.665220947
 21
-1300125.933369838
 31
0.0
  0
LINE
  5
AE9
330
17
100
AcDbEntity
  8
WALL
100
AcDbLine
 10
-2009818.665220947
 20
-1300825.933370226
 30
0.0
 11
-2010018.665220947
 21
-1300825.933370226
 31
0.0
  0
LINE
  5
AEA
330
17
100
AcDbEntity
  8
WALL
100
AcDbLine
 10
-2010018.665220947
 20
-1300825.933370226
 30
0.0
 11
-2010018.665220947
 21
-1300925.933370401
 31
0.0
  0
LINE
  5
AEB
330
17
100
AcDbEntity
  8
WALL
100
AcDbLine
 10
-2010018.665220947
 20
-1300925.933370401
 30
0.0
 11
-2009718.665220947
 21
-1300925.933370226
 31
0.0
  0
LINE
  5
AEC
330
17
100
AcDbEntity
  8
WALL
100
AcDbLine
 10
-2011268.665220947
 20
-1300925.933370226
 30
0.0
 11
-2010968.665220947
 21
-1300925.933370401
 31
0.0
  0
LINE
  5
AED
330
17
100
AcDbEntity
  8
WALL
100
AcDbLine
 10
-2010968.665220947
 20
-1300925.933370401
 30
0.0
 11
-2010968.665220947
 21
-1300825.933370226
 31
0.0
  0
LINE
  5
AEE
330
17
100
AcDbEntity
  8
WALL
100
AcDbLine
 10
-2010968.665220947
 20
-1300825.933370226
 30
0.0
 11
-2011168.665220947
 21
-1300825.933370226
 31
0.0
  0
INSERT
  5
AEF
330
17
100
AcDbEntity
  8
WINDOW
100
AcDbBlockReference
 66
1
  2
$WINLIB2D$00000039
 10
-2010493.665221135
 20
-1300875.933370229
 30
0.0
 41
950.0
 42
100.0
 43
950.0
 50
180.0
1001
WTHICK
1040
100.0
  0
ATTRIB
  5
AF0
330
AEF
100
AcDbEntity
  8
WINDOW_TEXT
100
AcDbText
 10
-2010688.665221135
 20
-1300699.683370229
 30
0.0
 40
297.5
  1

  7
_TCH_WINDOW
 41
0.7058823529411765
100
AcDbAttribute
  2
A
 70
0
  0
SEQEND
  5
AF1
330
AEF
100
AcDbEntity
  8
WINDOW
  0
LINE
  5
AF2
330
17
100
AcDbEntity
  8
WALL
100
AcDbLine
 10
-2006658.665221144
 20
-1299945.933370192
 30
0.0
 11
-2007318.66522149
 21
-1299945.933370267
 31
0.0
  0
LINE
  5
AF3
330
17
100
AcDbEntity
  8
WALL
100
AcDbLine
 10
-2007318.66522149
 20
-1299945.933370267
 30
0.0
 11
-2007318.66522149
 21
-1300125.933370177
 31
0.0
  0
LINE
  5
AF4
330
17
100
AcDbEntity
  8
WALL
100
AcDbLine
 10
-2007318.66522149
 20
-1300125.933370177
 30
0.0
 11
-2006478.665221144
 21
-1300125.933370192
 31
0.0
  0
LINE
  5
AF5
330
17
100
AcDbEntity
  8
WALL
100
AcDbLine
 10
-2009718.665220947
 20
-1300125.933370192
 30
0.0
 11
-2009718.665220812
 21
-1299945.933370295
 31
0.0
  0
LINE
  5
AF6
330
17
100
AcDbEntity
  8
WALL
100
AcDbLine
 10
-2009718.665220812
 20
-1299945.933370295
 30
0.0
 11
-2009818.665221135
 21
-1299945.933370229
 31
0.0
  0
LINE
  5
AF7
330
17
100
AcDbEntity
  8
SURFACE
100
AcDbLine
 10
-2007318.66522086
 20
-1300225.933370298
 30
0.0
 11
-2007318.66522086
 21
-1300125.933370192
 31
0.0
  0
LINE
  5
AF8
330
17
100
AcDbEntity
  8
SURFACE
100
AcDbLine
 10
-2006378.665221144
 20
-1300225.933370192
 30
0.0
 11
-2007318.66522086
 21
-1300225.933370298
 31
0.0
  0
LINE
  5
AF9
330
17
100
AcDbEntity
  8
WALL
100
AcDbLine
 10
-2006478.665221144
 20
-1298575.933370319
 30
0.0
 11
-2006478.665221144
 21
-1300125.933370192
 31
0.0
  0
LINE
  5
AFA
330
17
100
AcDbEntity
  8
WALL
100
AcDbLine
 10
-2006658.665221144
 20
-1298575.933370142
 30
0.0
 11
-2006658.665221144
 21
-1299945.933370192
 31
0.0
  0
LINE
  5
AFB
330
17
100
AcDbEntity
  8
SURFACE
100
AcDbLine
 10
-2006378.665221144
 20
-1298675.933370151
 30
0.0
 11
-2006378.665221144
 21
-1300225.933370192
 31
0.0
  0
LINE
  5
AFC
330
17
100
AcDbEntity
  8
WALL
100
AcDbLine
 10
-2013478.665220915
 20
-1298925.933370237
 30
0.0
 11
-2013478.665220915
 21
-1299935.933370202
 31
0.0
  0
LINE
  5
AFD
330
17
100
AcDbEntity
  8
WALL
100
AcDbLine
 10
-2013658.665221135
 20
-1298825.933370229
 30
0.0
 11
-2013658.665221322
 21
-1300115.933370202
 31
0.0
  0
LINE
  5
AFE
330
17
100
AcDbEntity
  8
SURFACE
100
AcDbLine
 10
-2013758.665221135
 20
-1298825.933370229
 30
0.0
 11
-2013758.665220915
 21
-1300215.933370202
 31
0.0
  0
LINE
  5
AFF
330
17
100
AcDbEntity
  8
WALL
100
AcDbLine
 10
-2009818.665220947
 20
-1300125.933370643
 30
0.0
 11
-2010468.665221135
 21
-1300125.933370229
 31
0.0
  0
LINE
  5
B00
330
17
100
AcDbEntity
  8
WALL
100
AcDbLine
 10
-2009818.665221135
 20
-1299945.933370229
 30
0.0
 11
-2010378.665221321
 21
-1299945.933369892
 31
0.0
  0
LINE
  5
B01
330
17
100
AcDbEntity
  8
SURFACE
100
AcDbLine
 10
-2009818.665220947
 20
-1300225.933370643
 30
0.0
 11
-2010468.665221135
 21
-1300225.933370229
 31
0.0
  0
LINE
  5
B02
330
17
100
AcDbEntity
  8
WALL
100
AcDbLine
 10
-2010468.665221135
 20
-1300125.933370229
 30
0.0
 11
-2011168.665220947
 21
-1300125.933369838
 31
0.0
  0
LINE
  5
B03
330
17
100
AcDbEntity
  8
WALL
100
AcDbLine
 10
-2010558.665220914
 20
-1299945.933370536
 30
0.0
 11
-2011168.665221135
 21
-1299945.933370229
 31
0.0
  0
LINE
  5
B04
330
17
100
AcDbEntity
  8
SURFACE
100
AcDbLine
 10
-2010468.665221135
 20
-1300225.933370229
 30
0.0
 11
-2011168.665220947
 21
-1300225.933369838
 31
0.0
  0
LINE
  5
B05
330
17
100
AcDbEntity
  8
WALL
100
AcDbLine
 10
-2011268.665221135
 20
-1299945.933370229
 30
0.0
 11
-2011268.665221135
 21
-1300115.933370229
 31
0.0
  0
LINE
  5
B06
330
17
100
AcDbEntity
  8
WALL
100
AcDbLine
 10
-2013658.665221322
 20
-1300115.933370202
 30
0.0
 11
-2013068.665220812
 21
-1300115.93337028
 31
0.0
  0
LINE
  5
B07
330
17
100
AcDbEntity
  8
WALL
100
AcDbLine
 10
-2013068.665220812
 20
-1300115.93337028
 30
0.0
 11
-2013068.665220812
 21
-1299935.933370324
 31
0.0
  0
LINE
  5
B08
330
17
100
AcDbEntity
  8
WALL
100
AcDbLine
 10
-2013068.665220812
 20
-1299935.933370324
 30
0.0
 11
-2013478.665220915
 21
-1299935.933370202
 31
0.0
  0
LINE
  5
B09
330
17
100
AcDbEntity
  8
SURFACE
100
AcDbLine
 10
-2013068.665221296
 20
-1300215.933370177
 30
0.0
 11
-2013068.665221295
 21
-1300115.933370209
 31
0.0
  0
LINE
  5
B0A
330
17
100
AcDbEntity
  8
SURFACE
100
AcDbLine
 10
-2013068.665221296
 20
-1300215.933370177
 30
0.0
 11
-2013758.665220915
 21
-1300215.933370202
 31
0.0
  0
INSERT
  5
B0B
330
17
100
AcDbEntity
  8
WINDOW
100
AcDbBlockReference
 66
1
  2
$TCHSYS$WIN2D
 10
-2012168.665221135
 20
-1300075.933370229
 30
0.0
 41
-1800.0
 42
280.0
 43
-1800.0
 50
180.0
1001
WTHICK
1040
280.0
  0
ATTRIB
  5
B0C
330
B0B
100
AcDbEntity
  8
WINDOW_TEXT
100
AcDbText
 10
-2012663.665221135
 20
-1299809.683370229
 30
0.0
 40
297.5
  1

  7
_TCH_WINDOW
 41
0.7058823529411765
100
AcDbAttribute
  2
A
 70
0
  0
SEQEND
  5
B0D
330
B0B
100
AcDbEntity
  8
WINDOW
  0
LINE
  5
B0E
330
17
100
AcDbEntity
  8
WALL
100
AcDbLine
 10
-2011268.665220947
 20
-1300125.933369141
 30
0.0
 11
-2011268.665221135
 21
-1300125.933370229
 31
0.0
  0
LINE
  5
B0F
330
17
100
AcDbEntity
  8
WALL
100
AcDbLine
 10
-2011268.665221135
 20
-1300125.933370229
 30
0.0
 11
-2011268.665221135
 21
-1300115.933370229
 31
0.0
  0
LINE
  5
B10
330
17
100
AcDbEntity
  8
WALL
100
AcDbLine
 10
-2011168.665221135
 20
-1299945.933370229
 30
0.0
 11
-2011268.665221135
 21
-1299945.933370229
 31
0.0
  0
LINE
  5
B11
330
17
100
AcDbEntity
  8
WALL
100
AcDbLine
 10
-1996068.665221558
 20
-1300125.933370361
 30
0.0
 11
-1996068.66522149
 21
-1299945.933370212
 31
0.0
  0
LINE
  5
B12
330
17
100
AcDbEntity
  8
WALL
100
AcDbLine
 10
-1996068.66522149
 20
-1299945.933370212
 30
0.0
 11
-1996168.665221135
 21
-1299945.933370229
 31
0.0
  0
LINE
  5
B13
330
17
100
AcDbEntity
  8
WALL
100
AcDbLine
 10
-1993848.665221104
 20
-1299945.933370361
 30
0.0
 11
-1994368.66522149
 21
-1299945.933370308
 31
0.0
  0
LINE
  5
B14
330
17
100
AcDbEntity
  8
WALL
100
AcDbLine
 10
-1994368.66522149
 20
-1299945.933370308
 30
0.0
 11
-1994368.66522149
 21
-1300125.933370382
 31
0.0
  0
LINE
  5
B15
330
17
100
AcDbEntity
  8
WALL
100
AcDbLine
 10
-1994368.66522149
 20
-1300125.933370382
 30
0.0
 11
-1993668.665221104
 21
-1300125.933370361
 31
0.0
  0
LINE
  5
B16
330
17
100
AcDbEntity
  8
SURFACE
100
AcDbLine
 10
-1994368.665221296
 20
-1300225.933370228
 30
0.0
 11
-1994368.665221296
 21
-1300125.933370361
 31
0.0
  0
LINE
  5
B17
330
17
100
AcDbEntity
  8
SURFACE
100
AcDbLine
 10
-1994368.665221296
 20
-1300225.933370228
 30
0.0
 11
-1993568.665221229
 21
-1300225.933370158
 31
0.0
  0
LINE
  5
B18
330
17
100
AcDbEntity
  8
WALL
100
AcDbLine
 10
-2029218.665221135
 20
-1292875.933370229
 30
0.0
 11
-2029218.665220972
 21
-1293325.933370361
 31
0.0
  0
LINE
  5
B19
330
17
100
AcDbEntity
  8
WALL
100
AcDbLine
 10
-2029398.665220972
 20
-1292955.933370268
 30
0.0
 11
-2029398.665221135
 21
-1293425.933370228
 31
0.0
  0
LINE
  5
B1A
330
17
100
AcDbEntity
  8
WALL
100
AcDbLine
 10
-2013478.665221221
 20
-1292955.933370268
 30
0.0
 11
-2013478.665221221
 21
-1295275.933370182
 31
0.0
  0
LINE
  5
B1B
330
17
100
AcDbEntity
  8
WALL
100
AcDbLine
 10
-2013658.665221135
 20
-1292875.933370229
 30
0.0
 11
-2013658.665221135
 21
-1295325.933370229
 31
0.0
  0
LINE
  5
B1C
330
17
100
AcDbEntity
  8
WALL
100
AcDbLine
 10
-2013478.665221133
 20
-1295375.933370183
 30
0.0
 11
-2013478.665221133
 21
-1298745.933370237
 31
0.0
  0
LINE
  5
B1D
330
17
100
AcDbEntity
  8
WALL
100
AcDbLine
 10
-2013658.665221135
 20
-1295325.933370229
 30
0.0
 11
-2013658.665221135
 21
-1298825.93337023
 31
0.0
  0
LINE
  5
B1E
330
17
100
AcDbEntity
  8
WALL
100
AcDbLine
 10
-2003758.665221204
 20
-1298395.93337032
 30
0.0
 11
-2003758.665221203
 21
-1295165.933370056
 31
0.0
  0
LINE
  5
B1F
330
17
100
AcDbEntity
  8
WALL
100
AcDbLine
 10
-2003578.66522106
 20
-1298395.933370144
 30
0.0
 11
-2003578.665221059
 21
-1295165.933371582
 31
0.0
  0
LINE
  5
B20
330
17
100
AcDbEntity
  8
WALL
100
AcDbLine
 10
-2039298.665221167
 20
-1298395.93337032
 30
0.0
 11
-2039298.665221167
 21
-1295165.933369141
 31
0.0
  0
LINE
  5
B21
330
17
100
AcDbEntity
  8
WALL
100
AcDbLine
 10
-2039118.665221167
 20
-1298395.933370151
 30
0.0
 11
-2039118.665221167
 21
-1295165.933370361
 31
0.0
  0
LINE
  5
B22
330
17
100
AcDbEntity
  8
AXIS
100
AcDbLine
 10
-2050665.779232151
 20
-1300025.933370229
 30
0.0
 11
-2053397.620099413
 21
-1300025.933370229
 31
0.0
  0
INSERT
  5
B23
330
17
100
AcDbEntity
  8
AXIS
100
AcDbBlockReference
 66
1
  2
_AXISO
 10
-2053797.620099413
 20
-1300025.933370229
 30
0.0
 41
800.0
 42
800.0
 43
800.0
  0
ATTRIB
  5
B24
330
B23
100
AcDbEntity
  8
AXIS_TEXT
100
AcDbText
 10
-2054005.873338919
 20
-1300268.895482986
 30
0.0
 40
485.9242255137898
  1
A
  7
_TCH_AXIS
 41
1.000000000000069
 72
5
 11
-2053589.366859907
 21
-1300268.895482986
 31
0.0
100
AcDbAttribute
  2
A
 70
0
  0
SEQEND
  5
B25
330
B23
100
AcDbEntity
  8
AXIS
  0
LINE
  5
B26
330
17
100
AcDbEntity
  8
AXIS
100
AcDbLine
 10
-1992580.528290915
 20
-1300025.933370229
 30
0.0
 11
-1989202.267210998
 21
-1300025.933370229
 31
0.0
  0
INSERT
  5
B27
330
17
100
AcDbEntity
  8
AXIS
100
AcDbBlockReference
 66
1
  2
_AXISO
 10
-1988802.267210998
 20
-1300025.933370229
 30
0.0
 41
800.0
 42
800.0
 43
800.0
  0
ATTRIB
  5
B28
330
B27
100
AcDbEntity
  8
AXIS_TEXT
100
AcDbText
 10
-1989010.520450504
 20
-1300268.895482986
 30
0.0
 40
485.9242255137898
  1
A
  7
_TCH_AXIS
 41
1.000000000000069
 72
5
 11
-1988594.013971492
 21
-1300268.895482986
 31
0.0
100
AcDbAttribute
  2
A
 70
0
  0
SEQEND
  5
B29
330
B27
100
AcDbEntity
  8
AXIS
  0
LINE
  5
B2A
330
17
100
AcDbEntity
  8
AXIS
100
AcDbLine
 10
-2050665.779232151
 20
-1298825.93337023
 30
0.0
 11
-2053397.620099413
 21
-1298825.93337023
 31
0.0
  0
LINE
  5
B2B
330
17
100
AcDbEntity
  8
AXIS
100
AcDbLine
 10
-2053514.777386938
 20
-1298943.090657755
 30
0.0
 11
-2053397.620099413
 21
-1298825.93337023
 31
0.0
  0
INSERT
  5
B2C
330
17
100
AcDbEntity
  8
AXIS
100
AcDbBlockReference
 66
1
  2
_AXISO
 10
-2053797.620099413
 20
-1299225.93337023
 30
0.0
 41
800.0
 42
800.0
 43
800.0
  0
ATTRIB
  5
B2D
330
B2C
100
AcDbEntity
  8
AXIS_TEXT
100
AcDbText
 10
-2053998.963532587
 20
-1299474.651728856
 30
0.0
 40
497.4367172527908
  1
B
  7
_TCH_AXIS
 41
1.000000000000449
 72
5
 11
-2053596.276666239
 21
-1299474.651728856
 31
0.0
100
AcDbAttribute
  2
A
 70
0
  0
SEQEND
  5
B2E
330
B2C
100
AcDbEntity
  8
AXIS
  0
LINE
  5
B2F
330
17
100
AcDbEntity
  8
AXIS
100
AcDbLine
 10
-1992580.528290915
 20
-1298825.93337023
 30
0.0
 11
-1989202.267210998
 21
-1298825.93337023
 31
0.0
  0
INSERT
  5
B30
330
17
100
AcDbEntity
  8
AXIS
100
AcDbBlockReference
 66
1
  2
_AXISO
 10
-1988802.267210998
 20
-1298825.93337023
 30
0.0
 41
800.0
 42
800.0
 43
800.0
  0
ATTRIB
  5
B31
330
B30
100
AcDbEntity
  8
AXIS_TEXT
100
AcDbText
 10
-1989003.610644172
 20
-1299074.651728856
 30
0.0
 40
497.4367172527908
  1
B
  7
_TCH_AXIS
 41
1.000000000000449
 72
5
 11
-1988600.923777824
 21
-1299074.651728856
 31
0.0
100
AcDbAttribute
  2
A
 70
0
  0
SEQEND
  5
B32
330
B30
100
AcDbEntity
  8
AXIS
  0
LINE
  5
B33
330
17
100
AcDbEntity
  8
AXIS
100
AcDbLine
 10
-2050665.779232151
 20
-1298475.933370229
 30
0.0
 11
-2053397.620099413
 21
-1298475.933370229
 31
0.0
  0
LINE
  5
B34
330
17
100
AcDbEntity
  8
AXIS
100
AcDbLine
 10
-2053514.777386938
 20
-1298358.776082703
 30
0.0
 11
-2053397.620099413
 21
-1298475.933370229
 31
0.0
  0
INSERT
  5
B35
330
17
100
AcDbEntity
  8
AXIS
100
AcDbBlockReference
 66
1
  2
_AXISO
 10
-2053797.620099413
 20
-1298075.933370229
 30
0.0
 41
800.0
 42
800.0
 43
800.0
  0
ATTRIB
  5
B36
330
B35
100
AcDbEntity
  8
AXIS_TEXT
100
AcDbText
 10
-2053983.616321403
 20
-1298336.328081015
 30
0.0
 40
520.7894215723104
  1
C
  7
_TCH_AXIS
 41
0.9999999999998972
 72
5
 11
-2053611.623877423
 21
-1298336.328081015
 31
0.0
100
AcDbAttribute
  2
A
 70
0
  0
SEQEND
  5
B37
330
B35
100
AcDbEntity
  8
AXIS
  0
LINE
  5
B38
330
17
100
AcDbEntity
  8
AXIS
100
AcDbLine
 10
-1992580.528290915
 20
-1298475.933370229
 30
0.0
 11
-1989202.267210998
 21
-1298475.933370229
 31
0.0
  0
LINE
  5
B39
330
17
100
AcDbEntity
  8
AXIS
100
AcDbLine
 10
-1989085.109923472
 20
-1298358.776082703
 30
0.0
 11
-1989202.267210998
 21
-1298475.933370229
 31
0.0
  0
INSERT
  5
B3A
330
17
100
AcDbEntity
  8
AXIS
100
AcDbBlockReference
 66
1
  2
_AXISO
 10
-1988802.267210998
 20
-1298075.933370229
 30
0.0
 41
800.0
 42
800.0
 43
800.0
  0
ATTRIB
  5
B3B
330
B3A
100
AcDbEntity
  8
AXIS_TEXT
100
AcDbText
 10
-1988988.263432988
 20
-1298336.328081015
 30
0.0
 40
520.7894215723104
  1
C
  7
_TCH_AXIS
 41
0.9999999999998972
 72
5
 11
-1988616.270989008
 21
-1298336.328081015
 31
0.0
100
AcDbAttribute
  2
A
 70
0
  0
SEQEND
  5
B3C
330
B3A
100
AcDbEntity
  8
AXIS
  0
LINE
  5
B3D
330
17
100
AcDbEntity
  8
AXIS
100
AcDbLine
 10
-2050665.779232151
 20
-1296125.933370228
 30
0.0
 11
-2053397.620099413
 21
-1296125.933370228
 31
0.0
  0
LINE
  5
B3E
330
17
100
AcDbEntity
  8
AXIS
100
AcDbLine
 10
-2053514.777386938
 20
-1296243.090657754
 30
0.0
 11
-2053397.620099413
 21
-1296125.933370228
 31
0.0
  0
INSERT
  5
B3F
330
17
100
AcDbEntity
  8
AXIS
100
AcDbBlockReference
 66
1
  2
_AXISO
 10
-2053797.620099413
 20
-1296525.933370228
 30
0.0
 41
800.0
 42
800.0
 43
800.0
  0
ATTRIB
  5
B40
330
B3F
100
AcDbEntity
  8
AXIS_TEXT
100
AcDbText
 10
-2053998.963532587
 20
-1296774.651728855
 30
0.0
 40
497.4367172527908
  1
D
  7
_TCH_AXIS
 41
1.000000000000449
 72
5
 11
-2053596.276666239
 21
-1296774.651728855
 31
0.0
100
AcDbAttribute
  2
A
 70
0
  0
SEQEND
  5
B41
330
B3F
100
AcDbEntity
  8
AXIS
  0
LINE
  5
B42
330
17
100
AcDbEntity
  8
AXIS
100
AcDbLine
 10
-1992580.528290915
 20
-1296125.933370229
 30
0.0
 11
-1989202.267210998
 21
-1296125.933370229
 31
0.0
  0
INSERT
  5
B43
330
17
100
AcDbEntity
  8
AXIS
100
AcDbBlockReference
 66
1
  2
_AXISO
 10
-1988802.267210998
 20
-1296125.933370229
 30
0.0
 41
800.0
 42
800.0
 43
800.0
  0
ATTRIB
  5
B44
330
B43
100
AcDbEntity
  8
AXIS_TEXT
100
AcDbText
 10
-1989003.610644172
 20
-1296374.651728855
 30
0.0
 40
497.4367172527908
  1
D
  7
_TCH_AXIS
 41
1.000000000000449
 72
5
 11
-1988600.923777824
 21
-1296374.651728855
 31
0.0
100
AcDbAttribute
  2
A
 70
0
  0
SEQEND
  5
B45
330
B43
100
AcDbEntity
  8
AXIS
  0
LINE
  5
B46
330
17
100
AcDbEntity
  8
AXIS
100
AcDbLine
 10
-2050665.779232151
 20
-1295325.933370227
 30
0.0
 11
-2053397.620099413
 21
-1295325.933370227
 31
0.0
  0
LINE
  5
B47
330
17
100
AcDbEntity
  8
AXIS
100
AcDbLine
 10
-2053514.777386938
 20
-1295443.090657753
 30
0.0
 11
-2053397.620099413
 21
-1295325.933370227
 31
0.0
  0
INSERT
  5
B48
330
17
100
AcDbEntity
  8
AXIS
100
AcDbBlockReference
 66
1
  2
_AXISO
 10
-2053797.620099413
 20
-1295725.933370227
 30
0.0
 41
800.0
 42
800.0
 43
800.0
  0
ATTRIB
  5
B49
330
B48
100
AcDbEntity
  8
AXIS_TEXT
100
AcDbText
 10
-2053991.553928297
 20
-1295980.471520638
 30
0.0
 40
509.0763008207991
  1
E
  7
_TCH_AXIS
 41
0.9999999999996043
 72
5
 11
-2053603.686270529
 21
-1295980.471520638
 31
0.0
100
AcDbAttribute
  2
A
 70
0
  0
SEQEND
  5
B4A
330
B48
100
AcDbEntity
  8
AXIS
  0
LINE
  5
B4B
330
17
100
AcDbEntity
  8
AXIS
100
AcDbLine
 10
-1992580.528290915
 20
-1295325.933370227
 30
0.0
 11
-1989202.267210998
 21
-1295325.933370227
 31
0.0
  0
INSERT
  5
B4C
330
17
100
AcDbEntity
  8
AXIS
100
AcDbBlockReference
 66
1
  2
_AXISO
 10
-1988802.267210998
 20
-1295325.933370227
 30
0.0
 41
800.0
 42
800.0
 43
800.0
  0
ATTRIB
  5
B4D
330
B4C
100
AcDbEntity
  8
AXIS_TEXT
100
AcDbText
 10
-1988996.201039882
 20
-1295580.471520638
 30
0.0
 40
509.0763008207991
  1
E
  7
_TCH_AXIS
 41
0.9999999999996043
 72
5
 11
-1988608.333382114
 21
-1295580.471520638
 31
0.0
100
AcDbAttribute
  2
A
 70
0
  0
SEQEND
  5
B4E
330
B4C
100
AcDbEntity
  8
AXIS
  0
LINE
  5
B4F
330
17
100
AcDbEntity
  8
AXIS
100
AcDbLine
 10
-2050665.779232151
 20
-1295075.933370229
 30
0.0
 11
-2054558.352916832
 21
-1295075.933370229
 31
0.0
  0
INSERT
  5
B50
330
17
100
AcDbEntity
  8
AXIS
100
AcDbBlockReference
 66
1
  2
_AXISO
 10
-2054958.352916832
 20
-1295075.933370229
 30
0.0
 41
800.0
 42
800.0
 43
800.0
  0
ATTRIB
  5
B51
330
B50
100
AcDbEntity
  8
AXIS_TEXT
100
AcDbText
 10
-2055152.286745716
 20
-1295330.471520639
 30
0.0
 40
509.0763008207991
  1
F
  7
_TCH_AXIS
 41
0.9999999999996043
 72
5
 11
-2054764.419087948
 21
-1295330.471520639
 31
0.0
100
AcDbAttribute
  2
A
 70
0
  0
SEQEND
  5
B52
330
B50
100
AcDbEntity
  8
AXIS
  0
LINE
  5
B53
330
17
100
AcDbEntity
  8
AXIS
100
AcDbLine
 10
-2050665.779232151
 20
-1294825.933370228
 30
0.0
 11
-2053397.620099413
 21
-1294825.933370228
 31
0.0
  0
INSERT
  5
B54
330
17
100
AcDbEntity
  8
AXIS
100
AcDbBlockReference
 66
1
  2
_AXISO
 10
-2053797.620099413
 20
-1294825.933370228
 30
0.0
 41
800.0
 42
800.0
 43
800.0
  0
ATTRIB
  5
B55
330
B54
100
AcDbEntity
  8
AXIS_TEXT
100
AcDbText
 10
-2054005.873338919
 20
-1295068.895482984
 30
0.0
 40
485.9242255137898
  1
G
  7
_TCH_AXIS
 41
1.000000000000069
 72
5
 11
-2053589.366859907
 21
-1295068.895482984
 31
0.0
100
AcDbAttribute
  2
A
 70
0
  0
SEQEND
  5
B56
330
B54
100
AcDbEntity
  8
AXIS
  0
LINE
  5
B57
330
17
100
AcDbEntity
  8
AXIS
100
AcDbLine
 10
-1992580.528290915
 20
-1294825.933370228
 30
0.0
 11
-1988184.008450998
 21
-1294825.933370228
 31
0.0
  0
INSERT
  5
B58
330
17
100
AcDbEntity
  8
AXIS
100
AcDbBlockReference
 66
1
  2
_AXISO
 10
-1987784.008450998
 20
-1294825.933370228
 30
0.0
 41
800.0
 42
800.0
 43
800.0
  0
ATTRIB
  5
B59
330
B58
100
AcDbEntity
  8
AXIS_TEXT
100
AcDbText
 10
-1987992.261690504
 20
-1295068.895482985
 30
0.0
 40
485.9242255137898
  1
G
  7
_TCH_AXIS
 41
1.000000000000069
 72
5
 11
-1987575.755211492
 21
-1295068.895482985
 31
0.0
100
AcDbAttribute
  2
A
 70
0
  0
SEQEND
  5
B5A
330
B58
100
AcDbEntity
  8
AXIS
  0
LINE
  5
B5B
330
17
100
AcDbEntity
  8
AXIS
100
AcDbLine
 10
-2050665.779232151
 20
-1294375.933370228
 30
0.0
 11
-2054533.63912363
 21
-1294375.933370228
 31
0.0
  0
INSERT
  5
B5C
330
17
100
AcDbEntity
  8
AXIS
100
AcDbBlockReference
 66
1
  2
_AXISO
 10
-2054933.63912363
 20
-1294375.933370228
 30
0.0
 41
800.0
 42
800.0
 43
800.0
  0
ATTRIB
  5
B5D
330
B5C
100
AcDbEntity
  8
AXIS_TEXT
100
AcDbText
 10
-2055154.328778803
 20
-1294607.657508159
 30
0.0
 40
463.448275862069
  1
H
  7
_TCH_AXIS
 41
0.9999999999999637
 72
5
 11
-2054712.949468458
 21
-1294607.657508159
 31
0.0
100
AcDbAttribute
  2
A
 70
0
  0
SEQEND
  5
B5E
330
B5C
100
AcDbEntity
  8
AXIS
  0
LINE
  5
B5F
330
17
100
AcDbEntity
  8
AXIS
100
AcDbLine
 10
-1992580.528290915
 20
-1294375.933370229
 30
0.0
 11
-1989202.267210998
 21
-1294375.933370229
 31
0.0
  0
INSERT
  5
B60
330
17
100
AcDbEntity
  8
AXIS
100
AcDbBlockReference
 66
1
  2
_AXISO
 10
-1988802.267210998
 20
-1294375.933370229
 30
0.0
 41
800.0
 42
800.0
 43
800.0
  0
ATTRIB
  5
B61
330
B60
100
AcDbEntity
  8
AXIS_TEXT
100
AcDbText
 10
-1989022.95686617
 20
-1294607.65750816
 30
0.0
 40
463.448275862069
  1
H
  7
_TCH_AXIS
 41
0.9999999999999637
 72
5
 11
-1988581.577555825
 21
-1294607.65750816
 31
0.0
100
AcDbAttribute
  2
A
 70
0
  0
SEQEND
  5
B62
330
B60
100
AcDbEntity
  8
AXIS
  0
LINE
  5
B63
330
17
100
AcDbEntity
  8
AXIS
100
AcDbLine
 10
-2050665.779232151
 20
-1294075.933370228
 30
0.0
 11
-2053397.620099413
 21
-1294075.933370228
 31
0.0
  0
INSERT
  5
B64
330
17
100
AcDbEntity
  8
AXIS
100
AcDbBlockReference
 66
1
  2
_AXISO
 10
-2053797.620099413
 20
-1294075.933370228
 30
0.0
 41
800.0
 42
800.0
 43
800.0
  0
ATTRIB
  5
B65
330
B64
100
AcDbEntity
  8
AXIS_TEXT
100
AcDbText
 10
-2053946.102337707
 20
-1294359.399461518
 30
0.0
 40
566.9321825792995
  1
J
  7
_TCH_AXIS
 41
0.999999999999854
 72
5
 11
-2053649.137861118
 21
-1294359.399461518
 31
0.0
100
AcDbAttribute
  2
A
 70
0
  0
SEQEND
  5
B66
330
B64
100
AcDbEntity
  8
AXIS
  0
LINE
  5
B67
330
17
100
AcDbEntity
  8
AXIS
100
AcDbLine
 10
-1992580.528290915
 20
-1294075.933370229
 30
0.0
 11
-1988184.008450998
 21
-1294075.933370229
 31
0.0
  0
INSERT
  5
B68
330
17
100
AcDbEntity
  8
AXIS
100
AcDbBlockReference
 66
1
  2
_AXISO
 10
-1987784.008450998
 20
-1294075.933370229
 30
0.0
 41
800.0
 42
800.0
 43
800.0
  0
ATTRIB
  5
B69
330
B68
100
AcDbEntity
  8
AXIS_TEXT
100
AcDbText
 10
-1987932.490689293
 20
-1294359.399461518
 30
0.0
 40
566.9321825792995
  1
J
  7
_TCH_AXIS
 41
0.999999999999854
 72
5
 11
-1987635.526212704
 21
-1294359.399461518
 31
0.0
100
AcDbAttribute
  2
A
 70
0
  0
SEQEND
  5
B6A
330
B68
100
AcDbEntity
  8
AXIS
  0
LINE
  5
B6B
330
17
100
AcDbEntity
  8
AXIS
100
AcDbLine
 10
-2050665.779232151
 20
-1293425.933370227
 30
0.0
 11
-2053397.620099413
 21
-1293425.933370227
 31
0.0
  0
INSERT
  5
B6C
330
17
100
AcDbEntity
  8
AXIS
100
AcDbBlockReference
 66
1
  2
_AXISO
 10
-2053797.620099413
 20
-1293425.933370227
 30
0.0
 41
800.0
 42
800.0
 43
800.0
  0
ATTRIB
  5
B6D
330
B6C
100
AcDbEntity
  8
AXIS_TEXT
100
AcDbText
 10
-2054012.312363083
 20
-1293663.224819547
 30
0.0
 40
474.5828986392136
  1
K
  7
_TCH_AXIS
 41
0.9999999999995921
 72
5
 11
-2053582.927835743
 21
-1293663.224819547
 31
0.0
100
AcDbAttribute
  2
A
 70
0
  0
SEQEND
  5
B6E
330
B6C
100
AcDbEntity
  8
AXIS
  0
LINE
  5
B6F
330
17
100
AcDbEntity
  8
AXIS
100
AcDbLine
 10
-1992580.528290915
 20
-1293425.933370228
 30
0.0
 11
-1989202.267210998
 21
-1293425.933370228
 31
0.0
  0
INSERT
  5
B70
330
17
100
AcDbEntity
  8
AXIS
100
AcDbBlockReference
 66
1
  2
_AXISO
 10
-1988802.267210998
 20
-1293425.933370228
 30
0.0
 41
800.0
 42
800.0
 43
800.0
  0
ATTRIB
  5
B71
330
B70
100
AcDbEntity
  8
AXIS_TEXT
100
AcDbText
 10
-1989016.959474668
 20
-1293663.224819547
 30
0.0
 40
474.5828986392136
  1
K
  7
_TCH_AXIS
 41
0.9999999999995921
 72
5
 11
-1988587.574947328
 21
-1293663.224819547
 31
0.0
100
AcDbAttribute
  2
A
 70
0
  0
SEQEND
  5
B72
330
B70
100
AcDbEntity
  8
AXIS
  0
LINE
  5
B73
330
17
100
AcDbEntity
  8
AXIS
100
AcDbLine
 10
-2050665.779232151
 20
-1292875.933370228
 30
0.0
 11
-2053397.620099413
 21
-1292875.933370228
 31
0.0
  0
LINE
  5
B74
330
17
100
AcDbEntity
  8
AXIS
100
AcDbLine
 10
-2053514.777386938
 20
-1292758.776082703
 30
0.0
 11
-2053397.620099413
 21
-1292875.933370228
 31
0.0
  0
INSERT
  5
B75
330
17
100
AcDbEntity
  8
AXIS
100
AcDbBlockReference
 66
1
  2
_AXISO
 10
-2053797.620099413
 20
-1292475.933370228
 30
0.0
 41
800.0
 42
800.0
 43
800.0
  0
ATTRIB
  5
B76
330
B75
100
AcDbEntity
  8
AXIS_TEXT
100
AcDbText
 10
-2053983.616321403
 20
-1292736.328081014
 30
0.0
 40
520.7894215723104
  1
L
  7
_TCH_AXIS
 41
0.9999999999998973
 72
5
 11
-2053611.623877423
 21
-1292736.328081014
 31
0.0
100
AcDbAttribute
  2
A
 70
0
  0
SEQEND
  5
B77
330
B75
100
AcDbEntity
  8
AXIS
  0
LINE
  5
B78
330
17
100
AcDbEntity
  8
AXIS
100
AcDbLine
 10
-1992580.528290915
 20
-1292875.933370229
 30
0.0
 11
-1988207.278201745
 21
-1292875.933370229
 31
0.0
  0
INSERT
  5
B79
330
17
100
AcDbEntity
  8
AXIS
100
AcDbBlockReference
 66
1
  2
_AXISO
 10
-1987807.278201745
 20
-1292875.933370229
 30
0.0
 41
800.0
 42
800.0
 43
800.0
  0
ATTRIB
  5
B7A
330
B79
100
AcDbEntity
  8
AXIS_TEXT
100
AcDbText
 10
-1987993.274423736
 20
-1293136.328081015
 30
0.0
 40
520.7894215723104
  1
L
  7
_TCH_AXIS
 41
0.9999999999998973
 72
5
 11
-1987621.281979755
 21
-1293136.328081015
 31
0.0
100
AcDbAttribute
  2
A
 70
0
  0
SEQEND
  5
B7B
330
B79
100
AcDbEntity
  8
AXIS
  0
LINE
  5
B7C
330
17
100
AcDbEntity
  8
AXIS
100
AcDbLine
 10
-2050665.779232151
 20
-1292125.933370228
 30
0.0
 11
-2054533.796955199
 21
-1292125.933370228
 31
0.0
  0
INSERT
  5
B7D
330
17
100
AcDbEntity
  8
AXIS
100
AcDbBlockReference
 66
1
  2
_AXISO
 10
-2054933.796955199
 20
-1292125.933370228
 30
0.0
 41
800.0
 42
800.0
 43
800.0
  0
ATTRIB
  5
B7E
330
B7D
100
AcDbEntity
  8
AXIS_TEXT
100
AcDbText
 10
-2055160.071125178
 20
-1292352.207540207
 30
0.0
 40
452.5483399593904
  1
M
  7
_TCH_AXIS
 41
0.9999999999996545
 72
5
 11
-2054707.522785219
 21
-1292352.207540207
 31
0.0
100
AcDbAttribute
  2
A
 70
0
  0
SEQEND
  5
B7F
330
B7D
100
AcDbEntity
  8
AXIS
  0
LINE
  5
B80
330
17
100
AcDbEntity
  8
AXIS
100
AcDbLine
 10
-2050665.779232151
 20
-1291875.933370228
 30
0.0
 11
-2053397.620099413
 21
-1291875.933370228
 31
0.0
  0
LINE
  5
B81
330
17
100
AcDbEntity
  8
AXIS
100
AcDbLine
 10
-2053514.777386938
 20
-1291758.776082703
 30
0.0
 11
-2053397.620099413
 21
-1291875.933370228
 31
0.0
  0
INSERT
  5
B82
330
17
100
AcDbEntity
  8
AXIS
100
AcDbBlockReference
 66
1
  2
_AXISO
 10
-2053797.620099413
 20
-1291475.933370228
 30
0.0
 41
800.0
 42
800.0
 43
800.0
  0
ATTRIB
  5
B83
330
B82
100
AcDbEntity
  8
AXIS_TEXT
100
AcDbText
 10
-2054012.312363083
 20
-1291713.224819548
 30
0.0
 40
474.5828986392136
  1
N
  7
_TCH_AXIS
 41
0.9999999999995921
 72
5
 11
-2053582.927835743
 21
-1291713.224819548
 31
0.0
100
AcDbAttribute
  2
A
 70
0
  0
SEQEND
  5
B84
330
B82
100
AcDbEntity
  8
AXIS
  0
LINE
  5
B85
330
17
100
AcDbEntity
  8
AXIS
100
AcDbLine
 10
-1992580.528290915
 20
-1291875.933370229
 30
0.0
 11
-1989202.267210998
 21
-1291875.933370229
 31
0.0
  0
INSERT
  5
B86
330
17
100
AcDbEntity
  8
AXIS
100
AcDbBlockReference
 66
1
  2
_AXISO
 10
-1988802.267210998
 20
-1291875.933370229
 30
0.0
 41
800.0
 42
800.0
 43
800.0
  0
ATTRIB
  5
B87
330
B86
100
AcDbEntity
  8
AXIS_TEXT
100
AcDbText
 10
-1989016.959474668
 20
-1292113.224819548
 30
0.0
 40
474.5828986392136
  1
N
  7
_TCH_AXIS
 41
0.9999999999995921
 72
5
 11
-1988587.574947328
 21
-1292113.224819548
 31
0.0
100
AcDbAttribute
  2
A
 70
0
  0
SEQEND
  5
B88
330
B86
100
AcDbEntity
  8
AXIS
  0
LINE
  5
B89
330
17
100
AcDbEntity
  8
AXIS
100
AcDbLine
 10
-2050665.779232151
 20
-1290575.933370228
 30
0.0
 11
-2053397.620099413
 21
-1290575.933370228
 31
0.0
  0
INSERT
  5
B8A
330
17
100
AcDbEntity
  8
AXIS
100
AcDbBlockReference
 66
1
  2
_AXISO
 10
-2053797.620099413
 20
-1290575.933370228
 30
0.0
 41
800.0
 42
800.0
 43
800.0
  0
ATTRIB
  5
B8B
330
B8A
100
AcDbEntity
  8
AXIS_TEXT
100
AcDbText
 10
-2053998.963532587
 20
-1290824.651728855
 30
0.0
 40
497.4367172527908
  1
P
  7
_TCH_AXIS
 41
1.000000000000449
 72
5
 11
-2053596.276666239
 21
-1290824.651728855
 31
0.0
100
AcDbAttribute
  2
A
 70
0
  0
SEQEND
  5
B8C
330
B8A
100
AcDbEntity
  8
AXIS
  0
LINE
  5
B8D
330
17
100
AcDbEntity
  8
AXIS
100
AcDbLine
 10
-1992580.528290915
 20
-1290575.933370229
 30
0.0
 11
-1989202.267210998
 21
-1290575.933370229
 31
0.0
  0
INSERT
  5
B8E
330
17
100
AcDbEntity
  8
AXIS
100
AcDbBlockReference
 66
1
  2
_AXISO
 10
-1988802.267210998
 20
-1290575.933370229
 30
0.0
 41
800.0
 42
800.0
 43
800.0
  0
ATTRIB
  5
B8F
330
B8E
100
AcDbEntity
  8
AXIS_TEXT
100
AcDbText
 10
-1989003.610644172
 20
-1290824.651728855
 30
0.0
 40
497.4367172527908
  1
P
  7
_TCH_AXIS
 41
1.000000000000449
 72
5
 11
-1988600.923777824
 21
-1290824.651728855
 31
0.0
100
AcDbAttribute
  2
A
 70
0
  0
SEQEND
  5
B90
330
B8E
100
AcDbEntity
  8
AXIS
  0
LINE
  5
B91
330
17
100
AcDbEntity
  8
AXIS
100
AcDbLine
 10
-2050665.779232151
 20
-1289025.933370227
 30
0.0
 11
-2053397.620099413
 21
-1289025.933370227
 31
0.0
  0
INSERT
  5
B92
330
17
100
AcDbEntity
  8
AXIS
100
AcDbBlockReference
 66
1
  2
_AXISO
 10
-2053797.620099413
 20
-1289025.933370227
 30
0.0
 41
800.0
 42
800.0
 43
800.0
  0
ATTRIB
  5
B93
330
B92
100
AcDbEntity
  8
AXIS_TEXT
100
AcDbText
 10
-2054005.873338919
 20
-1289268.895482984
 30
0.0
 40
485.9242255137898
  1
R
  7
_TCH_AXIS
 41
1.000000000000069
 72
5
 11
-2053589.366859907
 21
-1289268.895482984
 31
0.0
100
AcDbAttribute
  2
A
 70
0
  0
SEQEND
  5
B94
330
B92
100
AcDbEntity
  8
AXIS
  0
LINE
  5
B95
330
17
100
AcDbEntity
  8
AXIS
100
AcDbLine
 10
-1992580.528290915
 20
-1289025.933370228
 30
0.0
 11
-1989202.267210998
 21
-1289025.933370228
 31
0.0
  0
INSERT
  5
B96
330
17
100
AcDbEntity
  8
AXIS
100
AcDbBlockReference
 66
1
  2
_AXISO
 10
-1988802.267210998
 20
-1289025.933370228
 30
0.0
 41
800.0
 42
800.0
 43
800.0
  0
ATTRIB
  5
B97
330
B96
100
AcDbEntity
  8
AXIS_TEXT
100
AcDbText
 10
-1989010.520450504
 20
-1289268.895482984
 30
0.0
 40
485.9242255137898
  1
R
  7
_TCH_AXIS
 41
1.000000000000069
 72
5
 11
-1988594.013971492
 21
-1289268.895482984
 31
0.0
100
AcDbAttribute
  2
A
 70
0
  0
SEQEND
  5
B98
330
B96
100
AcDbEntity
  8
AXIS
  0
LINE
  5
B99
330
17
100
AcDbEntity
  8
AXIS
100
AcDbLine
 10
-2050665.779232151
 20
-1288275.933370228
 30
0.0
 11
-2053397.620099413
 21
-1288275.933370228
 31
0.0
  0
INSERT
  5
B9A
330
17
100
AcDbEntity
  8
AXIS
100
AcDbBlockReference
 66
1
  2
_AXISO
 10
-2053797.620099413
 20
-1288275.933370228
 30
0.0
 41
800.0
 42
800.0
 43
800.0
  0
ATTRIB
  5
B9B
330
B9A
100
AcDbEntity
  8
AXIS_TEXT
100
AcDbText
 10
-2053975.124162205
 20
-1288542.189464416
 30
0.0
 40
532.5121883762199
  1
S
  7
_TCH_AXIS
 41
0.9999999999998881
 72
5
 11
-2053620.116036621
 21
-1288542.189464416
 31
0.0
100
AcDbAttribute
  2
A
 70
0
  0
SEQEND
  5
B9C
330
B9A
100
AcDbEntity
  8
AXIS
  0
LINE
  5
B9D
330
17
100
AcDbEntity
  8
AXIS
100
AcDbLine
 10
-1992580.528290915
 20
-1288275.933370229
 30
0.0
 11
-1989202.267210998
 21
-1288275.933370229
 31
0.0
  0
INSERT
  5
B9E
330
17
100
AcDbEntity
  8
AXIS
100
AcDbBlockReference
 66
1
  2
_AXISO
 10
-1988802.267210998
 20
-1288275.933370229
 30
0.0
 41
800.0
 42
800.0
 43
800.0
  0
ATTRIB
  5
B9F
330
B9E
100
AcDbEntity
  8
AXIS_TEXT
100
AcDbText
 10
-1988979.77127379
 20
-1288542.189464417
 30
0.0
 40
532.5121883762199
  1
S
  7
_TCH_AXIS
 41
0.9999999999998881
 72
5
 11
-1988624.763148206
 21
-1288542.189464417
 31
0.0
100
AcDbAttribute
  2
A
 70
0
  0
SEQEND
  5
BA0
330
B9E
100
AcDbEntity
  8
AXIS
  0
LINE
  5
BA1
330
17
100
AcDbEntity
  8
AXIS
100
AcDbLine
 10
-2050665.779232151
 20
-1288025.933370227
 30
0.0
 11
-2053397.620099413
 21
-1288025.933370227
 31
0.0
  0
INSERT
  5
BA2
330
17
100
AcDbEntity
  8
AXIS
100
AcDbBlockReference
 66
1
  2
_AXISO
 10
-2053797.620099413
 20
-1288025.933370227
 30
0.0
 41
800.0
 42
800.0
 43
800.0
  0
ATTRIB
  5
BA3
330
BA2
100
AcDbEntity
  8
AXIS_TEXT
100
AcDbText
 10
-2053983.616321403
 20
-1288286.328081014
 30
0.0
 40
520.7894215723104
  1
T
  7
_TCH_AXIS
 41
0.9999999999998973
 72
5
 11
-2053611.623877423
 21
-1288286.328081014
 31
0.0
100
AcDbAttribute
  2
A
 70
0
  0
SEQEND
  5
BA4
330
BA2
100
AcDbEntity
  8
AXIS
  0
LINE
  5
BA5
330
17
100
AcDbEntity
  8
AXIS
100
AcDbLine
 10
-2050665.779232151
 20
-1287075.933370228
 30
0.0
 11
-2053397.620099413
 21
-1287075.933370228
 31
0.0
  0
INSERT
  5
BA6
330
17
100
AcDbEntity
  8
AXIS
100
AcDbBlockReference
 66
1
  2
_AXISO
 10
-2053797.620099413
 20
-1287075.933370228
 30
0.0
 41
800.0
 42
800.0
 43
800.0
  0
ATTRIB
  5
BA7
330
BA6
100
AcDbEntity
  8
AXIS_TEXT
100
AcDbText
 10
-2054018.309754585
 20
-1287307.657508159
 30
0.0
 40
463.4482758620689
  1
U
  7
_TCH_AXIS
 41
0.9999999999999638
 72
5
 11
-2053576.93044424
 21
-1287307.657508159
 31
0.0
100
AcDbAttribute
  2
A
 70
0
  0
SEQEND
  5
BA8
330
BA6
100
AcDbEntity
  8
AXIS
  0
LINE
  5
BA9
330
17
100
AcDbEntity
  8
AXIS
100
AcDbLine
 10
-1992580.528290915
 20
-1287075.933370228
 30
0.0
 11
-1989202.267210998
 21
-1287075.933370228
 31
0.0
  0
INSERT
  5
BAA
330
17
100
AcDbEntity
  8
AXIS
100
AcDbBlockReference
 66
1
  2
_AXISO
 10
-1988802.267210998
 20
-1287075.933370228
 30
0.0
 41
800.0
 42
800.0
 43
800.0
  0
ATTRIB
  5
BAB
330
BAA
100
AcDbEntity
  8
AXIS_TEXT
100
AcDbText
 10
-1989022.95686617
 20
-1287307.657508159
 30
0.0
 40
463.4482758620689
  1
U
  7
_TCH_AXIS
 41
0.9999999999999638
 72
5
 11
-1988581.577555825
 21
-1287307.657508159
 31
0.0
100
AcDbAttribute
  2
A
 70
0
  0
SEQEND
  5
BAC
330
BAA
100
AcDbEntity
  8
AXIS
  0
LINE
  5
BAD
330
17
100
AcDbEntity
  8
AXIS
100
AcDbLine
 10
-2050665.779232151
 20
-1285675.933370228
 30
0.0
 11
-2053397.620099413
 21
-1285675.933370228
 31
0.0
  0
LINE
  5
BAE
330
17
100
AcDbEntity
  8
AXIS
100
AcDbLine
 10
-2053514.777386938
 20
-1285793.090657754
 30
0.0
 11
-2053397.620099413
 21
-1285675.933370228
 31
0.0
  0
INSERT
  5
BAF
330
17
100
AcDbEntity
  8
AXIS
100
AcDbBlockReference
 66
1
  2
_AXISO
 10
-2053797.620099413
 20
-1286075.933370228
 30
0.0
 41
800.0
 42
800.0
 43
800.0
  0
ATTRIB
  5
BB0
330
BAF
100
AcDbEntity
  8
AXIS_TEXT
100
AcDbText
 10
-2054005.873338919
 20
-1286318.895482985
 30
0.0
 40
485.9242255137898
  1
V
  7
_TCH_AXIS
 41
1.000000000000069
 72
5
 11
-2053589.366859907
 21
-1286318.895482985
 31
0.0
100
AcDbAttribute
  2
A
 70
0
  0
SEQEND
  5
BB1
330
BAF
100
AcDbEntity
  8
AXIS
  0
LINE
  5
BB2
330
17
100
AcDbEntity
  8
AXIS
100
AcDbLine
 10
-1992580.528290915
 20
-1285675.933370228
 30
0.0
 11
-1989202.267210998
 21
-1285675.933370228
 31
0.0
  0
LINE
  5
BB3
330
17
100
AcDbEntity
  8
AXIS
100
AcDbLine
 10
-1989085.109923472
 20
-1285793.090657754
 30
0.0
 11
-1989202.267210998
 21
-1285675.933370228
 31
0.0
  0
INSERT
  5
BB4
330
17
100
AcDbEntity
  8
AXIS
100
AcDbBlockReference
 66
1
  2
_AXISO
 10
-1988802.267210998
 20
-1286075.933370228
 30
0.0
 41
800.0
 42
800.0
 43
800.0
  0
ATTRIB
  5
BB5
330
BB4
100
AcDbEntity
  8
AXIS_TEXT
100
AcDbText
 10
-1989010.520450504
 20
-1286318.895482985
 30
0.0
 40
485.9242255137898
  1
V
  7
_TCH_AXIS
 41
1.000000000000069
 72
5
 11
-1988594.013971492
 21
-1286318.895482985
 31
0.0
100
AcDbAttribute
  2
A
 70
0
  0
SEQEND
  5
BB6
330
BB4
100
AcDbEntity
  8
AXIS
  0
LINE
  5
BB7
330
17
100
AcDbEntity
  8
AXIS
100
AcDbLine
 10
-2050665.779232151
 20
-1285525.933370227
 30
0.0
 11
-2053397.620099413
 21
-1285525.933370227
 31
0.0
  0
LINE
  5
BB8
330
17
100
AcDbEntity
  8
AXIS
100
AcDbLine
 10
-2053514.777386938
 20
-1285408.776082702
 30
0.0
 11
-2053397.620099413
 21
-1285525.933370227
 31
0.0
  0
INSERT
  5
BB9
330
17
100
AcDbEntity
  8
AXIS
100
AcDbBlockReference
 66
1
  2
_AXISO
 10
-2053797.620099413
 20
-1285125.933370227
 30
0.0
 41
800.0
 42
800.0
 43
800.0
  0
ATTRIB
  5
BBA
330
BB9
100
AcDbEntity
  8
AXIS_TEXT
100
AcDbText
 10
-2054029.093873539
 20
-1285346.885609165
 30
0.0
 40
441.9044778768004
  1
W
  7
_TCH_AXIS
 41
1.000000000000386
 72
5
 11
-2053566.146325287
 21
-1285346.885609165
 31
0.0
100
AcDbAttribute
  2
A
 70
0
  0
SEQEND
  5
BBB
330
BB9
100
AcDbEntity
  8
AXIS
  0
LINE
  5
BBC
330
17
100
AcDbEntity
  8
AXIS
100
AcDbLine
 10
-1992580.528290915
 20
-1285525.933370227
 30
0.0
 11
-1989202.267210998
 21
-1285525.933370227
 31
0.0
  0
LINE
  5
BBD
330
17
100
AcDbEntity
  8
AXIS
100
AcDbLine
 10
-1989085.109923472
 20
-1285408.776082702
 30
0.0
 11
-1989202.267210998
 21
-1285525.933370227
 31
0.0
  0
INSERT
  5
BBE
330
17
100
AcDbEntity
  8
AXIS
100
AcDbBlockReference
 66
1
  2
_AXISO
 10
-1988802.267210998
 20
-1285125.933370227
 30
0.0
 41
800.0
 42
800.0
 43
800.0
  0
ATTRIB
  5
BBF
330
BBE
100
AcDbEntity
  8
AXIS_TEXT
100
AcDbText
 10
-1989033.740985124
 20
-1285346.885609166
 30
0.0
 40
441.9044778768004
  1
W
  7
_TCH_AXIS
 41
1.000000000000386
 72
5
 11
-1988570.793436872
 21
-1285346.885609166
 31
0.0
100
AcDbAttribute
  2
A
 70
0
  0
SEQEND
  5
BC0
330
BBE
100
AcDbEntity
  8
AXIS
  0
LINE
  5
BC1
330
17
100
AcDbEntity
  8
AXIS
100
AcDbLine
 10
-2050665.779232151
 20
-1282625.933370227
 30
0.0
 11
-2053397.620099413
 21
-1282625.933370227
 31
0.0
  0
INSERT
  5
BC2
330
17
100
AcDbEntity
  8
AXIS
100
AcDbBlockReference
 66
1
  2
_AXISO
 10
-2053797.620099413
 20
-1282625.933370227
 30
0.0
 41
800.0
 42
800.0
 43
800.0
  0
ATTRIB
  5
BC3
330
BC2
100
AcDbEntity
  8
AXIS_TEXT
100
AcDbText
 10
-2054005.873338919
 20
-1282868.895482984
 30
0.0
 40
485.9242255137898
  1
X
  7
_TCH_AXIS
 41
1.000000000000069
 72
5
 11
-2053589.366859907
 21
-1282868.895482984
 31
0.0
100
AcDbAttribute
  2
A
 70
0
  0
SEQEND
  5
BC4
330
BC2
100
AcDbEntity
  8
AXIS
  0
LINE
  5
BC5
330
17
100
AcDbEntity
  8
AXIS
100
AcDbLine
 10
-1992580.528290915
 20
-1282625.933370227
 30
0.0
 11
-1989202.267210998
 21
-1282625.933370227
 31
0.0
  0
INSERT
  5
BC6
330
17
100
AcDbEntity
  8
AXIS
100
AcDbBlockReference
 66
1
  2
_AXISO
 10
-1988802.267210998
 20
-1282625.933370227
 30
0.0
 41
800.0
 42
800.0
 43
800.0
  0
ATTRIB
  5
BC7
330
BC6
100
AcDbEntity
  8
AXIS_TEXT
100
AcDbText
 10
-1989010.520450504
 20
-1282868.895482984
 30
0.0
 40
485.9242255137898
  1
X
  7
_TCH_AXIS
 41
1.000000000000069
 72
5
 11
-1988594.013971492
 21
-1282868.895482984
 31
0.0
100
AcDbAttribute
  2
A
 70
0
  0
SEQEND
  5
BC8
330
BC6
100
AcDbEntity
  8
AXIS
  0
INSERT
  5
BC9
330
17
100
AcDbEntity
  8
A-FLOR-SPCL
100
AcDbBlockReference
  2
$plan$00001629
 10
-2048958.665221135
 20
-1295675.933370228
 30
0.0
 41
0.9821428571077286
 42
0.9782608695225493
 50
90.00000000000001
  0
INSERT
  5
BCB
330
17
100
AcDbEntity
  8
A-FLOR-SPCL
100
AcDbBlockReference
  2
$plan$00001629
 10
-2048958.665221135
 20
-1292425.933370228
 30
0.0
 41
0.9821428571077286
 42
0.9782608695225493
 50
90.00000000000001
  0
INSERT
  5
BCD
330
17
100
AcDbEntity
  8
A-FLOR-SPCL
100
AcDbBlockReference
  2
$plan$00001629
 10
-2029458.665221134
 20
-1294825.933370228
 30
0.0
 41
0.9821428571077286
 42
-0.9782608695225493
 50
89.99999999999999
  0
INSERT
  5
BCF
330
17
100
AcDbEntity
  8
A-FLOR-SPCL
100
AcDbBlockReference
  2
$plan$00001629
 10
-2030758.665221134
 20
-1292325.933370228
 30
0.0
 41
0.9821428571077286
 42
-0.9782608695225493
 50
89.99999999999999
  0
INSERT
  5
BD1
330
17
100
AcDbEntity
  8
A-FLOR-SPCL
100
AcDbBlockReference
  2
$plan$00001629
 10
-1993918.665221134
 20
-1295675.933370229
 30
0.0
 41
0.9821428571077286
 42
-0.9782608695225493
 50
89.99999999999999
  0
INSERT
  5
BD3
330
17
100
AcDbEntity
  8
A-FLOR-SPCL
100
AcDbBlockReference
  2
$plan$00001629
 10
-1993918.665221135
 20
-1292425.933370229
 30
0.0
 41
0.9821428571077286
 42
-0.9782608695225493
 50
89.99999999999999
  0
INSERT
  5
BD5
330
17
100
AcDbEntity
  8
A-FLOR-SPCL
100
AcDbBlockReference
  2
$plan$00001629
 10
-2013418.665221135
 20
-1294825.933370229
 30
0.0
 41
0.9821428571077286
 42
0.9782608695225493
 50
90.00000000000001
  0
INSERT
  5
BD7
330
17
100
AcDbEntity
  8
A-FLOR-SPCL
100
AcDbBlockReference
  2
$plan$00001629
 10
-2012118.665221135
 20
-1292325.933370229
 30
0.0
 41
0.9821428571077286
 42
0.9782608695225493
 50
90.00000000000001
  0
LINE
  5
BD9
330
17
100
AcDbEntity
  8
WALL
100
AcDbLine
 10
-2021518.665221213
 20
-1292215.933370415
 30
0.0
 11
-2021518.665221135
 21
-1294425.933370228
 31
0.0
  0
LINE
  5
BDA
330
17
100
AcDbEntity
  8
WALL
100
AcDbLine
 10
-2021698.665221
 20
-1292215.933370202
 30
0.0
 11
-2021698.665221
 21
-1294335.933370202
 31
0.0
  0
LINE
  5
BDB
330
17
100
AcDbEntity
  8
WALL
100
AcDbLine
 10
-2022828.665221135
 20
-1285525.933370228
 30
0.0
 11
-2022828.665221094
 21
-1288115.933368598
 31
0.0
  0
LINE
  5
BDC
330
17
100
AcDbEntity
  8
WALL
100
AcDbLine
 10
-2023008.665221094
 20
-1285605.933370243
 30
0.0
 11
-2023008.665221094
 21
-1287935.933368598
 31
0.0
  0
LINE
  5
BDD
330
17
100
AcDbEntity
  8
WALL
100
AcDbLine
 10
-2020388.665221136
 20
-1285525.933370228
 30
0.0
 11
-2020388.665221089
 21
-1281305.933370163
 31
0.0
  0
LINE
  5
BDE
330
17
100
AcDbEntity
  8
WALL
100
AcDbLine
 10
-2020208.665221089
 20
-1285425.933370243
 30
0.0
 11
-2020208.665221089
 21
-1281125.933370163
 31
0.0
  0
LINE
  5
BDF
330
17
100
AcDbEntity
  8
SURFACE
100
AcDbLine
 10
-2020108.665221089
 20
-1285325.933370243
 30
0.0
 11
-2020108.665221089
 21
-1281025.933370163
 31
0.0
  0
LINE
  5
BE0
330
17
100
AcDbEntity
  8
WALL
100
AcDbLine
 10
-2020208.665221297
 20
-1287935.933369894
 30
0.0
 11
-2019218.665221173
 21
-1287935.933369894
 31
0.0
  0
LINE
  5
BE1
330
17
100
AcDbEntity
  8
WALL
100
AcDbLine
 10
-2020308.665221136
 20
-1288115.933370228
 30
0.0
 11
-2019398.665221173
 21
-1288115.933369894
 31
0.0
  0
LINE
  5
BE2
330
17
100
AcDbEntity
  8
WALL
100
AcDbLine
 10
-2023998.665221175
 20
-1288935.933370071
 30
0.0
 11
-2023998.665221175
 21
-1287935.933370451
 31
0.0
  0
LINE
  5
BE3
330
17
100
AcDbEntity
  8
WALL
100
AcDbLine
 10
-2023818.665221135
 20
-1289025.933370228
 30
0.0
 11
-2023818.665220686
 21
-1288115.933370451
 31
0.0
  0
LINE
  5
BE4
330
17
100
AcDbEntity
  8
WALL
100
AcDbLine
 10
-2021608.665221048
 20
-1289525.933370361
 30
0.0
 11
-2021308.66522168
 21
-1289525.933370361
 31
0.0
  0
LINE
  5
BE5
330
17
100
AcDbEntity
  8
WALL
100
AcDbLine
 10
-2021508.665221236
 20
-1289625.933370361
 30
0.0
 11
-2021208.665221135
 21
-1289625.933370228
 31
0.0
  0
LINE
  5
BE6
330
17
100
AcDbEntity
  8
WALL
100
AcDbLine
 10
-2021208.665221135
 20
-1289625.933370228
 30
0.0
 11
-2020758.665220948
 21
-1289625.933370169
 31
0.0
  0
LINE
  5
BE7
330
17
100
AcDbEntity
  8
WALL
100
AcDbLine
 10
-2020758.665220948
 20
-1289625.933370169
 30
0.0
 11
-2020758.665220948
 21
-1289525.933370418
 31
0.0
  0
LINE
  5
BE8
330
17
100
AcDbEntity
  8
WALL
100
AcDbLine
 10
-2020758.665220948
 20
-1289525.933370418
 30
0.0
 11
-2021208.66522168
 21
-1289525.933370426
 31
0.0
  0
LINE
  5
BE9
330
17
100
AcDbEntity
  8
WALL
100
AcDbLine
 10
-2019398.665220703
 20
-1289525.933370426
 30
0.0
 11
-2019758.665220948
 21
-1289525.933370418
 31
0.0
  0
LINE
  5
BEA
330
17
100
AcDbEntity
  8
WALL
100
AcDbLine
 10
-2019758.665220948
 20
-1289525.933370418
 30
0.0
 11
-2019758.665220948
 21
-1289625.933370136
 31
0.0
  0
LINE
  5
BEB
330
17
100
AcDbEntity
  8
WALL
100
AcDbLine
 10
-2019758.665220948
 20
-1289625.933370136
 30
0.0
 11
-2019398.665221236
 21
-1289625.933370169
 31
0.0
  0
INSERT
  5
BEC
330
17
100
AcDbEntity
  8
WINDOW
100
AcDbBlockReference
 66
1
  2
$DorLib2D$00000231
 10
-2020258.665221135
 20
-1289575.933370228
 30
0.0
 41
-1000.0
 42
-1000.0
 43
-1000.0
1001
WTHICK
1040
100.0
  0
ATTRIB
  5
BED
330
BEC
100
AcDbEntity
  8
WINDOW_TEXT
100
AcDbText
 10
-2020353.665221135
 20
-1289399.683370228
 30
0.0
 40
297.5
  1

  7
_TCH_WINDOW
 41
0.7058823529411765
100
AcDbAttribute
  2
A
 70
0
  0
SEQEND
  5
BEE
330
BEC
100
AcDbEntity
  8
WINDOW
  0
LINE
  5
BEF
330
17
100
AcDbEntity
  8
WALL
100
AcDbLine
 10
-2019398.665221236
 20
-1289625.933370169
 30
0.0
 11
-2019398.665221072
 21
-1290625.933370633
 31
0.0
  0
LINE
  5
BF0
330
17
100
AcDbEntity
  8
WALL
100
AcDbLine
 10
-2019398.665221072
 20
-1290625.933370633
 30
0.0
 11
-2019218.665221048
 21
-1290625.933370633
 31
0.0
  0
LINE
  5
BF1
330
17
100
AcDbEntity
  8
WALL
100
AcDbLine
 10
-2019218.665221048
 20
-1290625.933370633
 30
0.0
 11
-2019218.665221135
 21
-1289525.933370228
 31
0.0
  0
LINE
  5
BF2
330
17
100
AcDbEntity
  8
WALL
100
AcDbLine
 10
-2019218.665221135
 20
-1292125.933370228
 30
0.0
 11
-2019218.665221048
 21
-1291725.933369954
 31
0.0
  0
LINE
  5
BF3
330
17
100
AcDbEntity
  8
WALL
100
AcDbLine
 10
-2019218.665221048
 20
-1291725.933369954
 30
0.0
 11
-2019398.665221072
 21
-1291725.933369954
 31
0.0
  0
LINE
  5
BF4
330
17
100
AcDbEntity
  8
WALL
100
AcDbLine
 10
-2019398.665221072
 20
-1291725.933369954
 30
0.0
 11
-2019398.665221236
 21
-1292035.933370202
 31
0.0
  0
LINE
  5
BF5
330
17
100
AcDbEntity
  8
WALL
100
AcDbLine
 10
-2022988.665221343
 20
-1288115.933368598
 30
0.0
 11
-2022988.665221343
 21
-1289625.933370451
 31
0.0
  0
LINE
  5
BF6
330
17
100
AcDbEntity
  8
WALL
100
AcDbLine
 10
-2023088.665221017
 20
-1288115.933370451
 30
0.0
 11
-2023088.665221017
 21
-1289525.933370451
 31
0.0
  0
LINE
  5
BF7
330
17
100
AcDbEntity
  8
WALL
100
AcDbLine
 10
-2023998.665221135
 20
-1289525.933370229
 30
0.0
 11
-2023998.665220771
 21
-1289115.933370303
 31
0.0
  0
LINE
  5
BF8
330
17
100
AcDbEntity
  8
WALL
100
AcDbLine
 10
-2023818.665221748
 20
-1289525.933370451
 30
0.0
 11
-2023818.665221135
 21
-1289025.933370228
 31
0.0
  0
LINE
  5
BF9
330
17
100
AcDbEntity
  8
WALL
100
AcDbLine
 10
-2020388.665221101
 20
-1287935.933370597
 30
0.0
 11
-2020388.665221136
 21
-1285525.933370228
 31
0.0
  0
LINE
  5
BFA
330
17
100
AcDbEntity
  8
WALL
100
AcDbLine
 10
-2020208.665221297
 20
-1287935.933369894
 30
0.0
 11
-2020208.665221296
 21
-1285605.933370075
 31
0.0
  0
LINE
  5
BFB
330
17
100
AcDbEntity
  8
WALL
100
AcDbLine
 10
-2021208.665221135
 20
-1287935.933370229
 30
0.0
 11
-2020388.665221101
 21
-1287935.933370597
 31
0.0
  0
LINE
  5
BFC
330
17
100
AcDbEntity
  8
WALL
100
AcDbLine
 10
-2021208.665221174
 20
-1288115.933370055
 30
0.0
 11
-2020308.665221136
 21
-1288115.933370229
 31
0.0
  0
LINE
  5
BFD
330
17
100
AcDbEntity
  8
WALL
100
AcDbLine
 10
-2022828.665221207
 20
-1281305.933370163
 30
0.0
 11
-2022828.665221135
 21
-1285525.933370228
 31
0.0
  0
LINE
  5
BFE
330
17
100
AcDbEntity
  8
WALL
100
AcDbLine
 10
-2023008.665221093
 20
-1281125.933370163
 30
0.0
 11
-2023008.665221093
 21
-1285425.933370243
 31
0.0
  0
LINE
  5
BFF
330
17
100
AcDbEntity
  8
SURFACE
100
AcDbLine
 10
-2023108.665221093
 20
-1281025.933370163
 30
0.0
 11
-2023108.665221093
 21
-1285325.933370243
 31
0.0
  0
LINE
  5
C00
330
17
100
AcDbEntity
  8
WALL
100
AcDbLine
 10
-2021308.665220686
 20
-1288115.933370105
 30
0.0
 11
-2021308.665220957
 21
-1288225.933369141
 31
0.0
  0
LINE
  5
C01
330
17
100
AcDbEntity
  8
WALL
100
AcDbLine
 10
-2021308.665220957
 20
-1288225.933369141
 30
0.0
 11
-2021208.665221321
 21
-1288225.933369141
 31
0.0
  0
LINE
  5
C02
330
17
100
AcDbEntity
  8
WALL
100
AcDbLine
 10
-2021208.665221321
 20
-1288225.933369141
 30
0.0
 11
-2021208.665221174
 21
-1288115.933370055
 31
0.0
  0
LINE
  5
C03
330
17
100
AcDbEntity
  8
WALL
100
AcDbLine
 10
-2021308.665221135
 20
-1289025.933370228
 30
0.0
 11
-2021208.665221174
 21
-1289025.933370169
 31
0.0
  0
INSERT
  5
C04
330
17
100
AcDbEntity
  8
WINDOW
100
AcDbBlockReference
 66
1
  2
$DorLib2D$00000114
 10
-2021258.665221135
 20
-1288625.933370229
 30
0.0
 41
-800.0
 42
-800.0
 43
-800.0
 50
270.0
1001
WTHICK
1040
100.0
  0
ATTRIB
  5
C05
330
C04
100
AcDbEntity
  8
WINDOW_TEXT
100
AcDbText
 10
-2020724.915221133
 20
-1288820.933370228
 30
0.0
 40
297.5
  1

 50
90.0
  7
_TCH_WINDOW
 41
0.7058823529411765
100
AcDbAttribute
  2
A
 70
0
  0
SEQEND
  5
C06
330
C04
100
AcDbEntity
  8
WINDOW
  0
LINE
  5
C07
330
17
100
AcDbEntity
  8
WALL
100
AcDbLine
 10
-2022828.665221135
 20
-1288115.933370229
 30
0.0
 11
-2022828.665221135
 21
-1287935.933370229
 31
0.0
  0
LINE
  5
C08
330
17
100
AcDbEntity
  8
WALL
100
AcDbLine
 10
-2021208.665221135
 20
-1287935.933370229
 30
0.0
 11
-2021628.665220812
 21
-1287935.933370105
 31
0.0
  0
LINE
  5
C09
330
17
100
AcDbEntity
  8
WALL
100
AcDbLine
 10
-2021628.665220812
 20
-1287935.933370105
 30
0.0
 11
-2021628.665220812
 21
-1288115.933370206
 31
0.0
  0
LINE
  5
C0A
330
17
100
AcDbEntity
  8
WALL
100
AcDbLine
 10
-2021628.665220812
 20
-1288115.933370206
 30
0.0
 11
-2021308.665220686
 21
-1288115.933370105
 31
0.0
  0
LINE
  5
C0B
330
17
100
AcDbEntity
  8
WALL
100
AcDbLine
 10
-2022828.665221094
 20
-1288115.933368598
 30
0.0
 11
-2022988.665221343
 21
-1288115.933368598
 31
0.0
  0
LINE
  5
C0C
330
17
100
AcDbEntity
  8
WALL
100
AcDbLine
 10
-2023008.665221094
 20
-1287935.933368598
 30
0.0
 11
-2023088.665221135
 21
-1287935.933370228
 31
0.0
  0
LINE
  5
C0D
330
17
100
AcDbEntity
  8
WALL
100
AcDbLine
 10
-2005118.665221135
 20
-1292955.933370229
 30
0.0
 11
-2005178.665221029
 21
-1292955.933369141
 31
0.0
  0
LINE
  5
C0E
330
17
100
AcDbEntity
  8
WALL
100
AcDbLine
 10
-2005138.665221213
 20
-1292775.933369141
 30
0.0
 11
-2005268.665221135
 21
-1292775.933370229
 31
0.0
  0
LINE
  5
C0F
330
17
100
AcDbEntity
  8
WALL
100
AcDbLine
 10
-2040358.665221135
 20
-1292955.933370229
 30
0.0
 11
-2039558.665220812
 21
-1292955.933370268
 31
0.0
  0
LINE
  5
C10
330
17
100
AcDbEntity
  8
WALL
100
AcDbLine
 10
-2039558.665220812
 20
-1292955.933370268
 30
0.0
 11
-2039558.665220812
 21
-1292775.933370105
 31
0.0
  0
LINE
  5
C11
330
17
100
AcDbEntity
  8
WALL
100
AcDbLine
 10
-2039558.665220812
 20
-1292775.933370105
 30
0.0
 11
-2040268.665221213
 21
-1292775.933370268
 31
0.0
  0
LINE
  5
C12
330
17
100
AcDbEntity
  8
WALL
100
AcDbLine
 10
-2037838.665221213
 20
-1292775.933370268
 30
0.0
 11
-2038358.665220812
 21
-1292775.933370105
 31
0.0
  0
LINE
  5
C13
330
17
100
AcDbEntity
  8
WALL
100
AcDbLine
 10
-2038358.665220812
 20
-1292775.933370105
 30
0.0
 11
-2038358.665220812
 21
-1292955.933370268
 31
0.0
  0
LINE
  5
C14
330
17
100
AcDbEntity
  8
WALL
100
AcDbLine
 10
-2038358.665220812
 20
-1292955.933370268
 30
0.0
 11
-2037758.665221135
 21
-1292955.933370229
 31
0.0
  0
INSERT
  5
C15
330
17
100
AcDbEntity
  8
WINDOW
100
AcDbBlockReference
 66
1
  2
$DorLib2D$00000226
 10
-2038958.665221135
 20
-1292865.933370229
 30
0.0
 41
1200.0
 42
1200.0
 43
1200.0
1001
WTHICK
1040
180.0
  0
ATTRIB
  5
C16
330
C15
100
AcDbEntity
  8
WINDOW_TEXT
100
AcDbText
 10
-2039153.665221135
 20
-1293199.683370229
 30
0.0
 40
297.5
  1

  7
_TCH_WINDOW
 41
0.7058823529411765
100
AcDbAttribute
  2
A
 70
0
  0
SEQEND
  5
C17
330
C15
100
AcDbEntity
  8
WINDOW
  0
LINE
  5
C18
330
17
100
AcDbEntity
  8
WALL
100
AcDbLine
 10
-2042978.665221041
 20
-1288175.933370083
 30
0.0
 11
-2042658.665221135
 21
-1288175.933370229
 31
0.0
  0
LINE
  5
C19
330
17
100
AcDbEntity
  8
WALL
100
AcDbLine
 10
-2043058.665221135
 20
-1288355.933370229
 30
0.0
 11
-2042748.665221213
 21
-1288355.933370082
 31
0.0
  0
LINE
  5
C1A
330
17
100
AcDbEntity
  8
WALL
100
AcDbLine
 10
-1999818.665221135
 20
-1288355.933370229
 30
0.0
 11
-2000128.665221213
 21
-1288355.933370641
 31
0.0
  0
LINE
  5
C1B
330
17
100
AcDbEntity
  8
WALL
100
AcDbLine
 10
-1999898.665221229
 20
-1288175.93337064
 30
0.0
 11
-2000218.665221135
 21
-1288175.933370229
 31
0.0
  0
LINE
  5
C1C
330
17
100
AcDbEntity
  8
A-FLOR-IDEN
100
AcDbLine
 10
-2034826.311357275
 20
-1293725.933370228
 30
0.0
 11
-2035126.311357275
 21
-1293425.933370228
 31
0.0
  0
LINE
  5
C1D
330
17
100
AcDbEntity
  8
A-FLOR-IDEN
100
AcDbLine
 10
-2034826.311357275
 20
-1293725.933370228
 30
0.0
 11
-2034526.311357275
 21
-1293425.933370228
 31
0.0
  0
LINE
  5
C1E
330
17
100
AcDbEntity
  8
A-FLOR-IDEN
100
AcDbLine
 10
-2035126.311357275
 20
-1293425.933370228
 30
0.0
 11
-2033561.311357275
 21
-1293425.933370228
 31
0.0
  0
TEXT
  5
C1F
330
17
100
AcDbEntity
  8
PUB_TEXT
100
AcDbText
 10
-2034431.311357275
 20
-1293320.933370228
 30
0.0
 40
297.5
  1
5.800
  7
_TCH_DIM
 41
0.7058823529411765
100
AcDbText
  0
LINE
  5
C20
330
17
100
AcDbEntity
  8
DIM_ELEV
100
AcDbLine
 10
-2009406.78149222
 20
-1293725.933370228
 30
0.0
 11
-2009706.78149222
 21
-1293425.933370228
 31
0.0
  0
LINE
  5
C21
330
17
100
AcDbEntity
  8
DIM_ELEV
100
AcDbLine
 10
-2009406.78149222
 20
-1293725.933370228
 30
0.0
 11
-2009106.78149222
 21
-1293425.933370228
 31
0.0
  0
LINE
  5
C22
330
17
100
AcDbEntity
  8
DIM_ELEV
100
AcDbLine
 10
-2009706.78149222
 20
-1293425.933370228
 30
0.0
 11
-2008141.78149222
 21
-1293425.933370228
 31
0.0
  0
TEXT
  5
C23
330
17
100
AcDbEntity
  8
PUB_TEXT
100
AcDbText
 10
-2009011.78149222
 20
-1293320.933370228
 30
0.0
 40
297.5
  1
5.800
  7
_TCH_DIM
 41
0.7058823529411765
100
AcDbText
  0
TEXT
  5
C24
330
17
100
AcDbEntity
  8
PUB_TEXT
100
AcDbText
 10
-2048137.077135116
 20
-1293323.330465465
 30
0.0
 40
297.5
  1
0.5%%%
  7
_TCH_DIM
 41
0.7058823529411765
100
AcDbText
  0
LWPOLYLINE
  5
C25
330
17
100
AcDbEntity
  8
DIM_SYMB
100
AcDbPolyline
 90
3
 70
0
 10
-2047884.899868374
 20
-1293349.407377346
 10
-2048230.115572348
 20
-1293702.968793885
 40
0.0
 41
80.00000000000001
 10
-2048020.532044125
 20
-1293488.318509241
  0
TEXT
  5
C26
330
17
100
AcDbEntity
  8
PUB_TEXT
100
AcDbText
 10
-2048066.979485395
 20
-1294980.221035716
 30
0.0
 40
297.5
  1
0.5%%%
  7
_TCH_DIM
 41
0.7058823529411765
100
AcDbText
  0
LWPOLYLINE
  5
C27
330
17
100
AcDbEntity
  8
DIM_SYMB
100
AcDbPolyline
 90
3
 70
0
 10
-2047769.987278145
 20
-1294861.471035716
 10
-2048210.901205278
 20
-1294528.699064103
 40
0.0
 41
80.00000000000001
 10
-2047971.446221179
 20
-1294709.423469179
  0
TEXT
  5
C28
330
17
100
AcDbEntity
  8
PUB_TEXT
100
AcDbText
 10
-2015443.759708468
 20
-1294379.291583371
 30
0.0
 40
297.5
  1
0.5%%%
 50
339.1311865544599
  7
_TCH_DIM
 41
0.7058823529411765
100
AcDbText
  0
LWPOLYLINE
  5
C29
330
17
100
AcDbEntity
  8
DIM_SYMB
100
AcDbPolyline
 90
3
 70
0
 10
-2015515.860166738
 20
-1294464.175808186
 10
-2014811.07644733
 20
-1294732.867072931
 40
0.0
 41
80.00000000000001
 10
-2015091.396000717
 20
-1294625.998237488
  0
TEXT
  5
C2A
330
17
100
AcDbEntity
  8
PUB_TEXT
100
AcDbText
 10
-2012452.404035543
 20
-1293443.003221622
 30
0.0
 40
297.5
  1
0.5%%%
 50
314.8950856970694
  7
_TCH_DIM
 41
0.7058823529411765
100
AcDbText
  0
LWPOLYLINE
  5
C2B
330
17
100
AcDbEntity
  8
DIM_SYMB
100
AcDbPolyline
 90
3
 70
0
 10
-2012027.006483311
 20
-1294018.726601452
 10
-2012546.614314214
 20
-1293497.21236979
 40
0.0
 41
80.00000000000001
 10
-2012334.871070244
 20
-1293709.73248327
  0
TEXT
  5
C2C
330
17
100
AcDbEntity
  8
PUB_TEXT
100
AcDbText
 10
-2011033.046069262
 20
-1291150.721833728
 30
0.0
 40
297.5
  1
0.5%%%
 50
277.2615779736506
  7
_TCH_DIM
 41
0.7058823529411765
100
AcDbText
  0
LWPOLYLINE
  5
C2D
330
17
100
AcDbEntity
  8
DIM_SYMB
100
AcDbPolyline
 90
3
 70
0
 10
-2011046.48755666
 20
-1291875.933370229
 10
-2011141.968652913
 20
-1291126.60018741
 40
0.0
 41
80.00000000000001
 10
-2011104.048825494
 20
-1291424.194015788
  0
TEXT
  5
C2E
330
17
100
AcDbEntity
  8
PUB_TEXT
100
AcDbText
 10
-2031927.24588678
 20
-1291788.628141762
 30
0.0
 40
297.5
  1
0.5%%%
 50
72.78077246124417
  7
_TCH_DIM
 41
0.7058823529411765
100
AcDbText
  0
LWPOLYLINE
  5
C2F
330
17
100
AcDbEntity
  8
DIM_SYMB
100
AcDbPolyline
 90
3
 70
0
 10
-2031844.376447088
 20
-1291875.933370229
 10
-2031608.228266657
 20
-1291113.967151295
 40
0.0
 41
80.00000000000001
 10
-2031697.036849472
 20
-1291400.52087334
  0
TEXT
  5
C30
330
17
100
AcDbEntity
  8
PUB_TEXT
100
AcDbText
 10
-2030842.498037984
 20
-1294187.07552533
 30
0.0
 40
297.5
  1
0.5%%%
 50
41.71095364787992
  7
_TCH_DIM
 41
0.7058823529411765
100
AcDbText
  0
LWPOLYLINE
  5
C31
330
17
100
AcDbEntity
  8
DIM_SYMB
100
AcDbPolyline
 90
3
 70
0
 10
-2030828.683791421
 20
-1294315.417067836
 10
-2030208.956462787
 20
-1293763.047594849
 40
0.0
 41
80.00000000000001
 10
-2030432.909760313
 20
-1293962.659519662
  0
TEXT
  5
C32
330
17
100
AcDbEntity
  8
PUB_TEXT
100
AcDbText
 10
-2028717.170481859
 20
-1294658.91803319
 30
0.0
 40
297.5
  1
0.5%%%
 50
16.50341738931691
  7
_TCH_DIM
 41
0.7058823529411765
100
AcDbText
  0
LWPOLYLINE
  5
C33
330
17
100
AcDbEntity
  8
DIM_SYMB
100
AcDbPolyline
 90
3
 70
0
 10
-2027977.258509606
 20
-1294549.209687854
 10
-2028745.441322899
 20
-1294776.805642845
 40
0.0
 41
80.00000000000001
 10
-2028457.800484953
 20
-1294691.583883033
  0
TEXT
  5
C34
330
17
100
AcDbEntity
  8
PUB_TEXT
100
AcDbText
 10
-1995317.336391269
 20
-1295112.731001974
 30
0.0
 40
297.5
  1
0.5%%%
 50
21.57424608522796
  7
_TCH_DIM
 41
0.7058823529411765
100
AcDbText
  0
LWPOLYLINE
  5
C35
330
17
100
AcDbEntity
  8
DIM_SYMB
100
AcDbPolyline
 90
3
 70
0
 10
-1995272.327537399
 20
-1295207.844418839
 10
-1994652.766396169
 20
-1294962.864894806
 40
0.0
 41
80.00000000000001
 10
-1994931.748954314
 20
-1295073.17687172
  0
TEXT
  5
C36
330
17
100
AcDbEntity
  8
PUB_TEXT
100
AcDbText
 10
-1994888.443032516
 20
-1292695.286052191
 30
0.0
 40
297.5
  1
0.5%%%
 50
339.1311865544599
  7
_TCH_DIM
 41
0.7058823529411765
100
AcDbText
  0
LWPOLYLINE
  5
C37
330
17
100
AcDbEntity
  8
DIM_SYMB
100
AcDbPolyline
 90
3
 70
0
 10
-1994960.543490787
 20
-1292780.170277006
 10
-1994255.759771379
 20
-1293048.861541751
 40
0.0
 41
80.00000000000001
 10
-1994536.079324766
 20
-1292941.992706308
  0
LINE
  5
C38
330
17
100
AcDbEntity
  8
WALL
100
AcDbLine
 10
-2021208.665221174
 20
-1289025.933370169
 30
0.0
 11
-2019398.665221173
 21
-1289025.933370169
 31
0.0
  0
LINE
  5
C39
330
17
100
AcDbEntity
  8
WALL
100
AcDbLine
 10
-2021208.66522168
 20
-1289125.933370426
 30
0.0
 11
-2019398.665220703
 21
-1289125.933370426
 31
0.0
  0
LINE
  5
C3A
330
17
100
AcDbEntity
  8
WALL
100
AcDbLine
 10
-2021208.66522168
 20
-1289125.933370426
 30
0.0
 11
-2021208.66522168
 21
-1289525.933370426
 31
0.0
  0
LINE
  5
C3B
330
17
100
AcDbEntity
  8
WALL
100
AcDbLine
 10
-2021308.665221135
 20
-1289025.933370228
 30
0.0
 11
-2021308.66522168
 21
-1289525.933370361
 31
0.0
  0
LINE
  5
C3C
330
17
100
AcDbEntity
  8
STAIR
100
AcDbLine
 10
-2022828.665221136
 20
-1286055.933370228
 30
0.0
 11
-2022828.665221229
 21
-1285281.418304537
 31
0.0
  0
LINE
  5
C3D
330
17
100
AcDbEntity
  8
STAIR
100
AcDbLine
 10
-2022828.665221229
 20
-1285165.948250665
 30
0.0
 11
-2022828.665221136
 21
-1283195.933370228
 31
0.0
  0
LINE
  5
C3E
330
17
100
AcDbEntity
  8
STAIR
100
AcDbLine
 10
-2022828.665221136
 20
-1286055.933370228
 30
0.0
 11
-2021718.665221103
 21
-1286055.933370059
 31
0.0
  0
LINE
  5
C3F
330
17
100
AcDbEntity
  8
STAIR
100
AcDbLine
 10
-2022828.665221136
 20
-1285795.933370228
 30
0.0
 11
-2021718.665221103
 21
-1285795.933370059
 31
0.0
  0
LINE
  5
C40
330
17
100
AcDbEntity
  8
STAIR
100
AcDbLine
 10
-2022828.665221136
 20
-1285535.933370228
 30
0.0
 11
-2021718.665221103
 21
-1285535.933370059
 31
0.0
  0
LINE
  5
C41
330
17
100
AcDbEntity
  8
STAIR
100
AcDbLine
 10
-2022819.165036616
 20
-1285275.93337039
 30
0.0
 11
-2021718.665221103
 21
-1285275.933370059
 31
0.0
  0
LINE
  5
C42
330
17
100
AcDbEntity
  8
STAIR
100
AcDbLine
 10
-2022828.665221136
 20
-1285015.933370228
 30
0.0
 11
-2022568.831826939
 21
-1285015.93337036
 31
0.0
  0
LINE
  5
C43
330
17
100
AcDbEntity
  8
STAIR
100
AcDbLine
 10
-2022368.831826748
 20
-1285015.933370329
 30
0.0
 11
-2021718.665221103
 21
-1285015.933370059
 31
0.0
  0
LINE
  5
C44
330
17
100
AcDbEntity
  8
STAIR
100
AcDbLine
 10
-2022828.665221136
 20
-1284755.933370228
 30
0.0
 11
-2022118.498617157
 21
-1284755.933370299
 31
0.0
  0
LINE
  5
C45
330
17
100
AcDbEntity
  8
STAIR
100
AcDbLine
 10
-2021918.498615568
 20
-1284755.933370268
 30
0.0
 11
-2021718.665221103
 21
-1284755.933370059
 31
0.0
  0
LINE
  5
C46
330
17
100
AcDbEntity
  8
STAIR
100
AcDbLine
 10
-2022828.665221136
 20
-1284495.933370228
 30
0.0
 11
-2021718.665221103
 21
-1284495.933370059
 31
0.0
  0
LINE
  5
C47
330
17
100
AcDbEntity
  8
STAIR
100
AcDbLine
 10
-2022828.665221136
 20
-1284235.933370228
 30
0.0
 11
-2021718.665221103
 21
-1284235.933370059
 31
0.0
  0
LINE
  5
C48
330
17
100
AcDbEntity
  8
STAIR
100
AcDbLine
 10
-2022828.665221136
 20
-1283975.933370228
 30
0.0
 11
-2021718.665221103
 21
-1283975.933370059
 31
0.0
  0
LINE
  5
C49
330
17
100
AcDbEntity
  8
STAIR
100
AcDbLine
 10
-2022828.665221136
 20
-1283715.933370228
 30
0.0
 11
-2021718.665221103
 21
-1283715.933370059
 31
0.0
  0
LINE
  5
C4A
330
17
100
AcDbEntity
  8
STAIR
100
AcDbLine
 10
-2022828.665221136
 20
-1283455.933370228
 30
0.0
 11
-2021718.665221103
 21
-1283455.933370059
 31
0.0
  0
LINE
  5
C4B
330
17
100
AcDbEntity
  8
STAIR
100
AcDbLine
 10
-2022828.665221136
 20
-1283195.933370228
 30
0.0
 11
-2021718.665221103
 21
-1283195.933370059
 31
0.0
  0
LINE
  5
C4C
330
17
100
AcDbEntity
  8
STAIR
100
AcDbLine
 10
-2021658.665221136
 20
-1286055.933370228
 30
0.0
 11
-2021658.665221229
 21
-1284605.918490063
 31
0.0
  0
LINE
  5
C4D
330
17
100
AcDbEntity
  8
STAIR
100
AcDbLine
 10
-2021658.665221229
 20
-1284490.448435542
 30
0.0
 11
-2021658.665221136
 21
-1283195.933370228
 31
0.0
  0
LINE
  5
C4E
330
17
100
AcDbEntity
  8
STAIR
100
AcDbLine
 10
-2022828.665221229
 20
-1285165.948250942
 30
0.0
 11
-2022334.864205205
 21
-1284880.852101096
 31
0.0
  0
LINE
  5
C4F
330
17
100
AcDbEntity
  8
STAIR
100
AcDbLine
 10
-2022828.665221229
 20
-1285281.418304694
 30
0.0
 11
-2022308.06928594
 21
-1284980.852101179
 31
0.0
  0
LINE
  5
C50
330
17
100
AcDbEntity
  8
STAIR
100
AcDbLine
 10
-2022308.06928594
 20
-1284980.852101179
 30
0.0
 11
-2022354.250747115
 21
-1284808.500551321
 31
0.0
  0
LINE
  5
C51
330
17
100
AcDbEntity
  8
STAIR
100
AcDbLine
 10
-2022354.250747115
 20
-1284808.500551321
 30
0.0
 11
-2022148.205805676
 21
-1284981.392785688
 31
0.0
  0
LINE
  5
C52
330
17
100
AcDbEntity
  8
STAIR
100
AcDbLine
 10
-2022148.205805676
 20
-1284981.392785688
 30
0.0
 11
-2022196.543837854
 21
-1284800.992799755
 31
0.0
  0
LINE
  5
C53
330
17
100
AcDbEntity
  8
STAIR
100
AcDbLine
 10
-2022196.543837854
 20
-1284800.992799755
 30
0.0
 11
-2021658.665221229
 21
-1284490.448435848
 31
0.0
  0
LINE
  5
C54
330
17
100
AcDbEntity
  8
STAIR
100
AcDbLine
 10
-2022169.748918592
 20
-1284900.992799827
 30
0.0
 11
-2021658.665221229
 21
-1284605.918489499
 31
0.0
  0
LINE
  5
C55
330
17
100
AcDbEntity
  8
STAIR
100
AcDbLine
 10
-2020388.665221136
 20
-1285015.933370228
 30
0.0
 11
-2020388.665221136
 21
-1286055.933370228
 31
0.0
  0
LINE
  5
C56
330
17
100
AcDbEntity
  8
STAIR
100
AcDbLine
 10
-2020388.665221136
 20
-1285015.933370228
 30
0.0
 11
-2021498.665221103
 21
-1285015.933370059
 31
0.0
  0
LINE
  5
C57
330
17
100
AcDbEntity
  8
STAIR
100
AcDbLine
 10
-2020388.665221136
 20
-1285275.933370228
 30
0.0
 11
-2021498.665221103
 21
-1285275.933370059
 31
0.0
  0
LINE
  5
C58
330
17
100
AcDbEntity
  8
STAIR
100
AcDbLine
 10
-2020388.665221136
 20
-1285535.933370228
 30
0.0
 11
-2021498.665221103
 21
-1285535.933370059
 31
0.0
  0
LINE
  5
C59
330
17
100
AcDbEntity
  8
STAIR
100
AcDbLine
 10
-2020388.665221136
 20
-1285795.933370228
 30
0.0
 11
-2021498.665221103
 21
-1285795.933370059
 31
0.0
  0
LINE
  5
C5A
330
17
100
AcDbEntity
  8
STAIR
100
AcDbLine
 10
-2020388.665221136
 20
-1286055.933370228
 30
0.0
 11
-2021498.665221103
 21
-1286055.933370059
 31
0.0
  0
LINE
  5
C5B
330
17
100
AcDbEntity
  8
STAIR
100
AcDbLine
 10
-2021558.665221136
 20
-1285015.933370228
 30
0.0
 11
-2021558.665221136
 21
-1286055.933370228
 31
0.0
  0
LINE
  5
C5C
330
17
100
AcDbEntity
  8
STAIR
100
AcDbLine
 10
-2021498.665221165
 20
-1286115.933370972
 30
0.0
 11
-2021718.665221165
 21
-1286115.933370972
 31
0.0
  0
LINE
  5
C5D
330
17
100
AcDbEntity
  8
STAIR
100
AcDbLine
 10
-2021718.665221165
 20
-1286115.933370972
 30
0.0
 11
-2021718.665221103
 21
-1284640.559506151
 31
0.0
  0
LINE
  5
C5E
330
17
100
AcDbEntity
  8
STAIR
100
AcDbLine
 10
-2021718.665221103
 20
-1284525.0894516
 30
0.0
 11
-2021718.665221165
 21
-1283135.933370972
 31
0.0
  0
LINE
  5
C5F
330
17
100
AcDbEntity
  8
STAIR
100
AcDbLine
 10
-2021718.665221165
 20
-1283135.933370972
 30
0.0
 11
-2021498.665221165
 21
-1283135.933370972
 31
0.0
  0
LINE
  5
C60
330
17
100
AcDbEntity
  8
STAIR
100
AcDbLine
 10
-2021498.665221165
 20
-1283135.933370972
 30
0.0
 11
-2021498.665221165
 21
-1286115.933370972
 31
0.0
  0
LINE
  5
C61
330
17
100
AcDbEntity
  8
STAIR
100
AcDbLine
 10
-2021558.665220998
 20
-1286055.933370972
 30
0.0
 11
-2021658.665221165
 21
-1286055.933370972
 31
0.0
  0
LINE
  5
C62
330
17
100
AcDbEntity
  8
STAIR
100
AcDbLine
 10
-2021658.665221165
 20
-1286055.933370972
 30
0.0
 11
-2021658.6652212
 21
-1284605.918490046
 31
0.0
  0
LINE
  5
C63
330
17
100
AcDbEntity
  8
STAIR
100
AcDbLine
 10
-2021658.6652212
 20
-1284490.448435525
 30
0.0
 11
-2021658.665221165
 21
-1283195.93336792
 31
0.0
  0
LINE
  5
C64
330
17
100
AcDbEntity
  8
STAIR
100
AcDbLine
 10
-2021658.665221165
 20
-1283195.93336792
 30
0.0
 11
-2021558.665220998
 21
-1283195.93336792
 31
0.0
  0
LINE
  5
C65
330
17
100
AcDbEntity
  8
STAIR
100
AcDbLine
 10
-2021558.665220998
 20
-1283195.93336792
 30
0.0
 11
-2021558.665220998
 21
-1286055.933370972
 31
0.0
  0
LINE
  5
C66
330
17
100
AcDbEntity
  8
STAIR
100
AcDbLine
 10
-2020388.665221136
 20
-1285015.933370228
 30
0.0
 11
-2020388.665221136
 21
-1281305.933370228
 31
0.0
  0
LINE
  5
C67
330
17
100
AcDbEntity
  8
STAIR
100
AcDbLine
 10
-2020388.665221136
 20
-1281305.933370228
 30
0.0
 11
-2022828.665221136
 21
-1281305.933370228
 31
0.0
  0
LINE
  5
C68
330
17
100
AcDbEntity
  8
STAIR
100
AcDbLine
 10
-2022828.665221136
 20
-1281305.933370228
 30
0.0
 11
-2022828.665221136
 21
-1283195.933370228
 31
0.0
  0
LINE
  5
C69
330
17
100
AcDbEntity
  8
STAIR
100
AcDbLine
 10
-2022828.665221136
 20
-1283195.933370228
 30
0.0
 11
-2021718.665221103
 21
-1283195.933369987
 31
0.0
  0
LINE
  5
C6A
330
17
100
AcDbEntity
  8
STAIR
100
AcDbLine
 10
-2021498.665221103
 20
-1285015.933370059
 30
0.0
 11
-2020388.665221136
 21
-1285015.933370228
 31
0.0
  0
LINE
  5
C6B
330
17
100
AcDbEntity
  8
STAIR
100
AcDbLine
 10
-2021658.6652212
 20
-1283195.933369987
 30
0.0
 11
-2021558.665221136
 21
-1283195.933370228
 31
0.0
  0
LINE
  5
C6C
330
17
100
AcDbEntity
  8
STAIR
100
AcDbLine
 10
-2021558.665221136
 20
-1283195.933370228
 30
0.0
 11
-2021558.665221136
 21
-1285015.933370228
 31
0.0
  0
LINE
  5
C6D
330
17
100
AcDbEntity
  8
STAIR
100
AcDbLine
 10
-2021658.665221136
 20
-1286055.933370228
 30
0.0
 11
-2021558.665221136
 21
-1286055.933370228
 31
0.0
  0
LINE
  5
C6E
330
17
100
AcDbEntity
  8
WINDOW
100
AcDbLine
 10
-2045918.665221135
 20
-1291875.933370229
 30
0.0
 11
-2045918.665221135
 21
-1292965.933370229
 31
0.0
  0
LINE
  5
C6F
330
17
100
AcDbEntity
  8
WINDOW
100
AcDbLine
 10
-2046018.665220936
 20
-1291965.933370268
 30
0.0
 11
-2046018.665221135
 21
-1292965.933370229
 31
0.0
  0
LINE
  5
C70
330
17
100
AcDbEntity
  8
WINDOW
100
AcDbLine
 10
-2045918.665221135
 20
-1292965.933370229
 30
0.0
 11
-2046018.665221135
 21
-1292965.933370229
 31
0.0
  0
LINE
  5
C71
330
17
100
AcDbEntity
  8
WINDOW
100
AcDbLine
 10
-1996858.665221384
 20
-1291965.933369892
 30
0.0
 11
-1996858.665221135
 21
-1292965.933370229
 31
0.0
  0
LINE
  5
C72
330
17
100
AcDbEntity
  8
WINDOW
100
AcDbLine
 10
-1996958.665221135
 20
-1291875.933370229
 30
0.0
 11
-1996958.665221135
 21
-1292965.933370229
 31
0.0
  0
LINE
  5
C73
330
17
100
AcDbEntity
  8
WINDOW
100
AcDbLine
 10
-1996858.665221135
 20
-1292965.933370229
 30
0.0
 11
-1996958.665221135
 21
-1292965.933370229
 31
0.0
  0
LINE
  5
C74
330
17
100
AcDbEntity
  8
DIM_LEAD
100
AcDbLine
 10
-2045918.665221135
 20
-1292610.367480436
 30
0.0
 11
-2045918.665221135
 21
-1293035.58687076
 31
0.0
  0
LWPOLYLINE
  5
C75
330
17
100
AcDbEntity
  8
DIM_LEAD
100
AcDbPolyline
 90
2
 70
1
 43
40.0
 10
-2045918.665221135
 20
-1292590.367480436
 42
1.0
 10
-2045918.665221135
 20
-1292630.367480436
 42
1.0
  0
LINE
  5
C76
330
17
100
AcDbEntity
  8
DIM_LEAD
100
AcDbLine
 10
-2045918.665221135
 20
-1293035.58687076
 30
0.0
 11
-2044868.615265496
 21
-1293035.58687076
 31
0.0
  0
TEXT
  5
C77
330
17
100
AcDbEntity
  8
PUB_TEXT
100
AcDbText
 10
-2045809.008966284
 20
-1292945.58687076
 30
0.0
 40
300.0
  1
装饰柜用
  7
dly
 41
0.75
100
AcDbText
  0
TEXT
  5
C78
330
17
100
AcDbEntity
  8
PUB_TEXT
100
AcDbText
 10
-2045587.55227337
 20
-1293425.58687076
 30
0.0
 40
300.0
  1
户自理
  7
dly
 41
0.75
100
AcDbText
  0
LINE
  5
C79
330
17
100
AcDbEntity
  8
DIM_LEAD
100
AcDbLine
 10
-1996868.665221135
 20
-1292737.129241332
 30
0.0
 11
-1996868.665221135
 21
-1293162.348631655
 31
0.0
  0
LWPOLYLINE
  5
C7A
330
17
100
AcDbEntity
  8
DIM_LEAD
100
AcDbPolyline
 90
2
 70
1
 43
40.0
 10
-1996868.665221135
 20
-1292717.129241332
 42
1.0
 10
-1996868.665221135
 20
-1292757.129241332
 42
1.0
  0
LINE
  5
C7B
330
17
100
AcDbEntity
  8
DIM_LEAD
100
AcDbLine
 10
-1996868.665221135
 20
-1293162.348631655
 30
0.0
 11
-1995818.615265496
 21
-1293162.348631655
 31
0.0
  0
TEXT
  5
C7C
330
17
100
AcDbEntity
  8
PUB_TEXT
100
AcDbText
 10
-1996759.008966284
 20
-1293072.348631655
 30
0.0
 40
300.0
  1
装饰柜用
  7
dly
 41
0.75
100
AcDbText
  0
TEXT
  5
C7D
330
17
100
AcDbEntity
  8
PUB_TEXT
100
AcDbText
 10
-1996537.55227337
 20
-1293552.348631655
 30
0.0
 40
300.0
  1
户自理
  7
dly
 41
0.75
100
AcDbText
  0
TEXT
  5
C7E
330
17
100
AcDbEntity
  8
PUB_TEXT
100
AcDbText
 10
-2026014.687425342
 20
-1308525.834358502
 30
0.0
 40
379.746835443038
  1
本层建筑面积
  7
-宋体
 41
0.8
100
AcDbText
  0
TEXT
  5
C7F
330
17
100
AcDbEntity
  8
PUB_TEXT
100
AcDbText
 10
-2023422.282362051
 20
-1308525.834358502
 30
0.0
 40
379.746835443038
  1
699.38m
  7
-宋体
 41
0.8
100
AcDbText
  0
TEXT
  5
C80
330
17
100
AcDbEntity
  8
PUB_TEXT
100
AcDbText
 10
-2021910.046075131
 20
-1308275.834358502
 30
0.0
 40
189.873417721519
  1
2
  7
-宋体
 41
0.8
100
AcDbText
  0
LINE
  5
C81
330
17
100
AcDbEntity
  8
AXIS
100
AcDbLine
 10
-2049108.665221135
 20
-1302272.045958628
 30
0.0
 11
-2049108.665221135
 21
-1305024.764703715
 31
0.0
  0
INSERT
  5
C82
330
17
100
AcDbEntity
  8
AXIS
100
AcDbBlockReference
 66
1
  2
_AXISO
 10
-2049108.665221135
 20
-1305424.764703715
 30
0.0
 41
800.0
 42
800.0
 43
800.0
  0
ATTRIB
  5
C83
330
C82
100
AcDbEntity
  8
AXIS_TEXT
100
AcDbText
 10
-2049234.71939668
 20
-1305718.891113321
 30
0.0
 40
588.252819211557
  1
1
  7
_TCH_AXIS
 41
0.999999999999167
 72
5
 11
-2048982.611045589
 21
-1305718.891113321
 31
0.0
100
AcDbAttribute
  2
A
 70
0
  0
SEQEND
  5
C84
330
C82
100
AcDbEntity
  8
AXIS
  0
LINE
  5
C85
330
17
100
AcDbEntity
  8
AXIS
100
AcDbLine
 10
-2049108.665221134
 20
-1281023.450920454
 30
0.0
 11
-2049108.665221134
 21
-1277023.450920454
 31
0.0
  0
INSERT
  5
C86
330
17
100
AcDbEntity
  8
AXIS
100
AcDbBlockReference
 66
1
  2
_AXISO
 10
-2049108.665221134
 20
-1276623.450920454
 30
0.0
 41
800.0
 42
800.0
 43
800.0
  0
ATTRIB
  5
C87
330
C86
100
AcDbEntity
  8
AXIS_TEXT
100
AcDbText
 10
-2049234.719396679
 20
-1276917.577330059
 30
0.0
 40
588.252819211557
  1
1
  7
_TCH_AXIS
 41
0.999999999999167
 72
5
 11
-2048982.611045589
 21
-1276917.577330059
 31
0.0
100
AcDbAttribute
  2
A
 70
0
  0
SEQEND
  5
C88
330
C86
100
AcDbEntity
  8
AXIS
  0
LINE
  5
C89
330
17
100
AcDbEntity
  8
AXIS
100
AcDbLine
 10
-2047308.665221134
 20
-1281023.450920454
 30
0.0
 11
-2047308.665221134
 21
-1277023.450920454
 31
0.0
  0
INSERT
  5
C8A
330
17
100
AcDbEntity
  8
AXIS
100
AcDbBlockReference
 66
1
  2
_AXISO
 10
-2047308.665221134
 20
-1276623.450920454
 30
0.0
 41
800.0
 42
800.0
 43
800.0
  0
ATTRIB
  5
C8B
330
C8A
100
AcDbEntity
  8
AXIS_TEXT
100
AcDbText
 10
-2047486.169283926
 20
-1276889.707014642
 30
0.0
 40
532.5121883762199
  1
2
  7
_TCH_AXIS
 41
0.9999999999998881
 72
5
 11
-2047131.161158342
 21
-1276889.707014642
 31
0.0
100
AcDbAttribute
  2
A
 70
0
  0
SEQEND
  5
C8C
330
C8A
100
AcDbEntity
  8
AXIS
  0
LINE
  5
C8D
330
17
100
AcDbEntity
  8
AXIS
100
AcDbLine
 10
-2046008.665221135
 20
-1302272.045958628
 30
0.0
 11
-2046008.665221135
 21
-1305024.764703715
 31
0.0
  0
INSERT
  5
C8E
330
17
100
AcDbEntity
  8
AXIS
100
AcDbBlockReference
 66
1
  2
_AXISO
 10
-2046008.665221135
 20
-1305424.764703715
 30
0.0
 41
800.0
 42
800.0
 43
800.0
  0
ATTRIB
  5
C8F
330
C8E
100
AcDbEntity
  8
AXIS_TEXT
100
AcDbText
 10
-2046186.169283927
 20
-1305691.020797904
 30
0.0
 40
532.5121883762199
  1
3
  7
_TCH_AXIS
 41
0.9999999999998881
 72
5
 11
-2045831.161158343
 21
-1305691.020797904
 31
0.0
100
AcDbAttribute
  2
A
 70
0
  0
SEQEND
  5
C90
330
C8E
100
AcDbEntity
  8
AXIS
  0
LINE
  5
C91
330
17
100
AcDbEntity
  8
AXIS
100
AcDbLine
 10
-2046008.665221134
 20
-1281023.450920454
 30
0.0
 11
-2046008.665221134
 21
-1277023.450920454
 31
0.0
  0
INSERT
  5
C92
330
17
100
AcDbEntity
  8
AXIS
100
AcDbBlockReference
 66
1
  2
_AXISO
 10
-2046008.665221134
 20
-1276623.450920454
 30
0.0
 41
800.0
 42
800.0
 43
800.0
  0
ATTRIB
  5
C93
330
C92
100
AcDbEntity
  8
AXIS_TEXT
100
AcDbText
 10
-2046186.169283926
 20
-1276889.707014642
 30
0.0
 40
532.5121883762199
  1
3
  7
_TCH_AXIS
 41
0.9999999999998881
 72
5
 11
-2045831.161158342
 21
-1276889.707014642
 31
0.0
100
AcDbAttribute
  2
A
 70
0
  0
SEQEND
  5
C94
330
C92
100
AcDbEntity
  8
AXIS
  0
LINE
  5
C95
330
17
100
AcDbEntity
  8
AXIS
100
AcDbLine
 10
-2043058.665221135
 20
-1281023.450920454
 30
0.0
 11
-2043058.665221135
 21
-1277023.450920454
 31
0.0
  0
LINE
  5
C96
330
17
100
AcDbEntity
  8
AXIS
100
AcDbLine
 10
-2043175.82250866
 20
-1276906.293632928
 30
0.0
 11
-2043058.665221135
 21
-1277023.450920454
 31
0.0
  0
INSERT
  5
C97
330
17
100
AcDbEntity
  8
AXIS
100
AcDbBlockReference
 66
1
  2
_AXISO
 10
-2043458.665221135
 20
-1276623.450920454
 30
0.0
 41
800.0
 42
800.0
 43
800.0
  0
ATTRIB
  5
C98
330
C97
100
AcDbEntity
  8
AXIS_TEXT
100
AcDbText
 10
-2043652.599050019
 20
-1276877.989070864
 30
0.0
 40
509.0763008207991
  1
4
  7
_TCH_AXIS
 41
0.9999999999996043
 72
5
 11
-2043264.731392251
 21
-1276877.989070864
 31
0.0
100
AcDbAttribute
  2
A
 70
0
  0
SEQEND
  5
C99
330
C97
100
AcDbEntity
  8
AXIS
  0
LINE
  5
C9A
330
17
100
AcDbEntity
  8
AXIS
100
AcDbLine
 10
-2042658.665221134
 20
-1281023.450920454
 30
0.0
 11
-2042658.665221134
 21
-1277023.450920454
 31
0.0
  0
LINE
  5
C9B
330
17
100
AcDbEntity
  8
AXIS
100
AcDbLine
 10
-2042541.507933609
 20
-1276906.293632928
 30
0.0
 11
-2042658.665221134
 21
-1277023.450920454
 31
0.0
  0
INSERT
  5
C9C
330
17
100
AcDbEntity
  8
AXIS
100
AcDbBlockReference
 66
1
  2
_AXISO
 10
-2042258.665221134
 20
-1276623.450920454
 30
0.0
 41
800.0
 42
800.0
 43
800.0
  0
ATTRIB
  5
C9D
330
C9C
100
AcDbEntity
  8
AXIS_TEXT
100
AcDbText
 10
-2042436.169283926
 20
-1276889.707014642
 30
0.0
 40
532.5121883762199
  1
5
  7
_TCH_AXIS
 41
0.9999999999998881
 72
5
 11
-2042081.161158342
 21
-1276889.707014642
 31
0.0
100
AcDbAttribute
  2
A
 70
0
  0
SEQEND
  5
C9E
330
C9C
100
AcDbEntity
  8
AXIS
  0
LINE
  5
C9F
330
17
100
AcDbEntity
  8
AXIS
100
AcDbLine
 10
-2042108.665221135
 20
-1302272.045958628
 30
0.0
 11
-2042108.665221135
 21
-1305024.764703716
 31
0.0
  0
INSERT
  5
CA0
330
17
100
AcDbEntity
  8
AXIS
100
AcDbBlockReference
 66
1
  2
_AXISO
 10
-2042108.665221135
 20
-1305424.764703716
 30
0.0
 41
800.0
 42
800.0
 43
800.0
  0
ATTRIB
  5
CA1
330
CA0
100
AcDbEntity
  8
AXIS_TEXT
100
AcDbText
 10
-2042286.169283927
 20
-1305691.020797904
 30
0.0
 40
532.51218837622
  1
6
  7
_TCH_AXIS
 41
0.9999999999998881
 72
5
 11
-2041931.161158343
 21
-1305691.020797904
 31
0.0
100
AcDbAttribute
  2
A
 70
0
  0
SEQEND
  5
CA2
330
CA0
100
AcDbEntity
  8
AXIS
  0
LINE
  5
CA3
330
17
100
AcDbEntity
  8
AXIS
100
AcDbLine
 10
-2040808.665221135
 20
-1302272.045958628
 30
0.0
 11
-2040808.665221135
 21
-1305024.764703716
 31
0.0
  0
INSERT
  5
CA4
330
17
100
AcDbEntity
  8
AXIS
100
AcDbBlockReference
 66
1
  2
_AXISO
 10
-2040808.665221135
 20
-1305424.764703716
 30
0.0
 41
800.0
 42
800.0
 43
800.0
  0
ATTRIB
  5
CA5
330
CA4
100
AcDbEntity
  8
AXIS_TEXT
100
AcDbText
 10
-2040986.169283927
 20
-1305691.020797904
 30
0.0
 40
532.5121883762199
  1
7
  7
_TCH_AXIS
 41
0.9999999999998881
 72
5
 11
-2040631.161158343
 21
-1305691.020797904
 31
0.0
100
AcDbAttribute
  2
A
 70
0
  0
SEQEND
  5
CA6
330
CA4
100
AcDbEntity
  8
AXIS
  0
LINE
  5
CA7
330
17
100
AcDbEntity
  8
AXIS
100
AcDbLine
 10
-2040358.665221134
 20
-1281023.450920454
 30
0.0
 11
-2040358.665221134
 21
-1277023.450920454
 31
0.0
  0
INSERT
  5
CA8
330
17
100
AcDbEntity
  8
AXIS
100
AcDbBlockReference
 66
1
  2
_AXISO
 10
-2040358.665221134
 20
-1276623.450920454
 30
0.0
 41
800.0
 42
800.0
 43
800.0
  0
ATTRIB
  5
CA9
330
CA8
100
AcDbEntity
  8
AXIS_TEXT
100
AcDbText
 10
-2040536.169283926
 20
-1276889.707014642
 30
0.0
 40
532.5121883762199
  1
8
  7
_TCH_AXIS
 41
0.9999999999998879
 72
5
 11
-2040181.161158342
 21
-1276889.707014642
 31
0.0
100
AcDbAttribute
  2
A
 70
0
  0
SEQEND
  5
CAA
330
CA8
100
AcDbEntity
  8
AXIS
  0
LINE
  5
CAB
330
17
100
AcDbEntity
  8
AXIS
100
AcDbLine
 10
-2039208.665221135
 20
-1302272.045958628
 30
0.0
 11
-2039208.665221135
 21
-1305024.764703716
 31
0.0
  0
INSERT
  5
CAC
330
17
100
AcDbEntity
  8
AXIS
100
AcDbBlockReference
 66
1
  2
_AXISO
 10
-2039208.665221135
 20
-1305424.764703716
 30
0.0
 41
800.0
 42
800.0
 43
800.0
  0
ATTRIB
  5
CAD
330
CAC
100
AcDbEntity
  8
AXIS_TEXT
100
AcDbText
 10
-2039386.169283927
 20
-1305691.020797904
 30
0.0
 40
532.51218837622
  1
9
  7
_TCH_AXIS
 41
0.9999999999998881
 72
5
 11
-2039031.161158343
 21
-1305691.020797904
 31
0.0
100
AcDbAttribute
  2
A
 70
0
  0
SEQEND
  5
CAE
330
CAC
100
AcDbEntity
  8
AXIS
  0
LINE
  5
CAF
330
17
100
AcDbEntity
  8
AXIS
100
AcDbLine
 10
-2037758.665221134
 20
-1281023.450920454
 30
0.0
 11
-2037758.665221134
 21
-1277023.450920454
 31
0.0
  0
INSERT
  5
CB0
330
17
100
AcDbEntity
  8
AXIS
100
AcDbBlockReference
 66
1
  2
_AXISO
 10
-2037758.665221134
 20
-1276623.450920454
 30
0.0
 41
800.0
 42
800.0
 43
800.0
  0
ATTRIB
  5
CB1
330
CB0
100
AcDbEntity
  8
AXIS_TEXT
100
AcDbText
 10
-2038017.846700028
 20
-1276811.134060342
 30
0.0
 40
375.3662797771794
  1
10
  7
_TCH_AXIS
 41
1.000000000000321
 72
5
 11
-2037499.48374224
 21
-1276811.134060342
 31
0.0
100
AcDbAttribute
  2
A
 70
0
  0
SEQEND
  5
CB2
330
CB0
100
AcDbEntity
  8
AXIS
  0
LINE
  5
CB3
330
17
100
AcDbEntity
  8
AXIS
100
AcDbLine
 10
-2037608.665221135
 20
-1302272.045958628
 30
0.0
 11
-2037608.665221135
 21
-1305024.764703716
 31
0.0
  0
INSERT
  5
CB4
330
17
100
AcDbEntity
  8
AXIS
100
AcDbBlockReference
 66
1
  2
_AXISO
 10
-2037608.665221135
 20
-1305424.764703716
 30
0.0
 41
800.0
 42
800.0
 43
800.0
  0
ATTRIB
  5
CB5
330
CB4
100
AcDbEntity
  8
AXIS_TEXT
100
AcDbText
 10
-2037849.489763441
 20
-1305635.486178233
 30
0.0
 40
421.4429490358517
  1
11
  7
_TCH_AXIS
 41
0.9999999999997086
 72
5
 11
-2037367.840678829
 21
-1305635.486178233
 31
0.0
100
AcDbAttribute
  2
A
 70
0
  0
SEQEND
  5
CB6
330
CB4
100
AcDbEntity
  8
AXIS
  0
LINE
  5
CB7
330
17
100
AcDbEntity
  8
AXIS
100
AcDbLine
 10
-2036958.665221134
 20
-1281023.450920454
 30
0.0
 11
-2036958.665221134
 21
-1277023.450920454
 31
0.0
  0
INSERT
  5
CB8
330
17
100
AcDbEntity
  8
AXIS
100
AcDbBlockReference
 66
1
  2
_AXISO
 10
-2036958.665221134
 20
-1276623.450920454
 30
0.0
 41
800.0
 42
800.0
 43
800.0
  0
ATTRIB
  5
CB9
330
CB8
100
AcDbEntity
  8
AXIS_TEXT
100
AcDbText
 10
-2037217.846700028
 20
-1276811.134060342
 30
0.0
 40
375.3662797771793
  1
12
  7
_TCH_AXIS
 41
1.000000000000321
 72
5
 11
-2036699.48374224
 21
-1276811.134060342
 31
0.0
100
AcDbAttribute
  2
A
 70
0
  0
SEQEND
  5
CBA
330
CB8
100
AcDbEntity
  8
AXIS
  0
LINE
  5
CBB
330
17
100
AcDbEntity
  8
AXIS
100
AcDbLine
 10
-2036308.665221135
 20
-1302272.045958628
 30
0.0
 11
-2036308.665221135
 21
-1305024.764703716
 31
0.0
  0
INSERT
  5
CBC
330
17
100
AcDbEntity
  8
AXIS
100
AcDbBlockReference
 66
1
  2
_AXISO
 10
-2036308.665221135
 20
-1305424.764703716
 30
0.0
 41
800.0
 42
800.0
 43
800.0
  0
ATTRIB
  5
CBD
330
CBC
100
AcDbEntity
  8
AXIS_TEXT
100
AcDbText
 10
-2036567.846700029
 20
-1305612.447843604
 30
0.0
 40
375.3662797771794
  1
13
  7
_TCH_AXIS
 41
1.000000000000321
 72
5
 11
-2036049.483742241
 21
-1305612.447843604
 31
0.0
100
AcDbAttribute
  2
A
 70
0
  0
SEQEND
  5
CBE
330
CBC
100
AcDbEntity
  8
AXIS
  0
LINE
  5
CBF
330
17
100
AcDbEntity
  8
AXIS
100
AcDbLine
 10
-2033708.665221134
 20
-1281023.450920454
 30
0.0
 11
-2033708.665221134
 21
-1277023.450920454
 31
0.0
  0
INSERT
  5
CC0
330
17
100
AcDbEntity
  8
AXIS
100
AcDbBlockReference
 66
1
  2
_AXISO
 10
-2033708.665221134
 20
-1276623.450920454
 30
0.0
 41
800.0
 42
800.0
 43
800.0
  0
ATTRIB
  5
CC1
330
CC0
100
AcDbEntity
  8
AXIS_TEXT
100
AcDbText
 10
-2033973.599202091
 20
-1276802.922326908
 30
0.0
 40
358.9428129084898
  1
14
  7
_TCH_AXIS
 41
0.9999999999997801
 72
5
 11
-2033443.731240178
 21
-1276802.922326908
 31
0.0
100
AcDbAttribute
  2
A
 70
0
  0
SEQEND
  5
CC2
330
CC0
100
AcDbEntity
  8
AXIS
  0
LINE
  5
CC3
330
17
100
AcDbEntity
  8
AXIS
100
AcDbLine
 10
-2032408.665221135
 20
-1302272.045958628
 30
0.0
 11
-2032408.665221135
 21
-1305024.764703716
 31
0.0
  0
INSERT
  5
CC4
330
17
100
AcDbEntity
  8
AXIS
100
AcDbBlockReference
 66
1
  2
_AXISO
 10
-2032408.665221135
 20
-1305424.764703716
 30
0.0
 41
800.0
 42
800.0
 43
800.0
  0
ATTRIB
  5
CC5
330
CC4
100
AcDbEntity
  8
AXIS_TEXT
100
AcDbText
 10
-2032667.846700029
 20
-1305612.447843604
 30
0.0
 40
375.3662797771795
  1
15
  7
_TCH_AXIS
 41
1.000000000000321
 72
5
 11
-2032149.483742241
 21
-1305612.447843604
 31
0.0
100
AcDbAttribute
  2
A
 70
0
  0
SEQEND
  5
CC6
330
CC4
100
AcDbEntity
  8
AXIS
  0
LINE
  5
CC7
330
17
100
AcDbEntity
  8
AXIS
100
AcDbLine
 10
-2030608.665221134
 20
-1281023.450920454
 30
0.0
 11
-2030608.665221134
 21
-1277023.450920454
 31
0.0
  0
INSERT
  5
CC8
330
17
100
AcDbEntity
  8
AXIS
100
AcDbBlockReference
 66
1
  2
_AXISO
 10
-2030608.665221134
 20
-1276623.450920454
 30
0.0
 41
800.0
 42
800.0
 43
800.0
  0
ATTRIB
  5
CC9
330
CC8
100
AcDbEntity
  8
AXIS_TEXT
100
AcDbText
 10
-2030867.846700028
 20
-1276811.134060343
 30
0.0
 40
375.3662797771794
  1
16
  7
_TCH_AXIS
 41
1.000000000000321
 72
5
 11
-2030349.48374224
 21
-1276811.134060343
 31
0.0
100
AcDbAttribute
  2
A
 70
0
  0
SEQEND
  5
CCA
330
CC8
100
AcDbEntity
  8
AXIS
  0
LINE
  5
CCB
330
17
100
AcDbEntity
  8
AXIS
100
AcDbLine
 10
-2029308.665221135
 20
-1302272.045958628
 30
0.0
 11
-2029308.665221135
 21
-1305024.764703716
 31
0.0
  0
INSERT
  5
CCC
330
17
100
AcDbEntity
  8
AXIS
100
AcDbBlockReference
 66
1
  2
_AXISO
 10
-2029308.665221135
 20
-1305424.764703716
 30
0.0
 41
800.0
 42
800.0
 43
800.0
  0
ATTRIB
  5
CCD
330
CCC
100
AcDbEntity
  8
AXIS_TEXT
100
AcDbText
 10
-2029567.846700029
 20
-1305612.447843604
 30
0.0
 40
375.3662797771794
  1
17
  7
_TCH_AXIS
 41
1.000000000000321
 72
5
 11
-2029049.483742241
 21
-1305612.447843604
 31
0.0
100
AcDbAttribute
  2
A
 70
0
  0
SEQEND
  5
CCE
330
CCC
100
AcDbEntity
  8
AXIS
  0
LINE
  5
CCF
330
17
100
AcDbEntity
  8
AXIS
100
AcDbLine
 10
-2029308.665221134
 20
-1281023.450920454
 30
0.0
 11
-2029308.665221134
 21
-1277023.450920454
 31
0.0
  0
INSERT
  5
CD0
330
17
100
AcDbEntity
  8
AXIS
100
AcDbBlockReference
 66
1
  2
_AXISO
 10
-2029308.665221134
 20
-1276623.450920454
 30
0.0
 41
800.0
 42
800.0
 43
800.0
  0
ATTRIB
  5
CD1
330
CD0
100
AcDbEntity
  8
AXIS_TEXT
100
AcDbText
 10
-2029567.846700028
 20
-1276811.134060343
 30
0.0
 40
375.3662797771794
  1
17
  7
_TCH_AXIS
 41
1.000000000000321
 72
5
 11
-2029049.48374224
 21
-1276811.134060343
 31
0.0
100
AcDbAttribute
  2
A
 70
0
  0
SEQEND
  5
CD2
330
CD0
100
AcDbEntity
  8
AXIS
  0
LINE
  5
CD3
330
17
100
AcDbEntity
  8
AXIS
100
AcDbLine
 10
-2028508.665221134
 20
-1281023.450920454
 30
0.0
 11
-2028508.665221134
 21
-1277023.450920454
 31
0.0
  0
INSERT
  5
CD4
330
17
100
AcDbEntity
  8
AXIS
100
AcDbBlockReference
 66
1
  2
_AXISO
 10
-2028508.665221134
 20
-1276623.450920454
 30
0.0
 41
800.0
 42
800.0
 43
800.0
  0
ATTRIB
  5
CD5
330
CD4
100
AcDbEntity
  8
AXIS_TEXT
100
AcDbText
 10
-2028767.846700028
 20
-1276811.134060343
 30
0.0
 40
375.3662797771794
  1
18
  7
_TCH_AXIS
 41
1.000000000000321
 72
5
 11
-2028249.48374224
 21
-1276811.134060343
 31
0.0
100
AcDbAttribute
  2
A
 70
0
  0
SEQEND
  5
CD6
330
CD4
100
AcDbEntity
  8
AXIS
  0
LINE
  5
CD7
330
17
100
AcDbEntity
  8
AXIS
100
AcDbLine
 10
-2027108.665221135
 20
-1302272.045958628
 30
0.0
 11
-2027108.665221135
 21
-1305024.764703716
 31
0.0
  0
INSERT
  5
CD8
330
17
100
AcDbEntity
  8
AXIS
100
AcDbBlockReference
 66
1
  2
_AXISO
 10
-2027108.665221135
 20
-1305424.764703716
 30
0.0
 41
800.0
 42
800.0
 43
800.0
  0
ATTRIB
  5
CD9
330
CD8
100
AcDbEntity
  8
AXIS_TEXT
100
AcDbText
 10
-2027367.846700029
 20
-1305612.447843604
 30
0.0
 40
375.3662797771795
  1
19
  7
_TCH_AXIS
 41
1.000000000000321
 72
5
 11
-2026849.483742241
 21
-1305612.447843604
 31
0.0
100
AcDbAttribute
  2
A
 70
0
  0
SEQEND
  5
CDA
330
CD8
100
AcDbEntity
  8
AXIS
  0
LINE
  5
CDB
330
17
100
AcDbEntity
  8
AXIS
100
AcDbLine
 10
-2026008.665221134
 20
-1281023.450920454
 30
0.0
 11
-2026008.665221134
 21
-1277023.450920454
 31
0.0
  0
INSERT
  5
CDC
330
17
100
AcDbEntity
  8
AXIS
100
AcDbBlockReference
 66
1
  2
_AXISO
 10
-2026008.665221134
 20
-1276623.450920454
 30
0.0
 41
800.0
 42
800.0
 43
800.0
  0
ATTRIB
  5
CDD
330
CDC
100
AcDbEntity
  8
AXIS_TEXT
100
AcDbText
 10
-2026280.920580289
 20
-1276791.608642285
 30
0.0
 40
336.3154436620261
  1
20
  7
_TCH_AXIS
 41
0.9999999999997043
 72
5
 11
-2025736.409861979
 21
-1276791.608642285
 31
0.0
100
AcDbAttribute
  2
A
 70
0
  0
SEQEND
  5
CDE
330
CDC
100
AcDbEntity
  8
AXIS
  0
LINE
  5
CDF
330
17
100
AcDbEntity
  8
AXIS
100
AcDbLine
 10
-2025808.665221135
 20
-1302272.045958628
 30
0.0
 11
-2025808.665221135
 21
-1305024.764703716
 31
0.0
  0
INSERT
  5
CE0
330
17
100
AcDbEntity
  8
AXIS
100
AcDbBlockReference
 66
1
  2
_AXISO
 10
-2025808.665221135
 20
-1305424.764703716
 30
0.0
 41
800.0
 42
800.0
 43
800.0
  0
ATTRIB
  5
CE1
330
CE0
100
AcDbEntity
  8
AXIS_TEXT
100
AcDbText
 10
-2026067.846700029
 20
-1305612.447843604
 30
0.0
 40
375.3662797771794
  1
21
  7
_TCH_AXIS
 41
1.000000000000321
 72
5
 11
-2025549.483742241
 21
-1305612.447843604
 31
0.0
100
AcDbAttribute
  2
A
 70
0
  0
SEQEND
  5
CE2
330
CE0
100
AcDbEntity
  8
AXIS
  0
LINE
  5
CE3
330
17
100
AcDbEntity
  8
AXIS
100
AcDbLine
 10
-2023908.665221133
 20
-1302272.045958628
 30
0.0
 11
-2023908.665221133
 21
-1305024.764703716
 31
0.0
  0
INSERT
  5
CE4
330
17
100
AcDbEntity
  8
AXIS
100
AcDbBlockReference
 66
1
  2
_AXISO
 10
-2023908.665221133
 20
-1305424.764703716
 30
0.0
 41
800.0
 42
800.0
 43
800.0
  0
ATTRIB
  5
CE5
330
CE4
100
AcDbEntity
  8
AXIS_TEXT
100
AcDbText
 10
-2024180.920580288
 20
-1305592.922425547
 30
0.0
 40
336.315443662026
  1
22
  7
_TCH_AXIS
 41
0.9999999999997046
 72
5
 11
-2023636.409861979
 21
-1305592.922425547
 31
0.0
100
AcDbAttribute
  2
A
 70
0
  0
SEQEND
  5
CE6
330
CE4
100
AcDbEntity
  8
AXIS
  0
LINE
  5
CE7
330
17
100
AcDbEntity
  8
AXIS
100
AcDbLine
 10
-2023908.665221133
 20
-1281023.450920454
 30
0.0
 11
-2023908.665221133
 21
-1277023.450920454
 31
0.0
  0
INSERT
  5
CE8
330
17
100
AcDbEntity
  8
AXIS
100
AcDbBlockReference
 66
1
  2
_AXISO
 10
-2023908.665221133
 20
-1276623.450920454
 30
0.0
 41
800.0
 42
800.0
 43
800.0
  0
ATTRIB
  5
CE9
330
CE8
100
AcDbEntity
  8
AXIS_TEXT
100
AcDbText
 10
-2024180.920580288
 20
-1276791.608642285
 30
0.0
 40
336.315443662026
  1
22
  7
_TCH_AXIS
 41
0.9999999999997046
 72
5
 11
-2023636.409861978
 21
-1276791.608642285
 31
0.0
100
AcDbAttribute
  2
A
 70
0
  0
SEQEND
  5
CEA
330
CE8
100
AcDbEntity
  8
AXIS
  0
LINE
  5
CEB
330
17
100
AcDbEntity
  8
AXIS
100
AcDbLine
 10
-2022908.665221135
 20
-1281023.450920454
 30
0.0
 11
-2022908.665221135
 21
-1277023.450920454
 31
0.0
  0
INSERT
  5
CEC
330
17
100
AcDbEntity
  8
AXIS
100
AcDbBlockReference
 66
1
  2
_AXISO
 10
-2022908.665221135
 20
-1276623.450920454
 30
0.0
 41
800.0
 42
800.0
 43
800.0
  0
ATTRIB
  5
CED
330
CEC
100
AcDbEntity
  8
AXIS_TEXT
100
AcDbText
 10
-2023180.92058029
 20
-1276791.608642285
 30
0.0
 40
336.3154436620261
  1
23
  7
_TCH_AXIS
 41
0.9999999999997043
 72
5
 11
-2022636.40986198
 21
-1276791.608642285
 31
0.0
100
AcDbAttribute
  2
A
 70
0
  0
SEQEND
  5
CEE
330
CEC
100
AcDbEntity
  8
AXIS
  0
LINE
  5
CEF
330
17
100
AcDbEntity
  8
AXIS
100
AcDbLine
 10
-2021608.665221134
 20
-1302272.045958628
 30
0.0
 11
-2021608.665221134
 21
-1305024.764703716
 31
0.0
  0
INSERT
  5
CF0
330
17
100
AcDbEntity
  8
AXIS
100
AcDbBlockReference
 66
1
  2
_AXISO
 10
-2021608.665221134
 20
-1305424.764703716
 30
0.0
 41
800.0
 42
800.0
 43
800.0
  0
ATTRIB
  5
CF1
330
CF0
100
AcDbEntity
  8
AXIS_TEXT
100
AcDbText
 10
-2021885.074469422
 20
-1305586.003431884
 30
0.0
 40
322.4774563354152
  1
24
  7
_TCH_AXIS
 41
1.00000000000021
 72
5
 11
-2021332.255972847
 21
-1305586.003431884
 31
0.0
100
AcDbAttribute
  2
A
 70
0
  0
SEQEND
  5
CF2
330
CF0
100
AcDbEntity
  8
AXIS
  0
LINE
  5
CF3
330
17
100
AcDbEntity
  8
AXIS
100
AcDbLine
 10
-2020308.665221134
 20
-1281023.450920454
 30
0.0
 11
-2020308.665221134
 21
-1277023.450920454
 31
0.0
  0
INSERT
  5
CF4
330
17
100
AcDbEntity
  8
AXIS
100
AcDbBlockReference
 66
1
  2
_AXISO
 10
-2020308.665221134
 20
-1276623.450920454
 30
0.0
 41
800.0
 42
800.0
 43
800.0
  0
ATTRIB
  5
CF5
330
CF4
100
AcDbEntity
  8
AXIS_TEXT
100
AcDbText
 10
-2020580.920580289
 20
-1276791.608642285
 30
0.0
 40
336.3154436620262
  1
25
  7
_TCH_AXIS
 41
0.9999999999997046
 72
5
 11
-2020036.409861979
 21
-1276791.608642285
 31
0.0
100
AcDbAttribute
  2
A
 70
0
  0
SEQEND
  5
CF6
330
CF4
100
AcDbEntity
  8
AXIS
  0
LINE
  5
CF7
330
17
100
AcDbEntity
  8
AXIS
100
AcDbLine
 10
-2019308.665221133
 20
-1302272.045958628
 30
0.0
 11
-2019308.665221133
 21
-1305024.764703716
 31
0.0
  0
INSERT
  5
CF8
330
17
100
AcDbEntity
  8
AXIS
100
AcDbBlockReference
 66
1
  2
_AXISO
 10
-2019308.665221133
 20
-1305424.764703716
 30
0.0
 41
800.0
 42
800.0
 43
800.0
  0
ATTRIB
  5
CF9
330
CF8
100
AcDbEntity
  8
AXIS_TEXT
100
AcDbText
 10
-2019580.920580288
 20
-1305592.922425547
 30
0.0
 40
336.3154436620262
  1
26
  7
_TCH_AXIS
 41
0.9999999999997043
 72
5
 11
-2019036.409861979
 21
-1305592.922425547
 31
0.0
100
AcDbAttribute
  2
A
 70
0
  0
SEQEND
  5
CFA
330
CF8
100
AcDbEntity
  8
AXIS
  0
LINE
  5
CFB
330
17
100
AcDbEntity
  8
AXIS
100
AcDbLine
 10
-2019308.665221133
 20
-1281023.450920454
 30
0.0
 11
-2019308.665221133
 21
-1277023.450920454
 31
0.0
  0
INSERT
  5
CFC
330
17
100
AcDbEntity
  8
AXIS
100
AcDbBlockReference
 66
1
  2
_AXISO
 10
-2019308.665221133
 20
-1276623.450920454
 30
0.0
 41
800.0
 42
800.0
 43
800.0
  0
ATTRIB
  5
CFD
330
CFC
100
AcDbEntity
  8
AXIS_TEXT
100
AcDbText
 10
-2019580.920580288
 20
-1276791.608642285
 30
0.0
 40
336.3154436620262
  1
26
  7
_TCH_AXIS
 41
0.9999999999997043
 72
5
 11
-2019036.409861978
 21
-1276791.608642285
 31
0.0
100
AcDbAttribute
  2
A
 70
0
  0
SEQEND
  5
CFE
330
CFC
100
AcDbEntity
  8
AXIS
  0
LINE
  5
CFF
330
17
100
AcDbEntity
  8
AXIS
100
AcDbLine
 10
-2017408.665221133
 20
-1302272.045958628
 30
0.0
 11
-2017408.665221133
 21
-1305024.764703716
 31
0.0
  0
INSERT
  5
D00
330
17
100
AcDbEntity
  8
AXIS
100
AcDbBlockReference
 66
1
  2
_AXISO
 10
-2017408.665221133
 20
-1305424.764703716
 30
0.0
 41
800.0
 42
800.0
 43
800.0
  0
ATTRIB
  5
D01
330
D00
100
AcDbEntity
  8
AXIS_TEXT
100
AcDbText
 10
-2017680.920580288
 20
-1305592.922425547
 30
0.0
 40
336.315443662026
  1
27
  7
_TCH_AXIS
 41
0.9999999999997043
 72
5
 11
-2017136.409861979
 21
-1305592.922425547
 31
0.0
100
AcDbAttribute
  2
A
 70
0
  0
SEQEND
  5
D02
330
D00
100
AcDbEntity
  8
AXIS
  0
LINE
  5
D03
330
17
100
AcDbEntity
  8
AXIS
100
AcDbLine
 10
-2017408.665221133
 20
-1281023.450920454
 30
0.0
 11
-2017408.665221133
 21
-1277023.450920454
 31
0.0
  0
INSERT
  5
D04
330
17
100
AcDbEntity
  8
AXIS
100
AcDbBlockReference
 66
1
  2
_AXISO
 10
-2017408.665221133
 20
-1276623.450920454
 30
0.0
 41
800.0
 42
800.0
 43
800.0
  0
ATTRIB
  5
D05
330
D04
100
AcDbEntity
  8
AXIS_TEXT
100
AcDbText
 10
-2017680.920580288
 20
-1276791.608642285
 30
0.0
 40
336.315443662026
  1
27
  7
_TCH_AXIS
 41
0.9999999999997043
 72
5
 11
-2017136.409861978
 21
-1276791.608642285
 31
0.0
100
AcDbAttribute
  2
A
 70
0
  0
SEQEND
  5
D06
330
D04
100
AcDbEntity
  8
AXIS
  0
LINE
  5
D07
330
17
100
AcDbEntity
  8
AXIS
100
AcDbLine
 10
-2016108.665221134
 20
-1302272.045958628
 30
0.0
 11
-2016108.665221134
 21
-1305024.764703716
 31
0.0
  0
INSERT
  5
D08
330
17
100
AcDbEntity
  8
AXIS
100
AcDbBlockReference
 66
1
  2
_AXISO
 10
-2016108.665221134
 20
-1305424.764703716
 30
0.0
 41
800.0
 42
800.0
 43
800.0
  0
ATTRIB
  5
D09
330
D08
100
AcDbEntity
  8
AXIS_TEXT
100
AcDbText
 10
-2016380.920580289
 20
-1305592.922425547
 30
0.0
 40
336.3154436620262
  1
28
  7
_TCH_AXIS
 41
0.9999999999997043
 72
5
 11
-2015836.409861979
 21
-1305592.922425547
 31
0.0
100
AcDbAttribute
  2
A
 70
0
  0
SEQEND
  5
D0A
330
D08
100
AcDbEntity
  8
AXIS
  0
LINE
  5
D0B
330
17
100
AcDbEntity
  8
AXIS
100
AcDbLine
 10
-2014708.665221133
 20
-1281023.450920454
 30
0.0
 11
-2014708.665221133
 21
-1277023.450920454
 31
0.0
  0
INSERT
  5
D0C
330
17
100
AcDbEntity
  8
AXIS
100
AcDbBlockReference
 66
1
  2
_AXISO
 10
-2014708.665221133
 20
-1276623.450920454
 30
0.0
 41
800.0
 42
800.0
 43
800.0
  0
ATTRIB
  5
D0D
330
D0C
100
AcDbEntity
  8
AXIS_TEXT
100
AcDbText
 10
-2014980.920580288
 20
-1276791.608642285
 30
0.0
 40
336.3154436620262
  1
29
  7
_TCH_AXIS
 41
0.9999999999997039
 72
5
 11
-2014436.409861979
 21
-1276791.608642285
 31
0.0
100
AcDbAttribute
  2
A
 70
0
  0
SEQEND
  5
D0E
330
D0C
100
AcDbEntity
  8
AXIS
  0
LINE
  5
D0F
330
17
100
AcDbEntity
  8
AXIS
100
AcDbLine
 10
-2013908.665221134
 20
-1302272.045958628
 30
0.0
 11
-2013908.665221134
 21
-1305024.764703716
 31
0.0
  0
LINE
  5
D10
330
17
100
AcDbEntity
  8
AXIS
100
AcDbLine
 10
-2014025.822508659
 20
-1305141.921991242
 30
0.0
 11
-2013908.665221134
 21
-1305024.764703716
 31
0.0
  0
INSERT
  5
D11
330
17
100
AcDbEntity
  8
AXIS
100
AcDbBlockReference
 66
1
  2
_AXISO
 10
-2014308.665221134
 20
-1305424.764703716
 30
0.0
 41
800.0
 42
800.0
 43
800.0
  0
ATTRIB
  5
D12
330
D11
100
AcDbEntity
  8
AXIS_TEXT
100
AcDbText
 10
-2014578.636897208
 20
-1305596.564861218
 30
0.0
 40
343.6003150036219
  1
30
  7
_TCH_AXIS
 41
0.999999999999729
 72
5
 11
-2014038.69354506
 21
-1305596.564861218
 31
0.0
100
AcDbAttribute
  2
A
 70
0
  0
SEQEND
  5
D13
330
D11
100
AcDbEntity
  8
AXIS
  0
LINE
  5
D14
330
17
100
AcDbEntity
  8
AXIS
100
AcDbLine
 10
-2013908.665221133
 20
-1281023.450920454
 30
0.0
 11
-2013908.665221133
 21
-1277023.450920454
 31
0.0
  0
INSERT
  5
D15
330
17
100
AcDbEntity
  8
AXIS
100
AcDbBlockReference
 66
1
  2
_AXISO
 10
-2013908.665221133
 20
-1276623.450920454
 30
0.0
 41
800.0
 42
800.0
 43
800.0
  0
ATTRIB
  5
D16
330
D15
100
AcDbEntity
  8
AXIS_TEXT
100
AcDbText
 10
-2014178.636897208
 20
-1276795.251077956
 30
0.0
 40
343.6003150036219
  1
30
  7
_TCH_AXIS
 41
0.999999999999729
 72
5
 11
-2013638.693545059
 21
-1276795.251077956
 31
0.0
100
AcDbAttribute
  2
A
 70
0
  0
SEQEND
  5
D17
330
D15
100
AcDbEntity
  8
AXIS
  0
LINE
  5
D18
330
17
100
AcDbEntity
  8
AXIS
100
AcDbLine
 10
-2013568.665221134
 20
-1302272.045958628
 30
0.0
 11
-2013568.665221134
 21
-1305024.764703716
 31
0.0
  0
LINE
  5
D19
330
17
100
AcDbEntity
  8
AXIS
100
AcDbLine
 10
-2013451.507933608
 20
-1305141.921991242
 30
0.0
 11
-2013568.665221134
 21
-1305024.764703716
 31
0.0
  0
INSERT
  5
D1A
330
17
100
AcDbEntity
  8
AXIS
100
AcDbBlockReference
 66
1
  2
_AXISO
 10
-2013168.665221134
 20
-1305424.764703716
 30
0.0
 41
800.0
 42
800.0
 43
800.0
  0
ATTRIB
  5
D1B
330
D1A
100
AcDbEntity
  8
AXIS_TEXT
100
AcDbText
 10
-2013424.665221134
 20
-1305616.764703716
 30
0.0
 40
384.0
  1
31
  7
_TCH_AXIS
 72
5
 11
-2012912.665221134
 21
-1305616.764703716
 31
0.0
100
AcDbAttribute
  2
A
 70
0
  0
SEQEND
  5
D1C
330
D1A
100
AcDbEntity
  8
AXIS
  0
LINE
  5
D1D
330
17
100
AcDbEntity
  8
AXIS
100
AcDbLine
 10
-2013568.665221133
 20
-1281023.450920454
 30
0.0
 11
-2013568.665221133
 21
-1277023.450920454
 31
0.0
  0
LINE
  5
D1E
330
17
100
AcDbEntity
  8
AXIS
100
AcDbLine
 10
-2013451.507933608
 20
-1276906.293632929
 30
0.0
 11
-2013568.665221133
 21
-1277023.450920454
 31
0.0
  0
INSERT
  5
D1F
330
17
100
AcDbEntity
  8
AXIS
100
AcDbBlockReference
 66
1
  2
_AXISO
 10
-2013168.665221133
 20
-1276623.450920454
 30
0.0
 41
800.0
 42
800.0
 43
800.0
  0
ATTRIB
  5
D20
330
D1F
100
AcDbEntity
  8
AXIS_TEXT
100
AcDbText
 10
-2013424.665221133
 20
-1276815.450920454
 30
0.0
 40
384.0
  1
31
  7
_TCH_AXIS
 72
5
 11
-2012912.665221133
 21
-1276815.450920454
 31
0.0
100
AcDbAttribute
  2
A
 70
0
  0
SEQEND
  5
D21
330
D1F
100
AcDbEntity
  8
AXIS
  0
LINE
  5
D22
330
17
100
AcDbEntity
  8
AXIS
100
AcDbLine
 10
-2012268.665221133
 20
-1281023.450920454
 30
0.0
 11
-2012268.665221133
 21
-1277023.450920454
 31
0.0
  0
INSERT
  5
D23
330
17
100
AcDbEntity
  8
AXIS
100
AcDbBlockReference
 66
1
  2
_AXISO
 10
-2012268.665221133
 20
-1276623.450920454
 30
0.0
 41
800.0
 42
800.0
 43
800.0
  0
ATTRIB
  5
D24
330
D23
100
AcDbEntity
  8
AXIS_TEXT
100
AcDbText
 10
-2012538.636897208
 20
-1276795.251077956
 30
0.0
 40
343.6003150036219
  1
32
  7
_TCH_AXIS
 41
0.999999999999729
 72
5
 11
-2011998.693545059
 21
-1276795.251077956
 31
0.0
100
AcDbAttribute
  2
A
 70
0
  0
SEQEND
  5
D25
330
D23
100
AcDbEntity
  8
AXIS
  0
LINE
  5
D26
330
17
100
AcDbEntity
  8
AXIS
100
AcDbLine
 10
-2010468.665221134
 20
-1302272.045958629
 30
0.0
 11
-2010468.665221134
 21
-1305024.764703716
 31
0.0
  0
INSERT
  5
D27
330
17
100
AcDbEntity
  8
AXIS
100
AcDbBlockReference
 66
1
  2
_AXISO
 10
-2010468.665221134
 20
-1305424.764703716
 30
0.0
 41
800.0
 42
800.0
 43
800.0
  0
ATTRIB
  5
D28
330
D27
100
AcDbEntity
  8
AXIS_TEXT
100
AcDbText
 10
-2010738.636897208
 20
-1305596.564861218
 30
0.0
 40
343.6003150036219
  1
33
  7
_TCH_AXIS
 41
0.999999999999729
 72
5
 11
-2010198.69354506
 21
-1305596.564861218
 31
0.0
100
AcDbAttribute
  2
A
 70
0
  0
SEQEND
  5
D29
330
D27
100
AcDbEntity
  8
AXIS
  0
LINE
  5
D2A
330
17
100
AcDbEntity
  8
AXIS
100
AcDbLine
 10
-2009168.665221133
 20
-1281023.450920455
 30
0.0
 11
-2009168.665221133
 21
-1277023.450920455
 31
0.0
  0
INSERT
  5
D2B
330
17
100
AcDbEntity
  8
AXIS
100
AcDbBlockReference
 66
1
  2
_AXISO
 10
-2009168.665221133
 20
-1276623.450920455
 30
0.0
 41
800.0
 42
800.0
 43
800.0
  0
ATTRIB
  5
D2C
330
D2B
100
AcDbEntity
  8
AXIS_TEXT
100
AcDbText
 10
-2009443.062957361
 20
-1276788.089562191
 30
0.0
 40
329.2772834736169
  1
34
  7
_TCH_AXIS
 41
1.000000000000208
 72
5
 11
-2008894.267484905
 21
-1276788.089562191
 31
0.0
100
AcDbAttribute
  2
A
 70
0
  0
SEQEND
  5
D2D
330
D2B
100
AcDbEntity
  8
AXIS
  0
LINE
  5
D2E
330
17
100
AcDbEntity
  8
AXIS
100
AcDbLine
 10
-2006568.665221134
 20
-1302272.045958629
 30
0.0
 11
-2006568.665221134
 21
-1305024.764703716
 31
0.0
  0
INSERT
  5
D2F
330
17
100
AcDbEntity
  8
AXIS
100
AcDbBlockReference
 66
1
  2
_AXISO
 10
-2006568.665221134
 20
-1305424.764703716
 30
0.0
 41
800.0
 42
800.0
 43
800.0
  0
ATTRIB
  5
D30
330
D2F
100
AcDbEntity
  8
AXIS_TEXT
100
AcDbText
 10
-2006838.636897208
 20
-1305596.564861218
 30
0.0
 40
343.600315003622
  1
35
  7
_TCH_AXIS
 41
0.999999999999729
 72
5
 11
-2006298.69354506
 21
-1305596.564861218
 31
0.0
100
AcDbAttribute
  2
A
 70
0
  0
SEQEND
  5
D31
330
D2F
100
AcDbEntity
  8
AXIS
  0
LINE
  5
D32
330
17
100
AcDbEntity
  8
AXIS
100
AcDbLine
 10
-2005918.665221133
 20
-1281023.450920455
 30
0.0
 11
-2005918.665221133
 21
-1277023.450920455
 31
0.0
  0
INSERT
  5
D33
330
17
100
AcDbEntity
  8
AXIS
100
AcDbBlockReference
 66
1
  2
_AXISO
 10
-2005918.665221133
 20
-1276623.450920455
 30
0.0
 41
800.0
 42
800.0
 43
800.0
  0
ATTRIB
  5
D34
330
D33
100
AcDbEntity
  8
AXIS_TEXT
100
AcDbText
 10
-2006188.636897208
 20
-1276795.251077956
 30
0.0
 40
343.600315003622
  1
36
  7
_TCH_AXIS
 41
0.9999999999997288
 72
5
 11
-2005648.693545059
 21
-1276795.251077956
 31
0.0
100
AcDbAttribute
  2
A
 70
0
  0
SEQEND
  5
D35
330
D33
100
AcDbEntity
  8
AXIS
  0
LINE
  5
D36
330
17
100
AcDbEntity
  8
AXIS
100
AcDbLine
 10
-2005268.665221134
 20
-1302272.045958629
 30
0.0
 11
-2005268.665221134
 21
-1305024.764703716
 31
0.0
  0
INSERT
  5
D37
330
17
100
AcDbEntity
  8
AXIS
100
AcDbBlockReference
 66
1
  2
_AXISO
 10
-2005268.665221134
 20
-1305424.764703716
 30
0.0
 41
800.0
 42
800.0
 43
800.0
  0
ATTRIB
  5
D38
330
D37
100
AcDbEntity
  8
AXIS_TEXT
100
AcDbText
 10
-2005538.636897208
 20
-1305596.564861218
 30
0.0
 40
343.6003150036219
  1
37
  7
_TCH_AXIS
 41
0.9999999999997288
 72
5
 11
-2004998.69354506
 21
-1305596.564861218
 31
0.0
100
AcDbAttribute
  2
A
 70
0
  0
SEQEND
  5
D39
330
D37
100
AcDbEntity
  8
AXIS
  0
LINE
  5
D3A
330
17
100
AcDbEntity
  8
AXIS
100
AcDbLine
 10
-2005118.665221134
 20
-1281023.450920455
 30
0.0
 11
-2005118.665221134
 21
-1277023.450920455
 31
0.0
  0
INSERT
  5
D3B
330
17
100
AcDbEntity
  8
AXIS
100
AcDbBlockReference
 66
1
  2
_AXISO
 10
-2005118.665221134
 20
-1276623.450920455
 30
0.0
 41
800.0
 42
800.0
 43
800.0
  0
ATTRIB
  5
D3C
330
D3B
100
AcDbEntity
  8
AXIS_TEXT
100
AcDbText
 10
-2005388.636897208
 20
-1276795.251077956
 30
0.0
 40
343.600315003622
  1
38
  7
_TCH_AXIS
 41
0.999999999999729
 72
5
 11
-2004848.69354506
 21
-1276795.251077956
 31
0.0
100
AcDbAttribute
  2
A
 70
0
  0
SEQEND
  5
D3D
330
D3B
100
AcDbEntity
  8
AXIS
  0
LINE
  5
D3E
330
17
100
AcDbEntity
  8
AXIS
100
AcDbLine
 10
-2003668.665221134
 20
-1302272.045958629
 30
0.0
 11
-2003668.665221134
 21
-1305024.764703716
 31
0.0
  0
INSERT
  5
D3F
330
17
100
AcDbEntity
  8
AXIS
100
AcDbBlockReference
 66
1
  2
_AXISO
 10
-2003668.665221134
 20
-1305424.764703716
 30
0.0
 41
800.0
 42
800.0
 43
800.0
  0
ATTRIB
  5
D40
330
D3F
100
AcDbEntity
  8
AXIS_TEXT
100
AcDbText
 10
-2003938.636897209
 20
-1305596.564861218
 30
0.0
 40
343.600315003622
  1
39
  7
_TCH_AXIS
 41
0.9999999999997288
 72
5
 11
-2003398.69354506
 21
-1305596.564861218
 31
0.0
100
AcDbAttribute
  2
A
 70
0
  0
SEQEND
  5
D41
330
D3F
100
AcDbEntity
  8
AXIS
  0
LINE
  5
D42
330
17
100
AcDbEntity
  8
AXIS
100
AcDbLine
 10
-2002518.665221134
 20
-1281023.450920455
 30
0.0
 11
-2002518.665221134
 21
-1277023.450920455
 31
0.0
  0
INSERT
  5
D43
330
17
100
AcDbEntity
  8
AXIS
100
AcDbBlockReference
 66
1
  2
_AXISO
 10
-2002518.665221134
 20
-1276623.450920455
 30
0.0
 41
800.0
 42
800.0
 43
800.0
  0
ATTRIB
  5
D44
330
D43
100
AcDbEntity
  8
AXIS_TEXT
100
AcDbText
 10
-2002793.062957362
 20
-1276788.089562191
 30
0.0
 40
329.2772834736169
  1
40
  7
_TCH_AXIS
 41
1.000000000000208
 72
5
 11
-2002244.267484906
 21
-1276788.089562191
 31
0.0
100
AcDbAttribute
  2
A
 70
0
  0
SEQEND
  5
D45
330
D43
100
AcDbEntity
  8
AXIS
  0
LINE
  5
D46
330
17
100
AcDbEntity
  8
AXIS
100
AcDbLine
 10
-2002068.665221134
 20
-1302272.045958629
 30
0.0
 11
-2002068.665221134
 21
-1305024.764703716
 31
0.0
  0
INSERT
  5
D47
330
17
100
AcDbEntity
  8
AXIS
100
AcDbBlockReference
 66
1
  2
_AXISO
 10
-2002068.665221134
 20
-1305424.764703716
 30
0.0
 41
800.0
 42
800.0
 43
800.0
  0
ATTRIB
  5
D48
330
D47
100
AcDbEntity
  8
AXIS_TEXT
100
AcDbText
 10
-2002330.8194357
 20
-1305608.272653913
 30
0.0
 40
367.0159003925301
  1
41
  7
_TCH_AXIS
 41
1.000000000000057
 72
5
 11
-2001806.511006568
 21
-1305608.272653913
 31
0.0
100
AcDbAttribute
  2
A
 70
0
  0
SEQEND
  5
D49
330
D47
100
AcDbEntity
  8
AXIS
  0
LINE
  5
D4A
330
17
100
AcDbEntity
  8
AXIS
100
AcDbLine
 10
-2000768.665221134
 20
-1302272.045958629
 30
0.0
 11
-2000768.665221134
 21
-1305024.764703717
 31
0.0
  0
INSERT
  5
D4B
330
17
100
AcDbEntity
  8
AXIS
100
AcDbBlockReference
 66
1
  2
_AXISO
 10
-2000768.665221134
 20
-1305424.764703717
 30
0.0
 41
800.0
 42
800.0
 43
800.0
  0
ATTRIB
  5
D4C
330
D4B
100
AcDbEntity
  8
AXIS_TEXT
100
AcDbText
 10
-2001043.062957362
 20
-1305589.403345453
 30
0.0
 40
329.2772834736169
  1
42
  7
_TCH_AXIS
 41
1.000000000000208
 72
5
 11
-2000494.267484906
 21
-1305589.403345453
 31
0.0
100
AcDbAttribute
  2
A
 70
0
  0
SEQEND
  5
D4D
330
D4B
100
AcDbEntity
  8
AXIS
  0
LINE
  5
D4E
330
17
100
AcDbEntity
  8
AXIS
100
AcDbLine
 10
-2000218.665221133
 20
-1281023.450920455
 30
0.0
 11
-2000218.665221133
 21
-1277023.450920455
 31
0.0
  0
LINE
  5
D4F
330
17
100
AcDbEntity
  8
AXIS
100
AcDbLine
 10
-2000335.822508659
 20
-1276906.293632929
 30
0.0
 11
-2000218.665221133
 21
-1277023.450920455
 31
0.0
  0
INSERT
  5
D50
330
17
100
AcDbEntity
  8
AXIS
100
AcDbBlockReference
 66
1
  2
_AXISO
 10
-2000618.665221133
 20
-1276623.450920455
 30
0.0
 41
800.0
 42
800.0
 43
800.0
  0
ATTRIB
  5
D51
330
D50
100
AcDbEntity
  8
AXIS_TEXT
100
AcDbText
 10
-2000893.062957361
 20
-1276788.089562192
 30
0.0
 40
329.277283473617
  1
43
  7
_TCH_AXIS
 41
1.000000000000208
 72
5
 11
-2000344.267484905
 21
-1276788.089562192
 31
0.0
100
AcDbAttribute
  2
A
 70
0
  0
SEQEND
  5
D52
330
D50
100
AcDbEntity
  8
AXIS
  0
LINE
  5
D53
330
17
100
AcDbEntity
  8
AXIS
100
AcDbLine
 10
-1999818.665221134
 20
-1281023.450920455
 30
0.0
 11
-1999818.665221134
 21
-1277023.450920455
 31
0.0
  0
LINE
  5
D54
330
17
100
AcDbEntity
  8
AXIS
100
AcDbLine
 10
-1999701.507933608
 20
-1276906.293632929
 30
0.0
 11
-1999818.665221134
 21
-1277023.450920455
 31
0.0
  0
INSERT
  5
D55
330
17
100
AcDbEntity
  8
AXIS
100
AcDbBlockReference
 66
1
  2
_AXISO
 10
-1999418.665221134
 20
-1276623.450920455
 30
0.0
 41
800.0
 42
800.0
 43
800.0
  0
ATTRIB
  5
D56
330
D55
100
AcDbEntity
  8
AXIS_TEXT
100
AcDbText
 10
-1999696.964714009
 20
-1276781.404686682
 30
0.0
 40
315.9075324533644
  1
44
  7
_TCH_AXIS
 41
0.9999999999999886
 72
5
 11
-1999140.365728258
 21
-1276781.404686682
 31
0.0
100
AcDbAttribute
  2
A
 70
0
  0
SEQEND
  5
D57
330
D55
100
AcDbEntity
  8
AXIS
  0
LINE
  5
D58
330
17
100
AcDbEntity
  8
AXIS
100
AcDbLine
 10
-1996868.665221134
 20
-1302272.045958629
 30
0.0
 11
-1996868.665221134
 21
-1305024.764703717
 31
0.0
  0
INSERT
  5
D59
330
17
100
AcDbEntity
  8
AXIS
100
AcDbBlockReference
 66
1
  2
_AXISO
 10
-1996868.665221134
 20
-1305424.764703717
 30
0.0
 41
800.0
 42
800.0
 43
800.0
  0
ATTRIB
  5
D5A
330
D59
100
AcDbEntity
  8
AXIS_TEXT
100
AcDbText
 10
-1997143.062957362
 20
-1305589.403345453
 30
0.0
 40
329.2772834736169
  1
45
  7
_TCH_AXIS
 41
1.000000000000208
 72
5
 11
-1996594.267484906
 21
-1305589.403345453
 31
0.0
100
AcDbAttribute
  2
A
 70
0
  0
SEQEND
  5
D5B
330
D59
100
AcDbEntity
  8
AXIS
  0
LINE
  5
D5C
330
17
100
AcDbEntity
  8
AXIS
100
AcDbLine
 10
-1996868.665221134
 20
-1281023.450920455
 30
0.0
 11
-1996868.665221134
 21
-1277023.450920455
 31
0.0
  0
INSERT
  5
D5D
330
17
100
AcDbEntity
  8
AXIS
100
AcDbBlockReference
 66
1
  2
_AXISO
 10
-1996868.665221134
 20
-1276623.450920455
 30
0.0
 41
800.0
 42
800.0
 43
800.0
  0
ATTRIB
  5
D5E
330
D5D
100
AcDbEntity
  8
AXIS_TEXT
100
AcDbText
 10
-1997143.062957362
 20
-1276788.089562192
 30
0.0
 40
329.2772834736169
  1
45
  7
_TCH_AXIS
 41
1.000000000000208
 72
5
 11
-1996594.267484906
 21
-1276788.089562192
 31
0.0
100
AcDbAttribute
  2
A
 70
0
  0
SEQEND
  5
D5F
330
D5D
100
AcDbEntity
  8
AXIS
  0
LINE
  5
D60
330
17
100
AcDbEntity
  8
AXIS
100
AcDbLine
 10
-1995568.665221134
 20
-1281023.450920455
 30
0.0
 11
-1995568.665221134
 21
-1277023.450920455
 31
0.0
  0
INSERT
  5
D61
330
17
100
AcDbEntity
  8
AXIS
100
AcDbBlockReference
 66
1
  2
_AXISO
 10
-1995568.665221134
 20
-1276623.450920455
 30
0.0
 41
800.0
 42
800.0
 43
800.0
  0
ATTRIB
  5
D62
330
D61
100
AcDbEntity
  8
AXIS_TEXT
100
AcDbText
 10
-1995843.062957362
 20
-1276788.089562192
 30
0.0
 40
329.2772834736169
  1
46
  7
_TCH_AXIS
 41
1.000000000000208
 72
5
 11
-1995294.267484906
 21
-1276788.089562192
 31
0.0
100
AcDbAttribute
  2
A
 70
0
  0
SEQEND
  5
D63
330
D61
100
AcDbEntity
  8
AXIS
  0
LINE
  5
D64
330
17
100
AcDbEntity
  8
AXIS
100
AcDbLine
 10
-1993768.665221134
 20
-1302272.045958629
 30
0.0
 11
-1993768.665221134
 21
-1305024.764703717
 31
0.0
  0
INSERT
  5
D65
330
17
100
AcDbEntity
  8
AXIS
100
AcDbBlockReference
 66
1
  2
_AXISO
 10
-1993768.665221134
 20
-1305424.764703717
 30
0.0
 41
800.0
 42
800.0
 43
800.0
  0
ATTRIB
  5
D66
330
D65
100
AcDbEntity
  8
AXIS_TEXT
100
AcDbText
 10
-1994043.062957362
 20
-1305589.403345453
 30
0.0
 40
329.2772834736169
  1
47
  7
_TCH_AXIS
 41
1.000000000000208
 72
5
 11
-1993494.267484906
 21
-1305589.403345453
 31
0.0
100
AcDbAttribute
  2
A
 70
0
  0
SEQEND
  5
D67
330
D65
100
AcDbEntity
  8
AXIS
  0
LINE
  5
D68
330
17
100
AcDbEntity
  8
AXIS
100
AcDbLine
 10
-1993768.665221134
 20
-1281023.450920455
 30
0.0
 11
-1993768.665221134
 21
-1277023.450920455
 31
0.0
  0
INSERT
  5
D69
330
17
100
AcDbEntity
  8
AXIS
100
AcDbBlockReference
 66
1
  2
_AXISO
 10
-1993768.665221134
 20
-1276623.450920455
 30
0.0
 41
800.0
 42
800.0
 43
800.0
  0
ATTRIB
  5
D6A
330
D69
100
AcDbEntity
  8
AXIS_TEXT
100
AcDbText
 10
-1994043.062957362
 20
-1276788.089562192
 30
0.0
 40
329.2772834736169
  1
47
  7
_TCH_AXIS
 41
1.000000000000208
 72
5
 11
-1993494.267484906
 21
-1276788.089562192
 31
0.0
100
AcDbAttribute
  2
A
 70
0
  0
SEQEND
  5
D6B
330
D69
100
AcDbEntity
  8
AXIS
  0
TEXT
  5
D6C
330
17
100
AcDbEntity
  8
PUB_TEXT
100
AcDbText
 10
-2026014.687425342
 20
-1267940.653439698
 30
0.0
 40
379.746835443038
  1
本层建筑面积
  7
-宋体
 41
0.8
100
AcDbText
  0
TEXT
  5
D6D
330
17
100
AcDbEntity
  8
PUB_TEXT
100
AcDbText
 10
-2023422.282362051
 20
-1267940.653439698
 30
0.0
 40
379.746835443038
  1
699.38m
  7
-宋体
 41
0.8
100
AcDbText
  0
TEXT
  5
D6E
330
17
100
AcDbEntity
  8
PUB_TEXT
100
AcDbText
 10
-2021910.046075131
 20
-1267690.653439698
 30
0.0
 40
189.873417721519
  1
2
  7
-宋体
 41
0.8
100
AcDbText
  0
LINE
  5
D6F
330
17
100
AcDbEntity
  8
DIM_LEAD
100
AcDbLine
 10
-2009915.870580585
 20
-1300505.602534545
 30
0.0
 11
-2008367.77394129
 21
-1301674.974414344
 31
0.0
  0
LWPOLYLINE
  5
D70
330
17
100
AcDbEntity
  8
DIM_LEAD
100
AcDbPolyline
 90
2
 70
1
 43
40.0
 10
-2009931.82942006
 20
-1300493.547849041
 42
1.0
 10
-2009899.91174111
 20
-1300517.657220049
 42
1.0
  0
LINE
  5
D71
330
17
100
AcDbEntity
  8
DIM_LEAD
100
AcDbLine
 10
-2008367.77394129
 20
-1301674.974414344
 30
0.0
 11
-2005899.883323567
 21
-1301674.974414344
 31
0.0
  0
TEXT
  5
D72
330
17
100
AcDbEntity
  8
PUB_TEXT
100
AcDbText
 10
-2008164.457791652
 20
-1301569.974414344
 30
0.0
 40
337.5886524822695
  1
双层空调板具体标高
  7
_TCH_DIM
100
AcDbText
  0
TEXT
  5
D73
330
17
100
AcDbEntity
  8
PUB_TEXT
100
AcDbText
 10
-2008448.606727822
 20
-1302129.974414344
 30
0.0
 40
337.5886524822695
  1
详建施
  7
_TCH_DIM
100
AcDbText
  0
TEXT
  5
D74
330
17
100
AcDbEntity
  8
PUB_TEXT
100
AcDbText
 10
-2007711.372685269
 20
-1302129.974414344
 30
0.0
 40
297.5
  1
-27
  7
_TCH_DIM
 41
0.7058823529411765
100
AcDbText
  0
TEXT
  5
D75
330
17
100
AcDbEntity
  8
PUB_TEXT
100
AcDbText
 10
-2006671.372685269
 20
-1302129.974414344
 30
0.0
 40
337.5886524822695
  1
其余同
  7
_TCH_DIM
100
AcDbText
  0
LINE
  5
D76
330
17
100
AcDbEntity
  8
DIM_LEAD
100
AcDbLine
 10
-2026097.258713026
 20
-1300277.454388107
 30
0.0
 11
-2024788.590476361
 21
-1301838.75743963
 31
0.0
  0
LWPOLYLINE
  5
D77
330
17
100
AcDbEntity
  8
DIM_LEAD
100
AcDbPolyline
 90
2
 70
1
 43
40.0
 10
-2026110.10627941
 20
-1300262.126634259
 42
1.0
 10
-2026084.411146642
 20
-1300292.782141955
 42
1.0
  0
LINE
  5
D78
330
17
100
AcDbEntity
  8
DIM_LEAD
100
AcDbLine
 10
-2024788.590476361
 20
-1301838.75743963
 30
0.0
 11
-2022320.699858639
 21
-1301838.75743963
 31
0.0
  0
TEXT
  5
D79
330
17
100
AcDbEntity
  8
PUB_TEXT
100
AcDbText
 10
-2024585.274326724
 20
-1301733.75743963
 30
0.0
 40
337.5886524822695
  1
双层空调板具体标高
  7
_TCH_DIM
100
AcDbText
  0
TEXT
  5
D7A
330
17
100
AcDbEntity
  8
PUB_TEXT
100
AcDbText
 10
-2024869.423262894
 20
-1302293.75743963
 30
0.0
 40
337.5886524822695
  1
详建施
  7
_TCH_DIM
100
AcDbText
  0
TEXT
  5
D7B
330
17
100
AcDbEntity
  8
PUB_TEXT
100
AcDbText
 10
-2024132.189220341
 20
-1302293.75743963
 30
0.0
 40
297.5
  1
-27
  7
_TCH_DIM
 41
0.7058823529411765
100
AcDbText
  0
TEXT
  5
D7C
330
17
100
AcDbEntity
  8
PUB_TEXT
100
AcDbText
 10
-2023092.189220341
 20
-1302293.75743963
 30
0.0
 40
337.5886524822695
  1
其余同
  7
_TCH_DIM
100
AcDbText
  0
TEXT
  5
D7D
330
17
100
AcDbEntity
  8
PUB_TAB
100
AcDbText
 10
-1983153.518909217
 20
-1285206.006210367
 30
0.0
 40
147.2625
  1
FDM1
  7
_TCH_WDTABLE
 41
0.7058823529411765
100
AcDbText
  0
TEXT
  5
D7E
330
17
100
AcDbEntity
  8
PUB_TAB
100
AcDbText
 10
-1983108.916249643
 20
-1287637.506210367
 30
0.0
 40
147.2625
  1
FM1
  7
_TCH_WDTABLE
 41
0.7058823529411765
100
AcDbText
  0
TEXT
  5
D7F
330
17
100
AcDbEntity
  8
PUB_TAB
100
AcDbText
 10
-1983104.993111345
 20
-1285906.193860488
 30
0.0
 40
147.2625
  1
FM2
  7
_TCH_WDTABLE
 41
0.7058823529411765
100
AcDbText
  0
TEXT
  5
D80
330
17
100
AcDbEntity
  8
PUB_TAB
100
AcDbText
 10
-1983101.543909218
 20
-1286599.693860488
 30
0.0
 40
147.2625
  1
FM1
  7
_TCH_WDTABLE
 41
0.7058823529411765
100
AcDbText
  0
TEXT
  5
D81
330
17
100
AcDbEntity
  8
PUB_TAB
100
AcDbText
 10
-1983037.509866664
 20
-1290431.869797757
 30
0.0
 40
147.2625
  1
GM1
  7
_TCH_WDTABLE
 41
0.7058823529411765
100
AcDbText
  0
TEXT
  5
D82
330
17
100
AcDbEntity
  8
PUB_TAB
100
AcDbText
 10
-1983079.584866664
 20
-1296303.262460367
 30
0.0
 40
147.2625
  1
BYC1
  7
_TCH_WDTABLE
 41
0.7058823529411765
100
AcDbText
  0
TEXT
  5
D83
330
17
100
AcDbEntity
  8
PUB_TAB
100
AcDbText
 10
-1983000.384866664
 20
-1291095.262460367
 30
0.0
 40
147.2625
  1
C2
  7
_TCH_WDTABLE
 41
0.7058823529411765
100
AcDbText
  0
TEXT
  5
D84
330
17
100
AcDbEntity
  8
PUB_TAB
100
AcDbText
 10
-1983009.798324349
 20
-1291458.890402253
 30
0.0
 40
147.2625
  1
C3
  7
_TCH_WDTABLE
 41
0.7058823529411765
100
AcDbText
  0
TEXT
  5
D85
330
17
100
AcDbEntity
  8
PUB_TAB
100
AcDbText
 10
-1983929.036462409
 20
-1284352.131210367
 30
0.0
 40
190.9787234042553
  1
类型
  7
_TCH_WDTABLE
100
AcDbText
  0
TEXT
  5
D86
330
17
100
AcDbEntity
  8
PUB_TAB
100
AcDbText
 10
-1983178.110930494
 20
-1284352.131210367
 30
0.0
 40
190.9787234042553
  1
设计编号
  7
_TCH_WDTABLE
100
AcDbText
  0
TEXT
  5
D87
330
17
100
AcDbEntity
  8
PUB_TAB
100
AcDbText
 10
-1983855.44470709
 20
-1291221.365390672
 30
0.0
 40
167.1063829787234
  1
窗
  7
_TCH_WDTABLE
100
AcDbText
  0
TEXT
  5
D88
330
17
100
AcDbEntity
  8
PUB_TAB
100
AcDbText
 10
-1983972.480611345
 20
-1284848.160171031
 30
0.0
 40
167.1063829787234
  1
对讲门
  7
_TCH_WDTABLE
100
AcDbText
  0
TEXT
  5
D89
330
17
100
AcDbEntity
  8
PUB_TAB
100
AcDbText
 10
-1983979.34978699
 20
-1285205.441124861
 30
0.0
 40
167.1063829787234
  1
防盗门
  7
_TCH_WDTABLE
100
AcDbText
  0
TEXT
  5
D8A
330
17
100
AcDbEntity
  8
PUB_TAB
100
AcDbText
 10
-1983968.794441132
 20
-1286523.865390672
 30
0.0
 40
167.1063829787234
  1
防火门
  7
_TCH_WDTABLE
100
AcDbText
  0
TEXT
  5
D8B
330
17
100
AcDbEntity
  8
PUB_TAB
100
AcDbText
 10
-1983911.658802834
 20
-1288757.554133733
 30
0.0
 40
167.1063829787234
  1
木门
  7
_TCH_WDTABLE
100
AcDbText
  0
TEXT
  5
D8C
330
17
100
AcDbEntity
  8
PUB_TAB
100
AcDbText
 10
-1983911.658802834
 20
-1290423.599603187
 30
0.0
 40
167.1063829787234
  1
钢门
  7
_TCH_WDTABLE
100
AcDbText
  0
TEXT
  5
D8D
330
17
100
AcDbEntity
  8
PUB_TAB
100
AcDbText
 10
-1983101.859866664
 20
-1296649.762460367
 30
0.0
 40
147.2625
  1
BYC2
  7
_TCH_WDTABLE
 41
0.7058823529411765
100
AcDbText
  0
TEXT
  5
D8E
330
17
100
AcDbEntity
  8
PUB_TAB
100
AcDbText
 10
-1983007.809866664
 20
-1289012.512460367
 30
0.0
 40
147.2625
  1
M2
  7
_TCH_WDTABLE
 41
0.7058823529411765
100
AcDbText
  0
TEXT
  5
D8F
330
17
100
AcDbEntity
  8
PUB_TAB
100
AcDbText
 10
-1983920.609494562
 20
-1294833.634152253
 30
0.0
 40
190.9787234042553
  1
飘窗
  7
_TCH_WDTABLE
100
AcDbText
  0
TEXT
  5
D90
330
17
100
AcDbEntity
  8
PUB_TAB
100
AcDbText
 10
-1983030.084866664
 20
-1294570.762460367
 30
0.0
 40
147.2625
  1
PC1
  7
_TCH_WDTABLE
 41
0.7058823529411765
100
AcDbText
  0
TEXT
  5
D91
330
17
100
AcDbEntity
  8
PUB_TAB
100
AcDbText
 10
-1984049.725123358
 20
-1295589.740390672
 30
0.0
 40
190.9787234042553
  1
阳台窗
  7
_TCH_WDTABLE
100
AcDbText
  0
TEXT
  5
D92
330
17
100
AcDbEntity
  8
PUB_TAB
100
AcDbText
 10
-1983101.859866664
 20
-1296996.262460367
 30
0.0
 40
147.2625
  1
BYC3
  7
_TCH_WDTABLE
 41
0.7058823529411765
100
AcDbText
  0
TEXT
  5
D93
330
17
100
AcDbEntity
  8
PUB_TAB
100
AcDbText
 10
-1983972.480611345
 20
-1289439.365390672
 30
0.0
 40
167.1063829787234
  1
推拉门
  7
_TCH_WDTABLE
100
AcDbText
  0
TEXT
  5
D94
330
17
100
AcDbEntity
  8
PUB_TAB
100
AcDbText
 10
-1983044.934866664
 20
-1284839.47064015
 30
0.0
 40
147.2625
  1
DJM
  7
_TCH_WDTABLE
 41
0.7058823529411765
100
AcDbText
  0
TEXT
  5
D95
330
17
100
AcDbEntity
  8
PUB_TAB
100
AcDbText
 10
-1983072.159866664
 20
-1295296.336488476
 30
0.0
 40
147.2625
  1
YTC1
  7
_TCH_WDTABLE
 41
0.7058823529411765
100
AcDbText
  0
TEXT
  5
D96
330
17
100
AcDbEntity
  8
PUB_TAB
100
AcDbText
 10
-1983094.434866664
 20
-1295610.262460367
 30
0.0
 40
147.2625
  1
YTC2
  7
_TCH_WDTABLE
 41
0.7058823529411765
100
AcDbText
  0
TEXT
  5
D97
330
17
100
AcDbEntity
  8
PUB_TAB
100
AcDbText
 10
-1983072.159866664
 20
-1289359.012460367
 30
0.0
 40
147.2625
  1
TLM1
  7
_TCH_WDTABLE
 41
0.7058823529411765
100
AcDbText
  0
TEXT
  5
D98
330
17
100
AcDbEntity
  8
PUB_TAB
100
AcDbText
 10
-1983094.434866664
 20
-1289705.512460367
 30
0.0
 40
147.2625
  1
TLM2
  7
_TCH_WDTABLE
 41
0.7058823529411765
100
AcDbText
  0
TEXT
  5
D99
330
17
100
AcDbEntity
  8
PUB_TAB
100
AcDbText
 10
-1983081.293178714
 20
-1286949.693860488
 30
0.0
 40
147.2625
  1
FM2
  7
_TCH_WDTABLE
 41
0.7058823529411765
100
AcDbText
  0
TEXT
  5
D9A
330
17
100
AcDbEntity
  8
PUB_TAB
100
AcDbText
 10
-1983002.859866664
 20
-1291788.262460367
 30
0.0
 40
147.2625
  1
C4
  7
_TCH_WDTABLE
 41
0.7058823529411765
100
AcDbText
  0
TEXT
  5
D9B
330
17
100
AcDbEntity
  8
PUB_TAB
100
AcDbText
 10
-1983000.384866664
 20
-1292483.222137482
 30
0.0
 40
147.2625
  1
C5
  7
_TCH_WDTABLE
 41
0.7058823529411765
100
AcDbText
  0
TEXT
  5
D9C
330
17
100
AcDbEntity
  8
PUB_TAB
100
AcDbText
 10
-1983104.334866664
 20
-1297342.762460367
 30
0.0
 40
147.2625
  1
BYC4
  7
_TCH_WDTABLE
 41
0.7058823529411765
100
AcDbText
  0
TEXT
  5
D9D
330
17
100
AcDbEntity
  8
PUB_TAB
100
AcDbText
 10
-1983101.859866664
 20
-1297689.262460367
 30
0.0
 40
147.2625
  1
BYC5
  7
_TCH_WDTABLE
 41
0.7058823529411765
100
AcDbText
  0
TEXT
  5
D9E
330
17
100
AcDbEntity
  8
PUB_TAB
100
AcDbText
 10
-1983095.093111345
 20
-1285559.693860488
 30
0.0
 40
147.2625
  1
FM1
  7
_TCH_WDTABLE
 41
0.7058823529411765
100
AcDbText
  0
TEXT
  5
D9F
330
17
100
AcDbEntity
  8
PUB_TAB
100
AcDbText
 10
-1983101.859866664
 20
-1298389.262460367
 30
0.0
 40
147.2625
  1
BYC7
  7
_TCH_WDTABLE
 41
0.7058823529411765
100
AcDbText
  0
TEXT
  5
DA0
330
17
100
AcDbEntity
  8
PUB_TAB
100
AcDbText
 10
-1983104.993111345
 20
-1286252.693860488
 30
0.0
 40
147.2625
  1
FM3
  7
_TCH_WDTABLE
 41
0.7058823529411765
100
AcDbText
  0
TEXT
  5
DA1
330
17
100
AcDbEntity
  8
PUB_TAB
100
AcDbText
 10
-1983020.184866664
 20
-1292158.813648136
 30
0.0
 40
147.2625
  1
C4'
  7
_TCH_WDTABLE
 41
0.7058823529411765
100
AcDbText
  0
TEXT
  5
DA2
330
17
100
AcDbEntity
  8
PUB_TAB
100
AcDbText
 10
-1983118.816249643
 20
-1287987.506210367
 30
0.0
 40
147.2625
  1
FM2
  7
_TCH_WDTABLE
 41
0.7058823529411765
100
AcDbText
  0
TEXT
  5
DA3
330
17
100
AcDbEntity
  8
PUB_TAB
100
AcDbText
 10
-1983118.816249643
 20
-1288331.506210367
 30
0.0
 40
147.2625
  1
FM3
  7
_TCH_WDTABLE
 41
0.7058823529411765
100
AcDbText
  0
TEXT
  5
DA4
330
17
100
AcDbEntity
  8
PUB_TAB
100
AcDbText
 10
-1983094.434866664
 20
-1290055.512460367
 30
0.0
 40
147.2625
  1
TLM3
  7
_TCH_WDTABLE
 41
0.7058823529411765
100
AcDbText
  0
TEXT
  5
DA5
330
17
100
AcDbEntity
  8
PUB_TAB
100
AcDbText
 10
-1983052.359866664
 20
-1294917.262460367
 30
0.0
 40
147.2625
  1
PC2
  7
_TCH_WDTABLE
 41
0.7058823529411765
100
AcDbText
  0
TEXT
  5
DA6
330
17
100
AcDbEntity
  8
PUB_TAB
100
AcDbText
 10
-1983024.450292196
 20
-1292846.215887482
 30
0.0
 40
147.2625
  1
C5
  7
_TCH_WDTABLE
 41
0.7058823529411765
100
AcDbText
  0
TEXT
  5
DA7
330
17
100
AcDbEntity
  8
PUB_TAB
100
AcDbText
 10
-1983000.384866664
 20
-1293529.722137482
 30
0.0
 40
147.2625
  1
C7
  7
_TCH_WDTABLE
 41
0.7058823529411765
100
AcDbText
  0
TEXT
  5
DA8
330
17
100
AcDbEntity
  8
PUB_TAB
100
AcDbText
 10
-1983000.384866664
 20
-1293876.222137482
 30
0.0
 40
147.2625
  1
C8
  7
_TCH_WDTABLE
 41
0.7058823529411765
100
AcDbText
  0
TEXT
  5
DA9
330
17
100
AcDbEntity
  8
PUB_TAB
100
AcDbText
 10
-1983094.434866664
 20
-1295956.762460367
 30
0.0
 40
147.2625
  1
YTC3
  7
_TCH_WDTABLE
 41
0.7058823529411765
100
AcDbText
  0
TEXT
  5
DAA
330
17
100
AcDbEntity
  8
PUB_TAB
100
AcDbText
 10
-1983101.859866664
 20
-1298735.762460367
 30
0.0
 40
147.2625
  1
BYC8
  7
_TCH_WDTABLE
 41
0.7058823529411765
100
AcDbText
  0
LINE
  5
DAB
330
17
100
AcDbEntity
  8
DIM_LEAD
100
AcDbLine
 10
-2030236.117274888
 20
-1287060.61410966
 30
0.0
 11
-2030236.117274888
 21
-1286325.999779853
 31
0.0
  0
LWPOLYLINE
  5
DAC
330
17
100
AcDbEntity
  8
DIM_LEAD
100
AcDbPolyline
 90
2
 70
1
 43
40.0
 10
-2030236.117274888
 20
-1287080.61410966
 42
1.0
 10
-2030236.117274888
 20
-1287040.61410966
 42
1.0
  0
LINE
  5
DAD
330
17
100
AcDbEntity
  8
DIM_LEAD
100
AcDbLine
 10
-2030236.117274888
 20
-1286325.999779853
 30
0.0
 11
-2029351.117274888
 21
-1286325.999779853
 31
0.0
  0
TEXT
  5
DAE
330
17
100
AcDbEntity
  8
PUB_TEXT
100
AcDbText
 10
-2030375.798125952
 20
-1286220.999779853
 30
0.0
 40
337.5886524822695
  1
连梁标高
  7
_TCH_DIM
100
AcDbText
  0
TEXT
  5
DAF
330
17
100
AcDbEntity
  8
PUB_TEXT
100
AcDbText
 10
-2030156.117274888
 20
-1286780.999779853
 30
0.0
 40
337.5886524822695
  1
参结构
  7
_TCH_DIM
100
AcDbText
  0
TEXT
  5
DB0
330
17
100
AcDbEntity
  8
PUB_TAB
100
AcDbText
 10
-1983893.670011096
 20
-1299807.699695684
 30
0.0
 40
223.762176
  1
附注
  7
bzhz
 41
0.7
100
AcDbText
  0
TEXT
  5
DB1
330
17
100
AcDbEntity
  8
PUB_TAB
100
AcDbText
 10
-1983580.402964696
 20
-1299807.699695684
 30
0.0
 40
223.762176
  1
:
  7
bzhz
 41
0.7
100
AcDbText
  0
TEXT
  5
DB2
330
17
100
AcDbEntity
  8
PUB_TAB
100
AcDbText
 10
-1983743.81635103
 20
-1300994.568883772
 30
0.0
 40
223.762176
  1
2.
  7
bzhz
 41
0.7
100
AcDbText
  0
TEXT
  5
DB3
330
17
100
AcDbEntity
  8
PUB_TAB
100
AcDbText
 10
-1983575.99471903
 20
-1300994.568883772
 30
0.0
 40
223.762176
  1
生产厂家需根据门窗分格大小及当地风荷等情况计算框料尺寸及五金配件规格
  7
bzhz
 41
0.7
100
AcDbText
  0
TEXT
  5
DB4
330
17
100
AcDbEntity
  8
PUB_TAB
100
AcDbText
 10
-1983549.126388935
 20
-1302248.741615684
 30
0.0
 40
223.762176
  1
可开启扇均加纱扇
  7
bzhz
 41
0.7
100
AcDbText
  0
TEXT
  5
DB5
330
17
100
AcDbEntity
  8
PUB_TAB
100
AcDbText
 10
-1983512.119800249
 20
-1301435.060975684
 30
0.0
 40
223.762176
  1
并提供门窗安装及预埋件图纸
  7
bzhz
 41
0.7
100
AcDbText
  0
TEXT
  5
DB6
330
17
100
AcDbEntity
  8
PUB_TAB
100
AcDbText
 10
-1983712.380962548
 20
-1301841.901295684
 30
0.0
 40
223.762176
  1
3.
  7
bzhz
 41
0.7
100
AcDbText
  0
TEXT
  5
DB7
330
17
100
AcDbEntity
  8
PUB_TAB
100
AcDbText
 10
-1983544.559330548
 20
-1301841.901295684
 30
0.0
 40
223.762176
  1
门窗均为外视图
  7
bzhz
 41
0.7
100
AcDbText
  0
TEXT
  5
DB8
330
17
100
AcDbEntity
  8
PUB_TAB
100
AcDbText
 10
-1983717.013027785
 20
-1302655.581935684
 30
0.0
 40
223.762176
  1
4.
  7
bzhz
 41
0.7
100
AcDbText
  0
TEXT
  5
DB9
330
17
100
AcDbEntity
  8
PUB_TAB
100
AcDbText
 10
-1983549.191395785
 20
-1302655.581935684
 30
0.0
 40
223.762176
  1
本建筑所有门窗
  7
bzhz
 41
0.7
100
AcDbText
  0
TEXT
  5
DBA
330
17
100
AcDbEntity
  8
PUB_TAB
100
AcDbText
 10
-1983747.06391165
 20
-1300237.422354845
 30
0.0
 40
223.762176
  1
1.
  7
bzhz
 41
0.7
100
AcDbText
  0
TEXT
  5
DBB
330
17
100
AcDbEntity
  8
PUB_TAB
100
AcDbText
 10
-1983579.24227965
 20
-1300237.422354845
 30
0.0
 40
223.762176
  1
门窗所注尺寸均为洞口尺寸
  7
bzhz
 41
0.7
100
AcDbText
  0
TEXT
  5
DBC
330
17
100
AcDbEntity
  8
PUB_TAB
100
AcDbText
 10
-1983575.796890075
 20
-1300632.380234925
 30
0.0
 40
223.762176
  1
根据外装修材料及安装形式预留，实际
  7
bzhz
 41
0.7
100
AcDbText
  0
TEXT
  5
DBD
330
17
100
AcDbEntity
  8
PUB_TAB
100
AcDbText
 10
-1983711.494512246
 20
-1303062.422255683
 30
0.0
 40
223.762176
  1
5.
  7
bzhz
 41
0.7
100
AcDbText
  0
TEXT
  5
DBE
330
17
100
AcDbEntity
  8
PUB_TAB
100
AcDbText
 10
-1983543.672880246
 20
-1303062.422255683
 30
0.0
 40
223.762176
  1
面积大于
  7
bzhz
 41
0.7
100
AcDbText
  0
TEXT
  5
DBF
330
17
100
AcDbEntity
  8
PUB_TEXT
100
AcDbText
 10
-2046475.805718957
 20
-1268301.764061812
 30
0.0
 40
400.0
  1
混凝土墙体定位详见结构施工图
  7
bzhz
 41
0.7
100
AcDbText
  0
TEXT
  5
DC0
330
17
100
AcDbEntity
  8
PUB_TEXT
100
AcDbText
 10
-2042555.805718957
 20
-1268301.764061812
 30
0.0
 40
400.0
  1
,
  7
bzhz
 41
0.7
100
AcDbText
  0
TEXT
  5
DC1
330
17
100
AcDbEntity
  8
PUB_TEXT
100
AcDbText
 10
-2042455.805718957
 20
-1268301.764061812
 30
0.0
 40
400.0
  1
除特别注明外
  7
bzhz
 41
0.7
100
AcDbText
  0
TEXT
  5
DC2
330
17
100
AcDbEntity
  8
PUB_TEXT
100
AcDbText
 10
-2040775.805718957
 20
-1268301.764061812
 30
0.0
 40
400.0
  1
,
  7
bzhz
 41
0.7
100
AcDbText
  0
TEXT
  5
DC3
330
17
100
AcDbEntity
  8
PUB_TEXT
100
AcDbText
 10
-2046439.596278146
 20
-1268937.647741926
 30
0.0
 40
400.0
  1
填充墙墙体定位均轴线居中
  7
bzhz
 41
0.7
100
AcDbText
  0
TEXT
  5
DC4
330
17
100
AcDbEntity
  8
PUB_TEXT
100
AcDbText
 10
-2043079.596278146
 20
-1268937.647741926
 30
0.0
 40
400.0
  1
.
  7
bzhz
 41
0.7
100
AcDbText
  0
TEXT
  5
DC5
330
17
100
AcDbEntity
  8
PUB_TAB
100
AcDbText
 10
-1983081.293178714
 20
-1287299.693860488
 30
0.0
 40
147.2625
  1
FM3
  7
_TCH_WDTABLE
 41
0.7058823529411765
100
AcDbText
  0
LINE
  5
DC6
330
17
100
AcDbEntity
  8
WALL
100
AcDbLine
 10
-2023088.665221017
 20
-1288115.933370451
 30
0.0
 11
-2023818.665220686
 21
-1288115.933370451
 31
0.0
  0
LINE
  5
DC7
330
17
100
AcDbEntity
  8
WALL
100
AcDbLine
 10
-2023088.665221135
 20
-1287935.933370228
 30
0.0
 11
-2023998.665221175
 21
-1287935.933370451
 31
0.0
  0
LINE
  5
DC8
330
17
100
AcDbEntity
  8
WALL
100
AcDbLine
 10
-2022988.665221343
 20
-1289625.933370451
 30
0.0
 11
-2023818.665221035
 21
-1289625.933370451
 31
0.0
  0
LINE
  5
DC9
330
17
100
AcDbEntity
  8
WALL
100
AcDbLine
 10
-2023088.665221017
 20
-1289525.933370451
 30
0.0
 11
-2023818.665221748
 21
-1289525.933370451
 31
0.0
  0
TEXT
  5
DCA
330
17
100
AcDbEntity
  8
PUB_TAB
100
AcDbText
 10
-1983099.384866664
 20
-1299075.262460367
 30
0.0
 40
147.2625
  1
BYC9
  7
_TCH_WDTABLE
 41
0.7058823529411765
100
AcDbText
  0
TEXT
  5
DCB
330
17
100
AcDbEntity
  8
PUB_TAB
100
AcDbText
 10
-1983099.384866664
 20
-1298042.762460367
 30
0.0
 40
147.2625
  1
BYC6
  7
_TCH_WDTABLE
 41
0.7058823529411765
100
AcDbText
  0
ENDSEC
  0
SECTION
  2
OBJECTS
  0
DICTIONARY
  5
A
330
0
100
AcDbDictionary
281
1
  3
ACAD_COLOR
350
B
  3
ACAD_GROUP
350
C
  3
ACAD_LAYOUT
350
D
  3
ACAD_MATERIAL
350
E
  3
ACAD_MLEADERSTYLE
350
F
  3
ACAD_MLINESTYLE
350
10
  3
ACAD_PLOTSETTINGS
350
11
  3
ACAD_PLOTSTYLENAME
350
12
  3
ACAD_SCALELIST
350
14
  3
ACAD_TABLESTYLE
350
15
  3
ACAD_VISUALSTYLE
350
16
  3
EZDXF_META
350
2D
  0
DICTIONARY
  5
B
330
A
100
AcDbDictionary
281
1
  0
DICTIONARY
  5
C
330
A
100
AcDbDictionary
281
1
  0
DICTIONARY
  5
D
330
A
100
AcDbDictionary
281
1
  3
Model
350
1A
  3
Layout1
350
1E
  0
DICTIONARY
  5
E
330
A
100
AcDbDictionary
281
1
  3
ByBlock
350
1F
  3
ByLayer
350
20
  3
Global
350
21
  0
DICTIONARY
  5
F
330
A
100
AcDbDictionary
281
1
  3
Standard
350
2C
  0
DICTIONARY
  5
10
330
A
100
AcDbDictionary
281
1
  3
Standard
350
22
  0
DICTIONARY
  5
11
330
A
100
AcDbDictionary
281
1
  0
ACDBDICTIONARYWDFLT
  5
12
330
A
100
AcDbDictionary
281
1
  3
Normal
350
13
100
AcDbDictionaryWithDefault
340
13
  0
ACDBPLACEHOLDER
  5
13
330
12
  0
DICTIONARY
  5
14
330
A
100
AcDbDictionary
281
1
  0
DICTIONARY
  5
15
330
A
100
AcDbDictionary
281
1
  0
DICTIONARY
  5
16
330
A
100
AcDbDictionary
281
1
  0
LAYOUT
  5
1A
330
D
100
AcDbPlotSettings
  1

  4
A3
  6

 40
7.5
 41
20.0
 42
7.5
 43
20.0
 44
420.0
 45
297.0
 46
0.0
 47
0.0
 48
0.0
 49
0.0
140
0.0
141
0.0
142
1.0
143
1.0
 70
1024
 72
1
 73
0
 74
5
  7

 75
16
 76
0
 77
2
 78
300
147
1.0
148
0.0
149
0.0
100
AcDbLayout
  1
Model
 70
1
 71
0
 10
0.0
 20
0.0
 11
420.0
 21
297.0
 12
0.0
 22
0.0
 32
0.0
 14
1e+20
 24
1e+20
 34
1e+20
 15
-1e+20
 25
-1e+20
 35
-1e+20
146
0.0
 13
0.0
 23
0.0
 33
0.0
 16
1.0
 26
0.0
 36
0.0
 17
0.0
 27
1.0
 37
0.0
 76
1
330
17
  0
LAYOUT
  5
1E
330
D
100
AcDbPlotSettings
  1

  4
A3
  6

 40
7.5
 41
20.0
 42
7.5
 43
20.0
 44
420.0
 45
297.0
 46
0.0
 47
0.0
 48
0.0
 49
0.0
140
0.0
141
0.0
142
1.0
143
1.0
 70
0
 72
1
 73
0
 74
5
  7

 75
16
 76
0
 77
2
 78
300
147
1.0
148
0.0
149
0.0
100
AcDbLayout
  1
Layout1
 70
1
 71
1
 10
0.0
 20
0.0
 11
420.0
 21
297.0
 12
0.0
 22
0.0
 32
0.0
 14
1e+20
 24
1e+20
 34
1e+20
 15
-1e+20
 25
-1e+20
 35
-1e+20
146
0.0
 13
0.0
 23
0.0
 33
0.0
 16
1.0
 26
0.0
 36
0.0
 17
0.0
 27
1.0
 37
0.0
 76
1
330
1B
  0
MATERIAL
  5
1F
102
{ACAD_REACTORS
330
E
102
}
330
E
100
AcDbMaterial
  1
ByBlock
  2

 70
0
 40
1.0
 71
1
 41
1.0
 91
-1023410177
 42
1.0
 72
1
  3

 73
1
 74
1
 75
1
 44
0.5
 73
0
 45
1.0
 46
1.0
 77
1
  4

 78
1
 79
1
170
1
 48
1.0
171
1
  6

172
1
173
1
174
1
140
1.0
141
1.0
175
1
  7

176
1
177
1
178
1
143
1.0
179
1
  8

270
1
271
1
272
1
145
1.0
146
1.0
273
1
  9

274
1
275
1
276
1
 42
1.0
 72
1
  3

 73
1
 74
1
 75
1
 94
63
  0
MATERIAL
  5
20
102
{ACAD_REACTORS
330
E
102
}
330
E
100
AcDbMaterial
  1
ByLayer
  2

 70
0
 40
1.0
 71
1
 41
1.0
 91
-1023410177
 42
1.0
 72
1
  3

 73
1
 74
1
 75
1
 44
0.5
 73
0
 45
1.0
 46
1.0
 77
1
  4

 78
1
 79
1
170
1
 48
1.0
171
1
  6

172
1
173
1
174
1
140
1.0
141
1.0
175
1
  7

176
1
177
1
178
1
143
1.0
179
1
  8

270
1
271
1
272
1
145
1.0
146
1.0
273
1
  9

274
1
275
1
276
1
 42
1.0
 72
1
  3

 73
1
 74
1
 75
1
 94
63
  0
MATERIAL
  5
21
102
{ACAD_REACTORS
330
E
102
}
330
E
100
AcDbMaterial
  1
Global
  2

 70
0
 40
1.0
 71
1
 41
1.0
 91
-1023410177
 42
1.0
 72
1
  3

 73
1
 74
1
 75
1
 44
0.5
 73
0
 45
1.0
 46
1.0
 77
1
  4

 78
1
 79
1
170
1
 48
1.0
171
1
  6

172
1
173
1
174
1
140
1.0
141
1.0
175
1
  7

176
1
177
1
178
1
143
1.0
179
1
  8

270
1
271
1
272
1
145
1.0
146
1.0
273
1
  9

274
1
275
1
276
1
 42
1.0
 72
1
  3

 73
1
 74
1
 75
1
 94
63
  0
MLINESTYLE
  5
22
102
{ACAD_REACTORS
330
10
102
}
330
10
100
AcDbMlineStyle
  2
Standard
 70
0
  3

 62
256
 51
90.0
 52
90.0
 71
2
 49
0.5
 62
256
  6
BYLAYER
 49
-0.5
 62
256
  6
BYLAYER
  0
MLEADERSTYLE
  5
2C
102
{ACAD_REACTORS
330
F
102
}
330
F
100
AcDbMLeaderStyle
179
2
170
2
171
1
172
0
 90
2
 40
0.0
 41
0.0
173
1
 91
-1056964608
 92
-2
290
1
 42
2.0
291
1
 43
8.0
  3
Standard
 44
4.0
300

342
29
174
1
175
1
176
0
178
1
 93
-1056964608
 45
4.0
292
0
297
0
 46
4.0
 94
-1056964608
 47
1.0
 49
1.0
140
1.0
294
1
141
0.0
177
0
142
1.0
295
0
296
0
143
3.75
271
0
272
9
273
9
  0
DICTIONARY
  5
2D
330
A
100
AcDbDictionary
280
1
281
1
  3
CREATED_BY_EZDXF
350
2E
  3
WRITTEN_BY_EZDXF
350
1103
  0
DICTIONARYVAR
  5
2E
330
2D
100
DictionaryVariables
280
0
  1
1.4.4 @ 2026-08-13T03:23:15.437115+00:00
  0
DICTIONARY
  5
106
330
104
100
AcDbDictionary
280
1
281
1
  0
DICTIONARY
  5
10B
330
109
100
AcDbDictionary
280
1
281
1
  0
DICTIONARY
  5
113
330
111
100
AcDbDictionary
280
1
281
1
  0
DICTIONARY
  5
118
330
116
100
AcDbDictionary
280
1
281
1
  0
DICTIONARY
  5
1C1
330
1BF
100
AcDbDictionary
280
1
281
1
  0
DICTIONARY
  5
1C5
330
1C3
100
AcDbDictionary
280
1
281
1
  0
DICTIONARY
  5
1CB
330
1C9
100
AcDbDictionary
280
1
281
1
  0
DICTIONARY
  5
1CF
330
1CD
100
AcDbDictionary
280
1
281
1
  0
DICTIONARY
  5
1D3
330
1D1
100
AcDbDictionary
280
1
281
1
  0
DICTIONARY
  5
1D6
330
1D4
100
AcDbDictionary
280
1
281
1
  0
DICTIONARY
  5
1F0
330
1EE
100
AcDbDictionary
280
1
281
1
  0
DICTIONARY
  5
1F3
330
1F1
100
AcDbDictionary
280
1
281
1
  0
DICTIONARY
  5
210
330
20E
100
AcDbDictionary
280
1
281
1
  0
DICTIONARY
  5
214
330
212
100
AcDbDictionary
280
1
281
1
  0
DICTIONARY
  5
21A
330
218
100
AcDbDictionary
280
1
281
1
  0
DICTIONARY
  5
21E
330
21C
100
AcDbDictionary
280
1
281
1
  0
DICTIONARY
  5
222
330
220
100
AcDbDictionary
280
1
281
1
  0
DICTIONARY
  5
225
330
223
100
AcDbDictionary
280
1
281
1
  0
DICTIONARY
  5
23F
330
23D
100
AcDbDictionary
280
1
281
1
  0
DICTIONARY
  5
242
330
240
100
AcDbDictionary
280
1
281
1
  0
DICTIONARY
  5
2C7
330
2C5
100
AcDbDictionary
280
1
281
1
  0
DICTIONARY
  5
2CA
330
2C8
100
AcDbDictionary
280
1
281
1
  0
DICTIONARY
  5
2CD
330
2CB
100
AcDbDictionary
280
1
281
1
  0
DICTIONARY
  5
2D0
330
2CE
100
AcDbDictionary
280
1
281
1
  0
DICTIONARY
  5
2D5
330
2D3
100
AcDbDictionary
280
1
281
1
  0
DICTIONARY
  5
2D8
330
2D6
100
AcDbDictionary
280
1
281
1
  0
DICTIONARY
  5
2DB
330
2D9
100
AcDbDictionary
280
1
281
1
  0
DICTIONARY
  5
2DE
330
2DC
100
AcDbDictionary
280
1
281
1
  0
DICTIONARY
  5
317
330
315
100
AcDbDictionary
280
1
281
1
  0
DICTIONARY
  5
31A
330
318
100
AcDbDictionary
280
1
281
1
  0
DICTIONARY
  5
31F
330
31D
100
AcDbDictionary
280
1
281
1
  0
DICTIONARY
  5
323
330
321
100
AcDbDictionary
280
1
281
1
  0
DICTIONARY
  5
327
330
325
100
AcDbDictionary
280
1
281
1
  0
DICTIONARY
  5
32B
330
329
100
AcDbDictionary
280
1
281
1
  0
DICTIONARY
  5
32F
330
32D
100
AcDbDictionary
280
1
281
1
  0
DICTIONARY
  5
333
330
331
100
AcDbDictionary
280
1
281
1
  0
DICTIONARY
  5
433
330
431
100
AcDbDictionary
280
1
281
1
  0
DICTIONARY
  5
436
330
434
100
AcDbDictionary
280
1
281
1
  0
DICTIONARYVAR
  5
1103
330
2D
100
DictionaryVariables
280
0
  1
1.4.4 @ 2026-08-13T03:23:15.553566+00:00
  0
ENDSEC
  0
EOF
