  0
SECTION
  2
HEADER
  9
$ACADVER
  1
AC1032
  9
$ACADMAINTVER
 90
4
  9
$DWGCODEPAGE
  3
ANSI_1252
  9
$LASTSAVEDBY
  1
ezdxf
  9
$REQUIREDVERSIONS
160
0
  9
$INSBASE
 10
0.0
 20
0.0
 30
0.0
  9
$EXTMIN
 10
1e+20
 20
1e+20
 30
1e+20
  9
$EXTMAX
 10
-1e+20
 20
-1e+20
 30
-1e+20
  9
$LIMMIN
 10
0.0
 20
0.0
  9
$LIMMAX
 10
420.0
 20
297.0
  9
$ORTHOMODE
 70
0
  9
$REGENMODE
 70
1
  9
$FILLMODE
 70
1
  9
$QTEXTMODE
 70
0
  9
$MIRRTEXT
 70
1
  9
$LTSCALE
 40
1.0
  9
$ATTMODE
 70
1
  9
$TEXTSIZE
 40
2.5
  9
$TRACEWID
 40
1.0
  9
$TEXTSTYLE
  7
Standard
  9
$CLAYER
  8
0
  9
$CELTYPE
  6
ByLayer
  9
$CECOLOR
 62
256
  9
$CELTSCALE
 40
1.0
  9
$DISPSILH
 70
0
  9
$DIMSCALE
 40
1.0
  9
$DIMASZ
 40
2.5
  9
$DIMEXO
 40
0.625
  9
$DIMDLI
 40
3.75
  9
$DIMRND
 40
0.0
  9
$DIMDLE
 40
0.0
  9
$DIMEXE
 40
1.25
  9
$DIMTP
 40
0.0
  9
$DIMTM
 40
0.0
  9
$DIMTXT
 40
2.5
  9
$DIMCEN
 40
2.5
  9
$DIMTSZ
 40
0.0
  9
$DIMTOL
 70
0
  9
$DIMLIM
 70
0
  9
$DIMTIH
 70
0
  9
$DIMTOH
 70
0
  9
$DIMSE1
 70
0
  9
$DIMSE2
 70
0
  9
$DIMTAD
 70
1
  9
$DIMZIN
 70
8
  9
$DIMBLK
  1

  9
$DIMASO
 70
1
  9
$DIMSHO
 70
1
  9
$DIMPOST
  1

  9
$DIMAPOST
  1

  9
$DIMALT
 70
0
  9
$DIMALTD
 70
3
  9
$DIMALTF
 40
0.03937007874
  9
$DIMLFAC
 40
1.0
  9
$DIMTOFL
 70
1
  9
$DIMTVP
 40
0.0
  9
$DIMTIX
 70
0
  9
$DIMSOXD
 70
0
  9
$DIMSAH
 70
0
  9
$DIMBLK1
  1

  9
$DIMBLK2
  1

  9
$DIMSTYLE
  2
ISO-25
  9
$DIMCLRD
 70
0
  9
$DIMCLRE
 70
0
  9
$DIMCLRT
 70
0
  9
$DIMTFAC
 40
1.0
  9
$DIMGAP
 40
0.625
  9
$DIMJUST
 70
0
  9
$DIMSD1
 70
0
  9
$DIMSD2
 70
0
  9
$DIMTOLJ
 70
0
  9
$DIMTZIN
 70
8
  9
$DIMALTZ
 70
0
  9
$DIMALTTZ
 70
0
  9
$DIMUPT
 70
0
  9
$DIMDEC
 70
2
  9
$DIMTDEC
 70
2
  9
$DIMALTU
 70
2
  9
$DIMALTTD
 70
3
  9
$DIMTXSTY
  7
Standard
  9
$DIMAUNIT
 70
0
  9
$DIMADEC
 70
0
  9
$DIMALTRND
 40
0.0
  9
$DIMAZIN
 70
0
  9
$DIMDSEP
 70
44
  9
$DIMATFIT
 70
3
  9
$DIMFRAC
 70
0
  9
$DIMLDRBLK
  1

  9
$DIMLUNIT
 70
2
  9
$DIMLWD
 70
-2
  9
$DIMLWE
 70
-2
  9
$DIMTMOVE
 70
0
  9
$DIMFXL
 40
1.0
  9
$DIMFXLON
 70
0
  9
$DIMJOGANG
 40
0.785398163397
  9
$DIMTFILL
 70
0
  9
$DIMTFILLCLR
 70
0
  9
$DIMARCSYM
 70
0
  9
$DIMLTYPE
  6

  9
$DIMLTEX1
  6

  9
$DIMLTEX2
  6

  9
$DIMTXTDIRECTION
 70
0
  9
$LUNITS
 70
2
  9
$LUPREC
 70
4
  9
$SKETCHINC
 40
1.0
  9
$FILLETRAD
 40
10.0
  9
$AUNITS
 70
0
  9
$AUPREC
 70
2
  9
$MENU
  1
.
  9
$ELEVATION
 40
0.0
  9
$PELEVATION
 40
0.0
  9
$THICKNESS
 40
0.0
  9
$LIMCHECK
 70
0
  9
$CHAMFERA
 40
0.0
  9
$CHAMFERB
 40
0.0
  9
$CHAMFERC
 40
0.0
  9
$CHAMFERD
 40
0.0
  9
$SKPOLY
 70
0
  9
$TDCREATE
 40
2461265.636435185
  9
$TDUCREATE
 40
2458532.153996898
  9
$TDUPDATE
 40
2461265.636435185
  9
$TDUUPDATE
 40
2458532.1544311
  9
$TDINDWG
 40
0.0
  9
$TDUSRTIMER
 40
0.0
  9
$USRTIMER
 70
1
  9
$ANGBASE
 50
0.0
  9
$ANGDIR
 70
0
  9
$PDMODE
 70
0
  9
$PDSIZE
 40
0.0
  9
$PLINEWID
 40
0.0
  9
$SPLFRAME
 70
0
  9
$SPLINETYPE
 70
6
  9
$SPLINESEGS
 70
8
  9
$HANDSEED
  5
B8C
  9
$SURFTAB1
 70
6
  9
$SURFTAB2
 70
6
  9
$SURFTYPE
 70
6
  9
$SURFU
 70
6
  9
$SURFV
 70
6
  9
$UCSBASE
  2

  9
$UCSNAME
  2

  9
$UCSORG
 10
0.0
 20
0.0
 30
0.0
  9
$UCSXDIR
 10
1.0
 20
0.0
 30
0.0
  9
$UCSYDIR
 10
0.0
 20
1.0
 30
0.0
  9
$UCSORTHOREF
  2

  9
$UCSORTHOVIEW
 70
0
  9
$UCSORGTOP
 10
0.0
 20
0.0
 30
0.0
  9
$UCSORGBOTTOM
 10
0.0
 20
0.0
 30
0.0
  9
$UCSORGLEFT
 10
0.0
 20
0.0
 30
0.0
  9
$UCSORGRIGHT
 10
0.0
 20
0.0
 30
0.0
  9
$UCSORGFRONT
 10
0.0
 20
0.0
 30
0.0
  9
$UCSORGBACK
 10
0.0
 20
0.0
 30
0.0
  9
$PUCSBASE
  2

  9
$PUCSNAME
  2

  9
$PUCSORG
 10
0.0
 20
0.0
 30
0.0
  9
$PUCSXDIR
 10
1.0
 20
0.0
 30
0.0
  9
$PUCSYDIR
 10
0.0
 20
1.0
 30
0.0
  9
$PUCSORTHOREF
  2

  9
$PUCSORTHOVIEW
 70
0
  9
$PUCSORGTOP
 10
0.0
 20
0.0
 30
0.0
  9
$PUCSORGBOTTOM
 10
0.0
 20
0.0
 30
0.0
  9
$PUCSORGLEFT
 10
0.0
 20
0.0
 30
0.0
  9
$PUCSORGRIGHT
 10
0.0
 20
0.0
 30
0.0
  9
$PUCSORGFRONT
 10
0.0
 20
0.0
 30
0.0
  9
$PUCSORGBACK
 10
0.0
 20
0.0
 30
0.0
  9
$USERI1
 70
0
  9
$USERI2
 70
0
  9
$USERI3
 70
0
  9
$USERI4
 70
0
  9
$USERI5
 70
0
  9
$USERR1
 40
0.0
  9
$USERR2
 40
0.0
  9
$USERR3
 40
0.0
  9
$USERR4
 40
0.0
  9
$USERR5
 40
0.0
  9
$WORLDVIEW
 70
1
  9
$SHADEDGE
 70
3
  9
$SHADEDIF
 70
70
  9
$TILEMODE
 70
1
  9
$MAXACTVP
 70
64
  9
$PINSBASE
 10
0.0
 20
0.0
 30
0.0
  9
$PLIMCHECK
 70
0
  9
$PEXTMIN
 10
1e+20
 20
1e+20
 30
1e+20
  9
$PEXTMAX
 10
-1e+20
 20
-1e+20
 30
-1e+20
  9
$PLIMMIN
 10
0.0
 20
0.0
  9
$PLIMMAX
 10
420.0
 20
297.0
  9
$UNITMODE
 70
0
  9
$VISRETAIN
 70
1
  9
$PLINEGEN
 70
0
  9
$PSLTSCALE
 70
1
  9
$TREEDEPTH
 70
3020
  9
$CMLSTYLE
  2
Standard
  9
$CMLJUST
 70
0
  9
$CMLSCALE
 40
20.0
  9
$PROXYGRAPHICS
 70
1
  9
$MEASUREMENT
 70
1
  9
$CELWEIGHT
370
-1
  9
$ENDCAPS
280
0
  9
$JOINSTYLE
280
0
  9
$LWDISPLAY
290
0
  9
$INSUNITS
 70
6
  9
$HYPERLINKBASE
  1

  9
$STYLESHEET
  1

  9
$XEDIT
290
1
  9
$CEPSNTYPE
380
0
  9
$PSTYLEMODE
290
1
  9
$FINGERPRINTGUID
  2
{AFD23FF5-26AC-4E92-8B65-A3F48117E121}
  9
$VERSIONGUID
  2
{623A98CB-B3FF-43C0-86C3-C2B5CB96BA44}
  9
$EXTNAMES
290
1
  9
$PSVPSCALE
 40
0.0
  9
$OLESTARTUP
290
0
  9
$SORTENTS
280
127
  9
$INDEXCTL
280
0
  9
$HIDETEXT
280
1
  9
$XCLIPFRAME
280
1
  9
$HALOGAP
280
0
  9
$OBSCOLOR
 70
257
  9
$OBSLTYPE
280
0
  9
$INTERSECTIONDISPLAY
280
0
  9
$INTERSECTIONCOLOR
 70
257
  9
$DIMASSOC
280
2
  9
$PROJECTNAME
  1

  9
$CAMERADISPLAY
290
0
  9
$LENSLENGTH
 40
50.0
  9
$CAMERAHEIGHT
 40
0.0
  9
$STEPSPERSEC
 40
24.0
  9
$STEPSIZE
 40
100.0
  9
$3DDWFPREC
 40
2.0
  9
$PSOLWIDTH
 40
0.005
  9
$PSOLHEIGHT
 40
0.08
  9
$LOFTANG1
 40
1.570796326795
  9
$LOFTANG2
 40
1.570796326795
  9
$LOFTMAG1
 40
0.0
  9
$LOFTMAG2
 40
0.0
  9
$LOFTPARAM
 70
7
  9
$LOFTNORMALS
280
1
  9
$LATITUDE
 40
37.795
  9
$LONGITUDE
 40
-122.394
  9
$NORTHDIRECTION
 40
0.0
  9
$TIMEZONE
 70
-8000
  9
$LIGHTGLYPHDISPLAY
280
1
  9
$TILEMODELIGHTSYNCH
280
1
  9
$CMATERIAL
347
20
  9
$SOLIDHIST
280
0
  9
$SHOWHIST
280
1
  9
$DWFFRAME
280
2
  9
$DGNFRAME
280
2
  9
$REALWORLDSCALE
290
1
  9
$INTERFERECOLOR
 62
256
  9
$CSHADOW
280
0
  9
$SHADOWPLANELOCATION
 40
0.0
  0
ENDSEC
  0
SECTION
  2
CLASSES
  0
CLASS
  1
ACDBDICTIONARYWDFLT
  2
AcDbDictionaryWithDefault
  3
ObjectDBX Classes
 90
0
 91
0
280
0
281
0
  0
CLASS
  1
SUN
  2
AcDbSun
  3
SCENEOE
 90
1153
 91
0
280
0
281
0
  0
CLASS
  1
VISUALSTYLE
  2
AcDbVisualStyle
  3
ObjectDBX Classes
 90
4095
 91
0
280
0
281
0
  0
CLASS
  1
MATERIAL
  2
AcDbMaterial
  3
ObjectDBX Classes
 90
1153
 91
0
280
0
281
0
  0
CLASS
  1
SCALE
  2
AcDbScale
  3
ObjectDBX Classes
 90
1153
 91
0
280
0
281
0
  0
CLASS
  1
TABLESTYLE
  2
AcDbTableStyle
  3
ObjectDBX Classes
 90
4095
 91
0
280
0
281
0
  0
CLASS
  1
MLEADERSTYLE
  2
AcDbMLeaderStyle
  3
ACDB_MLEADERSTYLE_CLASS
 90
4095
 91
0
280
0
281
0
  0
CLASS
  1
DICTIONARYVAR
  2
AcDbDictionaryVar
  3
ObjectDBX Classes
 90
0
 91
0
280
0
281
0
  0
CLASS
  1
CELLSTYLEMAP
  2
AcDbCellStyleMap
  3
ObjectDBX Classes
 90
1152
 91
0
280
0
281
0
  0
CLASS
  1
MENTALRAYRENDERSETTINGS
  2
AcDbMentalRayRenderSettings
  3
SCENEOE
 90
1024
 91
0
280
0
281
0
  0
CLASS
  1
ACDBDETAILVIEWSTYLE
  2
AcDbDetailViewStyle
  3
ObjectDBX Classes
 90
1025
 91
0
280
0
281
0
  0
CLASS
  1
ACDBSECTIONVIEWSTYLE
  2
AcDbSectionViewStyle
  3
ObjectDBX Classes
 90
1025
 91
0
280
0
281
0
  0
CLASS
  1
RASTERVARIABLES
  2
AcDbRasterVariables
  3
ISM
 90
0
 91
0
280
0
281
0
  0
CLASS
  1
LAYOUT
  2
AcDbLayout
  3
ObjectDBX Classes
 90
0
 91
0
280
0
281
0
  0
CLASS
  1
ACDBPLACEHOLDER
  2
AcDbPlaceHolder
  3
ObjectDBX Classes
 90
0
 91
0
280
0
281
0
  0
ENDSEC
  0
SECTION
  2
TABLES
  0
TABLE
  2
VPORT
  5
8
330
0
100
AcDbSymbolTable
 70
1
  0
VPORT
  5
23
330
8
100
AcDbSymbolTableRecord
100
AcDbViewportTableRecord
  2
*Active
 70
0
 10
0.0
 20
0.0
 11
1.0
 21
1.0
 12
0.0
 22
0.0
 13
0.0
 23
0.0
 14
0.5
 24
0.5
 15
0.5
 25
0.5
 16
0.0
 26
0.0
 36
1.0
 17
0.0
 27
0.0
 37
0.0
 40
1000.0
 41
1.34
 42
50.0
 43
0.0
 44
0.0
 50
0.0
 51
0.0
 71
0
 72
1000
 73
1
 74
3
 75
0
 76
0
 77
0
 78
0
281
0
 65
0
146
0.0
  0
ENDTAB
  0
TABLE
  2
LTYPE
  5
2
330
0
100
AcDbSymbolTable
 70
6
  0
LTYPE
  5
24
330
2
100
AcDbSymbolTableRecord
100
AcDbLinetypeTableRecord
  2
ByBlock
 70
0
  3

 72
65
 73
0
 40
0.0
  0
LTYPE
  5
25
330
2
100
AcDbSymbolTableRecord
100
AcDbLinetypeTableRecord
  2
ByLayer
 70
0
  3

 72
65
 73
0
 40
0.0
  0
LTYPE
  5
26
330
2
100
AcDbSymbolTableRecord
100
AcDbLinetypeTableRecord
  2
Continuous
 70
0
  3

 72
65
 73
0
 40
0.0
  0
LTYPE
  5
B7C
330
2
100
AcDbSymbolTableRecord
100
AcDbLinetypeTableRecord
  2
DOTE
 70
0
  3
____ . ____ . ____ . ____ . ____ . ____ . ____ 
 72
65
 73
4
 40
2.42
 49
2.0
 74
0
 49
-0.2
 74
0
 49
0.02
 74
0
 49
-0.2
 74
0
  0
LTYPE
  5
B7D
330
2
100
AcDbSymbolTableRecord
100
AcDbLinetypeTableRecord
  2
DASH
 70
0
  3
__ __ __ __ __ __ __ __ __ __ __ __ __ __ __ __
 72
65
 73
2
 40
0.35
 49
0.25
 74
0
 49
-0.1
 74
0
  0
LTYPE
  5
B7E
330
2
100
AcDbSymbolTableRecord
100
AcDbLinetypeTableRecord
  2
DASH_50
 70
0
  3

 72
65
 73
2
 40
0.175
 49
0.125
 74
0
 49
-0.05
 74
0
  0
ENDTAB
  0
TABLE
  2
LAYER
  5
1
330
0
100
AcDbSymbolTable
 70
27
  0
LAYER
  5
27
330
1
100
AcDbSymbolTableRecord
100
AcDbLayerTableRecord
  2
0
 70
0
 62
7
  6
Continuous
370
-3
390
13
347
21
  0
LAYER
  5
28
330
1
100
AcDbSymbolTableRecord
100
AcDbLayerTableRecord
  2
Defpoints
 70
0
 62
7
  6
Continuous
290
0
370
-3
390
13
347
21
  0
LAYER
  5
B63
330
1
100
AcDbSymbolTableRecord
100
AcDbLayerTableRecord
  2
PAISHUI
 70
0
 62
150
  6
CONTINUOUS
370
-3
390
13
347
21
348
0
  0
LAYER
  5
B64
330
1
100
AcDbSymbolTableRecord
100
AcDbLayerTableRecord
  2
AXIS_TEXT
 70
0
 62
7
  6
CONTINUOUS
370
-3
390
13
347
21
348
0
  0
LAYER
  5
B65
330
1
100
AcDbSymbolTableRecord
100
AcDbLayerTableRecord
  2
BALCONY
 70
0
 62
6
  6
CONTINUOUS
370
-3
390
13
347
21
348
0
  0
LAYER
  5
B66
330
1
100
AcDbSymbolTableRecord
100
AcDbLayerTableRecord
  2
门窗名
 70
0
 62
6
  6
CONTINUOUS
370
-3
390
13
347
21
348
0
  0
LAYER
  5
B67
330
1
100
AcDbSymbolTableRecord
100
AcDbLayerTableRecord
  2
WINDOW
 70
0
 62
4
  6
CONTINUOUS
370
-3
390
13
347
21
348
0
  0
LAYER
  5
B68
330
1
100
AcDbSymbolTableRecord
100
AcDbLayerTableRecord
  2
PUB_TEXT
 70
0
 62
7
  6
CONTINUOUS
370
-3
390
13
347
21
348
0
  0
LAYER
  5
B69
330
1
100
AcDbSymbolTableRecord
100
AcDbLayerTableRecord
  2
门窗尺寸
 70
0
 62
43
  6
CONTINUOUS
370
-3
390
13
347
21
348
0
  0
LAYER
  5
B6A
330
1
100
AcDbSymbolTableRecord
100
AcDbLayerTableRecord
  2
XIANJIAO
 70
0
 62
213
  6
CONTINUOUS
370
-3
390
13
347
21
348
0
  0
LAYER
  5
B6B
330
1
100
AcDbSymbolTableRecord
100
AcDbLayerTableRecord
  2
COLUMN1
 70
0
 62
2
  6
CONTINUOUS
370
-3
390
13
347
21
348
0
  0
LAYER
  5
B6C
330
1
100
AcDbSymbolTableRecord
100
AcDbLayerTableRecord
  2
STAIR
 70
0
 62
9
  6
CONTINUOUS
370
-3
390
13
347
21
348
0
  0
LAYER
  5
B6D
330
1
100
AcDbSymbolTableRecord
100
AcDbLayerTableRecord
  2
TK
 70
0
 62
7
  6
CONTINUOUS
370
-3
390
13
347
21
348
0
  0
LAYER
  5
B6E
330
1
100
AcDbSymbolTableRecord
100
AcDbLayerTableRecord
  2
COLUMN
 70
0
 62
7
  6
CONTINUOUS
370
-3
390
13
347
21
348
0
  0
LAYER
  5
B6F
330
1
100
AcDbSymbolTableRecord
100
AcDbLayerTableRecord
  2
WALL
 70
0
 62
2
  6
CONTINUOUS
370
-3
390
13
347
21
348
0
  0
LAYER
  5
B70
330
1
100
AcDbSymbolTableRecord
100
AcDbLayerTableRecord
  2
内墙尺寸
 70
0
 62
62
  6
CONTINUOUS
370
-3
390
13
347
21
348
0
  0
LAYER
  5
B71
330
1
100
AcDbSymbolTableRecord
100
AcDbLayerTableRecord
  2
空调
 70
0
 62
5
  6
CONTINUOUS
290
0
370
-3
390
13
347
21
348
0
  0
LAYER
  5
B72
330
1
100
AcDbSymbolTableRecord
100
AcDbLayerTableRecord
  2
LVTRY
 70
0
 62
155
  6
CONTINUOUS
370
-3
390
13
347
21
348
0
  0
LAYER
  5
B73
330
1
100
AcDbSymbolTableRecord
100
AcDbLayerTableRecord
  2
AXIS
 70
0
 62
3
  6
CONTINUOUS
370
-3
390
13
347
21
348
0
  0
LAYER
  5
B74
330
1
100
AcDbSymbolTableRecord
100
AcDbLayerTableRecord
  2
内隔墙
 70
0
 62
8
  6
DASH
370
-3
390
13
347
21
348
0
  0
LAYER
  5
B75
330
1
100
AcDbSymbolTableRecord
100
AcDbLayerTableRecord
  2
PUB_DIM
 70
0
 62
3
  6
CONTINUOUS
370
-3
390
13
347
21
348
0
  0
LAYER
  5
B76
330
1
100
AcDbSymbolTableRecord
100
AcDbLayerTableRecord
  2
GROUND
 70
0
 62
5
  6
CONTINUOUS
370
-3
390
13
347
21
348
0
  0
LAYER
  5
B77
330
1
100
AcDbSymbolTableRecord
100
AcDbLayerTableRecord
  2
AREA
 70
0
 62
3
  6
CONTINUOUS
370
-3
390
13
347
21
348
0
  0
LAYER
  5
B78
330
1
100
AcDbSymbolTableRecord
100
AcDbLayerTableRecord
  2
TEXT
 70
0
 62
7
  6
CONTINUOUS
370
-3
390
13
347
21
348
0
  0
LAYER
  5
B79
330
1
100
AcDbSymbolTableRecord
100
AcDbLayerTableRecord
  2
WINDOW_TEXT
 70
0
 62
6
  6
CONTINUOUS
370
-3
390
13
347
21
348
0
  0
LAYER
  5
B7A
330
1
100
AcDbSymbolTableRecord
100
AcDbLayerTableRecord
  2
DOTE
 70
0
 62
1
  6
DOTE
370
-3
390
13
347
21
348
0
  0
LAYER
  5
B7B
330
1
100
AcDbSymbolTableRecord
100
AcDbLayerTableRecord
  2
PAIQI
 70
0
 62
6
  6
CONTINUOUS
370
-3
390
13
347
21
348
0
  0
ENDTAB
  0
TABLE
  2
STYLE
  5
5
330
0
100
AcDbSymbolTable
 70
11
  0
STYLE
  5
29
330
5
100
AcDbSymbolTableRecord
100
AcDbTextStyleTableRecord
  2
Standard
 70
0
 40
0.0
 41
1.0
 50
0.0
 71
0
 42
2.5
  3
txt
  4

  0
STYLE
  5
B7F
330
5
100
AcDbSymbolTableRecord
100
AcDbTextStyleTableRecord
  2
STYLE3
 70
0
 40
0.0
 41
0.8
 50
0.0
 71
0
 42
9.648029241710901
  3
txt.shx
  4
ht64s.shx
  0
STYLE
  5
B80
330
5
100
AcDbSymbolTableRecord
100
AcDbTextStyleTableRecord
  2
HZ
 70
0
 40
0.0
 41
1.0
 50
0.0
 71
0
 42
3.508514053963367
  3
txt.shx
  4
hztxt.shx
  0
STYLE
  5
B81
330
5
100
AcDbSymbolTableRecord
100
AcDbTextStyleTableRecord
  2
SIMPLEX
 70
0
 40
0.0
 41
1.0
 50
0.0
 71
0
 42
0.2
  3
SIMPLEX.SHX
  4

  0
STYLE
  5
B82
330
5
100
AcDbSymbolTableRecord
100
AcDbTextStyleTableRecord
  2
DIM_FONT
 70
0
 40
0.0
 41
0.8
 50
0.0
 71
0
 42
500.0
  3
simplex.shx
  4

  0
STYLE
  5
B83
330
5
100
AcDbSymbolTableRecord
100
AcDbTextStyleTableRecord
  2
_HZTXT
 70
0
 40
0.0
 41
0.8
 50
0.0
 71
0
 42
2.5
  3
txt.shx
  4
HZTXT.shx
  0
STYLE
  5
B84
330
5
100
AcDbSymbolTableRecord
100
AcDbTextStyleTableRecord
  2
HZTXT
 70
0
 40
0.0
 41
0.8
 50
0.0
 71
0
 42
400.0
  3
txt.shx
  4
hztxt.shx
  0
STYLE
  5
B85
330
5
100
AcDbSymbolTableRecord
100
AcDbTextStyleTableRecord
  2
H1
 70
0
 40
0.0
 41
1.0
 50
0.0
 71
0
 42
5.0
  3

  4

  0
STYLE
  5
B86
330
5
100
AcDbSymbolTableRecord
100
AcDbTextStyleTableRecord
  2
HZTXTE
 70
0
 40
0.0
 41
1.0
 50
0.0
 71
0
 42
350.0
  3
COMPLEX
  4
HZTXTE
  0
STYLE
  5
B87
330
5
100
AcDbSymbolTableRecord
100
AcDbTextStyleTableRecord
  2
COMP
 70
0
 40
0.0
 41
1.0
 50
0.0
 71
0
 42
0.34
  3
COMPLEX
  4
hztxt
  0
STYLE
  5
B88
330
5
100
AcDbSymbolTableRecord
100
AcDbTextStyleTableRecord
  2
COMPLEX
 70
0
 40
0.0
 41
1.0
 50
0.0
 71
0
 42
800.0
  3
COMPLEX
  4

  0
ENDTAB
  0
TABLE
  2
VIEW
  5
7
330
0
100
AcDbSymbolTable
 70
0
  0
ENDTAB
  0
TABLE
  2
UCS
  5
6
330
0
100
AcDbSymbolTable
 70
0
  0
ENDTAB
  0
TABLE
  2
APPID
  5
3
330
0
100
AcDbSymbolTable
 70
3
  0
APPID
  5
2A
330
3
100
AcDbSymbolTableRecord
100
AcDbRegAppTableRecord
  2
ACAD
 70
0
  0
APPID
  5
B89
330
3
100
AcDbSymbolTableRecord
100
AcDbRegAppTableRecord
  2
HATCHBACKGROUNDCOLOR
 70
0
  0
APPID
  5
B8A
330
3
100
AcDbSymbolTableRecord
100
AcDbRegAppTableRecord
  2
EZDXF
 70
0
  0
ENDTAB
  0
TABLE
  2
DIMSTYLE
  5
4
330
0
100
AcDbSymbolTable
 70
5
100
AcDbDimStyleTable
  0
DIMSTYLE
105
2B
330
4
100
AcDbSymbolTableRecord
100
AcDbDimStyleTableRecord
  2
Standard
 70
0
 40
1.0
 41
2.5
 42
0.625
 43
3.75
 44
1.25
 45
0.0
 46
0.0
 47
0.0
 48
0.0
 49
2.5
140
2.5
141
2.5
142
0.0
143
0.03937007874
144
1.0
145
0.0
146
1.0
147
0.625
148
0.0
 69
0
 70
0
 71
0
 72
0
 73
0
 74
0
 75
0
 76
0
 77
1
 78
8
 79
3
170
0
171
3
172
1
173
0
174
0
175
0
176
0
177
0
178
0
179
2
271
2
272
2
273
2
274
3
275
0
276
0
277
2
278
44
279
0
280
0
281
0
282
0
283
0
284
8
285
0
286
0
288
0
289
3
290
0
371
-2
372
-2
  0
DIMSTYLE
105
B5F
330
4
100
AcDbSymbolTableRecord
100
AcDbDimStyleTableRecord
  2
DIMN
 70
0
 40
1.0
 41
1.0
 42
300.0
 43
0.0
 44
250.0
 45
0.0
 46
0.0
 47
0.0
 48
0.0
 49
2.5
140
300.0
141
0.0
142
0.0
143
0.03937007874
144
1.0
145
0.0
146
1.0
147
150.0
148
0.0
 69
0
 70
0
 71
0
 72
0
 73
0
 74
0
 75
0
 76
0
 77
1
 78
8
 79
3
170
0
171
3
172
1
173
0
174
1
175
0
176
0
177
0
178
7
179
2
271
0
272
0
273
2
274
3
275
0
276
0
277
2
278
44
279
2
280
0
281
0
282
0
283
0
284
8
285
0
286
0
288
0
289
3
290
0
340
B82
341
42
342
42
343
42
344
42
371
-2
372
-2
  0
DIMSTYLE
105
B60
330
4
100
AcDbSymbolTableRecord
100
AcDbDimStyleTableRecord
  2
DIMA
 70
0
 40
1.0
 41
1.0
 42
300.0
 43
0.0
 44
250.0
 45
0.0
 46
0.0
 47
0.0
 48
0.0
 49
2.5
140
300.0
141
0.0
142
0.0
143
0.03937007874
144
1.0
145
0.0
146
1.0
147
150.0
148
0.0
 69
0
 70
0
 71
0
 72
0
 73
0
 74
0
 75
1
 76
0
 77
1
 78
8
 79
3
170
0
171
3
172
1
173
0
174
1
175
0
176
0
177
0
178
7
179
2
271
0
272
0
273
2
274
3
275
0
276
0
277
2
278
44
279
2
280
0
281
0
282
0
283
0
284
8
285
0
286
0
288
0
289
3
290
0
340
B82
341
42
342
42
343
42
344
42
371
-2
372
-2
  0
DIMSTYLE
105
B61
330
4
100
AcDbSymbolTableRecord
100
AcDbDimStyleTableRecord
  2
AXIS
 70
0
 40
1.0
 41
1.0
 42
300.0
 43
0.0
 44
250.0
 45
0.0
 46
0.0
 47
0.0
 48
0.0
 49
2.5
140
300.0
141
0.0
142
0.0
143
0.03937007874
144
1.0
145
0.0
146
1.0
147
150.0
148
0.0
 69
0
 70
0
 71
0
 72
0
 73
0
 74
0
 75
1
 76
1
 77
1
 78
8
 79
3
170
0
171
3
172
1
173
0
174
1
175
0
176
0
177
0
178
7
179
2
271
0
272
0
273
2
274
3
275
0
276
0
277
2
278
44
279
2
280
0
281
0
282
0
283
0
284
8
285
0
286
0
288
0
289
3
290
0
340
B82
341
42
342
42
343
42
344
42
371
-2
372
-2
  0
DIMSTYLE
105
B62
330
4
100
AcDbSymbolTableRecord
100
AcDbDimStyleTableRecord
  2
DIMB
 70
0
 40
1.0
 41
1.0
 42
300.0
 43
0.0
 44
250.0
 45
0.0
 46
0.0
 47
0.0
 48
0.0
 49
2.5
140
300.0
141
0.0
142
0.0
143
0.03937007874
144
1.0
145
0.0
146
1.0
147
150.0
148
0.0
 69
0
 70
0
 71
0
 72
0
 73
0
 74
0
 75
0
 76
1
 77
1
 78
8
 79
3
170
0
171
3
172
1
173
0
174
1
175
0
176
0
177
0
178
7
179
2
271
0
272
0
273
2
274
3
275
0
276
0
277
2
278
44
279
2
280
0
281
0
282
0
283
0
284
8
285
0
286
0
288
0
289
3
290
0
340
B82
341
42
342
42
343
42
344
42
371
-2
372
-2
  0
ENDTAB
  0
TABLE
  2
BLOCK_RECORD
  5
9
330
0
100
AcDbSymbolTable
 70
32
  0
BLOCK_RECORD
  5
17
330
9
100
AcDbSymbolTableRecord
100
AcDbBlockTableRecord
  2
*Model_Space
340
1A
 70
0
280
1
281
0
  0
BLOCK_RECORD
  5
1B
330
9
100
AcDbSymbolTableRecord
100
AcDbBlockTableRecord
  2
*Paper_Space
340
1E
 70
0
280
1
281
0
  0
BLOCK_RECORD
  5
42
330
9
100
AcDbSymbolTableRecord
100
AcDbBlockTableRecord
  2
_DIMX
340
0
 70
0
280
1
281
0
  0
BLOCK_RECORD
  5
924
330
9
100
AcDbSymbolTableRecord
100
AcDbBlockTableRecord
  2
_DBLK
340
0
 70
0
280
1
281
0
  0
BLOCK_RECORD
  5
92A
330
9
100
AcDbSymbolTableRecord
100
AcDbBlockTableRecord
  2
_WBLK
340
0
 70
0
280
1
281
0
  0
BLOCK_RECORD
  5
932
330
9
100
AcDbSymbolTableRecord
100
AcDbBlockTableRecord
  2
M_A2ZXL
340
0
 70
0
280
1
281
0
  0
BLOCK_RECORD
  5
937
330
9
100
AcDbSymbolTableRecord
100
AcDbBlockTableRecord
  2
U_A48XUK
340
0
 70
0
280
1
281
0
  0
BLOCK_RECORD
  5
95E
330
9
100
AcDbSymbolTableRecord
100
AcDbBlockTableRecord
  2
U_A44WKN
340
0
 70
0
280
1
281
0
  0
BLOCK_RECORD
  5
98B
330
9
100
AcDbSymbolTableRecord
100
AcDbBlockTableRecord
  2
M_E4
340
0
 70
0
280
1
281
0
  0
BLOCK_RECORD
  5
9A3
330
9
100
AcDbSymbolTableRecord
100
AcDbBlockTableRecord
  2
_A0ASA
340
0
 70
0
280
1
281
0
  0
BLOCK_RECORD
  5
9B1
330
9
100
AcDbSymbolTableRecord
100
AcDbBlockTableRecord
  2
_A3PAD
340
0
 70
0
280
1
281
0
  0
BLOCK_RECORD
  5
9B8
330
9
100
AcDbSymbolTableRecord
100
AcDbBlockTableRecord
  2
A$C5BFC3B48
340
0
 70
0
280
1
281
0
  0
BLOCK_RECORD
  5
9DC
330
9
100
AcDbSymbolTableRecord
100
AcDbBlockTableRecord
  2
A$C5516744B
340
0
 70
0
280
1
281
0
  0
BLOCK_RECORD
  5
A03
330
9
100
AcDbSymbolTableRecord
100
AcDbBlockTableRecord
  2
A$C24072D83
340
0
 70
0
280
1
281
0
  0
BLOCK_RECORD
  5
A17
330
9
100
AcDbSymbolTableRecord
100
AcDbBlockTableRecord
  2
U_C15DRB
340
0
 70
0
280
1
281
0
  0
BLOCK_RECORD
  5
A1F
330
9
100
AcDbSymbolTableRecord
100
AcDbBlockTableRecord
  2
U_A102BUY
340
0
 70
0
280
1
281
0
  0
BLOCK_RECORD
  5
A32
330
9
100
AcDbSymbolTableRecord
100
AcDbBlockTableRecord
  2
A$C417342AB
340
0
 70
0
280
1
281
0
  0
BLOCK_RECORD
  5
A37
330
9
100
AcDbSymbolTableRecord
100
AcDbBlockTableRecord
  2
U_A95JFC
340
0
 70
0
280
1
281
0
  0
BLOCK_RECORD
  5
A3D
330
9
100
AcDbSymbolTableRecord
100
AcDbBlockTableRecord
  2
_AXISO
340
0
 70
0
280
1
281
0
  0
BLOCK_RECORD
  5
A42
330
9
100
AcDbSymbolTableRecord
100
AcDbBlockTableRecord
  2
_AXISO1
340
0
 70
0
280
1
281
0
  0
BLOCK_RECORD
  5
A48
330
9
100
AcDbSymbolTableRecord
100
AcDbBlockTableRecord
  2
_AXISO2
340
0
 70
0
280
1
281
0
  0
BLOCK_RECORD
  5
A4E
330
9
100
AcDbSymbolTableRecord
100
AcDbBlockTableRecord
  2
U_A30VYQ
340
0
 70
0
280
1
281
0
  0
BLOCK_RECORD
  5
ABB
330
9
100
AcDbSymbolTableRecord
100
AcDbBlockTableRecord
  2
_ARROW
340
0
 70
0
280
1
281
0
  0
BLOCK_RECORD
  5
ABF
330
9
100
AcDbSymbolTableRecord
100
AcDbBlockTableRecord
  2
M_B6KVE
340
0
 70
0
280
1
281
0
  0
BLOCK_RECORD
  5
AC8
330
9
100
AcDbSymbolTableRecord
100
AcDbBlockTableRecord
  2
_FZH
340
0
 70
0
280
1
281
0
  0
BLOCK_RECORD
  5
ACC
330
9
100
AcDbSymbolTableRecord
100
AcDbBlockTableRecord
  2
M_A8WDW
340
0
 70
0
280
1
281
0
  0
BLOCK_RECORD
  5
AD9
330
9
100
AcDbSymbolTableRecord
100
AcDbBlockTableRecord
  2
_GCBLK
340
0
 70
0
280
1
281
0
  0
BLOCK_RECORD
  5
AE1
330
9
100
AcDbSymbolTableRecord
100
AcDbBlockTableRecord
  2
A$C49C63E30
340
0
 70
0
280
1
281
0
  0
BLOCK_RECORD
  5
AFA
330
9
100
AcDbSymbolTableRecord
100
AcDbBlockTableRecord
  2
A$C60216E34
340
0
 70
0
280
1
281
0
  0
BLOCK_RECORD
  5
B13
330
9
100
AcDbSymbolTableRecord
100
AcDbBlockTableRecord
  2
_INDEX
340
0
 70
0
280
1
281
0
  0
BLOCK_RECORD
  5
B1A
330
9
100
AcDbSymbolTableRecord
100
AcDbBlockTableRecord
  2
A$C3A595512
340
0
 70
0
280
1
281
0
  0
BLOCK_RECORD
  5
B58
330
9
100
AcDbSymbolTableRecord
100
AcDbBlockTableRecord
  2
P15
340
0
 70
0
280
1
281
0
  0
ENDTAB
  0
ENDSEC
  0
SECTION
  2
BLOCKS
  0
BLOCK
  5
18
330
17
100
AcDbEntity
  8
0
100
AcDbBlockBegin
  2
*Model_Space
 70
0
 10
0.0
 20
0.0
 30
0.0
  3
*Model_Space
  1

  0
ENDBLK
  5
19
330
17
100
AcDbEntity
  8
0
100
AcDbBlockEnd
  0
BLOCK
  5
1C
330
1B
100
AcDbEntity
  8
0
100
AcDbBlockBegin
  2
*Paper_Space
 70
0
 10
0.0
 20
0.0
 30
0.0
  3
*Paper_Space
  1

  0
ENDBLK
  5
1D
330
1B
100
AcDbEntity
  8
0
100
AcDbBlockEnd
  0
BLOCK
  5
43
330
42
100
AcDbEntity
  8
0
100
AcDbBlockBegin
  2
_DIMX
 70
0
 10
0.0
 20
0.0
 30
0.0
  3
_DIMX
  1

  0
LINE
  5
45
330
42
100
AcDbEntity
  8
0
100
AcDbLine
 10
-150.0
 20
0.0
 30
0.0
 11
150.0
 21
0.0
 31
0.0
  0
LWPOLYLINE
  5
46
330
42
100
AcDbEntity
  8
0
100
AcDbPolyline
 90
2
 70
0
 43
50.0
 10
-70.0
 20
-70.0
 10
70.0
 20
70.0
  0
ENDBLK
  5
44
330
42
100
AcDbEntity
  8
0
100
AcDbBlockEnd
  0
BLOCK
  5
925
330
924
100
AcDbEntity
  8
0
100
AcDbBlockBegin
  2
_DBLK
 70
2
 10
0.0
 20
0.0
 30
0.0
  3
_DBLK
  1

  0
LINE
  5
927
330
924
100
AcDbEntity
  8
0
100
AcDbLine
 10
-0.45
 20
0.0
 30
0.0
 11
-0.45
 21
-0.95
 31
0.0
  0
ARC
  5
928
330
924
100
AcDbEntity
  8
0
100
AcDbCircle
 10
-0.45
 20
0.0
 30
0.0
 40
0.95
100
AcDbArc
 50
270.0
 51
0.0
  0
ATTDEF
  5
929
330
924
100
AcDbEntity
  8
WINDOW_TEXT
100
AcDbText
 10
0.0
 20
1.5
 30
0.0
 40
1.0
  1

  7
SIMPLEX
 72
4
 11
0.0
 21
1.5
 31
0.0
100
AcDbAttributeDefinition
  3

  2
A
 70
9
 71
1
 72
0
 11
0.0
 21
1.5
 31
0.0
  0
ENDBLK
  5
926
330
924
100
AcDbEntity
  8
0
100
AcDbBlockEnd
  0
BLOCK
  5
92B
330
92A
100
AcDbEntity
  8
0
100
AcDbBlockBegin
  2
_WBLK
 70
2
 10
0.0
 20
0.0
 30
0.0
  3
_WBLK
  1

  0
ATTDEF
  5
92D
330
92A
100
AcDbEntity
  8
WINDOW_TEXT
100
AcDbText
 10
0.0
 20
1.5
 30
0.0
 40
1.0
  1

  7
SIMPLEX
 72
4
 11
0.0
 21
1.5
 31
0.0
100
AcDbAttributeDefinition
  3

  2
A
 70
9
 71
1
 72
0
 11
0.0
 21
1.5
 31
0.0
  0
LINE
  5
92E
330
92A
100
AcDbEntity
  8
0
100
AcDbLine
 10
0.5
 20
0.1666666666666666
 30
0.0
 11
-0.5
 21
0.1666666666666666
 31
0.0
  0
LINE
  5
92F
330
92A
100
AcDbEntity
  8
0
100
AcDbLine
 10
0.5
 20
-0.1666666666666667
 30
0.0
 11
-0.5
 21
-0.1666666666666667
 31
0.0
  0
LINE
  5
930
330
92A
100
AcDbEntity
  8
0
100
AcDbLine
 10
-0.4999999999999999
 20
-0.5
 30
0.0
 11
0.5
 21
-0.5
 31
0.0
  0
LINE
  5
931
330
92A
100
AcDbEntity
  8
0
100
AcDbLine
 10
-0.5
 20
0.5
 30
0.0
 11
0.5
 21
0.5
 31
0.0
  0
ENDBLK
  5
92C
330
92A
100
AcDbEntity
  8
0
100
AcDbBlockEnd
  0
BLOCK
  5
933
330
932
100
AcDbEntity
  8
0
100
AcDbBlockBegin
  2
M_A2ZXL
 70
0
 10
0.0
 20
0.0
 30
0.0
  3
M_A2ZXL
  1

  0
ARC
  5
935
330
932
100
AcDbEntity
  8
0
100
AcDbCircle
 10
-0.5000000000003999
 20
0.0
 30
0.0
 40
1.0000000000008
100
AcDbArc
 50
271.6231352199475
 51
0.0
  0
LINE
  5
936
330
932
100
AcDbEntity
  8
0
100
AcDbLine
 10
-0.471674735232727
 20
0.0
 30
0.0
 11
-0.471674735232727
 21
-0.9995987591916273
 31
0.0
  0
ENDBLK
  5
934
330
932
100
AcDbEntity
  8
0
100
AcDbBlockEnd
  0
BLOCK
  5
938
330
937
100
AcDbEntity
  8
0
100
AcDbBlockBegin
  2
U_A48XUK
 70
2
 10
0.0
 20
0.0
 30
0.0
  3
U_A48XUK
  1

  0
LINE
  5
93A
330
937
100
AcDbEntity
  8
0
  6
ByBlock
 62
0
100
AcDbLine
 10
253.0
 20
0.0
 30
0.0
 11
-253.0
 21
0.0
 31
0.0
  0
LINE
  5
93B
330
937
100
AcDbEntity
  8
0
  6
ByBlock
 62
0
100
AcDbLine
 10
-253.0
 20
0.0
 30
0.0
 11
-253.0
 21
230.0
 31
0.0
  0
LINE
  5
93C
330
937
100
AcDbEntity
  8
0
  6
ByBlock
 62
0
100
AcDbLine
 10
-253.0
 20
230.0
 30
0.0
 11
-161.0
 21
230.0
 31
0.0
  0
LINE
  5
93D
330
937
100
AcDbEntity
  8
0
  6
ByBlock
 62
0
100
AcDbLine
 10
-115.0
 20
184.0
 30
0.0
 11
-161.0
 21
230.0
 31
0.0
  0
LINE
  5
93E
330
937
100
AcDbEntity
  8
0
  6
ByBlock
 62
0
100
AcDbLine
 10
253.0
 20
0.0
 30
0.0
 11
253.0
 21
230.0
 31
0.0
  0
LINE
  5
93F
330
937
100
AcDbEntity
  8
0
  6
ByBlock
 62
0
100
AcDbLine
 10
253.0
 20
230.0
 30
0.0
 11
161.0
 21
230.0
 31
0.0
  0
LINE
  5
940
330
937
100
AcDbEntity
  8
0
  6
ByBlock
 62
0
100
AcDbLine
 10
115.0
 20
184.0
 30
0.0
 11
161.0
 21
230.0
 31
0.0
  0
LINE
  5
941
330
937
100
AcDbEntity
  8
0
  6
ByBlock
 62
0
100
AcDbLine
 10
115.0
 20
184.0
 30
0.0
 11
-115.0
 21
184.0
 31
0.0
  0
LINE
  5
942
330
937
100
AcDbEntity
  8
0
  6
ByBlock
 62
0
100
AcDbLine
 10
218.5
 20
57.5
 30
0.0
 11
218.5
 21
172.5
 31
0.0
  0
LINE
  5
943
330
937
100
AcDbEntity
  8
0
  6
ByBlock
 62
0
100
AcDbLine
 10
-218.5
 20
57.5
 30
0.0
 11
-218.5
 21
172.5
 31
0.0
  0
LINE
  5
944
330
937
100
AcDbEntity
  8
0
  6
ByBlock
 62
0
100
AcDbLine
 10
195.5
 20
34.5
 30
0.0
 11
-195.5
 21
34.5
 31
0.0
  0
LINE
  5
945
330
937
100
AcDbEntity
  8
0
  6
ByBlock
 62
0
100
AcDbLine
 10
195.5
 20
195.5
 30
0.0
 11
175.29036000013
 21
195.5
 31
0.0
  0
LINE
  5
946
330
937
100
AcDbEntity
  8
0
  6
ByBlock
 62
0
100
AcDbLine
 10
129.29036000013
 20
149.5
 30
0.0
 11
-129.29036000013
 21
149.5
 31
0.0
  0
LINE
  5
947
330
937
100
AcDbEntity
  8
0
  6
ByBlock
 62
0
100
AcDbLine
 10
-195.5
 20
195.5
 30
0.0
 11
-175.29036000013
 21
195.5
 31
0.0
  0
LINE
  5
948
330
937
100
AcDbEntity
  8
0
  6
ByBlock
 62
0
100
AcDbLine
 10
-195.5
 20
34.5
 30
0.0
 11
-218.5
 21
57.5
 31
0.0
  0
LINE
  5
949
330
937
100
AcDbEntity
  8
0
  6
ByBlock
 62
0
100
AcDbLine
 10
-218.5
 20
172.5
 30
0.0
 11
-195.5
 21
195.5
 31
0.0
  0
LINE
  5
94A
330
937
100
AcDbEntity
  8
0
  6
ByBlock
 62
0
100
AcDbLine
 10
195.5
 20
195.5
 30
0.0
 11
218.5
 21
172.5
 31
0.0
  0
LINE
  5
94B
330
937
100
AcDbEntity
  8
0
  6
ByBlock
 62
0
100
AcDbLine
 10
218.5
 20
57.5
 30
0.0
 11
195.5
 21
34.5
 31
0.0
  0
LINE
  5
94C
330
937
100
AcDbEntity
  8
0
  6
ByBlock
 62
0
100
AcDbLine
 10
129.29036000013
 20
149.5
 30
0.0
 11
175.29036000013
 21
195.5
 31
0.0
  0
LINE
  5
94D
330
937
100
AcDbEntity
  8
0
  6
ByBlock
 62
0
100
AcDbLine
 10
-129.29036000013
 20
149.5
 30
0.0
 11
-175.29036000013
 21
195.5
 31
0.0
  0
ARC
  5
94E
330
937
100
AcDbEntity
  8
0
  6
ByBlock
 62
0
100
AcDbCircle
 10
0.0
 20
414.0
 30
0.0
 40
172.5
100
AcDbArc
 50
180.0000000000018
 51
246.4218220000018
  0
LWPOLYLINE
  5
94F
330
937
100
AcDbEntity
  8
0
  6
ByBlock
 62
0
100
AcDbPolyline
 90
9
 70
0
 10
172.5
 20
414.0
 42
0.063415
 10
158.4547509999829
 20
524.2948209999886
 42
0.076468
 10
121.9759229999909
 20
609.1614629999967
 42
0.107136
 10
61.22749499997008
 20
671.5527350000048
 42
0.147373
 10
-2.91038e-11
 20
690.0
 42
0.147373
 10
-61.22749500002828
 20
671.5527350000048
 42
0.107136
 10
-121.97592300002
 20
609.1614629999967
 42
0.076468
 10
-158.454751000012
 20
524.2948209999886
 42
0.063415
 10
-172.5
 20
414.0
 42
0.063415
  0
LINE
  5
950
330
937
100
AcDbEntity
  8
0
  6
ByBlock
 62
0
100
AcDbLine
 10
-69.0
 20
230.0
 30
0.0
 11
69.0
 21
230.0
 31
0.0
  0
LINE
  5
951
330
937
100
AcDbEntity
  8
0
  6
ByBlock
 62
0
100
AcDbLine
 10
69.0
 20
230.0
 30
0.0
 11
69.0
 21
255.9011280001432
 31
0.0
  0
LINE
  5
952
330
937
100
AcDbEntity
  8
0
  6
ByBlock
 62
0
100
AcDbLine
 10
-69.0
 20
230.0
 30
0.0
 11
-69.0
 21
255.9011280001432
 31
0.0
  0
ARC
  5
953
330
937
100
AcDbEntity
  8
0
  6
ByBlock
 62
0
100
AcDbCircle
 10
0.0
 20
414.0
 30
0.0
 40
172.5
100
AcDbArc
 50
293.5781780000019
 51
1.8385e-12
  0
ARC
  5
954
330
937
100
AcDbEntity
  8
0
  6
ByBlock
 62
0
100
AcDbCircle
 10
377.4705949999334
 20
385.9264760000806
 30
0.0
 40
206.884172
100
AcDbArc
 50
172.2010830000018
 51
228.9110070000019
  0
ARC
  5
955
330
937
100
AcDbEntity
  8
0
  6
ByBlock
 62
0
100
AcDbCircle
 10
-377.4705949999334
 20
385.9264760000806
 30
0.0
 40
206.884172
100
AcDbArc
 50
311.0889930000018
 51
7.798917000001859
  0
LINE
  5
956
330
937
100
AcDbEntity
  8
0
  6
ByBlock
 62
0
100
AcDbLine
 10
207.0
 20
230.0
 30
0.0
 11
207.0
 21
253.0
 31
0.0
  0
LINE
  5
957
330
937
100
AcDbEntity
  8
0
  6
ByBlock
 62
0
100
AcDbLine
 10
207.0
 20
253.0
 30
0.0
 11
149.5
 21
253.0
 31
0.0
  0
ARC
  5
958
330
937
100
AcDbEntity
  8
0
  6
ByBlock
 62
0
100
AcDbCircle
 10
149.5
 20
241.5
 30
0.0
 40
11.5
100
AcDbArc
 50
90.00000000000183
 51
270.0000000000018
  0
LINE
  5
959
330
937
100
AcDbEntity
  8
0
  6
ByBlock
 62
0
100
AcDbLine
 10
149.5
 20
230.0
 30
0.0
 11
161.0
 21
230.0
 31
0.0
  0
CIRCLE
  5
95A
330
937
100
AcDbEntity
  8
0
  6
ByBlock
 62
0
100
AcDbCircle
 10
-92.0
 20
241.5
 30
0.0
 40
11.5
  0
CIRCLE
  5
95B
330
937
100
AcDbEntity
  8
0
  6
ByBlock
 62
0
100
AcDbCircle
 10
92.0
 20
241.5
 30
0.0
 40
11.5
  0
ATTDEF
  5
95C
330
937
100
AcDbEntity
  8
0
100
AcDbText
 10
0.0
 20
0.0
 30
0.0
 40
0.5
  1
500
  7
DIM_FONT
 41
0.8
100
AcDbAttributeDefinition
  3
XSIZE
  2
XSIZE
 70
9
 71
1
 72
0
  0
ATTDEF
  5
95D
330
937
100
AcDbEntity
  8
0
100
AcDbText
 10
0.0
 20
0.0
 30
0.0
 40
0.5
  1
500
  7
DIM_FONT
 41
0.8
100
AcDbAttributeDefinition
  3
YSIZE
  2
YSIZE
 70
9
 71
1
 72
0
  0
ENDBLK
  5
939
330
937
100
AcDbEntity
  8
0
100
AcDbBlockEnd
  0
BLOCK
  5
95F
330
95E
100
AcDbEntity
  8
0
100
AcDbBlockBegin
  2
U_A44WKN
 70
2
 10
0.0
 20
0.0
 30
0.0
  3
U_A44WKN
  1

  0
ATTDEF
  5
961
330
95E
100
AcDbEntity
  8
0
100
AcDbText
 10
0.0
 20
0.0
 30
0.0
 40
0.5
  1
0
100
AcDbAttributeDefinition
  3
XSIZE
  2
XSIZE
 70
9
 71
1
 72
0
  0
ATTDEF
  5
962
330
95E
100
AcDbEntity
  8
0
100
AcDbText
 10
0.0
 20
0.0
 30
0.0
 40
0.5
  1
0
100
AcDbAttributeDefinition
  3
YSIZE
  2
YSIZE
 70
9
 71
1
 72
0
  0
ARC
  5
963
330
95E
100
AcDbEntity
  8
0
100
AcDbCircle
 10
-9.612365266337292
 20
230.5520494962984
 30
0.0
 40
228.8386898634745
100
AcDbArc
 50
228.3664500421951
 51
249.7867967873299
  0
ARC
  5
964
330
95E
100
AcDbEntity
  8
0
100
AcDbCircle
 10
9.612489180843113
 20
230.5520494962984
 30
0.0
 40
228.8386898634753
100
AcDbArc
 50
290.2132032126701
 51
311.6335499578048
  0
ARC
  5
965
330
95E
100
AcDbEntity
  8
0
100
AcDbCircle
 10
8.27011244837e-05
 20
256.6596899968281
 30
0.0
 40
256.6596899968389
100
AcDbArc
 50
249.7868228957306
 51
269.9999953692133
  0
ARC
  5
966
330
95E
100
AcDbEntity
  8
0
100
AcDbCircle
 10
4.1213381337e-05
 20
256.6596899968281
 30
0.0
 40
256.6596899968289
100
AcDbArc
 50
270.0000046307867
 51
290.2131771042694
  0
CIRCLE
  5
967
330
95E
100
AcDbEntity
  8
0
100
AcDbCircle
 10
6.19572529104e-05
 20
228.6000000000058
 30
0.0
 40
25.4
  0
LINE
  5
968
330
95E
100
AcDbEntity
  8
0
100
AcDbLine
 10
38.10006195722963
 20
63.5
 30
0.0
 11
-38.09993804272381
 21
63.5
 31
0.0
  0
LINE
  5
969
330
95E
100
AcDbEntity
  8
0
100
AcDbLine
 10
-31.74993804274709
 20
101.6000000000058
 30
0.0
 11
-92.3371422427299
 21
101.6000000000058
 31
0.0
  0
CIRCLE
  5
96A
330
95E
100
AcDbEntity
  8
0
100
AcDbCircle
 10
-63.49993804274709
 20
76.19999999998254
 30
0.0
 40
25.4
  0
CIRCLE
  5
96B
330
95E
100
AcDbEntity
  8
0
100
AcDbCircle
 10
63.50006195725291
 20
76.19999999998254
 30
0.0
 40
25.4
  0
LINE
  5
96C
330
95E
100
AcDbEntity
  8
0
100
AcDbLine
 10
-12.69993804275873
 20
177.8000000000175
 30
0.0
 11
-38.09993804272381
 21
76.19999999998254
 31
0.0
  0
LINE
  5
96D
330
95E
100
AcDbEntity
  8
0
100
AcDbLine
 10
12.70006195726455
 20
177.8000000000175
 30
0.0
 11
-12.69993804275873
 21
177.8000000000175
 31
0.0
  0
LINE
  5
96E
330
95E
100
AcDbEntity
  8
0
100
AcDbLine
 10
38.10006195722963
 20
76.19999999998254
 30
0.0
 11
12.70006195726455
 21
177.8000000000175
 31
0.0
  0
ARC
  5
96F
330
95E
100
AcDbEntity
  8
0
100
AcDbCircle
 10
-92.3371422427299
 20
177.8000000000175
 30
0.0
 40
76.19999999999999
100
AcDbArc
 50
236.09549
 51
270.0
  0
ARC
  5
970
330
95E
100
AcDbEntity
  8
0
100
AcDbCircle
 10
92.1626665572694
 20
177.8000000000175
 30
0.0
 40
76.19999999999999
100
AcDbArc
 50
270.0
 51
302.2598080000001
  0
ARC
  5
971
330
95E
100
AcDbEntity
  8
0
100
AcDbCircle
 10
-17.94115184273687
 20
288.4940890000144
 30
0.0
 40
209.571463
100
AcDbArc
 50
233.130102
 51
236.09549
  0
ARC
  5
972
330
95E
100
AcDbEntity
  8
0
100
AcDbCircle
 10
-45.41493484275998
 20
251.8624121999892
 30
0.0
 40
163.781867
100
AcDbArc
 50
208.911201
 51
233.130102
  0
ARC
  5
973
330
95E
100
AcDbEntity
  8
0
100
AcDbCircle
 10
-87.53524684274453
 20
228.6000000000058
 30
0.0
 40
115.6646912
100
AcDbArc
 50
180.0
 51
208.911201
  0
ARC
  5
974
330
95E
100
AcDbEntity
  8
0
100
AcDbCircle
 10
-87.53524684274453
 20
228.6000000000058
 30
0.0
 40
115.6646912
100
AcDbArc
 50
151.088799
 51
180.0
  0
ARC
  5
975
330
95E
100
AcDbEntity
  8
0
100
AcDbCircle
 10
-45.41493484275998
 20
205.3375877999642
 30
0.0
 40
163.781867
100
AcDbArc
 50
126.869898
 51
151.088799
  0
ARC
  5
976
330
95E
100
AcDbEntity
  8
0
100
AcDbCircle
 10
-17.94115184273687
 20
168.7059109999973
 30
0.0
 40
209.571463
100
AcDbArc
 50
107.257939
 51
126.869898
  0
ARC
  5
977
330
95E
100
AcDbEntity
  8
0
100
AcDbCircle
 10
6.19572529104e-05
 20
110.9539818000048
 30
0.0
 40
270.0460182
100
AcDbArc
 50
90.0
 51
107.257939
  0
ARC
  5
978
330
95E
100
AcDbEntity
  8
0
100
AcDbCircle
 10
6.19572529104e-05
 20
110.9539818000048
 30
0.0
 40
270.0460182
100
AcDbArc
 50
72.74206099999999
 51
90.0
  0
ARC
  5
979
330
95E
100
AcDbEntity
  8
0
100
AcDbCircle
 10
17.94127575724269
 20
168.7059109999973
 30
0.0
 40
209.571463
100
AcDbArc
 50
53.13010199999999
 51
72.74206099999999
  0
ARC
  5
97A
330
95E
100
AcDbEntity
  8
0
100
AcDbCircle
 10
45.4150587572658
 20
205.3375877999642
 30
0.0
 40
163.781867
100
AcDbArc
 50
28.91120100000004
 51
53.13010199999999
  0
ARC
  5
97B
330
95E
100
AcDbEntity
  8
0
100
AcDbCircle
 10
87.53537075725035
 20
228.6000000000058
 30
0.0
 40
115.6646912
100
AcDbArc
 50
0.0
 51
28.91120100000004
  0
ARC
  5
97C
330
95E
100
AcDbEntity
  8
0
100
AcDbCircle
 10
87.53537075725035
 20
228.6000000000058
 30
0.0
 40
115.6646912
100
AcDbArc
 50
331.0887990000001
 51
0.0
  0
ARC
  5
97D
330
95E
100
AcDbEntity
  8
0
100
AcDbCircle
 10
45.4150587572658
 20
251.8624121999892
 30
0.0
 40
163.781867
100
AcDbArc
 50
302.2598080000001
 51
331.0887990000001
  0
LINE
  5
97E
330
95E
100
AcDbEntity
  8
0
100
AcDbLine
 10
92.1626665572694
 20
101.6000000000058
 30
0.0
 11
31.75006195725291
 21
101.6000000000058
 31
0.0
  0
ARC
  5
97F
330
95E
100
AcDbEntity
  8
0
100
AcDbCircle
 10
-47.36199202146963
 20
203.1999560037802
 30
0.0
 40
181.2379460212595
100
AcDbArc
 50
179.9999860912265
 51
204.9850818211231
  0
ARC
  5
980
330
95E
100
AcDbEntity
  8
0
100
AcDbCircle
 10
-24.42433759811684
 20
213.8886130358151
 30
0.0
 40
206.5437433726467
100
AcDbArc
 50
204.9850625040762
 51
228.3664548692656
  0
ARC
  5
981
330
95E
100
AcDbEntity
  8
0
100
AcDbCircle
 10
24.42446151262266
 20
213.8886130358151
 30
0.0
 40
206.5437433726514
100
AcDbArc
 50
311.6335451307344
 51
335.0149374959238
  0
ARC
  5
982
330
95E
100
AcDbEntity
  8
0
100
AcDbCircle
 10
47.36211593597545
 20
203.1999560037802
 30
0.0
 40
181.2379460212555
100
AcDbArc
 50
335.0149181788769
 51
1.39087734944e-05
  0
ARC
  5
983
330
95E
100
AcDbEntity
  8
0
100
AcDbCircle
 10
47.36211593597545
 20
203.2000439961848
 30
0.0
 40
181.2379460212595
100
AcDbArc
 50
359.9999860912265
 51
24.9850818211231
  0
ARC
  5
984
330
95E
100
AcDbEntity
  8
0
100
AcDbCircle
 10
24.42446151262266
 20
192.51138696415
 30
0.0
 40
206.5437433726467
100
AcDbArc
 50
24.98506250407617
 51
48.36645486926558
  0
ARC
  5
985
330
95E
100
AcDbEntity
  8
0
100
AcDbCircle
 10
9.612489180843113
 20
175.8479505037249
 30
0.0
 40
228.8386898634745
100
AcDbArc
 50
48.36645004219515
 51
69.78679678732988
  0
ARC
  5
986
330
95E
100
AcDbEntity
  8
0
100
AcDbCircle
 10
4.1213381337e-05
 20
149.740310003137
 30
0.0
 40
256.6596899968389
100
AcDbArc
 50
69.78682289573058
 51
89.99999536921325
  0
ARC
  5
987
330
95E
100
AcDbEntity
  8
0
100
AcDbCircle
 10
8.27011244837e-05
 20
149.740310003137
 30
0.0
 40
256.6596899968289
100
AcDbArc
 50
90.00000463078673
 51
110.2131771042694
  0
ARC
  5
988
330
95E
100
AcDbEntity
  8
0
100
AcDbCircle
 10
-9.612365266337292
 20
175.8479505037249
 30
0.0
 40
228.8386898634753
100
AcDbArc
 50
110.2132032126701
 51
131.6335499578049
  0
ARC
  5
989
330
95E
100
AcDbEntity
  8
0
100
AcDbCircle
 10
-24.42433759811684
 20
192.51138696415
 30
0.0
 40
206.5437433726514
100
AcDbArc
 50
131.6335451307344
 51
155.0149374959238
  0
ARC
  5
98A
330
95E
100
AcDbEntity
  8
0
100
AcDbCircle
 10
-47.36199202146963
 20
203.2000439961848
 30
0.0
 40
181.2379460212555
100
AcDbArc
 50
155.0149181788769
 51
180.0000139087735
  0
ENDBLK
  5
960
330
95E
100
AcDbEntity
  8
0
100
AcDbBlockEnd
  0
BLOCK
  5
98C
330
98B
100
AcDbEntity
  8
0
100
AcDbBlockBegin
  2
M_E4
 70
2
 10
0.0
 20
0.0
 30
0.0
  3
M_E4
  1

  0
LWPOLYLINE
  5
98E
330
98B
100
AcDbEntity
  8
0
100
AcDbPolyline
 90
2
 70
0
 43
1.5
 10
670.2195334624594
 20
-85.87608127451313
 42
0.414213562373095
 10
640.2195334624594
 20
-55.87608127451313
 42
0.414213562373095
  0
LWPOLYLINE
  5
98F
330
98B
100
AcDbEntity
  8
0
100
AcDbPolyline
 90
2
 70
0
 43
1.5
 10
607.8686748458786
 20
-55.87608127451313
 10
640.2195334624594
 20
-55.87608127451313
  0
LINE
  5
990
330
98B
100
AcDbEntity
  8
0
100
AcDbLine
 10
670.2195334624594
 20
-79.87130509342023
 30
0.0
 11
670.2195334624594
 21
-136.5943981839464
 31
0.0
  0
LINE
  5
991
330
98B
100
AcDbEntity
  8
0
100
AcDbLine
 10
670.2195334624594
 20
-85.87608127451313
 30
0.0
 11
670.2195334624594
 21
-96.99702325570979
 31
0.0
  0
LWPOLYLINE
  5
992
330
98B
100
AcDbEntity
  8
0
100
AcDbPolyline
 90
2
 70
0
 43
1.5
 10
670.0
 20
-89.83659028254624
 42
0.0417842827486755
 10
669.5824370328046
 20
-84.84866293742016
 42
0.412614726149245
  0
CIRCLE
  5
993
330
98B
100
AcDbEntity
  8
0
100
AcDbCircle
 10
550.0
 20
-381.1980174607397
 30
0.0
 40
23.0
  0
CIRCLE
  5
994
330
98B
100
AcDbEntity
  8
0
100
AcDbCircle
 10
550.0
 20
-381.1980174607397
 30
0.0
 40
25.0
  0
LINE
  5
995
330
98B
100
AcDbEntity
  8
0
100
AcDbLine
 10
669.9526796069113
 20
-662.9448349358263
 30
0.0
 11
669.9526796069113
 21
-613.6277327375301
 31
0.0
  0
LWPOLYLINE
  5
996
330
98B
100
AcDbEntity
  8
0
100
AcDbPolyline
 90
2
 70
0
 43
1.5
 10
669.9526796069113
 20
-662.9448349358263
 10
669.9526796069113
 20
-654.6200984269744
  0
ARC
  5
997
330
98B
100
AcDbEntity
  8
0
100
AcDbCircle
 10
639.9526796069113
 20
-662.9448349358263
 30
0.0
 40
30.0
100
AcDbArc
 50
270.0
 51
280.1759551225844
  0
LWPOLYLINE
  5
998
330
98B
100
AcDbEntity
  8
0
100
AcDbPolyline
 90
2
 70
0
 43
1.5
 10
639.9526796069113
 20
-692.9448349358263
 42
0.414213562373095
 10
669.9526796069113
 20
-662.9448349358263
 42
0.414213562373095
  0
LWPOLYLINE
  5
999
330
98B
100
AcDbEntity
  8
0
100
AcDbPolyline
 90
2
 70
0
 43
1.5
 10
750.0
 20
0.0
 10
750.0
 20
-750.0
  0
LWPOLYLINE
  5
99A
330
98B
100
AcDbEntity
  8
0
100
AcDbPolyline
 90
2
 70
0
 43
1.5
 10
670.0
 20
-89.83659028254624
 10
670.0
 20
-656.3837234624498
  0
LWPOLYLINE
  5
99B
330
98B
100
AcDbEntity
  8
0
100
AcDbPolyline
 90
2
 70
0
 43
1.5
 10
-750.0
 20
-750.0
 10
-750.0
 20
0.0
  0
LWPOLYLINE
  5
99C
330
98B
100
AcDbEntity
  8
0
100
AcDbPolyline
 90
2
 70
0
 43
1.5
 10
-399.2512634007562
 20
-55.79842138364984
 42
0.9306875673176622
 10
-387.5826626172457
 20
-693.0468545553413
 42
0.9306875673176622
  0
LWPOLYLINE
  5
99D
330
98B
100
AcDbEntity
  8
0
100
AcDbPolyline
 90
2
 70
128
 43
1.5
 10
-399.2512634007562
 20
-55.79842138364984
 10
607.8686748458786
 20
-55.87608127451313
  0
LWPOLYLINE
  5
99E
330
98B
100
AcDbEntity
  8
0
100
AcDbPolyline
 90
2
 70
0
 43
1.5
 10
-750.0
 20
0.0
 10
750.0
 20
0.0
  0
LWPOLYLINE
  5
99F
330
98B
100
AcDbEntity
  8
0
100
AcDbPolyline
 90
2
 70
0
 43
1.5
 10
750.0
 20
-750.0
 10
-750.0
 20
-750.0
  0
LWPOLYLINE
  5
9A0
330
98B
100
AcDbEntity
  8
0
100
AcDbPolyline
 90
2
 70
128
 43
1.5
 10
-399.2512634007562
 20
-694.2015786163502
 10
645.2528304558873
 20
-692.4729300484141
  0
ATTDEF
  5
9A1
330
98B
100
AcDbEntity
  8
0
100
AcDbText
 10
0.0
 20
0.0
 30
0.0
 40
0.5
  1
1500
 41
0.8
100
AcDbAttributeDefinition
  3
XSIZE
  2
XSIZE
 70
9
 71
1
 72
0
  0
ATTDEF
  5
9A2
330
98B
100
AcDbEntity
  8
0
100
AcDbText
 10
0.0
 20
0.0
 30
0.0
 40
0.5
  1
750
 41
0.8
100
AcDbAttributeDefinition
  3
YSIZE
  2
YSIZE
 70
9
 71
1
 72
0
  0
ENDBLK
  5
98D
330
98B
100
AcDbEntity
  8
0
100
AcDbBlockEnd
  0
BLOCK
  5
9A4
330
9A3
100
AcDbEntity
  8
0
100
AcDbBlockBegin
  2
_A0ASA
 70
0
 10
0.0
 20
0.0
 30
0.0
  3
_A0ASA
  1

  0
LINE
  5
9A6
330
9A3
100
AcDbEntity
  8
0
  6
Continuous
100
AcDbLine
 10
-0.4722222222225054
 20
0.0
 30
0.0
 11
0.4722222222225055
 21
0.0
 31
0.0
  0
LINE
  5
9A7
330
9A3
100
AcDbEntity
  8
0
  6
Continuous
100
AcDbLine
 10
-0.5000000000002999
 20
0.0277777777777944
 30
0.0
 11
-0.4722222222225054
 21
0.0277777777777944
 31
0.0
  0
LINE
  5
9A8
330
9A3
100
AcDbEntity
  8
0
  6
Continuous
100
AcDbLine
 10
-0.5000000000002999
 20
-0.0277777777777944
 30
0.0
 11
0.0577777777778124
 21
-0.0277777777777944
 31
0.0
  0
LINE
  5
9A9
330
9A3
100
AcDbEntity
  8
0
  6
Continuous
100
AcDbLine
 10
-0.5000000000002999
 20
0.0277777777777944
 30
0.0
 11
-0.5000000000002999
 21
-0.0277777777777944
 31
0.0
  0
LINE
  5
9AA
330
9A3
100
AcDbEntity
  8
0
  6
Continuous
100
AcDbLine
 10
0.5000000000002999
 20
0.0277777777777944
 30
0.0
 11
0.5000000000002999
 21
-0.0277777777777944
 31
0.0
  0
LINE
  5
9AB
330
9A3
100
AcDbEntity
  8
0
  6
Continuous
100
AcDbLine
 10
-0.4722222222225055
 20
0.0277777777777945
 30
0.0
 11
-0.4722222222225054
 21
-0.0277777777777944
 31
0.0
  0
LINE
  5
9AC
330
9A3
100
AcDbEntity
  8
0
  6
Continuous
100
AcDbLine
 10
0.4722222222225055
 20
0.0277777777777944
 30
0.0
 11
0.4722222222225055
 21
-0.0277777777777944
 31
0.0
  0
LINE
  5
9AD
330
9A3
100
AcDbEntity
  8
0
  6
Continuous
100
AcDbLine
 10
0.0577777777778124
 20
0.0
 30
0.0
 11
0.0577777777778124
 21
-0.027777777777794
 31
0.0
  0
LINE
  5
9AE
330
9A3
100
AcDbEntity
  8
0
  6
Continuous
100
AcDbLine
 10
-0.0577777777778126
 20
0.0277777777777944
 30
0.0
 11
-0.0577777777778126
 21
0.0
 31
0.0
  0
LINE
  5
9AF
330
9A3
100
AcDbEntity
  8
0
  6
Continuous
100
AcDbLine
 10
-0.0577777777778126
 20
0.0277777777777944
 30
0.0
 11
0.5000000000002999
 21
0.0277777777777944
 31
0.0
  0
LINE
  5
9B0
330
9A3
100
AcDbEntity
  8
0
  6
Continuous
100
AcDbLine
 10
0.5000000000002999
 20
-0.0277777777777944
 30
0.0
 11
0.4722222222225055
 21
-0.0277777777777944
 31
0.0
  0
ENDBLK
  5
9A5
330
9A3
100
AcDbEntity
  8
0
100
AcDbBlockEnd
  0
BLOCK
  5
9B2
330
9B1
100
AcDbEntity
  8
0
100
AcDbBlockBegin
  2
_A3PAD
 70
0
 10
0.0
 20
0.0
 30
0.0
  3
_A3PAD
  1

  0
LWPOLYLINE
  5
9B4
330
9B1
100
AcDbEntity
  8
0
100
AcDbPolyline
 90
4
 70
1
 10
-0.4999999999995
 20
-0.008333333333325
 10
-0.2333333333331
 20
-0.008333333333325
 10
-0.2333333333331
 20
0.008333333333325
 10
-0.4999999999995
 20
0.008333333333325
  0
LWPOLYLINE
  5
9B5
330
9B1
100
AcDbEntity
  8
0
100
AcDbPolyline
 90
4
 70
1
 10
0.2333333333331
 20
-0.008333333333325
 10
0.4999999999995
 20
-0.008333333333325
 10
0.4999999999995
 20
0.008333333333325
 10
0.2333333333331
 20
0.008333333333325
  0
LWPOLYLINE
  5
9B6
330
9B1
100
AcDbEntity
  8
0
100
AcDbPolyline
 90
4
 70
1
 10
-0.3312968199879964
 20
0.0166666666691335
 10
-0.0646301533215964
 20
0.0166666666691335
 10
-0.0646301533215964
 20
0.0333333333357835
 10
-0.3312968199879964
 20
0.0333333333357835
  0
LWPOLYLINE
  5
9B7
330
9B1
100
AcDbEntity
  8
0
100
AcDbPolyline
 90
4
 70
1
 10
0.1044180232331974
 20
0.0166666666691335
 10
0.3710846898995974
 20
0.0166666666691335
 10
0.3710846898995974
 20
0.0333333333357835
 10
0.1044180232331974
 20
0.0333333333357835
  0
ENDBLK
  5
9B3
330
9B1
100
AcDbEntity
  8
0
100
AcDbBlockEnd
  0
BLOCK
  5
9B9
330
9B8
100
AcDbEntity
  8
0
100
AcDbBlockBegin
  2
A$C5BFC3B48
 70
2
 10
0.0
 20
0.0
 30
0.0
  3
A$C5BFC3B48
  1

  0
ATTDEF
  5
9BB
330
9B8
100
AcDbEntity
  8
LVTRY
100
AcDbText
 10
350.0009954215493
 20
499.9997043634357
 30
0.0
 40
0.5
  1
500
 41
0.8
100
AcDbAttributeDefinition
  3
YSIZE
  2
YSIZE
 70
9
 71
1
 72
0
  0
ATTDEF
  5
9BC
330
9B8
100
AcDbEntity
  8
LVTRY
100
AcDbText
 10
350.0009954215493
 20
499.9997043634357
 30
0.0
 40
0.5
  1
700
 41
0.8
100
AcDbAttributeDefinition
  3
XSIZE
  2
XSIZE
 70
9
 71
1
 72
0
  0
LINE
  5
9BD
330
9B8
100
AcDbEntity
  8
LVTRY
100
AcDbLine
 10
0.0009954215493053
 20
-0.0002956365642603
 30
0.0
 11
0.0009954215493053
 21
499.9997043634357
 31
0.0
  0
LINE
  5
9BE
330
9B8
100
AcDbEntity
  8
LVTRY
100
AcDbLine
 10
700.0009954215493
 20
-0.0002956365642603
 30
0.0
 11
0.0009954215493053
 21
-0.0002956365642603
 31
0.0
  0
LINE
  5
9BF
330
9B8
100
AcDbEntity
  8
LVTRY
100
AcDbLine
 10
700.0009954215493
 20
499.9997043634357
 30
0.0
 11
700.0009954215493
 21
-0.0002956365642603
 31
0.0
  0
LINE
  5
9C0
330
9B8
100
AcDbEntity
  8
LVTRY
100
AcDbLine
 10
0.0009954215493053
 20
499.9997043634357
 30
0.0
 11
700.0009954215493
 21
499.9997043634357
 31
0.0
  0
CIRCLE
  5
9C1
330
9B8
100
AcDbEntity
  8
LVTRY
100
AcDbCircle
 10
191.5758172034402
 20
241.4542766476807
 30
0.0
 40
31.6309469674834
  0
CIRCLE
  5
9C2
330
9B8
100
AcDbEntity
  8
LVTRY
100
AcDbCircle
 10
484.2090425927308
 20
241.4542766476807
 30
0.0
 40
31.6309469674834
  0
LINE
  5
9C3
330
9B8
100
AcDbEntity
  8
LVTRY
100
AcDbLine
 10
26.52885116107063
 20
100.158192699193
 30
0.0
 11
649.3026890179026
 21
100.158192699193
 31
0.0
  0
LINE
  5
9C4
330
9B8
100
AcDbEntity
  8
LVTRY
100
AcDbLine
 10
649.3026890179026
 20
386.9079975313216
 30
0.0
 11
26.52885116107063
 21
386.9079975313216
 31
0.0
  0
LINE
  5
9C5
330
9B8
100
AcDbEntity
  8
LVTRY
100
AcDbLine
 10
649.3026890179026
 20
44.46271751497989
 30
0.0
 11
649.3026890179026
 21
386.9079975313216
 31
0.0
  0
LINE
  5
9C6
330
9B8
100
AcDbEntity
  8
LVTRY
100
AcDbLine
 10
26.52885116107063
 20
44.46271751497989
 30
0.0
 11
649.3026890179026
 21
44.46271751497989
 31
0.0
  0
LINE
  5
9C7
330
9B8
100
AcDbEntity
  8
LVTRY
100
AcDbLine
 10
26.52885116107063
 20
386.9079975313216
 30
0.0
 11
26.52885116107063
 21
44.46271751497989
 31
0.0
  0
CIRCLE
  5
9C8
330
9B8
100
AcDbEntity
  8
LVTRY
100
AcDbCircle
 10
484.2090425927308
 20
241.4542766476807
 30
0.0
 40
82.4964981043704
  0
CIRCLE
  5
9C9
330
9B8
100
AcDbEntity
  8
LVTRY
100
AcDbCircle
 10
191.5758172034402
 20
241.4542766476807
 30
0.0
 40
82.4964981043704
  0
LINE
  5
9CA
330
9B8
100
AcDbEntity
  8
LVTRY
100
AcDbLine
 10
69.59305657580262
 20
68.46974644027068
 30
0.0
 11
69.59305657580262
 21
51.84949564584531
 31
0.0
  0
LINE
  5
9CB
330
9B8
100
AcDbEntity
  8
LVTRY
100
AcDbLine
 10
69.59305657580262
 20
51.84949564584531
 30
0.0
 11
134.261466107273
 21
51.84949564584531
 31
0.0
  0
LINE
  5
9CC
330
9B8
100
AcDbEntity
  8
LVTRY
100
AcDbLine
 10
134.261466107273
 20
51.84949564584531
 30
0.0
 11
134.261466107273
 21
68.46974644027068
 31
0.0
  0
LINE
  5
9CD
330
9B8
100
AcDbEntity
  8
LVTRY
100
AcDbLine
 10
134.261466107273
 20
68.46974644027068
 30
0.0
 11
69.59305657580262
 21
68.46974644027068
 31
0.0
  0
LWPOLYLINE
  5
9CE
330
9B8
100
AcDbEntity
  8
LVTRY
100
AcDbPolyline
 90
4
 70
0
 10
134.261466107273
 20
57.12865996686742
 42
0.0087359414318704
 10
137.4692127718008
 20
57.89652754910639
 42
0.0762761895456294
 10
148.9892926616594
 20
62.83091008599149
 42
0.2590339714204861
 10
150.8900770980399
 20
66.25371300103143
 42
0.2590339714206403
  0
LWPOLYLINE
  5
9CF
330
9B8
100
AcDbEntity
  8
LVTRY
100
AcDbPolyline
 90
11
 70
0
 10
150.8900770980399
 20
66.25371300103143
 42
0.2590339714206403
 10
148.9892926616594
 20
69.67651591607137
 42
0.0762761895455676
 10
137.4692127718008
 20
74.61089845292736
 42
0.0365148199121137
 10
123.9209223064245
 20
77.06832598210895
 42
0.026614996038891
 10
105.0683800965198
 20
78.07255801040446
 42
0.026614996038891
 10
86.2158378866734
 20
77.06832598210895
 42
0.0365148199121137
 10
72.66754742129706
 20
74.61089845292736
 42
0.0762761895455752
 10
61.14746753143845
 20
69.67651591607137
 42
0.2590339714203898
 10
59.24668309499975
 20
66.25371300103143
 42
0.2590339714202164
 10
61.14746753143845
 20
62.83091008599149
 42
0.056762457430155
 10
69.59305657580262
 20
58.81829443632159
 42
0.0365148199120382
  0
LINE
  5
9D0
330
9B8
100
AcDbEntity
  8
LVTRY
100
AcDbLine
 10
150.8900770980399
 20
76.76955946540693
 30
0.0
 11
150.8900770980399
 21
66.25371300103143
 31
0.0
  0
LWPOLYLINE
  5
9D1
330
9B8
100
AcDbEntity
  8
LVTRY
100
AcDbPolyline
 90
10
 70
0
 10
150.8900770980399
 20
76.76955946540693
 42
0.2590339714206403
 10
148.9892926616594
 20
80.19236238044687
 42
0.0762761895455676
 10
137.4692127718008
 20
85.12674491730286
 42
0.0365148199121137
 10
123.9209223064245
 20
87.58417244648444
 42
0.026614996038891
 10
105.0683800965198
 20
88.58840447477996
 42
0.026614996038891
 10
86.2158378866734
 20
87.58417244648444
 42
0.0365148199121137
 10
72.66754742129706
 20
85.12674491730286
 42
0.0762761895455752
 10
61.14746753143845
 20
80.19236238044687
 42
0.2590339714203898
 10
59.24668309499975
 20
76.76955946540693
 42
0.0784621676306809
 10
59.44284659886034
 20
75.52720365210553
 42
0.056762457430155
  0
LINE
  5
9D2
330
9B8
100
AcDbEntity
  8
LVTRY
100
AcDbLine
 10
59.12822226708522
 20
77.94586315320339
 30
0.0
 11
59.24672709585866
 21
66.23487592922174
 31
0.0
  0
LINE
  5
9D3
330
9B8
100
AcDbEntity
  8
LVTRY
100
AcDbLine
 10
532.1253853236558
 20
77.94586315320339
 30
0.0
 11
532.2438901524292
 21
66.23487592922174
 31
0.0
  0
LWPOLYLINE
  5
9D4
330
9B8
100
AcDbEntity
  8
LVTRY
100
AcDbPolyline
 90
10
 70
0
 10
623.8872401546105
 20
76.76955946540693
 42
0.2590339714206403
 10
621.98645571823
 20
80.19236238044687
 42
0.0762761895455676
 10
610.4663758283714
 20
85.12674491730286
 42
0.0365148199121137
 10
596.918085362995
 20
87.58417244648444
 42
0.026614996038891
 10
578.0655431530904
 20
88.58840447477996
 42
0.026614996038891
 10
559.213000943244
 20
87.58417244648444
 42
0.0365148199121137
 10
545.6647104778676
 20
85.12674491730286
 42
0.0762761895455752
 10
534.144630588009
 20
80.19236238044687
 42
0.2590339714203898
 10
532.2438461515703
 20
76.76955946540693
 42
0.0784621676306809
 10
532.4400096554309
 20
75.52720365210553
 42
0.056762457430155
  0
LINE
  5
9D5
330
9B8
100
AcDbEntity
  8
LVTRY
100
AcDbLine
 10
623.8872401546105
 20
76.76955946540693
 30
0.0
 11
623.8872401546105
 21
66.25371300100232
 31
0.0
  0
LWPOLYLINE
  5
9D6
330
9B8
100
AcDbEntity
  8
LVTRY
100
AcDbPolyline
 90
11
 70
0
 10
623.8872401546105
 20
66.25371300100232
 42
0.2590339714206403
 10
621.98645571823
 20
69.67651591607137
 42
0.0762761895455676
 10
610.4663758283714
 20
74.61089845292736
 42
0.0365148199121137
 10
596.918085362995
 20
77.06832598210895
 42
0.026614996038891
 10
578.0655431530904
 20
78.07255801040446
 42
0.026614996038891
 10
559.213000943244
 20
77.06832598210895
 42
0.0365148199121137
 10
545.6647104778676
 20
74.61089845292736
 42
0.0762761895455752
 10
534.144630588009
 20
69.67651591607137
 42
0.2590339714203898
 10
532.2438461515703
 20
66.25371300100232
 42
0.2590339714202164
 10
534.144630588009
 20
62.83091008596239
 42
0.056762457430155
 10
542.5902196323732
 20
58.81829443632159
 42
0.0365148199120382
  0
LWPOLYLINE
  5
9D7
330
9B8
100
AcDbEntity
  8
LVTRY
100
AcDbPolyline
 90
4
 70
0
 10
607.2586291638436
 20
57.12865996686742
 42
0.0087359414318704
 10
610.4663758283714
 20
57.89652754910639
 42
0.0762761895456294
 10
621.98645571823
 20
62.83091008596239
 42
0.2590339714204861
 10
623.8872401546105
 20
66.25371300100232
 42
0.2590339714206403
  0
LINE
  5
9D8
330
9B8
100
AcDbEntity
  8
LVTRY
100
AcDbLine
 10
607.2586291638436
 20
68.46974644027068
 30
0.0
 11
542.5902196323732
 21
68.46974644027068
 31
0.0
  0
LINE
  5
9D9
330
9B8
100
AcDbEntity
  8
LVTRY
100
AcDbLine
 10
607.2586291638436
 20
51.84949564584531
 30
0.0
 11
607.2586291638436
 21
68.46974644027068
 31
0.0
  0
LINE
  5
9DA
330
9B8
100
AcDbEntity
  8
LVTRY
100
AcDbLine
 10
542.5902196323732
 20
51.84949564584531
 30
0.0
 11
607.2586291638436
 21
51.84949564584531
 31
0.0
  0
LINE
  5
9DB
330
9B8
100
AcDbEntity
  8
LVTRY
100
AcDbLine
 10
542.5902196323732
 20
68.46974644027068
 30
0.0
 11
542.5902196323732
 21
51.84949564584531
 31
0.0
  0
ENDBLK
  5
9BA
330
9B8
100
AcDbEntity
  8
0
100
AcDbBlockEnd
  0
BLOCK
  5
9DD
330
9DC
100
AcDbEntity
  8
0
100
AcDbBlockBegin
  2
A$C5516744B
 70
2
 10
0.0
 20
0.0
 30
0.0
  3
A$C5516744B
  1

  0
ATTDEF
  5
9DF
330
9DC
100
AcDbEntity
  8
LVTRY
100
AcDbText
 10
470.6121951083187
 20
450.0005244630156
 30
0.0
 40
0.5
  1
470
 50
270.0
 41
0.8
100
AcDbAttributeDefinition
  3
YSIZE
  2
YSIZE
 70
9
 71
1
 72
0
  0
ATTDEF
  5
9E0
330
9DC
100
AcDbEntity
  8
LVTRY
100
AcDbText
 10
470.6121951083187
 20
450.0005244630156
 30
0.0
 40
0.5
  1
900
 50
270.0
 41
0.8
100
AcDbAttributeDefinition
  3
XSIZE
  2
XSIZE
 70
9
 71
1
 72
0
  0
LINE
  5
9E1
330
9DC
100
AcDbEntity
  8
LVTRY
100
AcDbLine
 10
470.6121951083187
 20
0.0005244630156085
 30
0.0
 11
0.0017784717492759
 21
0.0005244630156085
 31
0.0
  0
LWPOLYLINE
  5
9E2
330
9DC
100
AcDbEntity
  8
LVTRY
100
AcDbPolyline
 90
6
 70
0
 10
351.3026379232761
 20
472.2705283401883
 10
355.4663613391458
 20
472.9823531199945
 10
359.12787827797
 20
475.0319708884344
 10
361.8455557736452
 20
478.1721675018489
 10
363.2916018226533
 20
482.0241889171011
 10
363.4765509667341
 20
484.0738070287043
  0
LWPOLYLINE
  5
9E3
330
9DC
100
AcDbEntity
  8
LVTRY
100
AcDbPolyline
 90
6
 70
0
 10
107.8243770537083
 20
484.0738070287043
 10
108.55855381937
 20
480.0368480260076
 10
110.6725315660588
 20
476.4868058417342
 10
113.9113333871355
 20
473.8518679419358
 10
117.884311996575
 20
472.4498467141239
 10
119.9982900972245
 20
472.2705283401883
  0
LINE
  5
9E4
330
9DC
100
AcDbEntity
  8
LVTRY
100
AcDbLine
 10
351.3026379232761
 20
472.2705283401883
 30
0.0
 11
119.9982900972245
 21
472.2705283401883
 31
0.0
  0
LWPOLYLINE
  5
9E5
330
9DC
100
AcDbEntity
  8
LVTRY
100
AcDbPolyline
 90
2
 70
0
 43
2.0
 10
357.3895944450051
 20
460.4672496516723
 10
113.9113335754373
 20
460.4672496516723
  0
LWPOLYLINE
  5
9E6
330
9DC
100
AcDbEntity
  8
LVTRY
100
AcDbPolyline
 90
2
 70
0
 43
1.905713806616517
 10
357.3895944450051
 20
460.4672496516723
 10
375.6504640102503
 20
478.1721676844463
  0
LWPOLYLINE
  5
9E7
330
9DC
100
AcDbEntity
  8
LVTRY
100
AcDbPolyline
 90
2
 70
0
 43
1.905713806616517
 10
95.65046401025029
 20
478.1721676844754
 10
113.9113335754373
 20
460.4672496516723
  0
LINE
  5
9E8
330
9DC
100
AcDbEntity
  8
LVTRY
100
AcDbLine
 10
117.3486733338214
 20
386.6939986092038
 30
0.0
 11
117.3486733338214
 21
114.3509582271799
 31
0.0
  0
LINE
  5
9E9
330
9DC
100
AcDbEntity
  8
LVTRY
100
AcDbLine
 10
138.8888876769925
 20
386.6939986092038
 30
0.0
 11
138.8888876769925
 21
114.3509582271799
 31
0.0
  0
LINE
  5
9EA
330
9DC
100
AcDbEntity
  8
LVTRY
100
AcDbLine
 10
167.3486733338214
 20
386.6939986092038
 30
0.0
 11
167.3486733338214
 21
114.3509582271799
 31
0.0
  0
LINE
  5
9EB
330
9DC
100
AcDbEntity
  8
LVTRY
100
AcDbLine
 10
188.8888876769925
 20
386.6939986092038
 30
0.0
 11
188.8888876769925
 21
114.3509582271799
 31
0.0
  0
LINE
  5
9EC
330
9DC
100
AcDbEntity
  8
LVTRY
100
AcDbLine
 10
217.3486733338214
 20
386.6939986092038
 30
0.0
 11
217.3486733338214
 21
114.3509582271799
 31
0.0
  0
LINE
  5
9ED
330
9DC
100
AcDbEntity
  8
LVTRY
100
AcDbLine
 10
238.8888876769925
 20
386.6939986092038
 30
0.0
 11
238.8888876769925
 21
114.3509582271799
 31
0.0
  0
LINE
  5
9EE
330
9DC
100
AcDbEntity
  8
LVTRY
100
AcDbLine
 10
267.3486733338214
 20
386.6939986092038
 30
0.0
 11
267.3486733338214
 21
114.3509582271799
 31
0.0
  0
LINE
  5
9EF
330
9DC
100
AcDbEntity
  8
LVTRY
100
AcDbLine
 10
288.8888876769925
 20
386.6939986092038
 30
0.0
 11
288.8888876769925
 21
114.3509582271799
 31
0.0
  0
LINE
  5
9F0
330
9DC
100
AcDbEntity
  8
LVTRY
100
AcDbLine
 10
317.3486733338214
 20
386.6939986092038
 30
0.0
 11
317.3486733338214
 21
114.3509582271799
 31
0.0
  0
LINE
  5
9F1
330
9DC
100
AcDbEntity
  8
LVTRY
100
AcDbLine
 10
338.8888876769925
 20
386.6939986092038
 30
0.0
 11
338.8888876769925
 21
114.3509582271799
 31
0.0
  0
LINE
  5
9F2
330
9DC
100
AcDbEntity
  8
LVTRY
100
AcDbLine
 10
367.3486733338214
 20
386.6939986092038
 30
0.0
 11
367.3486733338214
 21
114.3509582271799
 31
0.0
  0
LINE
  5
9F3
330
9DC
100
AcDbEntity
  8
LVTRY
100
AcDbLine
 10
470.6121951083187
 20
900.0005244630156
 30
0.0
 11
170.6121951083187
 21
900.0005244630156
 31
0.0
  0
LINE
  5
9F4
330
9DC
100
AcDbEntity
  8
LVTRY
100
AcDbLine
 10
0.0017784717492759
 20
900.0005244630156
 30
0.0
 11
470.6121951083187
 21
900.0005244630156
 31
0.0
  0
LWPOLYLINE
  5
9F5
330
9DC
100
AcDbEntity
  8
LVTRY
100
AcDbPolyline
 90
6
 70
0
 10
119.9982900972245
 20
808.6639709631563
 10
115.8345666813548
 20
807.9521461833501
 10
112.1730497425306
 20
805.9025284149102
 10
109.4553722467972
 20
802.7623318014666
 10
108.0093261978473
 20
798.9103103862435
 10
107.8243770537083
 20
796.8606922746112
  0
LWPOLYLINE
  5
9F6
330
9DC
100
AcDbEntity
  8
LVTRY
100
AcDbPolyline
 90
6
 70
0
 10
363.4765509667341
 20
796.8606922746112
 10
362.7423742011306
 20
800.897651277337
 10
360.6283964544418
 20
804.4476934616105
 10
357.389594633365
 20
807.0826313614089
 10
353.4166160239256
 20
808.4846525892208
 10
351.302639228059
 20
808.6639709631563
  0
LINE
  5
9F7
330
9DC
100
AcDbEntity
  8
LVTRY
100
AcDbLine
 10
119.9982900972245
 20
808.6639709631563
 30
0.0
 11
351.3026379232761
 21
808.6639709631563
 31
0.0
  0
LWPOLYLINE
  5
9F8
330
9DC
100
AcDbEntity
  8
LVTRY
100
AcDbPolyline
 90
2
 70
0
 43
2.0
 10
113.9113335754373
 20
820.4672496516723
 10
357.3895944450051
 20
820.4672496516723
  0
LWPOLYLINE
  5
9F9
330
9DC
100
AcDbEntity
  8
LVTRY
100
AcDbPolyline
 90
2
 70
0
 43
1.905713806616517
 10
113.9113335754373
 20
820.4672496516723
 10
95.65046401025029
 20
802.7623316188692
  0
LWPOLYLINE
  5
9FA
330
9DC
100
AcDbEntity
  8
LVTRY
100
AcDbPolyline
 90
2
 70
0
 43
1.905713806616517
 10
375.6504640102503
 20
802.7623316188692
 10
357.3895944450051
 20
820.4672496516723
  0
LINE
  5
9FB
330
9DC
100
AcDbEntity
  8
LVTRY
100
AcDbLine
 10
470.6121951083187
 20
900.0005244630156
 30
0.0
 11
470.6121951083187
 21
0.0005244630156085
 31
0.0
  0
LINE
  5
9FC
330
9DC
100
AcDbEntity
  8
LVTRY
100
AcDbLine
 10
0.0017784717492759
 20
900.0005244630156
 30
0.0
 11
0.0017784717492759
 21
0.0005244630156085
 31
0.0
  0
LINE
  5
9FD
330
9DC
100
AcDbEntity
  8
LVTRY
100
AcDbLine
 10
107.8243770537083
 20
484.0738070287043
 30
0.0
 11
107.8243770537083
 21
796.8606922746112
 31
0.0
  0
LINE
  5
9FE
330
9DC
100
AcDbEntity
  8
LVTRY
100
AcDbLine
 10
363.4765509667341
 20
796.8606922746112
 30
0.0
 11
363.4765509667341
 21
484.0738070287043
 31
0.0
  0
LWPOLYLINE
  5
9FF
330
9DC
100
AcDbEntity
  8
LVTRY
100
AcDbPolyline
 90
2
 70
0
 43
1.8
 10
95.65046401025029
 20
478.1721676844754
 10
95.65046401025029
 20
802.7623316188692
  0
LWPOLYLINE
  5
A00
330
9DC
100
AcDbEntity
  8
LVTRY
100
AcDbPolyline
 90
2
 70
0
 43
1.8
 10
375.6504640102503
 20
802.7623316188692
 10
375.6504640102503
 20
478.1721676844463
  0
LWPOLYLINE
  5
A01
330
9DC
100
AcDbEntity
  8
LVTRY
100
AcDbPolyline
 90
19
 70
0
 10
235.6504640102503
 20
655.9721581130871
 10
228.8844134595129
 20
654.8154428458947
 10
222.9344484338653
 20
651.4848139721726
 10
218.5182225033641
 20
646.3819944753777
 10
216.168397673755
 20
640.1224596755928
 10
216.1683974897023
 20
633.461201825121
 10
218.5182219732669
 20
627.2016669032455
 10
222.934447621752
 20
622.098847176967
 10
228.8844124632888
 20
618.7682179941039
 10
235.6504629501142
 20
617.6115023753664
 10
242.4165135647636
 20
618.7682172909845
 10
248.3664787744638
 20
622.0988458555657
 10
252.7827049870393
 20
627.201665122906
 10
255.1325301626348
 20
633.4611998006003
 10
255.1325307149091
 20
640.1224576511013
 10
252.7827065772726
 20
646.3819926950382
 10
248.3664812108618
 20
651.4848126507713
 10
242.4165165534359
 20
654.8154421428044
 10
235.6504661305225
 20
655.9721581130871
  0
LWPOLYLINE
  5
A02
330
9DC
100
AcDbEntity
  8
LVTRY
100
AcDbPolyline
 90
19
 70
0
 10
235.6504640102503
 20
666.3000269655313
 10
225.241155470605
 20
664.5204650160449
 10
216.0873631234863
 20
659.396420594916
 10
209.2931693842984
 20
651.5459290613653
 10
205.6780542618362
 20
641.9158755232638
 10
205.6780539785977
 20
631.6677865225065
 10
209.2931685688091
 20
622.0377327965689
 10
216.0873618741171
 20
614.1872409099888
 10
225.2411539379973
 20
609.0631960132741
 10
235.6504623792716
 20
607.2836335229222
 10
246.0597710172297
 20
609.0631949315721
 10
255.2135636475286
 20
614.1872388770571
 10
262.0077578207129
 20
622.0377300576074
 10
265.6228734754259
 20
631.6677834078728
 10
265.6228743250831
 20
641.9158724086301
 10
262.0077602671809
 20
651.5459263224038
 10
255.213567395811
 20
659.3964185620134
 10
246.059775615111
 20
664.5204639343428
 10
235.6504672722076
 20
666.3000269655313
  0
ENDBLK
  5
9DE
330
9DC
100
AcDbEntity
  8
0
100
AcDbBlockEnd
  0
BLOCK
  5
A04
330
A03
100
AcDbEntity
  8
0
100
AcDbBlockBegin
  2
A$C24072D83
 70
2
 10
0.0
 20
0.0
 30
0.0
  3
A$C24072D83
  1

  0
LINE
  5
A06
330
A03
100
AcDbEntity
  8
0
100
AcDbLine
 10
455.813196130388
 20
9.166015711700311
 30
0.0
 11
455.813196130388
 21
1.57117319759e-05
 31
0.0
 39
900.0
  0
LINE
  5
A07
330
A03
100
AcDbEntity
  8
0
100
AcDbLine
 10
455.813196130388
 20
1.57117319759e-05
 30
0.0
 11
492.4771961304359
 21
1.57117319759e-05
 31
0.0
 39
900.0
  0
LINE
  5
A08
330
A03
100
AcDbEntity
  8
0
100
AcDbLine
 10
492.4771961304359
 20
9.166015711700311
 30
0.0
 11
492.4771961304359
 21
1.57117319759e-05
 31
0.0
 39
900.0
  0
LINE
  5
A09
330
A03
100
AcDbEntity
  8
0
100
AcDbLine
 10
18.33210910757771
 20
45.83001571174827
 30
0.0
 11
18.33210910757771
 21
54.99601571171661
 31
0.0
 39
900.0
  0
LINE
  5
A0A
330
A03
100
AcDbEntity
  8
0
100
AcDbLine
 10
531.6281091076089
 20
45.83001571174827
 30
0.0
 11
531.6281091076089
 21
54.99601571171661
 31
0.0
 39
900.0
  0
LINE
  5
A0B
330
A03
100
AcDbEntity
  8
0
100
AcDbLine
 10
549.9601091076038
 20
54.99601571171661
 30
0.0
 11
549.9601091076038
 21
559.1260157117213
 31
0.0
 39
900.0
  0
LINE
  5
A0C
330
A03
100
AcDbEntity
  8
0
100
AcDbLine
 10
0.0001091075828299
 20
45.83001571174827
 30
0.0
 11
0.0001091075828299
 21
9.166015711700311
 31
0.0
 39
900.0
  0
LINE
  5
A0D
330
A03
100
AcDbEntity
  8
0
100
AcDbLine
 10
0.0001091075828299
 20
45.83001571174827
 30
0.0
 11
549.9601091076038
 21
45.83001571174827
 31
0.0
 39
900.0
  0
LINE
  5
A0E
330
A03
100
AcDbEntity
  8
0
100
AcDbLine
 10
0.0001091075828299
 20
54.99601571171661
 30
0.0
 11
549.9601091076038
 21
54.99601571171661
 31
0.0
 39
900.0
  0
LINE
  5
A0F
330
A03
100
AcDbEntity
  8
0
100
AcDbLine
 10
0.0001091075828299
 20
9.166015711700311
 30
0.0
 11
549.9601091076038
 21
9.166015711700311
 31
0.0
 39
900.0
  0
LINE
  5
A10
330
A03
100
AcDbEntity
  8
0
100
AcDbLine
 10
0.0001091075828299
 20
559.1260157117213
 30
0.0
 11
0.0001091075828299
 21
54.99601571171661
 31
0.0
 39
900.0
  0
LINE
  5
A11
330
A03
100
AcDbEntity
  8
0
100
AcDbLine
 10
549.9601091076038
 20
9.166015711700311
 30
0.0
 11
549.9601091076038
 21
45.83001571174827
 31
0.0
 39
900.0
  0
LINE
  5
A12
330
A03
100
AcDbEntity
  8
0
100
AcDbLine
 10
0.0001091075828299
 20
559.1260157117213
 30
0.0
 11
549.9601091076038
 21
559.1260157117213
 31
0.0
 39
900.0
  0
ATTDEF
  5
A13
330
A03
100
AcDbEntity
  8
0
100
AcDbText
 10
549.9601091076038
 20
559.1260157117213
 30
0.0
 40
0.4582999999984168
  1
600
 39
900.0
 50
270.0
  7
DIM_FONT
 41
0.7999999999883585
 71
4
100
AcDbAttributeDefinition
  3
YSIZE
  2
YSIZE
 70
9
 71
1
 72
0
  0
ATTDEF
  5
A14
330
A03
100
AcDbEntity
  8
0
100
AcDbText
 10
549.9601091076038
 20
559.1260157117213
 30
0.0
 40
0.4582999999984168
  1
610
 39
900.0
 50
270.0
  7
DIM_FONT
 41
0.7999999999883585
 71
4
100
AcDbAttributeDefinition
  3
XSIZE
  2
XSIZE
 70
9
 71
1
 72
0
  0
ATTDEF
  5
A15
330
A03
100
AcDbEntity
  8
0
100
AcDbText
 10
549.9601091076038
 20
559.1260157117213
 30
0.0
 40
0.5
  1
500
 39
900.0
 50
180.0
  7
DIM_FONT
 41
0.7999999999883585
100
AcDbAttributeDefinition
  3
YSIZE
  2
YSIZE
 70
9
 71
1
 72
0
  0
ATTDEF
  5
A16
330
A03
100
AcDbEntity
  8
0
100
AcDbText
 10
549.9601091076038
 20
559.1260157117213
 30
0.0
 40
0.5
  1
500
 39
900.0
 50
180.0
  7
DIM_FONT
 41
0.7999999999883585
100
AcDbAttributeDefinition
  3
XSIZE
  2
XSIZE
 70
9
 71
1
 72
0
  0
ENDBLK
  5
A05
330
A03
100
AcDbEntity
  8
0
100
AcDbBlockEnd
  0
BLOCK
  5
A18
330
A17
100
AcDbEntity
  8
0
100
AcDbBlockBegin
  2
U_C15DRB
 70
2
 10
0.0
 20
0.0
 30
0.0
  3
U_C15DRB
  1

  0
LWPOLYLINE
  5
A1A
330
A17
100
AcDbEntity
  8
0
  6
Continuous
100
AcDbPolyline
 90
4
 70
1
 10
0.0
 20
0.0
 10
800.0
 20
0.0
 10
800.0
 20
350.0
 10
0.0
 20
350.0
  0
LINE
  5
A1B
330
A17
100
AcDbEntity
  8
0
  6
Continuous
100
AcDbLine
 10
0.0
 20
350.0
 30
0.0
 11
800.0
 21
0.0
 31
0.0
  0
LINE
  5
A1C
330
A17
100
AcDbEntity
  8
0
  6
Continuous
100
AcDbLine
 10
800.0
 20
350.0
 30
0.0
 11
0.0
 21
0.0
 31
0.0
  0
ATTDEF
  5
A1D
330
A17
100
AcDbEntity
  8
0
  6
Continuous
100
AcDbText
 10
0.0
 20
0.0
 30
0.0
 40
0.5
  1
500
  7
DIM_FONT
 41
0.8
100
AcDbAttributeDefinition
  3
XSIZE
  2
XSIZE
 70
9
 71
1
 72
0
  0
ATTDEF
  5
A1E
330
A17
100
AcDbEntity
  8
0
  6
Continuous
100
AcDbText
 10
0.0
 20
0.0
 30
0.0
 40
0.5
  1
0
  7
DIM_FONT
 41
0.8
100
AcDbAttributeDefinition
  3
YSIZE
  2
YSIZE
 70
9
 71
1
 72
0
  0
ENDBLK
  5
A19
330
A17
100
AcDbEntity
  8
0
100
AcDbBlockEnd
  0
BLOCK
  5
A20
330
A1F
100
AcDbEntity
  8
0
100
AcDbBlockBegin
  2
U_A102BUY
 70
2
 10
0.0
 20
0.0
 30
0.0
  3
U_A102BUY
  1

  0
LINE
  5
A22
330
A1F
100
AcDbEntity
  8
0
100
AcDbLine
 10
0.0
 20
0.0
 30
0.0
 11
-900.0
 21
0.0
 31
0.0
  0
LINE
  5
A23
330
A1F
100
AcDbEntity
  8
0
100
AcDbLine
 10
-900.0
 20
0.0
 30
0.0
 11
-900.0
 21
450.0
 31
0.0
  0
LINE
  5
A24
330
A1F
100
AcDbEntity
  8
0
100
AcDbLine
 10
-450.0
 20
900.0
 30
0.0
 11
0.0
 21
900.0
 31
0.0
  0
LINE
  5
A25
330
A1F
100
AcDbEntity
  8
0
100
AcDbLine
 10
0.0
 20
900.0
 30
0.0
 11
0.0
 21
0.0
 31
0.0
  0
ARC
  5
A26
330
A1F
100
AcDbEntity
  8
0
100
AcDbCircle
 10
-450.0
 20
450.0
 30
0.0
 40
450.0
100
AcDbArc
 50
90.0
 51
180.0
  0
ARC
  5
A27
330
A1F
100
AcDbEntity
  8
0
100
AcDbCircle
 10
-450.0
 20
450.0
 30
0.0
 40
393.75
100
AcDbArc
 50
90.0
 51
180.0
  0
LINE
  5
A28
330
A1F
100
AcDbEntity
  8
0
100
AcDbLine
 10
-450.0
 20
843.75
 30
0.0
 11
-56.25
 21
843.75
 31
0.0
  0
LINE
  5
A29
330
A1F
100
AcDbEntity
  8
0
100
AcDbLine
 10
-56.25
 20
843.75
 30
0.0
 11
-56.25
 21
56.25
 31
0.0
  0
LINE
  5
A2A
330
A1F
100
AcDbEntity
  8
0
100
AcDbLine
 10
-56.25
 20
56.25
 30
0.0
 11
-843.75
 21
56.25
 31
0.0
  0
LINE
  5
A2B
330
A1F
100
AcDbEntity
  8
0
100
AcDbLine
 10
-843.75
 20
56.25
 30
0.0
 11
-843.75
 21
450.0
 31
0.0
  0
LINE
  5
A2C
330
A1F
100
AcDbEntity
  8
0
100
AcDbLine
 10
-56.25
 20
56.25
 30
0.0
 11
-256.2355399597509
 21
256.2355399597436
 31
0.0
  0
CIRCLE
  5
A2D
330
A1F
100
AcDbEntity
  8
0
100
AcDbCircle
 10
-296.0102964014877
 20
296.0102964015095
 30
0.0
 40
56.25
  0
LINE
  5
A2E
330
A1F
100
AcDbEntity
  8
0
100
AcDbLine
 10
-216.4607835180068
 20
216.4607835179777
 30
0.0
 11
-56.25
 21
843.75
 31
0.0
  0
LINE
  5
A2F
330
A1F
100
AcDbEntity
  8
0
100
AcDbLine
 10
-216.4607835180068
 20
216.4607835179777
 30
0.0
 11
-843.75
 21
56.25
 31
0.0
  0
ATTDEF
  5
A30
330
A1F
100
AcDbEntity
  8
0
100
AcDbText
 10
0.0
 20
0.0
 30
0.0
 40
0.5
  1
500
  7
DIM_FONT
 41
0.8
100
AcDbAttributeDefinition
  3
XSIZE
  2
XSIZE
 70
9
 71
1
 72
0
  0
ATTDEF
  5
A31
330
A1F
100
AcDbEntity
  8
0
100
AcDbText
 10
0.0
 20
0.0
 30
0.0
 40
0.5
  1
500
  7
DIM_FONT
 41
0.8
100
AcDbAttributeDefinition
  3
YSIZE
  2
YSIZE
 70
9
 71
1
 72
0
  0
ENDBLK
  5
A21
330
A1F
100
AcDbEntity
  8
0
100
AcDbBlockEnd
  0
BLOCK
  5
A33
330
A32
100
AcDbEntity
  8
0
100
AcDbBlockBegin
  2
A$C417342AB
 70
0
 10
0.0
 20
0.0
 30
0.0
  3
A$C417342AB
  1

  0
INSERT
  5
A35
330
A32
100
AcDbEntity
  8
LVTRY
100
AcDbBlockReference
  2
P15
 10
476.9516303664423
 20
279.9994891386305
 30
0.0
 50
270.0
  0
ENDBLK
  5
A34
330
A32
100
AcDbEntity
  8
0
100
AcDbBlockEnd
  0
BLOCK
  5
A38
330
A37
100
AcDbEntity
  8
0
100
AcDbBlockBegin
  2
U_A95JFC
 70
2
 10
0.0
 20
0.0
 30
0.0
  3
U_A95JFC
  1

  0
LWPOLYLINE
  5
A3A
330
A37
100
AcDbEntity
  8
0
  6
DASH_50
100
AcDbPolyline
 90
4
 70
1
 10
200.0
 20
0.0
 10
0.0
 20
0.0
 10
0.0
 20
800.0
 10
200.0
 20
800.0
  0
ATTDEF
  5
A3B
330
A37
100
AcDbEntity
  8
0
100
AcDbText
 10
0.0
 20
0.0
 30
0.0
 40
0.5
  1
0
  7
DIM_FONT
 41
0.8
100
AcDbAttributeDefinition
  3
XSIZE
  2
XSIZE
 70
9
 71
1
 72
0
  0
ATTDEF
  5
A3C
330
A37
100
AcDbEntity
  8
0
100
AcDbText
 10
0.0
 20
0.0
 30
0.0
 40
0.5
  1
500
  7
DIM_FONT
 41
0.8
100
AcDbAttributeDefinition
  3
YSIZE
  2
YSIZE
 70
9
 71
1
 72
0
  0
ENDBLK
  5
A39
330
A37
100
AcDbEntity
  8
0
100
AcDbBlockEnd
  0
BLOCK
  5
A3E
330
A3D
100
AcDbEntity
  8
0
100
AcDbBlockBegin
  2
_AXISO
 70
2
 10
0.0
 20
0.0
 30
0.0
  3
_AXISO
  1

  0
CIRCLE
  5
A40
330
A3D
100
AcDbEntity
  8
0
100
AcDbCircle
 10
0.0
 20
0.0
 30
0.0
 40
0.5
  0
ATTDEF
  5
A41
330
A3D
100
AcDbEntity
  8
AXIS_TEXT
100
AcDbText
 10
-0.25
 20
-0.28
 30
0.0
 40
0.56
  1

  7
COMPLEX
 41
1.041666666666667
 72
5
 11
0.25
 21
-0.28
 31
0.0
100
AcDbAttributeDefinition
  3

  2
A
 70
0
 71
1
 72
0
 11
0.25
 21
-0.28
 31
0.0
  0
ENDBLK
  5
A3F
330
A3D
100
AcDbEntity
  8
0
100
AcDbBlockEnd
  0
BLOCK
  5
A43
330
A42
100
AcDbEntity
  8
0
100
AcDbBlockBegin
  2
_AXISO1
 70
2
 10
0.0
 20
0.0
 30
0.0
  3
_AXISO1
  1

  0
LINE
  5
A45
330
A42
100
AcDbEntity
  8
0
100
AcDbLine
 10
0.3535533905932737
 20
-0.1464466094067263
 30
0.0
 11
0.5
 21
0.0
 31
0.0
  0
CIRCLE
  5
A46
330
A42
100
AcDbEntity
  8
0
100
AcDbCircle
 10
0.0
 20
-0.5
 30
0.0
 40
0.5
  0
ATTDEF
  5
A47
330
A42
100
AcDbEntity
  8
AXIS_TEXT
100
AcDbText
 10
-0.25
 20
-0.78
 30
0.0
 40
0.56
  1

  7
COMPLEX
 41
1.041666666666667
 72
5
 11
0.25
 21
-0.78
 31
0.0
100
AcDbAttributeDefinition
  3

  2
A
 70
0
 71
1
 72
0
 11
0.25
 21
-0.78
 31
0.0
  0
ENDBLK
  5
A44
330
A42
100
AcDbEntity
  8
0
100
AcDbBlockEnd
  0
BLOCK
  5
A49
330
A48
100
AcDbEntity
  8
0
100
AcDbBlockBegin
  2
_AXISO2
 70
2
 10
0.0
 20
0.0
 30
0.0
  3
_AXISO2
  1

  0
LINE
  5
A4B
330
A48
100
AcDbEntity
  8
0
100
AcDbLine
 10
0.3535533905932737
 20
0.1464466094067263
 30
0.0
 11
0.5
 21
0.0
 31
0.0
  0
CIRCLE
  5
A4C
330
A48
100
AcDbEntity
  8
0
100
AcDbCircle
 10
0.0
 20
0.5
 30
0.0
 40
0.5
  0
ATTDEF
  5
A4D
330
A48
100
AcDbEntity
  8
AXIS_TEXT
100
AcDbText
 10
-0.25
 20
0.22
 30
0.0
 40
0.56
  1

  7
COMPLEX
 41
1.041666666666667
 72
5
 11
0.25
 21
0.22
 31
0.0
100
AcDbAttributeDefinition
  3

  2
A
 70
0
 71
1
 72
0
 11
0.25
 21
0.22
 31
0.0
  0
ENDBLK
  5
A4A
330
A48
100
AcDbEntity
  8
0
100
AcDbBlockEnd
  0
BLOCK
  5
A4F
330
A4E
100
AcDbEntity
  8
0
100
AcDbBlockBegin
  2
U_A30VYQ
 70
2
 10
0.0
 20
0.0
 30
0.0
  3
U_A30VYQ
  1

  0
ATTDEF
  5
A51
330
A4E
100
AcDbEntity
  8
0
100
AcDbText
 10
0.0
 20
0.0
 30
0.0
 40
0.5
  1
2500
100
AcDbAttributeDefinition
  3
XSIZE
  2
XSIZE
 70
9
 71
1
 72
0
  0
ATTDEF
  5
A52
330
A4E
100
AcDbEntity
  8
0
100
AcDbText
 10
0.0
 20
0.0
 30
0.0
 40
0.5
  1
1500
100
AcDbAttributeDefinition
  3
YSIZE
  2
YSIZE
 70
9
 71
1
 72
0
  0
ARC
  5
A53
330
A4E
100
AcDbEntity
  8
0
100
AcDbCircle
 10
-164.5929018717725
 20
-684.9694924054493
 30
0.0
 40
67.5
100
AcDbArc
 50
270.0
 51
0.0
  0
ARC
  5
A54
330
A4E
100
AcDbEntity
  8
0
100
AcDbCircle
 10
207.2333366969251
 20
-684.9694924054493
 30
0.0
 40
67.5
100
AcDbArc
 50
180.0
 51
270.0
  0
ARC
  5
A55
330
A4E
100
AcDbEntity
  8
0
100
AcDbCircle
 10
-479.5929018717725
 20
-684.9694924054493
 30
0.0
 40
67.5
100
AcDbArc
 50
180.0
 51
270.0
  0
ARC
  5
A56
330
A4E
100
AcDbEntity
  8
0
100
AcDbCircle
 10
522.2333366969251
 20
-684.9694924054493
 30
0.0
 40
67.5
100
AcDbArc
 50
270.0
 51
0.0
  0
ARC
  5
A57
330
A4E
100
AcDbEntity
  8
0
100
AcDbCircle
 10
364.7333366969251
 20
1925.368758315657
 30
0.0
 40
2712.716921149136
100
AcDbArc
 50
264.8023040315448
 51
275.1976959684552
  0
LINE
  5
A58
330
A4E
100
AcDbEntity
  8
0
100
AcDbLine
 10
134.7333366969251
 20
-752.4694924054493
 30
0.0
 11
594.7333366969251
 21
-752.4694924054493
 31
0.0
  0
LINE
  5
A59
330
A4E
100
AcDbEntity
  8
0
100
AcDbLine
 10
315.1667695387732
 20
-852.4694924054493
 30
0.0
 11
414.299903855077
 21
-852.4694924054493
 31
0.0
  0
ARC
  5
A5A
330
A4E
100
AcDbEntity
  8
0
100
AcDbCircle
 10
-552.0929018717725
 20
-772.4694924054493
 30
0.0
 40
20.0
100
AcDbArc
 50
90.0
 51
157.3300087844911
  0
ARC
  5
A5B
330
A4E
100
AcDbEntity
  8
0
100
AcDbCircle
 10
-561.3203026918927
 20
-768.615264323802
 30
0.0
 40
10.0
100
AcDbArc
 50
157.3300087844911
 51
229.2734566895807
  0
ARC
  5
A5C
330
A4E
100
AcDbEntity
  8
0
100
AcDbCircle
 10
-92.09290187177248
 20
-772.4694924054493
 30
0.0
 40
20.0
100
AcDbArc
 50
22.6699912155099
 51
90.0
  0
ARC
  5
A5D
330
A4E
100
AcDbEntity
  8
0
100
AcDbCircle
 10
-282.2473137826892
 20
-537.0296210833185
 30
0.0
 40
315.5896225382623
100
AcDbArc
 50
271.765137846452
 51
310.7265433104218
  0
LINE
  5
A5E
330
A4E
100
AcDbEntity
  8
0
100
AcDbLine
 10
-371.6594690298662
 20
-852.4694924054493
 30
0.0
 11
-272.5263347136788
 21
-852.4694924054493
 31
0.0
  0
ARC
  5
A5F
330
A4E
100
AcDbEntity
  8
0
100
AcDbCircle
 10
324.8877486078418
 20
-537.0296210833185
 30
0.0
 40
315.5896225382623
100
AcDbArc
 50
229.2734566895782
 51
268.234862153548
  0
ARC
  5
A60
330
A4E
100
AcDbEntity
  8
0
100
AcDbCircle
 10
-82.86550105165225
 20
-768.615264323802
 30
0.0
 40
10.0
100
AcDbArc
 50
310.7265433104205
 51
22.66999121550958
  0
ARC
  5
A61
330
A4E
100
AcDbEntity
  8
0
100
AcDbCircle
 10
125.5059358768049
 20
-768.615264323802
 30
0.0
 40
10.0
100
AcDbArc
 50
157.3300087844904
 51
229.2734566895789
  0
ARC
  5
A62
330
A4E
100
AcDbEntity
  8
0
100
AcDbCircle
 10
134.7333366969251
 20
-772.4694924054493
 30
0.0
 40
20.0
100
AcDbArc
 50
90.0
 51
157.3300087844904
  0
ARC
  5
A63
330
A4E
100
AcDbEntity
  8
0
100
AcDbCircle
 10
-361.9384899608558
 20
-537.0296210833185
 30
0.0
 40
315.5896225382623
100
AcDbArc
 50
229.2734566895782
 51
268.234862153548
  0
ARC
  5
A64
330
A4E
100
AcDbEntity
  8
0
100
AcDbCircle
 10
-322.0929018717725
 20
1925.368758315657
 30
0.0
 40
2712.716921149136
100
AcDbArc
 50
264.8023040315448
 51
275.1976959684552
  0
LINE
  5
A65
330
A4E
100
AcDbEntity
  8
0
100
AcDbLine
 10
-552.0929018717725
 20
-752.4694924054493
 30
0.0
 11
-92.09290187177248
 21
-752.4694924054493
 31
0.0
  0
ARC
  5
A66
330
A4E
100
AcDbEntity
  8
0
100
AcDbCircle
 10
603.9607375170453
 20
-768.615264323802
 30
0.0
 40
10.0
100
AcDbArc
 50
310.7265433104192
 51
22.66999121550886
  0
ARC
  5
A67
330
A4E
100
AcDbEntity
  8
0
100
AcDbCircle
 10
404.5789247860084
 20
-537.0296210833185
 30
0.0
 40
315.5896225382623
100
AcDbArc
 50
271.765137846452
 51
310.7265433104218
  0
ARC
  5
A68
330
A4E
100
AcDbEntity
  8
0
100
AcDbCircle
 10
594.7333366969251
 20
-772.4694924054493
 30
0.0
 40
20.0
100
AcDbArc
 50
22.66999121550886
 51
90.0
  0
LINE
  5
A69
330
A4E
100
AcDbEntity
  8
0
100
AcDbLine
 10
-1090.179782587453
 20
276.7926073968119
 30
0.0
 11
-865.1797825874528
 21
276.7926073968119
 31
0.0
  0
LINE
  5
A6A
330
A4E
100
AcDbEntity
  8
0
100
AcDbLine
 10
-1090.179782587453
 20
-173.2073926031881
 30
0.0
 11
-865.1797825874528
 21
-173.2073926031881
 31
0.0
  0
LINE
  5
A6B
330
A4E
100
AcDbEntity
  8
0
100
AcDbLine
 10
-1157.679782587453
 20
-178.2073926031881
 30
0.0
 11
-1157.679782587453
 21
281.7926073968119
 31
0.0
  0
LINE
  5
A6C
330
A4E
100
AcDbEntity
  8
0
100
AcDbLine
 10
-1257.679782587453
 20
2.226040238718269
 30
0.0
 11
-1257.679782587453
 21
101.3591745549056
 31
0.0
  0
ARC
  5
A6D
330
A4E
100
AcDbEntity
  8
0
100
AcDbCircle
 10
-942.239911265322
 20
91.63819548601168
 30
0.0
 40
315.5896225382623
100
AcDbArc
 50
139.2734566895783
 51
178.234862153548
  0
ARC
  5
A6E
330
A4E
100
AcDbEntity
  8
0
100
AcDbCircle
 10
-1090.179782587453
 20
209.2926073968119
 30
0.0
 40
67.5
100
AcDbArc
 50
90.0
 51
180.0
  0
ARC
  5
A6F
330
A4E
100
AcDbEntity
  8
0
100
AcDbCircle
 10
-1173.825554506038
 20
291.0200082170486
 30
0.0
 40
10.0
100
AcDbArc
 50
67.33000878449042
 51
139.2734566895795
  0
ARC
  5
A70
330
A4E
100
AcDbEntity
  8
0
100
AcDbCircle
 10
-1177.679782587453
 20
281.7926073968119
 30
0.0
 40
20.0
100
AcDbArc
 50
0.0
 51
67.33000878449042
  0
ARC
  5
A71
330
A4E
100
AcDbEntity
  8
0
100
AcDbCircle
 10
-1173.825554506038
 20
-187.4347934231919
 30
0.0
 40
10.0
100
AcDbArc
 50
220.7265433104193
 51
292.669991215509
  0
ARC
  5
A72
330
A4E
100
AcDbEntity
  8
0
100
AcDbCircle
 10
1520.158468133421
 20
51.79260739681195
 30
0.0
 40
2712.716921149136
100
AcDbArc
 50
174.8023040315449
 51
185.1976959684552
  0
ARC
  5
A73
330
A4E
100
AcDbEntity
  8
0
100
AcDbCircle
 10
-942.239911265322
 20
11.94701930784504
 30
0.0
 40
315.5896225382623
100
AcDbArc
 50
181.765137846452
 51
220.7265433104218
  0
ARC
  5
A74
330
A4E
100
AcDbEntity
  8
0
100
AcDbCircle
 10
-1177.679782587453
 20
-178.2073926031881
 30
0.0
 40
20.0
100
AcDbArc
 50
292.669991215509
 51
0.0
  0
ARC
  5
A75
330
A4E
100
AcDbEntity
  8
0
100
AcDbCircle
 10
-1090.179782587453
 20
-105.7073926031881
 30
0.0
 40
67.5
100
AcDbArc
 50
180.0
 51
270.0
  0
ARC
  5
A76
330
A4E
100
AcDbEntity
  8
0
100
AcDbCircle
 10
364.7333366969251
 20
-1821.7835435218
 30
0.0
 40
2712.716921149136
100
AcDbArc
 50
84.8023040315449
 51
95.19769596845512
  0
LINE
  5
A77
330
A4E
100
AcDbEntity
  8
0
100
AcDbLine
 10
594.7333366969251
 20
856.0547071990732
 30
0.0
 11
134.7333366969251
 21
856.0547071990732
 31
0.0
  0
LINE
  5
A78
330
A4E
100
AcDbEntity
  8
0
100
AcDbLine
 10
522.2333366969251
 20
496.0547071990732
 30
0.0
 11
207.2333366969251
 21
496.0547071990732
 31
0.0
  0
LINE
  5
A79
330
A4E
100
AcDbEntity
  8
0
100
AcDbLine
 10
207.2333366969251
 20
-392.4694924054493
 30
0.0
 11
522.2333366969251
 21
-392.4694924054493
 31
0.0
  0
LINE
  5
A7A
330
A4E
100
AcDbEntity
  8
0
100
AcDbLine
 10
-678.6797825874528
 20
426.7926073968119
 30
0.0
 11
721.3202174125472
 21
426.7926073968119
 31
0.0
  0
LINE
  5
A7B
330
A4E
100
AcDbEntity
  8
0
100
AcDbLine
 10
721.3202174125472
 20
-323.2073926031881
 30
0.0
 11
-678.6797825874528
 21
-323.2073926031881
 31
0.0
  0
LINE
  5
A7C
330
A4E
100
AcDbEntity
  8
0
100
AcDbLine
 10
414.299903855077
 20
956.0547071990732
 30
0.0
 11
315.1667695388314
 21
956.0547071990732
 31
0.0
  0
ARC
  5
A7D
330
A4E
100
AcDbEntity
  8
0
100
AcDbCircle
 10
324.8877486078418
 20
640.6148358769424
 30
0.0
 40
315.5896225382623
100
AcDbArc
 50
91.765137846452
 51
130.7265433104217
  0
ARC
  5
A7E
330
A4E
100
AcDbEntity
  8
0
100
AcDbCircle
 10
-282.2473137826892
 20
640.6148358769424
 30
0.0
 40
315.5896225382623
100
AcDbArc
 50
49.27345668957825
 51
88.23486215354795
  0
ARC
  5
A7F
330
A4E
100
AcDbEntity
  8
0
100
AcDbCircle
 10
-361.9384899608558
 20
640.6148358769424
 30
0.0
 40
315.5896225382623
100
AcDbArc
 50
91.765137846452
 51
130.7265433104217
  0
ARC
  5
A80
330
A4E
100
AcDbEntity
  8
0
100
AcDbCircle
 10
-552.0929018717725
 20
876.0547071990732
 30
0.0
 40
20.0
100
AcDbArc
 50
202.6699912155089
 51
270.0
  0
ARC
  5
A81
330
A4E
100
AcDbEntity
  8
0
100
AcDbCircle
 10
-561.3203026918927
 20
872.2004791176587
 30
0.0
 40
10.0
100
AcDbArc
 50
130.7265433104193
 51
202.6699912155089
  0
LINE
  5
A82
330
A4E
100
AcDbEntity
  8
0
100
AcDbLine
 10
-547.0929018717725
 20
-684.9694924054493
 30
0.0
 11
-547.0929018717725
 21
-459.9694924054493
 31
0.0
  0
LINE
  5
A83
330
A4E
100
AcDbEntity
  8
0
100
AcDbLine
 10
-547.0929018717725
 20
788.5547071990732
 30
0.0
 11
-547.0929018717725
 21
563.5547071990732
 31
0.0
  0
ARC
  5
A84
330
A4E
100
AcDbEntity
  8
0
100
AcDbCircle
 10
-92.09290187177248
 20
876.0547071990732
 30
0.0
 40
20.0
100
AcDbArc
 50
270.0
 51
337.3300087844901
  0
ARC
  5
A85
330
A4E
100
AcDbEntity
  8
0
100
AcDbCircle
 10
-164.5929018717725
 20
788.5547071990732
 30
0.0
 40
67.5
100
AcDbArc
 50
0.0
 51
90.0
  0
ARC
  5
A86
330
A4E
100
AcDbEntity
  8
0
100
AcDbCircle
 10
207.2333366969251
 20
788.5547071990732
 30
0.0
 40
67.5
100
AcDbArc
 50
90.0
 51
180.0
  0
ARC
  5
A87
330
A4E
100
AcDbEntity
  8
0
100
AcDbCircle
 10
-82.86550105165225
 20
872.2004791176587
 30
0.0
 40
10.0
100
AcDbArc
 50
337.3300087844905
 51
49.27345668957889
  0
ARC
  5
A88
330
A4E
100
AcDbEntity
  8
0
100
AcDbCircle
 10
125.5059358768049
 20
872.2004791176587
 30
0.0
 40
10.0
100
AcDbArc
 50
130.7265433104205
 51
202.6699912155095
  0
ARC
  5
A89
330
A4E
100
AcDbEntity
  8
0
100
AcDbCircle
 10
134.7333366969251
 20
876.0547071990732
 30
0.0
 40
20.0
100
AcDbArc
 50
202.6699912155095
 51
270.0
  0
ARC
  5
A8A
330
A4E
100
AcDbEntity
  8
0
100
AcDbCircle
 10
-164.5929018717725
 20
563.5547071990732
 30
0.0
 40
67.5
100
AcDbArc
 50
270.0
 51
0.0
  0
LINE
  5
A8B
330
A4E
100
AcDbEntity
  8
0
100
AcDbLine
 10
-164.5929018717725
 20
496.0547071990732
 30
0.0
 11
-479.5929018717725
 21
496.0547071990732
 31
0.0
  0
ARC
  5
A8C
330
A4E
100
AcDbEntity
  8
0
100
AcDbCircle
 10
207.2333366969251
 20
563.5547071990732
 30
0.0
 40
67.5
100
AcDbArc
 50
180.0
 51
270.0
  0
ARC
  5
A8D
330
A4E
100
AcDbEntity
  8
0
100
AcDbCircle
 10
-164.5929018717725
 20
-459.9694924054493
 30
0.0
 40
67.5
100
AcDbArc
 50
0.0
 51
90.0
  0
LINE
  5
A8E
330
A4E
100
AcDbEntity
  8
0
100
AcDbLine
 10
-97.09290187177248
 20
-684.9694924054493
 30
0.0
 11
-97.09290187177248
 21
-459.9694924054493
 31
0.0
  0
LINE
  5
A8F
330
A4E
100
AcDbEntity
  8
0
100
AcDbLine
 10
-479.5929018717725
 20
-392.4694924054493
 30
0.0
 11
-164.5929018717725
 21
-392.4694924054493
 31
0.0
  0
LINE
  5
A90
330
A4E
100
AcDbEntity
  8
0
100
AcDbLine
 10
139.7333366969251
 20
-684.9694924054493
 30
0.0
 11
139.7333366969251
 21
-459.9694924054493
 31
0.0
  0
ARC
  5
A91
330
A4E
100
AcDbEntity
  8
0
100
AcDbCircle
 10
207.2333366969251
 20
-459.9694924054493
 30
0.0
 40
67.5
100
AcDbArc
 50
90.0
 51
180.0
  0
LINE
  5
A92
330
A4E
100
AcDbEntity
  8
0
100
AcDbLine
 10
-97.09290187177248
 20
788.5547071990732
 30
0.0
 11
-97.09290187177248
 21
563.5547071990732
 31
0.0
  0
LINE
  5
A93
330
A4E
100
AcDbEntity
  8
0
100
AcDbLine
 10
139.7333366969251
 20
788.5547071990732
 30
0.0
 11
139.7333366969251
 21
563.5547071990732
 31
0.0
  0
ARC
  5
A94
330
A4E
100
AcDbEntity
  8
0
100
AcDbCircle
 10
-479.5929018717725
 20
-459.9694924054493
 30
0.0
 40
67.5
100
AcDbArc
 50
90.0
 51
180.0
  0
ARC
  5
A95
330
A4E
100
AcDbEntity
  8
0
100
AcDbCircle
 10
-479.5929018717725
 20
788.5547071990732
 30
0.0
 40
67.5
100
AcDbArc
 50
90.0
 51
180.0
  0
ARC
  5
A96
330
A4E
100
AcDbEntity
  8
0
100
AcDbCircle
 10
-322.0929018717725
 20
-1821.7835435218
 30
0.0
 40
2712.716921149136
100
AcDbArc
 50
84.8023040315449
 51
95.19769596845512
  0
ARC
  5
A97
330
A4E
100
AcDbEntity
  8
0
100
AcDbCircle
 10
-479.5929018717725
 20
563.5547071990732
 30
0.0
 40
67.5
100
AcDbArc
 50
180.0
 51
270.0
  0
LINE
  5
A98
330
A4E
100
AcDbEntity
  8
0
100
AcDbLine
 10
-92.09290187177248
 20
856.0547071990732
 30
0.0
 11
-552.0929018717725
 21
856.0547071990732
 31
0.0
  0
LINE
  5
A99
330
A4E
100
AcDbEntity
  8
0
100
AcDbLine
 10
-272.5263347136788
 20
956.0547071990732
 30
0.0
 11
-371.6594690298662
 21
956.0547071990732
 31
0.0
  0
ARC
  5
A9A
330
A4E
100
AcDbEntity
  8
0
100
AcDbCircle
 10
404.5789247860666
 20
640.6148358769424
 30
0.0
 40
315.5896225382623
100
AcDbArc
 50
49.27345668957825
 51
88.23486215354795
  0
ARC
  5
A9B
330
A4E
100
AcDbEntity
  8
0
100
AcDbCircle
 10
603.9607375170453
 20
872.2004791176587
 30
0.0
 40
10.0
100
AcDbArc
 50
337.330008784491
 51
49.27345668958073
  0
ARC
  5
A9C
330
A4E
100
AcDbEntity
  8
0
100
AcDbCircle
 10
594.7333366969251
 20
876.0547071990732
 30
0.0
 40
20.0
100
AcDbArc
 50
270.0
 51
337.330008784491
  0
ARC
  5
A9D
330
A4E
100
AcDbEntity
  8
0
100
AcDbCircle
 10
522.2333366969251
 20
788.5547071990732
 30
0.0
 40
67.5
100
AcDbArc
 50
0.0
 51
90.0
  0
ARC
  5
A9E
330
A4E
100
AcDbEntity
  8
0
100
AcDbCircle
 10
522.2333366969251
 20
563.5547071990732
 30
0.0
 40
67.5
100
AcDbArc
 50
270.0
 51
0.0
  0
ARC
  5
A9F
330
A4E
100
AcDbEntity
  8
0
100
AcDbCircle
 10
721.3202174125472
 20
376.7926073968119
 30
0.0
 40
50.0
100
AcDbArc
 50
0.0
 51
90.0
  0
LINE
  5
AA0
330
A4E
100
AcDbEntity
  8
0
100
AcDbLine
 10
1200.320217412547
 20
-178.2073926031881
 30
0.0
 11
1200.320217412547
 21
281.7926073968119
 31
0.0
  0
LINE
  5
AA1
330
A4E
100
AcDbEntity
  8
0
100
AcDbLine
 10
1300.320217412547
 20
2.226040238718269
 30
0.0
 11
1300.320217412547
 21
101.3591745549056
 31
0.0
  0
LINE
  5
AA2
330
A4E
100
AcDbEntity
  8
0
100
AcDbLine
 10
840.3202174125472
 20
-105.7073926031881
 30
0.0
 11
840.3202174125472
 21
209.2926073968119
 31
0.0
  0
ARC
  5
AA3
330
A4E
100
AcDbEntity
  8
0
100
AcDbCircle
 10
1132.820217412547
 20
209.2926073968119
 30
0.0
 40
67.5
100
AcDbArc
 50
0.0
 51
90.0
  0
ARC
  5
AA4
330
A4E
100
AcDbEntity
  8
0
100
AcDbCircle
 10
907.8202174125472
 20
209.2926073968119
 30
0.0
 40
67.5
100
AcDbArc
 50
90.0
 51
180.0
  0
LINE
  5
AA5
330
A4E
100
AcDbEntity
  8
0
100
AcDbLine
 10
1132.820217412547
 20
276.7926073968119
 30
0.0
 11
907.8202174125472
 21
276.7926073968119
 31
0.0
  0
ARC
  5
AA6
330
A4E
100
AcDbEntity
  8
0
100
AcDbCircle
 10
1216.465989331133
 20
291.0200082170486
 30
0.0
 40
10.0
100
AcDbArc
 50
40.72654331042047
 51
112.6699912155095
  0
ARC
  5
AA7
330
A4E
100
AcDbEntity
  8
0
100
AcDbCircle
 10
1220.320217412547
 20
281.7926073968119
 30
0.0
 40
20.0
100
AcDbArc
 50
112.6699912155095
 51
180.0
  0
LINE
  5
AA8
330
A4E
100
AcDbEntity
  8
0
100
AcDbLine
 10
1132.820217412547
 20
-173.2073926031881
 30
0.0
 11
907.8202174125472
 21
-173.2073926031881
 31
0.0
  0
LINE
  5
AA9
330
A4E
100
AcDbEntity
  8
0
100
AcDbLine
 10
589.7333366969251
 20
-684.9694924054493
 30
0.0
 11
589.7333366969251
 21
-459.9694924054493
 31
0.0
  0
ARC
  5
AAA
330
A4E
100
AcDbEntity
  8
0
100
AcDbCircle
 10
522.2333366969251
 20
-459.9694924054493
 30
0.0
 40
67.5
100
AcDbArc
 50
0.0
 51
90.0
  0
ARC
  5
AAB
330
A4E
100
AcDbEntity
  8
0
100
AcDbCircle
 10
721.3202174125472
 20
-273.2073926031881
 30
0.0
 40
50.0
100
AcDbArc
 50
270.0
 51
0.0
  0
ARC
  5
AAC
330
A4E
100
AcDbEntity
  8
0
100
AcDbCircle
 10
1216.465989331133
 20
-187.4347934231919
 30
0.0
 40
10.0
100
AcDbArc
 50
247.3300087844911
 51
319.2734566895807
  0
LINE
  5
AAD
330
A4E
100
AcDbEntity
  8
0
100
AcDbLine
 10
771.3202174125472
 20
376.7926073968119
 30
0.0
 11
771.3202174125472
 21
-273.2073926031881
 31
0.0
  0
ARC
  5
AAE
330
A4E
100
AcDbEntity
  8
0
100
AcDbCircle
 10
-1477.518033308326
 20
51.79260739681195
 30
0.0
 40
2712.716921149136
100
AcDbArc
 50
354.8023040315448
 51
5.197695968455101
  0
ARC
  5
AAF
330
A4E
100
AcDbEntity
  8
0
100
AcDbCircle
 10
1220.320217412547
 20
-178.2073926031881
 30
0.0
 40
20.0
100
AcDbArc
 50
180.0
 51
247.3300087844911
  0
ARC
  5
AB0
330
A4E
100
AcDbEntity
  8
0
100
AcDbCircle
 10
1132.820217412547
 20
-105.7073926031881
 30
0.0
 40
67.5
100
AcDbArc
 50
270.0
 51
0.0
  0
ARC
  5
AB1
330
A4E
100
AcDbEntity
  8
0
100
AcDbCircle
 10
907.8202174125472
 20
-105.7073926031881
 30
0.0
 40
67.5
100
AcDbArc
 50
180.0
 51
270.0
  0
LINE
  5
AB2
330
A4E
100
AcDbEntity
  8
0
100
AcDbLine
 10
589.7333366969251
 20
788.5547071990732
 30
0.0
 11
589.7333366969251
 21
563.5547071990732
 31
0.0
  0
ARC
  5
AB3
330
A4E
100
AcDbEntity
  8
0
100
AcDbCircle
 10
984.8803460904164
 20
91.63819548601168
 30
0.0
 40
315.5896225382623
100
AcDbArc
 50
1.765137846451985
 51
40.72654331042167
  0
ARC
  5
AB4
330
A4E
100
AcDbEntity
  8
0
100
AcDbCircle
 10
984.8803460904164
 20
11.94701930784504
 30
0.0
 40
315.5896225382623
100
AcDbArc
 50
319.2734566895783
 51
358.234862153548
  0
LINE
  5
AB5
330
A4E
100
AcDbEntity
  8
0
100
AcDbLine
 10
-797.6797825874528
 20
-105.7073926031881
 30
0.0
 11
-797.6797825874528
 21
209.2926073968119
 31
0.0
  0
ARC
  5
AB6
330
A4E
100
AcDbEntity
  8
0
100
AcDbCircle
 10
-865.1797825874528
 20
209.2926073968119
 30
0.0
 40
67.5
100
AcDbArc
 50
0.0
 51
90.0
  0
ARC
  5
AB7
330
A4E
100
AcDbEntity
  8
0
100
AcDbCircle
 10
-865.1797825874528
 20
-105.7073926031881
 30
0.0
 40
67.5
100
AcDbArc
 50
270.0
 51
0.0
  0
LINE
  5
AB8
330
A4E
100
AcDbEntity
  8
0
100
AcDbLine
 10
-728.6797825874528
 20
-273.2073926031881
 30
0.0
 11
-728.6797825874528
 21
376.7926073968119
 31
0.0
  0
ARC
  5
AB9
330
A4E
100
AcDbEntity
  8
0
100
AcDbCircle
 10
-678.6797825874528
 20
376.7926073968119
 30
0.0
 40
50.0
100
AcDbArc
 50
90.0
 51
180.0
  0
ARC
  5
ABA
330
A4E
100
AcDbEntity
  8
0
100
AcDbCircle
 10
-678.6797825874528
 20
-273.2073926031881
 30
0.0
 40
50.0
100
AcDbArc
 50
180.0
 51
270.0
  0
ENDBLK
  5
A50
330
A4E
100
AcDbEntity
  8
0
100
AcDbBlockEnd
  0
BLOCK
  5
ABC
330
ABB
100
AcDbEntity
  8
0
100
AcDbBlockBegin
  2
_ARROW
 70
0
 10
0.0
 20
0.0
 30
0.0
  3
_ARROW
  1

  0
SOLID
  5
ABE
330
ABB
100
AcDbEntity
  8
0
100
AcDbTrace
 10
0.0
 20
0.0
 30
0.0
 11
-1.0
 21
0.1
 31
0.0
 12
-1.0
 22
-0.1
 32
0.0
 13
-1.0
 23
-0.1
 33
0.0
  0
ENDBLK
  5
ABD
330
ABB
100
AcDbEntity
  8
0
100
AcDbBlockEnd
  0
BLOCK
  5
AC0
330
ABF
100
AcDbEntity
  8
0
100
AcDbBlockBegin
  2
M_B6KVE
 70
0
 10
0.0
 20
0.0
 30
0.0
  3
M_B6KVE
  1

  0
LINE
  5
AC2
330
ABF
100
AcDbEntity
  8
0
100
AcDbLine
 10
0.5637860882834059
 20
-0.8076691115037696
 30
0.0
 11
0.5637860882834059
 21
-0.5057366608386704
 31
0.0
  0
LINE
  5
AC3
330
ABF
100
AcDbEntity
  8
0
100
AcDbLine
 10
-0.5601604357866043
 20
-0.8076691115037696
 30
0.0
 11
0.5637860882834059
 21
-0.8076691115037696
 31
0.0
  0
LINE
  5
AC4
330
ABF
100
AcDbEntity
  8
0
100
AcDbLine
 10
-0.5601604357866043
 20
-0.5057366608386704
 30
0.0
 11
-0.5601604357866043
 21
-0.8076691115037696
 31
0.0
  0
LINE
  5
AC5
330
ABF
100
AcDbEntity
  8
0
100
AcDbLine
 10
-0.5
 20
0.5
 30
0.0
 11
0.5
 21
0.5
 31
0.0
  0
LINE
  5
AC6
330
ABF
100
AcDbEntity
  8
0
100
AcDbLine
 10
-0.5
 20
0.15
 30
0.0
 11
0.5
 21
0.15
 31
0.0
  0
LINE
  5
AC7
330
ABF
100
AcDbEntity
  8
0
100
AcDbLine
 10
-0.5
 20
-0.15
 30
0.0
 11
0.5
 21
-0.15
 31
0.0
  0
ENDBLK
  5
AC1
330
ABF
100
AcDbEntity
  8
0
100
AcDbBlockEnd
  0
BLOCK
  5
AC9
330
AC8
100
AcDbEntity
  8
0
100
AcDbBlockBegin
  2
_FZH
 70
0
 10
0.0
 20
0.0
 30
0.0
  3
_FZH
  1

  0
SOLID
  5
ACB
330
AC8
100
AcDbEntity
  8
0
100
AcDbTrace
 10
-0.5
 20
-0.5
 30
0.0
 11
0.5
 21
-0.5
 31
0.0
 12
-0.5
 22
0.5
 32
0.0
 13
0.5
 23
0.5
 33
0.0
  0
ENDBLK
  5
ACA
330
AC8
100
AcDbEntity
  8
0
100
AcDbBlockEnd
  0
BLOCK
  5
ACD
330
ACC
100
AcDbEntity
  8
0
100
AcDbBlockBegin
  2
M_A8WDW
 70
0
 10
0.0
 20
0.0
 30
0.0
  3
M_A8WDW
  1

  0
LINE
  5
ACF
330
ACC
100
AcDbEntity
  8
0
100
AcDbLine
 10
0.2991147856464441
 20
-0.0111111111111056
 30
0.0
 11
0.4999999999997499
 21
-0.0111111111111056
 31
0.0
  0
LINE
  5
AD0
330
ACC
100
AcDbEntity
  8
0
100
AcDbLine
 10
0.2991147856464441
 20
0.0111111111111056
 30
0.0
 11
0.4999999999997499
 21
0.0111111111111056
 31
0.0
  0
LINE
  5
AD1
330
ACC
100
AcDbEntity
  8
0
100
AcDbLine
 10
0.2991147856464441
 20
-0.012681151124878
 30
0.0
 11
0.2991147856464441
 21
0.0126811565451767
 31
0.0
  0
LINE
  5
AD2
330
ACC
100
AcDbEntity
  8
0
100
AcDbLine
 10
-0.2991148078068191
 20
-0.012681151124878
 30
0.0
 11
-0.2991148078068191
 21
0.0126811565451767
 31
0.0
  0
LINE
  5
AD3
330
ACC
100
AcDbEntity
  8
0
100
AcDbLine
 10
-0.49999999999975
 20
-0.0111111111111056
 30
0.0
 11
-0.2991148078068191
 21
-0.0111111111111056
 31
0.0
  0
LINE
  5
AD4
330
ACC
100
AcDbEntity
  8
0
100
AcDbLine
 10
-0.49999999999975
 20
0.0111111111111056
 30
0.0
 11
-0.2991148078068191
 21
0.0111111111111056
 31
0.0
  0
ARC
  5
AD5
330
ACC
100
AcDbEntity
  8
0
100
AcDbCircle
 10
0.29999999999985
 20
0.0
 30
0.0
 40
0.29999999999985
100
AcDbArc
 50
180.0
 51
240.0
  0
LINE
  5
AD6
330
ACC
100
AcDbEntity
  8
0
100
AcDbLine
 10
0.29999999999985
 20
0.0
 30
0.0
 11
0.1499999999999249
 21
-0.2598076211352016
 31
0.0
  0
LINE
  5
AD7
330
ACC
100
AcDbEntity
  8
0
100
AcDbLine
 10
-0.29999999999985
 20
0.0
 30
0.0
 11
-0.1499999999999249
 21
-0.2598076211352016
 31
0.0
  0
ARC
  5
AD8
330
ACC
100
AcDbEntity
  8
0
100
AcDbCircle
 10
-0.29999999999985
 20
0.0
 30
0.0
 40
0.29999999999985
100
AcDbArc
 50
300.0
 51
0.0
  0
ENDBLK
  5
ACE
330
ACC
100
AcDbEntity
  8
0
100
AcDbBlockEnd
  0
BLOCK
  5
ADA
330
AD9
100
AcDbEntity
  8
0
100
AcDbBlockBegin
  2
_GCBLK
 70
2
 10
0.0
 20
0.0
 30
0.0
  3
_GCBLK
  1

  0
ATTDEF
  5
ADC
330
AD9
100
AcDbEntity
  8
WINDOW_TEXT
100
AcDbText
 10
0.0
 20
1.5
 30
0.0
 40
1.0
  1

  7
SIMPLEX
 72
4
 11
0.0
 21
1.5
 31
0.0
100
AcDbAttributeDefinition
  3

  2
A
 70
9
 71
1
 72
0
 11
0.0
 21
1.5
 31
0.0
  0
LINE
  5
ADD
330
AD9
100
AcDbEntity
  8
0
  6
DASH
100
AcDbLine
 10
0.5
 20
-0.5
 30
0.0
 11
0.5
 21
0.5
 31
0.0
  0
LINE
  5
ADE
330
AD9
100
AcDbEntity
  8
0
  6
DASH
100
AcDbLine
 10
-0.5
 20
-0.5
 30
0.0
 11
-0.5
 21
0.5
 31
0.0
  0
LINE
  5
ADF
330
AD9
100
AcDbEntity
  8
0
  6
DASH
100
AcDbLine
 10
-0.5
 20
0.2
 30
0.0
 11
0.5
 21
0.2
 31
0.0
  0
LINE
  5
AE0
330
AD9
100
AcDbEntity
  8
0
  6
DASH
100
AcDbLine
 10
-0.4999999999999999
 20
-0.2
 30
0.0
 11
0.5
 21
-0.2
 31
0.0
  0
ENDBLK
  5
ADB
330
AD9
100
AcDbEntity
  8
0
100
AcDbBlockEnd
  0
BLOCK
  5
AE2
330
AE1
100
AcDbEntity
  8
0
100
AcDbBlockBegin
  2
A$C49C63E30
 70
0
 10
0.0
 20
0.0
 30
0.0
  3
A$C49C63E30
  1

  0
LINE
  5
AE4
330
AE1
100
AcDbEntity
  8
LVTRY
 62
0
100
AcDbLine
 10
-0.0005257544107735
 20
4.51476080343e-05
 30
0.0
 11
249.9994742455892
 21
4.51476080343e-05
 31
0.0
  0
LINE
  5
AE5
330
AE1
100
AcDbEntity
  8
LVTRY
 62
0
100
AcDbLine
 10
249.9994742455892
 20
4.51476080343e-05
 30
0.0
 11
249.9994742455892
 21
250.000045147608
 31
0.0
  0
LINE
  5
AE6
330
AE1
100
AcDbEntity
  8
LVTRY
 62
0
100
AcDbLine
 10
249.9994742455892
 20
250.000045147608
 30
0.0
 11
-0.0005257544107735
 21
250.000045147608
 31
0.0
  0
LINE
  5
AE7
330
AE1
100
AcDbEntity
  8
LVTRY
 62
0
100
AcDbLine
 10
-0.0005257544107735
 20
250.000045147608
 30
0.0
 11
-0.0005257544107735
 21
4.51476080343e-05
 31
0.0
  0
LINE
  5
AE8
330
AE1
100
AcDbEntity
  8
LVTRY
 62
0
100
AcDbLine
 10
-0.0005257544107735
 20
4.51476080343e-05
 30
0.0
 11
49.99947424558923
 21
50.00004514760803
 31
0.0
  0
LINE
  5
AE9
330
AE1
100
AcDbEntity
  8
LVTRY
 62
0
100
AcDbLine
 10
49.99947424558923
 20
50.00004514760803
 30
0.0
 11
199.9994742455892
 21
50.00004514760803
 31
0.0
  0
LINE
  5
AEA
330
AE1
100
AcDbEntity
  8
LVTRY
 62
0
100
AcDbLine
 10
199.9994742455892
 20
50.00004514760803
 30
0.0
 11
199.9994742455892
 21
209.5274776596343
 31
0.0
  0
LINE
  5
AEB
330
AE1
100
AcDbEntity
  8
LVTRY
 62
0
100
AcDbLine
 10
199.9994742455892
 20
209.5274776596343
 30
0.0
 11
49.99947424558923
 21
209.5274776596343
 31
0.0
  0
LINE
  5
AEC
330
AE1
100
AcDbEntity
  8
LVTRY
 62
0
100
AcDbLine
 10
49.99947424558923
 20
209.5274776596343
 30
0.0
 11
49.99947424512357
 21
50.00004514760803
 31
0.0
  0
LINE
  5
AED
330
AE1
100
AcDbEntity
  8
LVTRY
 62
0
100
AcDbLine
 10
49.99947424512357
 20
50.00004514760803
 30
0.0
 11
199.9994742455892
 21
50.00004514760803
 31
0.0
  0
LINE
  5
AEE
330
AE1
100
AcDbEntity
  8
LVTRY
 62
0
100
AcDbLine
 10
199.9994742455892
 20
50.00004514760803
 30
0.0
 11
199.9994742455892
 21
67.01171828981023
 31
0.0
  0
LINE
  5
AEF
330
AE1
100
AcDbEntity
  8
LVTRY
 62
0
100
AcDbLine
 10
199.9994742455892
 20
67.01171828981023
 30
0.0
 11
67.63419281924143
 21
67.01171828981023
 31
0.0
  0
LINE
  5
AF0
330
AE1
100
AcDbEntity
  8
LVTRY
 62
0
100
AcDbLine
 10
67.63419281924143
 20
67.01171828981023
 30
0.0
 11
67.63419281924143
 21
30.82140638947021
 31
0.0
  0
LINE
  5
AF1
330
AE1
100
AcDbEntity
  8
LVTRY
 62
0
100
AcDbLine
 10
67.63419281924143
 20
30.82140638947021
 30
0.0
 11
181.7687584832311
 21
30.82140638947021
 31
0.0
  0
LINE
  5
AF2
330
AE1
100
AcDbEntity
  8
LVTRY
 62
0
100
AcDbLine
 10
181.7687584832311
 20
30.82140638947021
 30
0.0
 11
181.7687584832311
 21
67.01171828981023
 31
0.0
  0
LINE
  5
AF3
330
AE1
100
AcDbEntity
  8
LVTRY
 62
0
100
AcDbLine
 10
181.7687584832311
 20
67.01171828981023
 30
0.0
 11
49.99947424558923
 21
67.01171828981023
 31
0.0
  0
LINE
  5
AF4
330
AE1
100
AcDbEntity
  8
LVTRY
 62
0
100
AcDbLine
 10
49.99947424558923
 20
67.01171828981023
 30
0.0
 11
49.99947424558923
 21
209.5274776596343
 31
0.0
  0
LINE
  5
AF5
330
AE1
100
AcDbEntity
  8
LVTRY
 62
0
100
AcDbLine
 10
49.99947424558923
 20
209.5274776596343
 30
0.0
 11
199.9994742455892
 21
209.5274776596343
 31
0.0
  0
LINE
  5
AF6
330
AE1
100
AcDbEntity
  8
LVTRY
 62
0
100
AcDbLine
 10
199.9994742455892
 20
209.5274776596343
 30
0.0
 11
199.9994742455892
 21
209.5274776596343
 31
0.0
  0
LINE
  5
AF7
330
AE1
100
AcDbEntity
  8
LVTRY
 62
0
100
AcDbLine
 10
199.9994742455892
 20
209.5274776596343
 30
0.0
 11
49.99947424558923
 21
209.5274776596343
 31
0.0
  0
LINE
  5
AF8
330
AE1
100
AcDbEntity
  8
LVTRY
 62
0
100
AcDbLine
 10
49.99947424558923
 20
209.5274776596343
 30
0.0
 11
49.99947424558923
 21
120.000045147608
 31
0.0
  0
LINE
  5
AF9
330
AE1
100
AcDbEntity
  8
LVTRY
 62
0
100
AcDbLine
 10
49.99947424558923
 20
120.000045147608
 30
0.0
 11
-0.0005257544107735
 21
120.000045147608
 31
0.0
  0
ENDBLK
  5
AE3
330
AE1
100
AcDbEntity
  8
0
100
AcDbBlockEnd
  0
BLOCK
  5
AFB
330
AFA
100
AcDbEntity
  8
0
100
AcDbBlockBegin
  2
A$C60216E34
 70
0
 10
0.0
 20
0.0
 30
0.0
  3
A$C60216E34
  1

  0
LINE
  5
AFD
330
AFA
100
AcDbEntity
  8
LVTRY
 62
0
100
AcDbLine
 10
0.0004616295918822
 20
0.0001429883996025
 30
0.0
 11
320.0004616295919
 21
0.0001429883996025
 31
0.0
  0
LINE
  5
AFE
330
AFA
100
AcDbEntity
  8
LVTRY
 62
0
100
AcDbLine
 10
320.0004616295919
 20
0.0001429883996025
 30
0.0
 11
320.0004616295919
 21
250.0001429883996
 31
0.0
  0
LINE
  5
AFF
330
AFA
100
AcDbEntity
  8
LVTRY
 62
0
100
AcDbLine
 10
320.0004616295919
 20
250.0001429883996
 30
0.0
 11
0.0004616295918822
 21
250.0001429883996
 31
0.0
  0
LINE
  5
B00
330
AFA
100
AcDbEntity
  8
LVTRY
 62
0
100
AcDbLine
 10
0.0004616295918822
 20
250.0001429883996
 30
0.0
 11
0.0004616295918822
 21
0.0001429883996025
 31
0.0
  0
LINE
  5
B01
330
AFA
100
AcDbEntity
  8
LVTRY
 62
0
100
AcDbLine
 10
0.0004616295918822
 20
0.0001429883996025
 30
0.0
 11
50.00046162959188
 21
50.0001429883996
 31
0.0
  0
LINE
  5
B02
330
AFA
100
AcDbEntity
  8
LVTRY
 62
0
100
AcDbLine
 10
50.00046162959188
 20
50.0001429883996
 30
0.0
 11
270.0004616295919
 21
50.0001429883996
 31
0.0
  0
LINE
  5
B03
330
AFA
100
AcDbEntity
  8
LVTRY
 62
0
100
AcDbLine
 10
270.0004616295919
 20
50.0001429883996
 30
0.0
 11
270.0004616295919
 21
209.5275754999602
 31
0.0
  0
LINE
  5
B04
330
AFA
100
AcDbEntity
  8
LVTRY
 62
0
100
AcDbLine
 10
270.0004616295919
 20
209.5275754999602
 30
0.0
 11
50.00046162959188
 21
209.5275754999602
 31
0.0
  0
LINE
  5
B05
330
AFA
100
AcDbEntity
  8
LVTRY
 62
0
100
AcDbLine
 10
50.00046162959188
 20
209.5275754999602
 30
0.0
 11
50.00046162959188
 21
50.0001429883996
 31
0.0
  0
LINE
  5
B06
330
AFA
100
AcDbEntity
  8
LVTRY
 62
0
100
AcDbLine
 10
50.00046162959188
 20
50.0001429883996
 30
0.0
 11
270.0004616295919
 21
50.0001429883996
 31
0.0
  0
LINE
  5
B07
330
AFA
100
AcDbEntity
  8
LVTRY
 62
0
100
AcDbLine
 10
270.0004616295919
 20
50.0001429883996
 30
0.0
 11
270.0004616295919
 21
67.01181613013614
 31
0.0
  0
LINE
  5
B08
330
AFA
100
AcDbEntity
  8
LVTRY
 62
0
100
AcDbLine
 10
270.0004616295919
 20
67.01181613013614
 30
0.0
 11
99.63518020324409
 21
67.01181613013614
 31
0.0
  0
LINE
  5
B09
330
AFA
100
AcDbEntity
  8
LVTRY
 62
0
100
AcDbLine
 10
99.63518020324409
 20
67.01181613013614
 30
0.0
 11
99.63518020324409
 21
30.82150423026178
 31
0.0
  0
LINE
  5
B0A
330
AFA
100
AcDbEntity
  8
LVTRY
 62
0
100
AcDbLine
 10
99.63518020324409
 20
30.82150423026178
 30
0.0
 11
219.7697458672337
 21
30.82150423026178
 31
0.0
  0
LINE
  5
B0B
330
AFA
100
AcDbEntity
  8
LVTRY
 62
0
100
AcDbLine
 10
219.7697458672337
 20
30.82150423026178
 30
0.0
 11
219.7697458672337
 21
67.01181613013614
 31
0.0
  0
LINE
  5
B0C
330
AFA
100
AcDbEntity
  8
LVTRY
 62
0
100
AcDbLine
 10
219.7697458672337
 20
67.01181613013614
 30
0.0
 11
50.00046162959188
 21
67.01181613013614
 31
0.0
  0
LINE
  5
B0D
330
AFA
100
AcDbEntity
  8
LVTRY
 62
0
100
AcDbLine
 10
50.00046162959188
 20
67.01181613013614
 30
0.0
 11
50.00046162959188
 21
209.5275754999602
 31
0.0
  0
LINE
  5
B0E
330
AFA
100
AcDbEntity
  8
LVTRY
 62
0
100
AcDbLine
 10
50.00046162959188
 20
209.5275754999602
 30
0.0
 11
270.0004616295919
 21
209.5275754999602
 31
0.0
  0
LINE
  5
B0F
330
AFA
100
AcDbEntity
  8
LVTRY
 62
0
100
AcDbLine
 10
270.0004616295919
 20
209.5275754999602
 30
0.0
 11
270.0004616295919
 21
209.5275754999602
 31
0.0
  0
LINE
  5
B10
330
AFA
100
AcDbEntity
  8
LVTRY
 62
0
100
AcDbLine
 10
270.0004616295919
 20
209.5275754999602
 30
0.0
 11
50.00046162959188
 21
209.5275755004259
 31
0.0
  0
LINE
  5
B11
330
AFA
100
AcDbEntity
  8
LVTRY
 62
0
100
AcDbLine
 10
50.00046162959188
 20
209.5275755004259
 30
0.0
 11
50.00046162959188
 21
120.0001429883996
 31
0.0
  0
LINE
  5
B12
330
AFA
100
AcDbEntity
  8
LVTRY
 62
0
100
AcDbLine
 10
50.00046162959188
 20
120.0001429883996
 30
0.0
 11
0.0004616295918822
 21
120.0001429883996
 31
0.0
  0
ENDBLK
  5
AFC
330
AFA
100
AcDbEntity
  8
0
100
AcDbBlockEnd
  0
BLOCK
  5
B14
330
B13
100
AcDbEntity
  8
0
100
AcDbBlockBegin
  2
_INDEX
 70
2
 10
0.0
 20
0.0
 30
0.0
  3
_INDEX
  1

  0
LINE
  5
B16
330
B13
100
AcDbEntity
  8
0
100
AcDbLine
 10
-0.5
 20
0.0
 30
0.0
 11
0.5
 21
0.0
 31
0.0
  0
ATTDEF
  5
B17
330
B13
100
AcDbEntity
  8
0
100
AcDbText
 10
-0.17
 20
0.05
 30
0.0
 40
0.34
  1
1
  7
COMP
 41
2.333333333333333
 72
5
 11
0.17
 21
0.05
 31
0.0
100
AcDbAttributeDefinition
  3

  2
1
 70
0
 71
1
 72
0
 11
0.17
 21
0.05
 31
0.0
  0
ATTDEF
  5
B18
330
B13
100
AcDbEntity
  8
0
100
AcDbText
 10
-0.17
 20
-0.39
 30
0.0
 40
0.34
  1
-
  7
COMP
 41
1.166666666666667
 72
5
 11
0.17
 21
-0.39
 31
0.0
100
AcDbAttributeDefinition
  3

  2
-
 70
0
 71
1
 72
0
 11
0.17
 21
-0.39
 31
0.0
  0
CIRCLE
  5
B19
330
B13
100
AcDbEntity
  8
0
100
AcDbCircle
 10
0.0
 20
0.0
 30
0.0
 40
0.5
  0
ENDBLK
  5
B15
330
B13
100
AcDbEntity
  8
0
100
AcDbBlockEnd
  0
BLOCK
  5
B1B
330
B1A
100
AcDbEntity
  8
0
100
AcDbBlockBegin
  2
A$C3A595512
 70
0
 10
0.0
 20
0.0
 30
0.0
  3
A$C3A595512
  1

  0
TEXT
  5
B1D
330
B1A
100
AcDbEntity
  8
TK
100
AcDbText
 10
70382.46128110122
 20
2598.480250521854
 30
-1.45196845e-08
 40
500.0
  1
建  施
  7
HZTXTE
 41
0.7
100
AcDbText
  0
TEXT
  5
B1E
330
B1A
100
AcDbEntity
  8
TK
100
AcDbText
 10
69951.193993825
 20
1179.1971889126
 30
-1.45196845e-08
 40
500.0
  1
2005.10
  7
HZTXTE
 41
0.7
100
AcDbText
  0
TEXT
  5
B1F
330
B1A
100
AcDbEntity
  8
TK
100
AcDbText
 10
68037.60503471177
 20
14964.1435239148
 30
-1.45196845e-08
 40
600.0
  1
武夷华庭--五号楼
  7
HZTXTE
 41
0.7
100
AcDbText
  0
TEXT
  5
B20
330
B1A
100
AcDbEntity
  8
TK
100
AcDbText
 10
67233.74800009746
 20
12420.2941330304
 30
-1.45196845e-08
 40
600.0
  1
武夷山市兴利房地产有限公司
  7
HZTXTE
 41
0.7
100
AcDbText
  0
LWPOLYLINE
  5
B21
330
B1A
100
AcDbEntity
  8
TK
100
AcDbPolyline
 90
5
 70
0
 43
80.0
 10
2500.000297121704
 20
1000.000165799749
 10
2500.000297121704
 20
41000.00016579975
 10
73300.0002971217
 20
41000.00016579987
 10
73300.0002971217
 20
1000.000165799749
 10
2500.000297121704
 20
1000.000165799749
  0
LINE
  5
B22
330
B1A
100
AcDbEntity
  8
TK
100
AcDbLine
 10
74300.00029711751
 20
42000.00016579684
 30
0.0
 11
0.0002971175126731
 21
42000.00016579684
 31
0.0
  0
LINE
  5
B23
330
B1A
100
AcDbEntity
  8
TK
100
AcDbLine
 10
73300.00029711751
 20
41000.00016580266
 30
0.0
 11
2500.000297117513
 21
41000.00016579684
 31
0.0
  0
LINE
  5
B24
330
B1A
100
AcDbEntity
  8
TK
100
AcDbLine
 10
2500.000297117513
 20
41000.00016579684
 30
0.0
 11
2500.000297117513
 21
1000.000165796839
 31
0.0
  0
LINE
  5
B25
330
B1A
100
AcDbEntity
  8
TK
100
AcDbLine
 10
0.0002971175126731
 20
42000.00016579684
 30
0.0
 11
0.0002971175126731
 21
0.0001657968095969
 31
0.0
  0
LINE
  5
B26
330
B1A
100
AcDbEntity
  8
TK
100
AcDbLine
 10
2000.000297117513
 20
26000.00016580266
 30
0.0
 11
2000.000297117513
 21
41000.00016580266
 31
0.0
  0
LINE
  5
B27
330
B1A
100
AcDbEntity
  8
TK
100
AcDbLine
 10
1500.000297117513
 20
26000.00016580266
 30
0.0
 11
1500.000297117513
 21
41000.00016580266
 31
0.0
  0
LINE
  5
B28
330
B1A
100
AcDbEntity
  8
TK
100
AcDbLine
 10
1000.000297117513
 20
26000.00016580266
 30
0.0
 11
1000.000297117513
 21
41000.00016580266
 31
0.0
  0
LINE
  5
B29
330
B1A
100
AcDbEntity
  8
TK
100
AcDbLine
 10
500.0002971175127
 20
26000.00016580266
 30
0.0
 11
500.0002971175127
 21
41000.00016580266
 31
0.0
  0
TEXT
  5
B2A
330
B1A
100
AcDbEntity
  8
TK
100
AcDbText
 10
2435.250551852115
 20
34169.26263242693
 30
0.0
 40
330.0
  1
工    艺
 50
90.0
  7
HZTXT
 41
0.8
 72
4
 11
2268.95133925369
 21
34660.10515211197
 31
0.0
100
AcDbText
  0
TEXT
  5
B2B
330
B1A
100
AcDbEntity
  8
TK
100
AcDbText
 10
1435.250551852115
 20
34156.79019148205
 30
0.0
 40
330.0
  1
电    气
 50
90.0
  7
HZTXT
 41
0.8
 72
4
 11
1268.95133925369
 21
34660.10515211197
 31
0.0
100
AcDbText
  0
TEXT
  5
B2C
330
B1A
100
AcDbEntity
  8
TK
100
AcDbText
 10
935.2505518521153
 20
34158.86893163953
 30
0.0
 40
330.0
  1
专    业
 50
90.0
  7
HZTXT
 41
0.8
 72
4
 11
768.9513392536901
 21
34660.10515211197
 31
0.0
100
AcDbText
  0
TEXT
  5
B2D
330
B1A
100
AcDbEntity
  8
TK
100
AcDbText
 10
1933.95133925369
 20
34155.75082140331
 30
0.0
 40
330.0
  1
暖    通
 50
90.0
  7
HZTXT
 41
0.8
 72
4
 11
1768.95133925369
 21
34660.10515211197
 31
0.0
100
AcDbText
  0
TEXT
  5
B2E
330
B1A
100
AcDbEntity
  8
TK
100
AcDbText
 10
2433.95133925369
 20
26531.02641195449
 30
0.0
 40
330.0
  1
给  排  水
 50
90.0
  7
HZTXT
 41
0.8
 72
4
 11
2268.95133925369
 21
27160.10515211197
 31
0.0
100
AcDbText
  0
TEXT
  5
B2F
330
B1A
100
AcDbEntity
  8
TK
100
AcDbText
 10
1435.250551852116
 20
26674.45948282063
 30
0.0
 40
330.0
  1
建    筑
 50
90.0
  7
HZTXT
 41
0.8
 72
4
 11
1268.95133925369
 21
27160.10515211197
 31
0.0
100
AcDbText
  0
TEXT
  5
B30
330
B1A
100
AcDbEntity
  8
TK
100
AcDbText
 10
1933.95133925369
 20
26663.02641195449
 30
0.0
 40
330.0
  1
结    构
 50
90.0
  7
HZTXT
 41
0.8
 72
4
 11
1768.95133925369
 21
27160.10515211197
 31
0.0
100
AcDbText
  0
TEXT
  5
B31
330
B1A
100
AcDbEntity
  8
TK
100
AcDbText
 10
918.4167653205805
 20
31780.95405873017
 30
0.0
 40
330.0
  1
日    期
 50
90.0
  7
HZTXT
 41
0.8
 72
4
 11
753.4167653205805
 21
32299.85957054119
 31
0.0
100
AcDbText
  0
TEXT
  5
B32
330
B1A
100
AcDbEntity
  8
TK
100
AcDbText
 10
933.9513392536901
 20
29446.53568238043
 30
0.0
 40
330.0
  1
姓    名    
 50
90.0
  7
HZTXT
 41
0.8
 72
4
 11
768.9513392536901
 21
30172.53568238043
 31
0.0
100
AcDbText
  0
TEXT
  5
B33
330
B1A
100
AcDbEntity
  8
TK
100
AcDbText
 10
935.2505518521153
 20
26658.86893163953
 30
0.0
 40
330.0
  1
专    业
 50
90.0
  7
HZTXT
 41
0.8
 72
4
 11
768.9513392536901
 21
27160.10515211197
 31
0.0
100
AcDbText
  0
LINE
  5
B34
330
B1A
100
AcDbEntity
  8
TK
100
AcDbLine
 10
2500.000297117513
 20
28500.00016579684
 30
0.0
 11
500.0002971175127
 21
28500.00016579684
 31
0.0
  0
LINE
  5
B35
330
B1A
100
AcDbEntity
  8
TK
100
AcDbLine
 10
2500.000297117513
 20
31000.00016579684
 30
0.0
 11
500.0002971175127
 21
31000.00016579684
 31
0.0
  0
LINE
  5
B36
330
B1A
100
AcDbEntity
  8
TK
100
AcDbLine
 10
2500.000297117513
 20
26000.00016579684
 30
0.0
 11
500.0002971175127
 21
26000.00016579684
 31
0.0
  0
LINE
  5
B37
330
B1A
100
AcDbEntity
  8
TK
100
AcDbLine
 10
2500.000297117513
 20
33500.00016579684
 30
0.0
 11
500.0002971175127
 21
33500.00016579684
 31
0.0
  0
TEXT
  5
B38
330
B1A
100
AcDbEntity
  8
TK
100
AcDbText
 10
918.4167653205805
 20
39280.95405873016
 30
0.0
 40
330.0
  1
日    期
 50
90.0
  7
HZTXT
 41
0.8
 72
4
 11
753.4167653205805
 21
39799.85957054119
 31
0.0
100
AcDbText
  0
TEXT
  5
B39
330
B1A
100
AcDbEntity
  8
TK
100
AcDbText
 10
933.9513392536901
 20
36946.53568238043
 30
0.0
 40
330.0
  1
姓    名    
 50
90.0
  7
HZTXT
 41
0.8
 72
4
 11
768.9513392536901
 21
37672.53568238043
 31
0.0
100
AcDbText
  0
LINE
  5
B3A
330
B1A
100
AcDbEntity
  8
TK
100
AcDbLine
 10
2500.000297117513
 20
36000.00016579684
 30
0.0
 11
500.0002971175127
 21
36000.00016579684
 31
0.0
  0
LINE
  5
B3B
330
B1A
100
AcDbEntity
  8
TK
100
AcDbLine
 10
2500.000297117513
 20
38500.00016579684
 30
0.0
 11
500.0002971175127
 21
38500.00016579684
 31
0.0
  0
LINE
  5
B3C
330
B1A
100
AcDbEntity
  8
TK
100
AcDbLine
 10
2500.000297117513
 20
41000.00016579684
 30
0.0
 11
500.0002971175127
 21
41000.00016579684
 31
0.0
  0
LWPOLYLINE
  5
B3D
330
B1A
100
AcDbEntity
  8
TK
100
AcDbPolyline
 90
2
 70
0
 43
60.0
 10
66300.0002971217
 20
17063.06049686222
 10
66300.00029712124
 20
1000.000165799924
  0
LINE
  5
B3E
330
B1A
100
AcDbEntity
  8
TK
100
AcDbLine
 10
74300.00029711751
 20
42000.00016579684
 30
0.0
 11
74300.00029711751
 21
0.0001657968678046
 31
0.0
  0
LINE
  5
B3F
330
B1A
100
AcDbEntity
  8
TK
100
AcDbLine
 10
73300.00029711751
 20
41000.00016580266
 30
0.0
 11
73300.00029711751
 21
1000.000165796839
 31
0.0
  0
LWPOLYLINE
  5
B40
330
B1A
100
AcDbEntity
  8
TK
100
AcDbPolyline
 90
2
 70
0
 43
60.0
 10
66300.0002971217
 20
17063.06049686222
 10
66300.00029712124
 20
1000.000165799924
  0
LINE
  5
B41
330
B1A
100
AcDbEntity
  8
TK
100
AcDbLine
 10
66300.00029711751
 20
14063.06049686205
 30
0.0
 11
73300.00029711751
 21
14063.06049686205
 31
0.0
  0
LINE
  5
B42
330
B1A
100
AcDbEntity
  8
TK
100
AcDbLine
 10
66300.00029711751
 20
12063.06049686205
 30
0.0
 11
73300.00029711751
 21
12063.06049686205
 31
0.0
  0
LINE
  5
B43
330
B1A
100
AcDbEntity
  8
TK
100
AcDbLine
 10
66300.00029711751
 20
1763.060496862047
 30
0.0
 11
73300.00029711751
 21
1763.060496862047
 31
0.0
  0
LINE
  5
B44
330
B1A
100
AcDbEntity
  8
TK
100
AcDbLine
 10
66300.00029711751
 20
2463.060496862047
 30
0.0
 11
73300.00029711751
 21
2463.060496862047
 31
0.0
  0
LINE
  5
B45
330
B1A
100
AcDbEntity
  8
TK
100
AcDbLine
 10
66300.00029711751
 20
3163.060496862047
 30
0.0
 11
73300.00029711751
 21
3163.060496862047
 31
0.0
  0
LINE
  5
B46
330
B1A
100
AcDbEntity
  8
TK
100
AcDbLine
 10
66300.00029711751
 20
7163.060496862046
 30
0.0
 11
73300.00029711751
 21
7163.060496862046
 31
0.0
  0
LINE
  5
B47
330
B1A
100
AcDbEntity
  8
TK
100
AcDbLine
 10
66300.00029711751
 20
3863.060496862047
 30
0.0
 11
73300.00029711751
 21
3863.060496862047
 31
0.0
  0
LWPOLYLINE
  5
B48
330
B1A
100
AcDbEntity
  8
TK
100
AcDbPolyline
 90
2
 70
0
 43
60.0
 10
73300.0002971217
 20
17063.06049686222
 10
66300.0002971217
 20
17063.06049686222
  0
TEXT
  5
B49
330
B1A
100
AcDbEntity
  8
TK
100
AcDbText
 10
66844.59679836666
 20
3286.136481513269
 30
0.0
 40
375.0
  1
工 程 编 号
  7
HZTXT
 41
0.8
 72
4
 11
67642.65290072886
 21
3473.636481513269
 31
0.0
100
AcDbText
  0
TEXT
  5
B4A
330
B1A
100
AcDbEntity
  8
TK
100
AcDbText
 10
67012.16569600445
 20
2584.660103560513
 30
0.0
 40
375.0
  1
图     别
  7
HZTXT
 41
0.8
 72
4
 11
67642.65290072886
 21
2773.636481513269
 31
0.0
100
AcDbText
  0
TEXT
  5
B4B
330
B1A
100
AcDbEntity
  8
TK
100
AcDbText
 10
67006.26018419342
 20
1881.707347655002
 30
0.0
 40
375.0
  1
图     号
  7
HZTXT
 41
0.8
 72
4
 11
67642.65290072886
 21
2073.636481513269
 31
0.0
100
AcDbText
  0
TEXT
  5
B4C
330
B1A
100
AcDbEntity
  8
TK
100
AcDbText
 10
66987.36254639816
 20
1186.136481513269
 30
0.0
 40
375.0
  1
日     期
  7
HZTXT
 41
0.8
 72
4
 11
67642.65290072886
 21
1373.636481513269
 31
0.0
100
AcDbText
  0
LINE
  5
B4D
330
B1A
100
AcDbEntity
  8
TK
100
AcDbLine
 10
69100.00029711751
 20
3863.060496862047
 30
0.0
 11
69100.00029711751
 21
1000.000165796839
 31
0.0
  0
TEXT
  5
B4E
330
B1A
100
AcDbEntity
  8
TK
100
AcDbText
 10
66893.2296899259
 20
16426.78253943846
 30
0.0
 40
400.0
  1
工 程 名 称:
  7
STYLE3
 41
0.8
 72
4
 11
67759.6076426818
 21
16626.78253943846
 31
0.0
100
AcDbText
  0
TEXT
  5
B4F
330
B1A
100
AcDbEntity
  8
TK
100
AcDbText
 10
66903.30843008337
 20
13426.78253943846
 30
0.0
 40
400.0
  1
建 设 单 位:
  7
STYLE3
 41
0.8
 72
4
 11
67759.6076426818
 21
13626.78253943846
 31
0.0
100
AcDbText
  0
TEXT
  5
B50
330
B1A
100
AcDbEntity
  8
TK
100
AcDbText
 10
66776.67841631151
 20
6526.782539438456
 30
0.0
 40
400.0
  1
图  名:
  7
STYLE3
 41
0.8
 72
4
 11
67260.61542418553
 21
6726.782539438456
 31
0.0
100
AcDbText
  0
LINE
  5
B51
330
B1A
100
AcDbEntity
  8
TK
100
AcDbLine
 10
66552.37788141472
 20
6485.514194347663
 30
0.0
 11
67961.6202781233
 21
6485.514194347663
 31
0.0
  0
LINE
  5
B52
330
B1A
100
AcDbEntity
  8
TK
100
AcDbLine
 10
66552.37788141472
 20
13385.51419434766
 30
0.0
 11
68995.40429620771
 21
13385.51419434766
 31
0.0
  0
LINE
  5
B53
330
B1A
100
AcDbEntity
  8
TK
100
AcDbLine
 10
66552.37788141472
 20
13345.51419435116
 30
0.0
 11
68995.40429620771
 21
13345.51419435116
 31
0.0
  0
LINE
  5
B54
330
B1A
100
AcDbEntity
  8
TK
100
AcDbLine
 10
66552.37788141472
 20
6445.514194351155
 30
0.0
 11
67961.6202781233
 21
6445.514194351155
 31
0.0
  0
LINE
  5
B55
330
B1A
100
AcDbEntity
  8
TK
100
AcDbLine
 10
66552.37788141472
 20
16345.51419435116
 30
0.0
 11
68995.40429620771
 21
16345.51419435116
 31
0.0
  0
LINE
  5
B56
330
B1A
100
AcDbEntity
  8
TK
100
AcDbLine
 10
66552.37788141472
 20
16385.51419434766
 30
0.0
 11
68995.40429620771
 21
16385.51419434766
 31
0.0
  0
LINE
  5
B57
330
B1A
100
AcDbEntity
  8
TK
100
AcDbLine
 10
74300.00029711751
 20
0.0001657968678046
 30
0.0
 11
0.0002971175126731
 21
0.0001657968095969
 31
0.0
  0
ENDBLK
  5
B1C
330
B1A
100
AcDbEntity
  8
0
100
AcDbBlockEnd
  0
BLOCK
  5
B59
330
B58
100
AcDbEntity
  8
0
100
AcDbBlockBegin
  2
P15
 70
0
 10
0.0
 20
0.0
 30
0.0
  3
P15
  1

  0
LWPOLYLINE
  5
B5B
330
B58
100
AcDbEntity
  8
0
100
AcDbPolyline
 90
16
 70
1
 10
-233.8462718265837
 20
-268.727260511665
 42
0.1202263923557957
 10
-217.0176226109179
 20
-337.7029700411531
 42
0.1049982755193297
 10
-165.5797961015669
 20
-400.3016106478481
 42
0.0888235987561579
 10
-92.15873828422991
 20
-440.083047168273
 42
0.080011012257436
 10
-0.7699445508187637
 20
-454.8014909346821
 42
0.0800110122574395
 10
90.61884918259966
 20
-440.0830471682712
 42
0.0888235987561465
 10
164.0399069999294
 20
-400.3016106478481
 42
0.1049982755193307
 10
215.4777335092876
 20
-337.702970041144
 42
0.1202263923557606
 10
232.3063827249462
 20
-268.727260511665
 42
0.1202263923557575
 10
215.4777335092876
 20
-199.7515509821842
 42
0.1049982755193237
 10
164.0399069999294
 20
-137.152910375482
 42
0.0888235987561262
 10
90.6188491826033
 20
-97.37147385505705
 42
0.0800110122574266
 10
-0.7699445508187637
 20
-82.65303008864794
 42
0.0800110122574262
 10
-92.15873828422991
 20
-97.37147385505523
 42
0.0888235987561481
 10
-165.5797961015669
 20
-137.152910375482
 42
0.1049982755193339
 10
-217.0176226109215
 20
-199.7515509821824
 42
0.1202263923557797
  0
LWPOLYLINE
  5
B5C
330
B58
100
AcDbEntity
  8
0
100
AcDbPolyline
 90
16
 70
1
 10
-280.0
 20
-238.4765925163301
 42
0.1136497860629518
 10
-259.4400449095665
 20
-327.7613935824975
 42
0.1035320537466438
 10
-197.989898732234
 20
-407.1050082388883
 42
0.0918384680252441
 10
-109.1027020308502
 20
-458.2724056206771
 42
0.0849925532700099
 10
0.0
 20
-476.9531850326603
 42
0.0849925532700125
 10
109.1027020308575
 20
-458.2724056206753
 42
0.0918384680252341
 10
197.989898732234
 20
-407.1050082388883
 42
0.1035320537466382
 10
259.4400449095665
 20
-327.7613935824993
 42
0.1136497860629496
 10
280.0
 20
-238.4765925163301
 42
0.1136497860629345
 10
259.4400449095701
 20
-149.1917914501646
 42
0.1035320537466348
 10
197.989898732234
 20
-69.84817679377193
 42
0.0918384680252455
 10
109.1027020308466
 20
-18.68077941198135
 42
0.0849925532700046
 10
0.0
 20
0.0
 42
0.0849925532700072
 10
-109.1027020308538
 20
-18.68077941198317
 42
0.0918384680252352
 10
-197.989898732234
 20
-69.84817679377193
 42
0.1035320537466294
 10
-259.4400449095701
 20
-149.1917914501628
 42
0.1136497860629322
  0
CIRCLE
  5
B5D
330
B58
100
AcDbEntity
  8
0
100
AcDbCircle
 10
3.845428266522504
 20
-149.1081123825825
 30
0.0
 40
27.69223690405124
  0
CIRCLE
  5
B5E
330
B58
100
AcDbEntity
  8
0
100
AcDbCircle
 10
2.307686408668815
 20
-42.0882187861589
 30
0.0
 40
20.76917767804116
  0
ENDBLK
  5
B5A
330
B58
100
AcDbEntity
  8
0
100
AcDbBlockEnd
  0
ENDSEC
  0
SECTION
  2
ENTITIES
  0
LINE
  5
2F
330
17
100
AcDbEntity
  8
WALL
100
AcDbLine
 10
2539865.35736771
 20
-28283.86573607498
 30
0.0
 11
2541865.35736771
 21
-28283.86573607475
 31
0.0
  0
LINE
  5
30
330
17
100
AcDbEntity
  8
WALL
100
AcDbLine
 10
2559665.357367706
 20
-28183.86573607486
 30
0.0
 11
2560565.357367706
 21
-28183.86573607498
 31
0.0
  0
LINE
  5
31
330
17
100
AcDbEntity
  8
STAIR
100
AcDbLine
 10
2549615.357367714
 20
-26743.86573607009
 30
0.0
 11
2549615.357367714
 21
-24583.86573606706
 31
0.0
  0
LINE
  5
32
330
17
100
AcDbEntity
  8
STAIR
100
AcDbLine
 10
2549555.357367714
 20
-26803.86573607009
 30
0.0
 11
2549555.357367714
 21
-24523.86573606706
 31
0.0
  0
LINE
  5
33
330
17
100
AcDbEntity
  8
WALL
100
AcDbLine
 10
2549765.357367705
 20
-34183.86573607521
 30
0.0
 11
2549765.357367706
 21
-28383.86573607754
 31
0.0
  0
LINE
  5
34
330
17
100
AcDbEntity
  8
WALL
100
AcDbLine
 10
2550865.357367705
 20
-27983.8657360744
 30
0.0
 11
2551065.357367705
 21
-27983.8657360744
 31
0.0
  0
LINE
  5
35
330
17
100
AcDbEntity
  8
WALL
100
AcDbLine
 10
2551065.357367705
 20
-27983.8657360744
 30
0.0
 11
2551065.357367705
 21
-28383.86573607452
 31
0.0
  0
LINE
  5
36
330
17
100
AcDbEntity
  8
WALL
100
AcDbLine
 10
2550865.357367706
 20
-23383.86573606322
 30
0.0
 11
2550865.357367705
 21
-26983.86573607452
 31
0.0
  0
LINE
  5
37
330
17
100
AcDbEntity
  8
GROUND
100
AcDbLine
 10
2550865.357367706
 20
-27983.8657360744
 30
0.0
 11
2550865.357367706
 21
-26983.8657360744
 31
0.0
  0
LINE
  5
38
330
17
100
AcDbEntity
  8
WALL
100
AcDbLine
 10
2549765.357367706
 20
-28383.86573607452
 30
0.0
 11
2551065.357367705
 21
-28383.86573607452
 31
0.0
  0
INSERT
  5
39
330
17
100
AcDbEntity
  8
WINDOW
100
AcDbBlockReference
 66
1
  2
_DBLK
 10
2550965.357367704
 20
-27483.8657360744
 30
0.0
 41
-1000.0
 42
1000.0
 43
1000.0
 50
269.9999999999969
  0
ATTRIB
  5
3A
330
39
100
AcDbEntity
  8
WINDOW_TEXT
100
AcDbText
 10
2551365.357367703
 20
-27483.8657360744
 30
0.0
 40
300.0
  1

 50
89.99999999999689
  7
SIMPLEX
 41
0.8
 72
4
 11
2551365.357367703
 21
-27483.8657360744
 31
0.0
100
AcDbAttribute
  2
A
 70
9
 71
1
 72
0
 11
2551365.357367703
 21
-27483.8657360744
 31
0.0
  0
SEQEND
  5
3B
330
39
100
AcDbEntity
  8
WINDOW
  0
LINE
  5
3C
330
17
100
AcDbEntity
  8
WALL
100
AcDbLine
 10
2550865.357367705
 20
-27983.8657360744
 30
0.0
 11
2550865.357367705
 21
-28183.86573607452
 31
0.0
  0
LINE
  5
3D
330
17
100
AcDbEntity
  8
WALL
100
AcDbLine
 10
2541965.35736771
 20
-28183.86573607422
 30
0.0
 11
2542565.35736771
 21
-28183.86573607422
 31
0.0
  0
LINE
  5
3E
330
17
100
AcDbEntity
  8
WALL
100
AcDbLine
 10
2551065.357367705
 20
-26983.8657360744
 30
0.0
 11
2551065.357367706
 21
-23383.8657360744
 31
0.0
  0
LINE
  5
3F
330
17
100
AcDbEntity
  8
BALCONY
100
AcDbLine
 10
2550865.357367706
 20
-21983.86573607457
 30
-1.871e-12
 11
2550865.357367706
 21
-23183.8657360744
 31
-1.871e-12
  0
LINE
  5
40
330
17
100
AcDbEntity
  8
WALL
100
AcDbLine
 10
2574065.357367705
 20
-23383.86573607452
 30
0.0
 11
2572965.357367704
 21
-23383.8657360744
 31
0.0
  0
DIMENSION
  5
41
330
17
100
AcDbEntity
  8
AXIS
100
AcDbDimension
280
0
  3
DIMN
 10
2553865.362035331
 20
-14525.98445333401
 30
0.0
 11
2552415.359701519
 21
-14225.98445333401
 31
0.0
 70
33
 71
5
 42
-1.0
 73
0
 74
0
 75
0
100
AcDbAlignedDimension
 13
2550965.357367708
 23
-16525.98445337254
 33
0.0
 14
2553865.362035331
 24
-16525.98445337243
 34
0.0
 50
0.0
  0
DIMENSION
  5
47
330
17
100
AcDbEntity
  8
AXIS
100
AcDbDimension
280
0
  3
DIMN
 10
2556265.357367706
 20
-14525.98445333401
 30
0.0
 11
2555065.359701518
 21
-14225.98445333401
 31
0.0
 70
33
 71
5
 42
-1.0
 73
0
 74
0
 75
0
100
AcDbAlignedDimension
 13
2553865.362035331
 23
-16525.98445337149
 33
0.0
 14
2556265.357367706
 24
-16525.98445337149
 34
0.0
 50
0.0
  0
DIMENSION
  5
48
330
17
100
AcDbEntity
  8
AXIS
100
AcDbDimension
280
0
  3
DIMN
 10
2559565.362035331
 20
-14525.98445333401
 30
0.0
 11
2557915.359701518
 21
-14225.98445333401
 31
0.0
 70
33
 71
5
 42
-1.0
 73
0
 74
0
 75
0
100
AcDbAlignedDimension
 13
2556265.357367706
 23
-16525.98445337196
 33
0.0
 14
2559565.362035331
 24
-16525.98445337196
 34
0.0
 50
0.0
  0
DIMENSION
  5
49
330
17
100
AcDbEntity
  8
AXIS
100
AcDbDimension
280
0
  3
DIMN
 10
2560465.362035331
 20
-14525.98445333401
 30
0.0
 11
2560015.362035331
 21
-14225.98445333401
 31
0.0
 70
33
 71
5
 42
-1.0
 73
0
 74
0
 75
0
100
AcDbAlignedDimension
 13
2559565.362035331
 23
-16525.98445337475
 33
0.0
 14
2560465.362035331
 24
-16525.98445337475
 34
0.0
 50
0.0
  0
DIMENSION
  5
4A
330
17
100
AcDbEntity
  8
AXIS
100
AcDbDimension
280
0
  3
DIMN
 10
2556865.357367705
 20
-38835.12443592318
 30
0.0
 11
2558665.357367705
 21
-38535.12443592318
 31
0.0
 70
33
 71
5
 42
-1.0
 73
0
 74
0
 75
0
100
AcDbAlignedDimension
 13
2560465.357367706
 23
-37635.1244359233
 33
0.0
 14
2556865.357367705
 24
-37635.1244359233
 34
0.0
 50
0.0
  0
DIMENSION
  5
4B
330
17
100
AcDbEntity
  8
AXIS
100
AcDbDimension
280
0
  3
DIMN
 10
2553865.358103299
 20
-38835.12443592318
 30
0.0
 11
2555365.357735502
 21
-38535.12443592318
 31
0.0
 70
33
 71
5
 42
-1.0
 73
0
 74
0
 75
0
100
AcDbAlignedDimension
 13
2556865.357367705
 23
-37635.12443592306
 33
0.0
 14
2553865.358103299
 24
-37635.12443592306
 34
0.0
 50
0.0
  0
DIMENSION
  5
4C
330
17
100
AcDbEntity
  8
AXIS
100
AcDbDimension
280
0
  3
DIMN
 10
2549665.357367704
 20
-38835.12443592318
 30
0.0
 11
2551765.357735501
 21
-38535.12443592316
 31
0.0
 70
33
 71
5
 42
-1.0
 73
0
 74
0
 75
0
100
AcDbAlignedDimension
 13
2553865.358103299
 23
-37635.12443592347
 33
0.0
 14
2549665.357367704
 24
-37635.12443592353
 34
0.0
 50
0.0
  0
LINE
  5
4D
330
17
100
AcDbEntity
  8
WALL
100
AcDbLine
 10
2542965.352700085
 20
-22683.86573607492
 30
0.0
 11
2541815.35736771
 21
-22683.86573607492
 31
0.0
  0
INSERT
  5
4E
330
17
100
AcDbEntity
  8
内隔墙
100
AcDbBlockReference
 66
1
  2
_DBLK
 10
2543115.35736771
 20
-29933.86573607475
 30
-5.594e-13
 41
-900.0
 42
-900.0
 43
900.0
 50
180.000000000003
  0
ATTRIB
  5
4F
330
4E
100
AcDbEntity
  8
WINDOW_TEXT
100
AcDbText
 10
2543115.35736771
 20
-30283.86573607475
 30
5.594e-13
 40
300.0
  1

 50
3.1175e-12
  7
SIMPLEX
 41
0.8
 72
4
 11
2543115.35736771
 21
-30283.86573607475
 31
5.594e-13
100
AcDbAttribute
  2
A
 70
9
 71
1
 72
0
 11
2543115.35736771
 21
-30283.86573607475
 31
5.594e-13
  0
SEQEND
  5
50
330
4E
100
AcDbEntity
  8
WINDOW
  0
LINE
  5
51
330
17
100
AcDbEntity
  8
WALL
100
AcDbLine
 10
2542565.35736771
 20
-34183.86573607475
 30
0.0
 11
2543215.357367711
 21
-34183.86573607481
 31
0.0
  0
LINE
  5
52
330
17
100
AcDbEntity
  8
WALL
100
AcDbLine
 10
2539665.35736771
 20
-28183.86573607486
 30
0.0
 11
2539665.35736771
 21
-27683.86573607486
 31
0.0
  0
LINE
  5
53
330
17
100
AcDbEntity
  8
WALL
100
AcDbLine
 10
2539865.35736771
 20
-22683.86573607492
 30
0.0
 11
2539865.35736771
 21
-26383.86573607486
 31
-4.36557e-11
  0
LINE
  5
54
330
17
100
AcDbEntity
  8
WALL
100
AcDbLine
 10
2548465.357367711
 20
-28183.86573607452
 30
0.0
 11
2550865.357367705
 21
-28183.8657360744
 31
0.0
  0
LINE
  5
55
330
17
100
AcDbEntity
  8
空调
100
AcDbLine
 10
2541365.35736771
 20
-35183.86573607475
 30
0.0
 11
2542365.35736771
 21
-35183.86573607475
 31
0.0
  0
LINE
  5
56
330
17
100
AcDbEntity
  8
WALL
100
AcDbLine
 10
2541365.35736771
 20
-34683.86573607498
 30
0.0
 11
2542365.35736771
 21
-34683.86573607504
 31
0.0
  0
LINE
  5
57
330
17
100
AcDbEntity
  8
内隔墙
100
AcDbLine
 10
2542665.35736771
 20
-29983.86573607475
 30
0.0
 11
2542665.35736771
 21
-29883.86573607475
 31
0.0
  0
LINE
  5
58
330
17
100
AcDbEntity
  8
内隔墙
100
AcDbLine
 10
2545565.357367711
 20
-29883.86573607452
 30
0.0
 11
2543565.35736771
 21
-29883.86573607475
 31
0.0
  0
LINE
  5
59
330
17
100
AcDbEntity
  8
内隔墙
100
AcDbLine
 10
2542665.35736771
 20
-29983.86573607475
 30
0.0
 11
2542565.35736771
 21
-29983.86573607475
 31
-1.1187e-12
  0
LINE
  5
5A
330
17
100
AcDbEntity
  8
内隔墙
100
AcDbLine
 10
2542565.35736771
 20
-34183.86573607475
 30
0.0
 11
2542565.35736771
 21
-29983.86573607475
 31
0.0
  0
LINE
  5
5B
330
17
100
AcDbEntity
  8
WALL
100
AcDbLine
 10
2542565.357367711
 20
-34683.86573607475
 30
-3.28758e-11
 11
2542565.35736771
 21
-34383.86573607475
 31
6.57516e-11
  0
LINE
  5
5C
330
17
100
AcDbEntity
  8
内隔墙
100
AcDbLine
 10
2542465.35736771
 20
-28983.86573607428
 30
0.0
 11
2542565.35736771
 21
-28983.86573607428
 31
0.0
  0
INSERT
  5
5D
330
17
100
AcDbEntity
  8
内隔墙
100
AcDbBlockReference
 66
1
  2
_DBLK
 10
2542515.35736771
 20
-29433.86573607428
 30
0.0
 41
900.0
 42
900.0
 43
900.0
 50
270.0000000000031
  0
ATTRIB
  5
5E
330
5D
100
AcDbEntity
  8
WINDOW_TEXT
100
AcDbText
 10
2542865.35736771
 20
-29433.86573607428
 30
0.0
 40
300.0
  1

 50
90.0000000000031
  7
SIMPLEX
 41
0.8
 72
4
 11
2542865.35736771
 21
-29433.86573607428
 31
0.0
100
AcDbAttribute
  2
A
 70
9
 71
1
 72
0
 11
2542865.35736771
 21
-29433.86573607428
 31
0.0
  0
SEQEND
  5
5F
330
5D
100
AcDbEntity
  8
WINDOW
  0
LINE
  5
60
330
17
100
AcDbEntity
  8
内隔墙
100
AcDbLine
 10
2542565.35736771
 20
-28983.86573607428
 30
0.0
 11
2542565.35736771
 21
-28183.86573607411
 31
0.0
  0
LINE
  5
61
330
17
100
AcDbEntity
  8
内隔墙
100
AcDbLine
 10
2542465.35736771
 20
-28983.86573607428
 30
0.0
 11
2542465.35736771
 21
-28383.86573607475
 31
0.0
  0
LINE
  5
62
330
17
100
AcDbEntity
  8
WALL
100
AcDbLine
 10
2541365.35736771
 20
-28383.86573607475
 30
0.0
 11
2542465.35736771
 21
-28383.86573607475
 31
0.0
  0
LINE
  5
63
330
17
100
AcDbEntity
  8
GROUND
100
AcDbLine
 10
2539465.35736771
 20
-34483.86573607498
 30
0.0
 11
2541265.35736771
 21
-34483.86573607382
 31
0.0
  0
LINE
  5
64
330
17
100
AcDbEntity
  8
WALL
100
AcDbLine
 10
2541265.35736771
 20
-34483.86573607475
 30
0.0
 11
2542465.357367711
 21
-34483.86573607475
 31
0.0
  0
LINE
  5
65
330
17
100
AcDbEntity
  8
WALL
100
AcDbLine
 10
2541265.35736771
 20
-35183.86573607486
 30
0.0
 11
2541265.35736771
 21
-34483.86573607475
 31
0.0
  0
LINE
  5
66
330
17
100
AcDbEntity
  8
WALL
100
AcDbLine
 10
2539465.35736771
 20
-34683.86573607498
 30
0.0
 11
2539465.35736771
 21
-34483.86573607498
 31
0.0
  0
INSERT
  5
67
330
17
100
AcDbEntity
  8
WINDOW
100
AcDbBlockReference
 66
1
  2
_WBLK
 10
2539765.35736771
 20
-27383.86573607486
 30
-4.36557e-11
 41
600.0
 42
200.0000000000582
 43
600.0
 50
270.0000000000031
  0
ATTRIB
  5
68
330
67
100
AcDbEntity
  8
WINDOW_TEXT
100
AcDbText
 10
2539365.35736771
 20
-27383.86573607486
 30
-4.36557e-11
 40
300.0
  1

 50
90.0000000000031
  7
SIMPLEX
 41
0.8
 72
4
 11
2539365.35736771
 21
-27383.86573607486
 31
-4.36557e-11
100
AcDbAttribute
  2
A
 70
9
 71
1
 72
0
 11
2539365.35736771
 21
-27383.86573607486
 31
-4.36557e-11
  0
SEQEND
  5
69
330
67
100
AcDbEntity
  8
WINDOW
  0
LINE
  5
6A
330
17
100
AcDbEntity
  8
WALL
100
AcDbLine
 10
2541965.35736771
 20
-28183.86573607475
 30
0.0
 11
2541965.35736771
 21
-28183.86573607422
 31
0.0
  0
LINE
  5
6B
330
17
100
AcDbEntity
  8
WALL
100
AcDbLine
 10
2541965.35736771
 20
-27283.86573607481
 30
0.0
 11
2541965.35736771
 21
-28183.86573607475
 31
0.0
  0
LINE
  5
6C
330
17
100
AcDbEntity
  8
WALL
100
AcDbLine
 10
2541265.35736771
 20
-30283.86573607475
 30
0.0
 11
2541365.35736771
 21
-30283.86573607475
 31
0.0
  0
LINE
  5
6D
330
17
100
AcDbEntity
  8
WALL
100
AcDbLine
 10
2541265.35736771
 20
-29583.86573607475
 30
0.0
 11
2541365.35736771
 21
-29583.86573607475
 31
0.0
  0
INSERT
  5
6E
330
17
100
AcDbEntity
  8
WINDOW
100
AcDbBlockReference
 66
1
  2
M_A2ZXL
 10
2541315.35736771
 20
-29933.86573607475
 30
0.0
 41
-700.0
 42
700.0
 43
700.0
 50
270.0000000000031
  0
ATTRIB
  5
6F
330
6E
100
AcDbEntity
  8
WINDOW_TEXT
100
AcDbText
 10
2541665.35736771
 20
-29933.86573607475
 30
0.0
 40
300.0
  1

 50
90.0000000000031
  7
SIMPLEX
 41
0.8
 72
4
 11
2541665.35736771
 21
-29933.86573607475
 31
0.0
100
AcDbAttribute
  2
A
 70
9
 71
1
 72
0
 11
2541665.35736771
 21
-29933.86573607475
 31
0.0
  0
SEQEND
  5
70
330
6E
100
AcDbEntity
  8
WINDOW
  0
LINE
  5
71
330
17
100
AcDbEntity
  8
WALL
100
AcDbLine
 10
2541365.35736771
 20
-30283.86573607475
 30
0.0
 11
2541365.35736771
 21
-30483.86573607475
 31
-4.36557e-11
  0
LINE
  5
72
330
17
100
AcDbEntity
  8
WALL
100
AcDbLine
 10
2541265.35736771
 20
-30283.86573607475
 30
0.0
 11
2541265.35736771
 21
-30383.86573607475
 31
-4.36557e-11
  0
LINE
  5
73
330
17
100
AcDbEntity
  8
WALL
100
AcDbLine
 10
2551065.408531258
 20
-26983.8657360744
 30
0.0
 11
2550865.408531259
 21
-26983.8657360744
 31
0.0
  0
LINE
  5
74
330
17
100
AcDbEntity
  8
WALL
100
AcDbLine
 10
2541965.35736771
 20
-26483.86573607492
 30
-3.74192e-11
 11
2541965.35736771
 21
-26583.86573607475
 31
-3.11827e-11
  0
LINE
  5
75
330
17
100
AcDbEntity
  8
WALL
100
AcDbLine
 10
2541865.35736771
 20
-28283.86573607475
 30
0.0
 11
2541865.35736771
 21
-27283.86573607481
 31
0.0
  0
LINE
  5
76
330
17
100
AcDbEntity
  8
WALL
100
AcDbLine
 10
2539865.35736771
 20
-26483.86573607486
 30
-4.36557e-11
 11
2539865.35736771
 21
-27083.86573607486
 31
-2.91038e-11
  0
LINE
  5
77
330
17
100
AcDbEntity
  8
WALL
100
AcDbLine
 10
2539865.35736771
 20
-26383.86573607486
 30
-4.36557e-11
 11
2541965.35736771
 21
-26383.86573607475
 31
-3.43125e-11
  0
LINE
  5
78
330
17
100
AcDbEntity
  8
WALL
100
AcDbLine
 10
2539865.35736771
 20
-26483.86573607486
 30
-4.36557e-11
 11
2541865.35736771
 21
-26483.86573607475
 31
-4.36557e-11
  0
LINE
  5
79
330
17
100
AcDbEntity
  8
WALL
100
AcDbLine
 10
2541265.35736771
 20
-28383.86573607475
 30
0.0
 11
2541265.35736771
 21
-29583.86573607475
 31
0.0
  0
LINE
  5
7A
330
17
100
AcDbEntity
  8
WALL
100
AcDbLine
 10
2541365.35736771
 20
-28383.86573607475
 30
0.0
 11
2541365.35736771
 21
-29583.86573607475
 31
0.0
  0
LINE
  5
7B
330
17
100
AcDbEntity
  8
内隔墙
100
AcDbLine
 10
2542465.357367711
 20
-34483.86573607475
 30
0.0
 11
2542465.35736771
 21
-29883.86573607428
 31
0.0
  0
INSERT
  5
7C
330
17
100
AcDbEntity
  8
LVTRY
100
AcDbBlockReference
 66
1
  2
U_A48XUK
 10
2540865.35736771
 20
-28283.86573607486
 30
0.0
 41
-1.0
 50
359.999999999997
  0
ATTRIB
  5
7D
330
7C
100
AcDbEntity
  8
0
100
AcDbText
 10
2540864.328796281
 20
-28283.86573607486
 30
0.0
 40
0.5
  1
500
 50
359.999999999997
  7
DIM_FONT
 41
0.8
100
AcDbAttribute
  2
XSIZE
 70
9
 71
1
 72
0
  0
ATTRIB
  5
7E
330
7C
100
AcDbEntity
  8
0
100
AcDbText
 10
2540864.328796281
 20
-28283.86573607486
 30
0.0
 40
0.5
  1
500
 50
359.999999999997
  7
DIM_FONT
 41
0.8
100
AcDbAttribute
  2
YSIZE
 70
9
 71
1
 72
0
  0
SEQEND
  5
7F
330
7C
100
AcDbEntity
  8
LVTRY
  0
INSERT
  5
80
330
17
100
AcDbEntity
  8
LVTRY
100
AcDbBlockReference
 66
1
  2
U_A44WKN
 10
2540971.598129454
 20
-28433.86573607486
 30
0.0
 50
180.000000000003
  0
ATTRIB
  5
81
330
80
100
AcDbEntity
  8
0
100
AcDbText
 10
2540971.598129454
 20
-28433.86573607486
 30
0.0
 40
0.5
  1
0
 50
180.000000000003
100
AcDbAttribute
  2
XSIZE
 70
9
 71
1
 72
0
  0
ATTRIB
  5
82
330
80
100
AcDbEntity
  8
0
100
AcDbText
 10
2540971.598129454
 20
-28433.86573607486
 30
0.0
 40
0.5
  1
0
 50
180.000000000003
100
AcDbAttribute
  2
YSIZE
 70
9
 71
1
 72
0
  0
SEQEND
  5
83
330
80
100
AcDbEntity
  8
LVTRY
  0
INSERT
  5
84
330
17
100
AcDbEntity
  8
LVTRY
100
AcDbBlockReference
 66
1
  2
U_A48XUK
 10
2540271.761425123
 20
-28383.86573607486
 30
0.0
 41
-1.0
 50
180.0000000000031
  0
ATTRIB
  5
85
330
84
100
AcDbEntity
  8
0
100
AcDbText
 10
2540271.761425123
 20
-28384.36573607486
 30
0.0
 40
0.5
  1
500
 50
3.0376e-12
  7
DIM_FONT
 41
0.8
100
AcDbAttribute
  2
XSIZE
 70
9
 71
1
 72
0
  0
ATTRIB
  5
86
330
84
100
AcDbEntity
  8
0
100
AcDbText
 10
2540271.761425123
 20
-28384.36573607486
 30
0.0
 40
0.5
  1
500
 50
3.0376e-12
  7
DIM_FONT
 41
0.8
100
AcDbAttribute
  2
YSIZE
 70
9
 71
1
 72
0
  0
SEQEND
  5
87
330
84
100
AcDbEntity
  8
LVTRY
  0
TEXT
  5
88
330
17
100
AcDbEntity
  8
TEXT
  6
Continuous
100
AcDbText
 10
2539856.140153961
 20
-32523.43629033445
 30
-4.36557e-11
 40
400.0
  1
主卧室
  7
_HZTXT
 41
0.8
100
AcDbText
  0
LINE
  5
89
330
17
100
AcDbEntity
  8
WALL
100
AcDbLine
 10
2538965.35736771
 20
-30383.86573607498
 30
-4.36557e-11
 11
2538965.35736771
 21
-28383.86573607498
 31
-4.1577e-12
  0
LINE
  5
8A
330
17
100
AcDbEntity
  8
WALL
100
AcDbLine
 10
2538965.357367711
 20
-34483.86573607498
 30
0.0
 11
2538965.35736771
 21
-30483.86573607498
 31
-4.36557e-11
  0
LINE
  5
8B
330
17
100
AcDbEntity
  8
WALL
100
AcDbLine
 10
2541265.35736771
 20
-30383.86573607521
 30
0.0
 11
2538965.357367711
 21
-30383.86573607545
 31
0.0
  0
LINE
  5
8C
330
17
100
AcDbEntity
  8
WALL
100
AcDbLine
 10
2541365.35736771
 20
-30483.86573607475
 30
-4.36557e-11
 11
2538965.35736771
 21
-30483.86573607498
 31
-4.36557e-11
  0
LINE
  5
8D
330
17
100
AcDbEntity
  8
WALL
100
AcDbLine
 10
2538965.35736771
 20
-34483.86573607498
 30
0.0
 11
2539465.357367711
 21
-34483.86573607498
 31
0.0
  0
INSERT
  5
8E
330
17
100
AcDbEntity
  8
LVTRY
100
AcDbBlockReference
 66
1
  2
M_E4
 10
2538965.35736771
 20
-29183.86823607487
 30
0.0
 41
1.06667
 42
1.06667
 43
1.06667
 50
89.99999999999689
  0
ATTRIB
  5
8F
330
8E
100
AcDbEntity
  8
0
100
AcDbText
 10
2538965.35736771
 20
-29184.19331645582
 30
0.0
 40
0.533335
  1
1500
 50
89.99999999999696
 41
0.8
100
AcDbAttribute
  2
XSIZE
 70
9
 71
1
 72
0
  0
ATTRIB
  5
90
330
8E
100
AcDbEntity
  8
0
100
AcDbText
 10
2538965.35736771
 20
-29184.05109378923
 30
0.0
 40
0.533335
  1
750
 50
89.99999999999696
 41
0.8
100
AcDbAttribute
  2
YSIZE
 70
9
 71
1
 72
0
  0
SEQEND
  5
91
330
8E
100
AcDbEntity
  8
DOTE
  0
LINE
  5
92
330
17
100
AcDbEntity
  8
WALL
100
AcDbLine
 10
2538765.35736771
 20
-28183.86573607498
 30
0.0
 11
2538765.35736771
 21
-34683.86573607498
 31
0.0
  0
LINE
  5
93
330
17
100
AcDbEntity
  8
WALL
100
AcDbLine
 10
2539065.35736771
 20
-28183.86573607492
 30
0.0
 11
2538765.35736771
 21
-28183.86573607498
 31
0.0
  0
LINE
  5
94
330
17
100
AcDbEntity
  8
WALL
100
AcDbLine
 10
2538765.35736771
 20
-34683.86573607521
 30
0.0
 11
2539465.35736771
 21
-34683.86573607521
 31
0.0
  0
TEXT
  5
95
330
17
100
AcDbEntity
  8
TEXT
  6
Continuous
100
AcDbText
 10
2541164.840106769
 20
-24457.27952115622
 30
-4.36557e-11
 40
400.0
  1
卧室
  7
_HZTXT
 41
0.8
100
AcDbText
  0
LINE
  5
96
330
17
100
AcDbEntity
  8
STAIR
100
AcDbLine
 10
2549715.357367704
 20
-26743.86573607009
 30
0.0
 11
2549715.357367705
 21
-24583.86573606706
 31
0.0
  0
LINE
  5
97
330
17
100
AcDbEntity
  8
STAIR
100
AcDbLine
 10
2549775.357367704
 20
-26803.86573607009
 30
0.0
 11
2549775.357367705
 21
-24523.86573606706
 31
0.0
  0
LINE
  5
98
330
17
100
AcDbEntity
  8
GROUND
100
AcDbLine
 10
2545465.357367715
 20
-24783.86573607446
 30
0.0
 11
2545465.357367715
 21
-26383.86573607446
 31
0.0
  0
INSERT
  5
99
330
17
100
AcDbEntity
  8
WINDOW
100
AcDbBlockReference
 66
1
  2
_A0ASA
 10
2545515.357367714
 20
-25583.86573607446
 30
0.0
 41
-1600.0
 42
1600.0
 43
1600.0
 50
270.0000000000031
  0
ATTRIB
  5
9A
330
99
100
AcDbEntity
  8
WINDOW_TEXT
100
AcDbText
 10
2545165.357367715
 20
-25583.86573607457
 30
0.0
 40
300.0
  1

 50
270.0000000000031
  7
SIMPLEX
 41
0.8
 72
4
 11
2545165.357367715
 21
-25583.86573607457
 31
0.0
 71
2
100
AcDbAttribute
  2
A
 70
9
 71
1
 72
0
 11
2545165.357367715
 21
-25583.86573607457
 31
0.0
  0
SEQEND
  5
9B
330
99
100
AcDbEntity
  8
WINDOW
  0
LINE
  5
9C
330
17
100
AcDbEntity
  8
WALL
100
AcDbLine
 10
2543065.35736771
 20
-23633.86573607481
 30
0.0
 11
2543065.35736771
 21
-26383.86573607475
 31
0.0
  0
LINE
  5
9D
330
17
100
AcDbEntity
  8
STAIR
100
AcDbLine
 10
2549555.357367713
 20
-26803.86573607126
 30
0.0
 11
2549775.357367704
 21
-26803.86573607126
 31
0.0
  0
LINE
  5
9E
330
17
100
AcDbEntity
  8
STAIR
100
AcDbLine
 10
2549615.357367712
 20
-26743.86573607126
 30
0.0
 11
2549715.357367704
 21
-26743.86573607126
 31
0.0
  0
LINE
  5
9F
330
17
100
AcDbEntity
  8
WALL
100
AcDbLine
 10
2549565.35736771
 20
-34183.86573607521
 30
0.0
 11
2549565.35736771
 21
-28383.86573607754
 31
0.0
  0
LINE
  5
A0
330
17
100
AcDbEntity
  8
WALL
100
AcDbLine
 10
2545465.357367713
 20
-26383.86573607446
 30
0.0
 11
2545565.35736771
 21
-26383.86573607446
 31
0.0
  0
LINE
  5
A1
330
17
100
AcDbEntity
  8
WALL
100
AcDbLine
 10
2545565.35736771
 20
-26383.86573607446
 30
0.0
 11
2545565.357367706
 21
-26483.86573607434
 31
0.0
  0
LINE
  5
A2
330
17
100
AcDbEntity
  8
WALL
100
AcDbLine
 10
2545465.357367713
 20
-26383.86573607446
 30
0.0
 11
2545465.35736771
 21
-26383.86573607452
 31
0.0
  0
TEXT
  5
A3
330
17
100
AcDbEntity
  8
TEXT
  6
Continuous
100
AcDbText
 10
2547115.503453159
 20
-31522.18628193625
 30
0.0
 40
400.0
  1
客厅
  7
_HZTXT
 41
0.8
100
AcDbText
  0
TEXT
  5
A4
330
17
100
AcDbEntity
  8
TEXT
  6
Continuous
100
AcDbText
 10
2543365.337066885
 20
-32365.14010420628
 30
-4.36557e-11
 40
400.0
  1
卧室
  7
_HZTXT
 41
0.8
100
AcDbText
  0
LINE
  5
A5
330
17
100
AcDbEntity
  8
GROUND
100
AcDbLine
 10
2548464.357367711
 20
-34383.86573607521
 30
0.0
 11
2546064.357367711
 21
-34383.86573607533
 31
0.0
  0
LINE
  5
A6
330
17
100
AcDbEntity
  8
WALL
100
AcDbLine
 10
2546064.35736771
 20
-34183.86573607533
 30
0.0
 11
2546064.357367711
 21
-34383.86573607533
 31
0.0
  0
LINE
  5
A7
330
17
100
AcDbEntity
  8
WALL
100
AcDbLine
 10
2548464.35736771
 20
-34183.86573607521
 30
0.0
 11
2548464.357367711
 21
-34383.86573607492
 31
0.0
  0
INSERT
  5
A8
330
17
100
AcDbEntity
  8
WINDOW
100
AcDbBlockReference
 66
1
  2
_A3PAD
 10
2547264.357367711
 20
-34283.86573607521
 30
0.0
 41
2400.0
 42
2400.0
 43
2400.0
 50
3.1175e-12
  0
ATTRIB
  5
A9
330
A8
100
AcDbEntity
  8
WINDOW_TEXT
100
AcDbText
 10
2547264.357367711
 20
-34683.86573607521
 30
0.0
 40
300.0
  1

 50
3.1175e-12
  7
SIMPLEX
 41
0.8
 72
4
 11
2547264.357367711
 21
-34683.86573607521
 31
0.0
100
AcDbAttribute
  2
A
 70
9
 71
1
 72
0
 11
2547264.357367711
 21
-34683.86573607521
 31
0.0
  0
SEQEND
  5
AA
330
A8
100
AcDbEntity
  8
WINDOW
  0
LINE
  5
AB
330
17
100
AcDbEntity
  8
GROUND
100
AcDbLine
 10
2542915.357367711
 20
-34383.86573607475
 30
0.0
 11
2544865.357367711
 21
-34383.86573607463
 31
0.0
  0
LINE
  5
AC
330
17
100
AcDbEntity
  8
WALL
100
AcDbLine
 10
2544715.357367711
 20
-34183.86573607469
 30
0.0
 11
2544715.357367711
 21
-34383.86573607469
 31
0.0
  0
LINE
  5
AD
330
17
100
AcDbEntity
  8
WALL
100
AcDbLine
 10
2543215.357367711
 20
-34183.86573607481
 30
0.0
 11
2543215.357367711
 21
-34383.86573607481
 31
0.0
  0
INSERT
  5
AE
330
17
100
AcDbEntity
  8
WINDOW
100
AcDbBlockReference
 66
1
  2
_A0ASA
 10
2543965.357367711
 20
-34283.86573607475
 30
-9.84159e-11
 41
1500.0
 42
1500.0
 43
1500.0
 50
180.000000000003
  0
ATTRIB
  5
AF
330
AE
100
AcDbEntity
  8
WINDOW_TEXT
100
AcDbText
 10
2543965.35736771
 20
-33883.86573607475
 30
-9.84159e-11
 40
300.0
  1

 50
3.1175e-12
  7
SIMPLEX
 41
0.8
 72
4
 11
2543965.35736771
 21
-33883.86573607475
 31
-9.84159e-11
100
AcDbAttribute
  2
A
 70
9
 71
1
 72
0
 11
2543965.35736771
 21
-33883.86573607475
 31
-9.84159e-11
  0
SEQEND
  5
B0
330
AE
100
AcDbEntity
  8
WINDOW
  0
LINE
  5
B1
330
17
100
AcDbEntity
  8
WALL
100
AcDbLine
 10
2546064.357367711
 20
-34383.86573607545
 30
0.0
 11
2544715.357367711
 21
-34383.86573607469
 31
0.0
  0
LINE
  5
B2
330
17
100
AcDbEntity
  8
WALL
100
AcDbLine
 10
2544715.357367711
 20
-34183.86573607469
 30
0.0
 11
2545465.35736771
 21
-34183.86573607475
 31
-2.199406e-10
  0
LINE
  5
B3
330
17
100
AcDbEntity
  8
内隔墙
100
AcDbLine
 10
2543565.35736771
 20
-29983.86573607475
 30
0.0
 11
2543565.35736771
 21
-29883.86573607475
 31
0.0
  0
LINE
  5
B4
330
17
100
AcDbEntity
  8
内隔墙
100
AcDbLine
 10
2543565.35736771
 20
-29983.86573607475
 30
0.0
 11
2545465.35736771
 21
-29983.86573607452
 31
-3.3562e-11
  0
LINE
  5
B5
330
17
100
AcDbEntity
  8
内隔墙
100
AcDbLine
 10
2542665.35736771
 20
-29883.86573607475
 30
0.0
 11
2542465.35736771
 21
-29883.86573607475
 31
0.0
  0
LINE
  5
B6
330
17
100
AcDbEntity
  8
内隔墙
100
AcDbLine
 10
2545465.35736771
 20
-29983.86573607452
 30
-3.3562e-11
 11
2545465.35736771
 21
-34183.86573607475
 31
-3.3562e-11
  0
LINE
  5
B7
330
17
100
AcDbEntity
  8
WALL
100
AcDbLine
 10
2545565.357367711
 20
-34183.86573607545
 30
0.0
 11
2546064.35736771
 21
-34183.86573607533
 31
0.0
  0
LINE
  5
B8
330
17
100
AcDbEntity
  8
内隔墙
100
AcDbLine
 10
2545565.357367711
 20
-29883.86573607452
 30
0.0
 11
2545565.357367711
 21
-34183.86573607545
 31
0.0
  0
LINE
  5
B9
330
17
100
AcDbEntity
  8
WALL
100
AcDbLine
 10
2550865.357367705
 20
-26983.86573607475
 30
0.0
 11
2551065.357367705
 21
-26983.86573607475
 31
0.0
  0
LINE
  5
BA
330
17
100
AcDbEntity
  8
WALL
100
AcDbLine
 10
2548465.357367712
 20
-27983.8657360744
 30
0.0
 11
2548265.357367713
 21
-27983.8657360744
 31
0.0
  0
LINE
  5
BB
330
17
100
AcDbEntity
  8
WALL
100
AcDbLine
 10
2548265.357367713
 20
-27983.8657360744
 30
0.0
 11
2548265.357367711
 21
-28383.86573607452
 31
0.0
  0
LINE
  5
BC
330
17
100
AcDbEntity
  8
WALL
100
AcDbLine
 10
2548465.35736771
 20
-23383.86573607207
 30
0.0
 11
2548465.357367712
 21
-26983.8657360744
 31
0.0
  0
LINE
  5
BD
330
17
100
AcDbEntity
  8
GROUND
100
AcDbLine
 10
2548465.357367712
 20
-27983.8657360744
 30
0.0
 11
2548465.357367712
 21
-26983.8657360744
 31
0.0
  0
TEXT
  5
BE
330
17
100
AcDbEntity
  8
TEXT
  6
Continuous
100
AcDbText
 10
2546870.28148321
 20
-25223.40334986244
 30
-4.36557e-11
 40
400.0
  1
餐厅
  7
_HZTXT
 41
0.8
100
AcDbText
  0
LINE
  5
BF
330
17
100
AcDbEntity
  8
WALL
100
AcDbLine
 10
2549565.35736771
 20
-28383.86573607452
 30
0.0
 11
2548265.357367711
 21
-28383.86573607452
 31
0.0
  0
LINE
  5
C0
330
17
100
AcDbEntity
  8
空调
100
AcDbLine
 10
2550665.357367705
 20
-34883.86573607498
 30
0.0
 11
2548665.357367712
 21
-34883.86573607521
 31
0.0
  0
LINE
  5
C1
330
17
100
AcDbEntity
  8
STAIR
100
AcDbLine
 10
2549775.357367704
 20
-26743.86573607126
 30
0.0
 11
2550865.357367705
 21
-26743.86573607126
 31
0.0
  0
LINE
  5
C2
330
17
100
AcDbEntity
  8
WALL
100
AcDbLine
 10
2543215.357367711
 20
-34383.86573607481
 30
0.0
 11
2542565.357367711
 21
-34383.86573607568
 31
0.0
  0
LINE
  5
C3
330
17
100
AcDbEntity
  8
WALL
100
AcDbLine
 10
2548464.35736771
 20
-34183.86573607521
 30
0.0
 11
2549565.35736771
 21
-34183.86573607521
 31
0.0
  0
INSERT
  5
C4
330
17
100
AcDbEntity
  8
WINDOW
100
AcDbBlockReference
 66
1
  2
_DBLK
 10
2548365.357367712
 20
-27483.8657360744
 30
0.0
 41
1000.0
 42
1000.0
 43
1000.0
 50
90.00000000000311
  0
ATTRIB
  5
C5
330
C4
100
AcDbEntity
  8
WINDOW_TEXT
100
AcDbText
 10
2547965.357367713
 20
-27483.8657360744
 30
0.0
 40
300.0
  1

 50
90.0000000000031
  7
SIMPLEX
 41
0.8
 72
4
 11
2547965.357367713
 21
-27483.8657360744
 31
0.0
100
AcDbAttribute
  2
A
 70
9
 71
1
 72
0
 11
2547965.357367713
 21
-27483.8657360744
 31
0.0
  0
SEQEND
  5
C6
330
C4
100
AcDbEntity
  8
WINDOW
  0
LINE
  5
C7
330
17
100
AcDbEntity
  8
STAIR
100
AcDbLine
 10
2549555.357367712
 20
-24523.86573606823
 30
0.0
 11
2549775.357367707
 21
-24523.86573606823
 31
0.0
  0
LINE
  5
C8
330
17
100
AcDbEntity
  8
STAIR
100
AcDbLine
 10
2549615.357367712
 20
-24583.86573607242
 30
0.0
 11
2549715.357367706
 21
-24583.86573607242
 31
0.0
  0
LINE
  5
C9
330
17
100
AcDbEntity
  8
WALL
100
AcDbLine
 10
2548465.357367712
 20
-27983.8657360744
 30
0.0
 11
2548465.35736771
 21
-28183.86573607452
 31
0.0
  0
LINE
  5
CA
330
17
100
AcDbEntity
  8
WALL
100
AcDbLine
 10
2545465.357367714
 20
-24783.86573607446
 30
0.0
 11
2545565.357367714
 21
-24783.86573607446
 31
0.0
  0
LINE
  5
CB
330
17
100
AcDbEntity
  8
GROUND
100
AcDbLine
 10
2545865.35736771
 20
-23183.86573607452
 30
0.0
 11
2547965.357367711
 21
-23183.8657360744
 31
0.0
  0
LINE
  5
CC
330
17
100
AcDbEntity
  8
WALL
100
AcDbLine
 10
2546015.357367711
 20
-23183.86573607457
 30
0.0
 11
2546015.357367711
 21
-23383.86573607457
 31
0.0
  0
LINE
  5
CD
330
17
100
AcDbEntity
  8
WALL
100
AcDbLine
 10
2547815.357367711
 20
-23183.86573607446
 30
0.0
 11
2547815.357367711
 21
-23383.86573607446
 31
0.0
  0
INSERT
  5
CE
330
17
100
AcDbEntity
  8
WINDOW
100
AcDbBlockReference
 66
1
  2
_A0ASA
 10
2546915.357367711
 20
-23283.86573607452
 30
0.0
 41
-1800.0
 42
1800.0
 43
1800.0
 50
3.1175e-12
  0
ATTRIB
  5
CF
330
CE
100
AcDbEntity
  8
WINDOW_TEXT
100
AcDbText
 10
2546915.357367711
 20
-23683.86573607452
 30
0.0
 40
300.0
  1

 50
3.1175e-12
  7
SIMPLEX
 41
0.8
 72
4
 11
2546915.357367711
 21
-23683.86573607452
 31
0.0
 71
2
100
AcDbAttribute
  2
A
 70
9
 71
1
 72
0
 11
2546915.357367711
 21
-23683.86573607452
 31
0.0
  0
SEQEND
  5
D0
330
CE
100
AcDbEntity
  8
WINDOW
  0
LINE
  5
D1
330
17
100
AcDbEntity
  8
WALL
100
AcDbLine
 10
2547815.357367711
 20
-23383.86573607446
 30
0.0
 11
2548265.357367711
 21
-23383.8657360744
 31
0.0
  0
LINE
  5
D2
330
17
100
AcDbEntity
  8
WALL
100
AcDbLine
 10
2545565.35736771
 20
-23383.86573607452
 30
0.0
 11
2546015.357367711
 21
-23383.86573607457
 31
0.0
  0
LINE
  5
D3
330
17
100
AcDbEntity
  8
WALL
100
AcDbLine
 10
2545565.357367714
 20
-24783.86573607446
 30
0.0
 11
2545565.35736771
 21
-23383.86573607452
 31
0.0
  0
LINE
  5
D4
330
17
100
AcDbEntity
  8
WALL
100
AcDbLine
 10
2544865.604732197
 20
-23383.86573607463
 30
0.0
 11
2545465.35736771
 21
-23383.86573607452
 31
0.0
  0
LINE
  5
D5
330
17
100
AcDbEntity
  8
WALL
100
AcDbLine
 10
2543665.604732197
 20
-23383.86573607475
 30
0.0
 11
2543665.604732197
 21
-23183.86573607475
 31
0.0
  0
LINE
  5
D6
330
17
100
AcDbEntity
  8
WALL
100
AcDbLine
 10
2544865.604732197
 20
-23383.86573607463
 30
0.0
 11
2544865.604732197
 21
-23183.86573607463
 31
0.0
  0
INSERT
  5
D7
330
17
100
AcDbEntity
  8
WINDOW
100
AcDbBlockReference
 66
1
  2
_WBLK
 10
2544265.604732197
 20
-23283.86573607178
 30
0.0
 41
1200.0
 42
200.0
 43
1200.0
 50
3.1175e-12
  0
ATTRIB
  5
D8
330
D7
100
AcDbEntity
  8
WINDOW_TEXT
100
AcDbText
 10
2544265.604732197
 20
-22883.86573607178
 30
0.0
 40
300.0
  1

 50
3.1175e-12
  7
SIMPLEX
 41
0.8
 72
4
 11
2544265.604732197
 21
-22883.86573607178
 31
0.0
 71
2
100
AcDbAttribute
  2
A
 70
9
 71
1
 72
0
 11
2544265.604732197
 21
-22883.86573607178
 31
0.0
  0
SEQEND
  5
D9
330
D7
100
AcDbEntity
  8
WINDOW
  0
LINE
  5
DA
330
17
100
AcDbEntity
  8
WALL
100
AcDbLine
 10
2545465.35736771
 20
-23383.86573607452
 30
0.0
 11
2545465.357367714
 21
-24783.86573607446
 31
0.0
  0
LINE
  5
DB
330
17
100
AcDbEntity
  8
WALL
100
AcDbLine
 10
2543165.357367712
 20
-23383.86573607486
 30
0.0
 11
2543665.604732197
 21
-23383.86573607475
 31
0.0
  0
LINE
  5
DC
330
17
100
AcDbEntity
  8
LVTRY
100
AcDbLine
 10
2543665.35736771
 20
-24183.86573607463
 30
0.0
 11
2545465.35736771
 21
-24183.86573607428
 31
0.0
  0
LINE
  5
DD
330
17
100
AcDbEntity
  8
LVTRY
100
AcDbLine
 10
2543065.35736771
 20
-26383.90573607479
 30
0.0
 11
2543665.35736771
 21
-26383.90573607467
 31
0.0
  0
LINE
  5
DE
330
17
100
AcDbEntity
  8
LVTRY
100
AcDbLine
 10
2543665.35736771
 20
-24183.86573607463
 30
0.0
 11
2543665.35736771
 21
-26383.90573607467
 31
0.0
  0
INSERT
  5
DF
330
17
100
AcDbEntity
  8
LVTRY
100
AcDbBlockReference
 66
1
  2
A$C5BFC3B48
 10
2543602.285766919
 20
-25250.77453787695
 30
0.0
 50
90.00000000000311
  0
ATTRIB
  5
E0
330
DF
100
AcDbEntity
  8
LVTRY
100
AcDbText
 10
2543101.786062556
 20
-24900.7735424554
 30
0.0
 40
0.5
  1
500
 50
270.0000000000031
 41
0.8
 71
2
100
AcDbAttribute
  2
YSIZE
 70
9
 71
1
 72
0
  0
ATTRIB
  5
E1
330
DF
100
AcDbEntity
  8
LVTRY
100
AcDbText
 10
2543101.786062556
 20
-24900.7735424554
 30
0.0
 40
0.5
  1
700
 50
270.0000000000031
 41
0.8
 71
2
100
AcDbAttribute
  2
XSIZE
 70
9
 71
1
 72
0
  0
SEQEND
  5
E2
330
DF
100
AcDbEntity
  8
LVTRY
  0
INSERT
  5
E3
330
17
100
AcDbEntity
  8
LVTRY
100
AcDbBlockReference
 66
1
  2
A$C5516744B
 10
2543836.116280866
 20
-24101.91384635668
 30
0.0
 41
-1.0
 50
270.0000000000031
  0
ATTRIB
  5
E4
330
E3
100
AcDbEntity
  8
LVTRY
100
AcDbText
 10
2544286.116805329
 20
-23631.30165124836
 30
0.0
 40
0.5
  1
470
 50
3.1175e-12
 41
0.8
 71
2
100
AcDbAttribute
  2
YSIZE
 70
9
 71
1
 72
0
  0
ATTRIB
  5
E5
330
E3
100
AcDbEntity
  8
LVTRY
100
AcDbText
 10
2544286.116805329
 20
-23631.30165124836
 30
0.0
 40
0.5
  1
900
 50
3.1175e-12
 41
0.8
 71
2
100
AcDbAttribute
  2
XSIZE
 70
9
 71
1
 72
0
  0
SEQEND
  5
E6
330
E3
100
AcDbEntity
  8
LVTRY
  0
LINE
  5
E7
330
17
100
AcDbEntity
  8
BALCONY
100
AcDbLine
 10
2543165.408531257
 20
-22083.86573607469
 30
8.9e-14
 11
2548265.35736771
 21
-22083.86573607446
 31
-1.246e-13
  0
LINE
  5
E8
330
17
100
AcDbEntity
  8
BALCONY
100
AcDbLine
 10
2543165.408531256
 20
-21983.86573607463
 30
1.11e-13
 11
2548465.35736771
 21
-21983.86573607446
 31
-1.811e-13
  0
TEXT
  5
E9
330
17
100
AcDbEntity
  8
TEXT
  6
Continuous
100
AcDbText
 10
2543915.724425712
 20
-25255.20356780966
 30
-4.36557e-11
 40
400.0
  1
厨房
  7
_HZTXT
 41
0.8
100
AcDbText
  0
LINE
  5
EA
330
17
100
AcDbEntity
  8
WALL
100
AcDbLine
 10
2550865.408531259
 20
-23183.86573606322
 30
0.0
 11
2550415.382949485
 21
-23183.86573606485
 31
0.0
  0
TEXT
  5
EB
330
17
100
AcDbEntity
  8
TEXT
  6
Continuous
100
AcDbText
 10
2547383.909834439
 20
-22691.66537499335
 30
-4.799e-13
 40
400.0
  1
阳台
  7
_HZTXT
 41
0.8
100
AcDbText
  0
TEXT
  5
EC
330
17
100
AcDbEntity
  8
TEXT
  6
Continuous
100
AcDbText
 10
2547321.857634385
 20
-35500.32158674288
 30
-4.799e-13
 40
400.0
  1
阳台
  7
_HZTXT
 41
0.8
100
AcDbText
  0
LINE
  5
ED
330
17
100
AcDbEntity
  8
WALL
100
AcDbLine
 10
2548265.357367713
 20
-26983.8657360744
 30
0.0
 11
2548265.35736771
 21
-23383.8657360744
 31
0.0
  0
LINE
  5
EE
330
17
100
AcDbEntity
  8
WALL
100
AcDbLine
 10
2546015.357367711
 20
-23183.86573607457
 30
0.0
 11
2544865.604732197
 21
-23183.86573607172
 31
0.0
  0
LINE
  5
EF
330
17
100
AcDbEntity
  8
LVTRY
100
AcDbLine
 10
2539765.35986771
 20
-29983.87073607493
 30
0.0
 11
2539765.359867711
 21
-30383.86573607533
 31
0.0
  0
DIMENSION
  5
F0
330
17
100
AcDbEntity
  8
AXIS
100
AcDbDimension
280
0
  3
DIMN
 10
2548365.357367708
 20
-14525.98445333401
 30
0.0
 11
2549665.357367708
 21
-14225.98445333401
 31
0.0
 70
33
 71
5
 42
-1.0
 73
0
 74
0
 75
0
100
AcDbAlignedDimension
 13
2550965.357367708
 23
-16525.98445337208
 33
0.0
 14
2548365.357367708
 24
-16525.98445337208
 34
0.0
 50
0.0
  0
DIMENSION
  5
F1
330
17
100
AcDbEntity
  8
AXIS
100
AcDbDimension
280
0
  3
DIMN
 10
2545465.352700085
 20
-14525.98445333401
 30
0.0
 11
2547015.355033897
 21
-14225.98445333401
 31
0.0
 70
161
 71
5
 42
-1.0
 73
0
 74
0
 75
0
100
AcDbAlignedDimension
 13
2548365.357367708
 23
-16525.98445337254
 33
0.0
 14
2545465.352700085
 24
-16525.98445337243
 34
0.0
 50
0.0
  0
DIMENSION
  5
F2
330
17
100
AcDbEntity
  8
AXIS
100
AcDbDimension
280
0
  3
DIMN
 10
2543065.35736771
 20
-14525.98445333401
 30
0.0
 11
2544265.355033898
 21
-14225.98445333401
 31
0.0
 70
33
 71
5
 42
-1.0
 73
0
 74
0
 75
0
100
AcDbAlignedDimension
 13
2545465.352700085
 23
-16525.98445337149
 33
0.0
 14
2543065.35736771
 24
-16525.98445337149
 34
0.0
 50
0.0
  0
DIMENSION
  5
F3
330
17
100
AcDbEntity
  8
AXIS
100
AcDbDimension
280
0
  3
DIMN
 10
2539765.352700085
 20
-14525.98445333401
 30
0.0
 11
2541415.355033898
 21
-14225.98445333401
 31
0.0
 70
33
 71
5
 42
-1.0
 73
0
 74
0
 75
0
100
AcDbAlignedDimension
 13
2543065.35736771
 23
-16525.98445337196
 33
0.0
 14
2539765.352700085
 24
-16525.98445337196
 34
0.0
 50
0.0
  0
DIMENSION
  5
F4
330
17
100
AcDbEntity
  8
AXIS
100
AcDbDimension
280
0
  3
DIMN
 10
2538865.352700085
 20
-14525.98445333401
 30
0.0
 11
2539315.352700085
 21
-14225.98445333401
 31
0.0
 70
33
 71
5
 42
-1.0
 73
0
 74
0
 75
0
100
AcDbAlignedDimension
 13
2539765.352700085
 23
-16525.98445337475
 33
0.0
 14
2538865.352700085
 24
-16525.98445337475
 34
0.0
 50
0.0
  0
DIMENSION
  5
F5
330
17
100
AcDbEntity
  8
AXIS
100
AcDbDimension
280
0
  3
DIMN
 10
2538765.352700087
 20
-13725.98445333283
 30
0.0
 11
2558987.931487602
 21
-13425.98445335159
 31
0.0
 70
161
 71
5
 42
-1.0
 73
0
 74
0
 75
0
100
AcDbAlignedDimension
 13
2581865.357367708
 23
-16525.98445337196
 33
0.0
 14
2538765.352700085
 24
-16525.98445333634
 34
0.0
 50
0.0
  0
DIMENSION
  5
F6
330
17
100
AcDbEntity
  8
AXIS
100
AcDbDimension
280
0
  3
DIMN
 10
2542465.357367711
 20
-38835.12443592318
 30
0.0
 11
2540665.35736771
 21
-38535.12443592318
 31
0.0
 70
33
 71
5
 42
-1.0
 73
0
 74
0
 75
0
100
AcDbAlignedDimension
 13
2538865.35736771
 23
-37635.1244359233
 33
0.0
 14
2542465.357367711
 24
-37635.1244359233
 34
0.0
 50
0.0
  0
DIMENSION
  5
F7
330
17
100
AcDbEntity
  8
AXIS
100
AcDbDimension
280
0
  3
DIMN
 10
2545465.356632117
 20
-38835.12443592318
 30
0.0
 11
2543965.356999914
 21
-38535.12443592318
 31
0.0
 70
33
 71
5
 42
-1.0
 73
0
 74
0
 75
0
100
AcDbAlignedDimension
 13
2542465.357367711
 23
-37635.12443592306
 33
0.0
 14
2545465.356632117
 24
-37635.12443592306
 34
0.0
 50
0.0
  0
DIMENSION
  5
F8
330
17
100
AcDbEntity
  8
AXIS
100
AcDbDimension
280
0
  3
DIMN
 10
2549665.357367711
 20
-38835.12443592318
 30
0.0
 11
2547565.356999914
 21
-38535.12443592318
 31
0.0
 70
33
 71
5
 42
-1.0
 73
0
 74
0
 75
0
100
AcDbAlignedDimension
 13
2545465.356632117
 23
-37635.12443592347
 33
0.0
 14
2549665.357367711
 24
-37635.12443592353
 34
0.0
 50
0.0
  0
DIMENSION
  5
F9
330
17
100
AcDbEntity
  8
AXIS
100
AcDbDimension
280
0
  3
DIMN
 10
2581864.951567052
 20
-39635.12443592318
 30
0.0
 11
2559654.703391601
 21
-39335.12443592318
 31
0.0
 70
161
 71
5
 42
-1.0
 73
0
 74
0
 75
0
100
AcDbAlignedDimension
 13
2538765.368226032
 23
-37635.12443592312
 33
0.0
 14
2581864.951567052
 24
-37635.12443592388
 34
0.0
 50
0.0
  0
TEXT
  5
FA
330
17
100
AcDbEntity
  8
TEXT
  6
Continuous
100
AcDbText
 10
2543595.419505194
 20
-29531.01241247519
 30
-4.7938e-11
 40
400.0
  1
过厅
  7
_HZTXT
 41
0.8
100
AcDbText
  0
LINE
  5
FB
330
17
100
AcDbEntity
  8
WALL
100
AcDbLine
 10
2538965.35736771
 20
-28383.86573607498
 30
0.0
 11
2539065.35736771
 21
-28383.86573607498
 31
0.0
  0
INSERT
  5
FC
330
17
100
AcDbEntity
  8
WINDOW
100
AcDbBlockReference
 66
1
  2
_WBLK
 10
2539365.35736771
 20
-28283.86573607486
 30
0.0
 41
-600.0
 42
200.0
 43
600.0
 50
180.0
  0
ATTRIB
  5
FD
330
FC
100
AcDbEntity
  8
WINDOW_TEXT
100
AcDbText
 10
2539365.35736771
 20
-28683.86573607486
 30
0.0
 40
300.0
  1

  7
SIMPLEX
 41
0.8
 72
4
 11
2539365.35736771
 21
-28683.86573607486
 31
0.0
100
AcDbAttribute
  2
A
 70
9
 71
1
 72
0
 11
2539365.35736771
 21
-28683.86573607486
 31
0.0
  0
SEQEND
  5
FE
330
FC
100
AcDbEntity
  8
WINDOW
  0
LINE
  5
FF
330
17
100
AcDbEntity
  8
GROUND
100
AcDbLine
 10
2541265.35736771
 20
-29583.86573607475
 30
0.0
 11
2541265.35736771
 21
-30283.86573607475
 31
0.0
  0
INSERT
  5
100
330
17
100
AcDbEntity
  8
LVTRY
100
AcDbBlockReference
 66
1
  2
A$C24072D83
 10
2543624.483383422
 20
-26383.86584518227
 30
0.0
 50
90.00000000000311
  0
ATTRIB
  5
101
330
100
100
AcDbEntity
  8
0
100
AcDbText
 10
2543066.300156282
 20
-25833.90573607461
 30
0.0
 40
0.4582999999984168
  1
600
 39
900.0
 50
3.0279e-12
  7
DIM_FONT
 41
0.7999999999883585
 71
6
100
AcDbAttribute
  2
YSIZE
 70
9
 71
1
 72
0
  0
ATTRIB
  5
102
330
100
100
AcDbEntity
  8
0
100
AcDbText
 10
2543066.230320091
 20
-25833.90573607461
 30
0.0
 40
0.4582999999984168
  1
610
 39
900.0
 50
3.0279e-12
  7
DIM_FONT
 41
0.7999999999883585
 71
6
100
AcDbAttribute
  2
XSIZE
 70
9
 71
1
 72
0
  0
ATTRIB
  5
103
330
100
100
AcDbEntity
  8
0
100
AcDbText
 10
2543065.85736771
 20
-25833.90573607461
 30
0.0
 40
0.5
  1
500
 39
900.0
 50
90.00000000000311
  7
DIM_FONT
 41
0.7999999999883585
 71
2
100
AcDbAttribute
  2
YSIZE
 70
9
 71
1
 72
0
  0
ATTRIB
  5
104
330
100
100
AcDbEntity
  8
0
100
AcDbText
 10
2543065.85736771
 20
-25833.90573607461
 30
0.0
 40
0.5
  1
500
 39
900.0
 50
90.00000000000311
  7
DIM_FONT
 41
0.7999999999883585
 71
2
100
AcDbAttribute
  2
XSIZE
 70
9
 71
1
 72
0
  0
SEQEND
  5
105
330
100
100
AcDbEntity
  8
WINDOW
  0
LINE
  5
106
330
17
100
AcDbEntity
  8
WALL
100
AcDbLine
 10
2545565.357367706
 20
-26483.86573607434
 30
0.0
 11
2542965.35736771
 21
-26483.86573607475
 31
-8.5467e-12
  0
LINE
  5
107
330
17
100
AcDbEntity
  8
WALL
100
AcDbLine
 10
2545465.35736771
 20
-26383.86573607452
 30
1.982e-13
 11
2543065.35736771
 21
-26383.86573607475
 31
-8.833e-13
  0
LINE
  5
108
330
17
100
AcDbEntity
  8
LVTRY
100
AcDbLine
 10
2541365.35736771
 20
-28933.86573607475
 30
0.0
 11
2542465.35736771
 21
-28933.86573607475
 31
0.0
  0
LINE
  5
109
330
17
100
AcDbEntity
  8
LVTRY
100
AcDbLine
 10
2541365.35736771
 20
-28933.86573607475
 30
0.0
 11
2542465.35736771
 21
-28383.86573607475
 31
0.0
  0
LINE
  5
10A
330
17
100
AcDbEntity
  8
LVTRY
100
AcDbLine
 10
2541365.35736771
 20
-28383.86573607475
 30
0.0
 11
2542465.35736771
 21
-28933.86573607475
 31
0.0
  0
INSERT
  5
10B
330
17
100
AcDbEntity
  8
空调
100
AcDbBlockReference
 66
1
  2
U_C15DRB
 10
2541434.454592638
 20
-35084.30819072295
 30
0.0
  0
ATTRIB
  5
10C
330
10B
100
AcDbEntity
  8
0
  6
Continuous
100
AcDbText
 10
2541434.454592638
 20
-35084.30819072295
 30
0.0
 40
0.5
  1
500
  7
DIM_FONT
 41
0.8
100
AcDbAttribute
  2
XSIZE
 70
9
 71
1
 72
0
  0
ATTRIB
  5
10D
330
10B
100
AcDbEntity
  8
0
  6
Continuous
100
AcDbText
 10
2541434.454592638
 20
-35084.30819072295
 30
0.0
 40
0.5
  1
0
  7
DIM_FONT
 41
0.8
100
AcDbAttribute
  2
YSIZE
 70
9
 71
1
 72
0
  0
SEQEND
  5
10E
330
10B
100
AcDbEntity
  8
LVTRY
  6
Continuous
  0
INSERT
  5
10F
330
17
100
AcDbEntity
  8
空调
100
AcDbBlockReference
 66
1
  2
U_C15DRB
 10
2548764.23695859
 20
-34757.98893590726
 30
0.0
  0
ATTRIB
  5
110
330
10F
100
AcDbEntity
  8
0
  6
Continuous
100
AcDbText
 10
2548764.23695859
 20
-34757.98893590726
 30
0.0
 40
0.5
  1
500
  7
DIM_FONT
 41
0.8
100
AcDbAttribute
  2
XSIZE
 70
9
 71
1
 72
0
  0
ATTRIB
  5
111
330
10F
100
AcDbEntity
  8
0
  6
Continuous
100
AcDbText
 10
2548764.23695859
 20
-34757.98893590726
 30
0.0
 40
0.5
  1
0
  7
DIM_FONT
 41
0.8
100
AcDbAttribute
  2
YSIZE
 70
9
 71
1
 72
0
  0
SEQEND
  5
112
330
10F
100
AcDbEntity
  8
LVTRY
  6
Continuous
  0
LINE
  5
113
330
17
100
AcDbEntity
  8
空调
100
AcDbLine
 10
2563315.357367706
 20
-32183.86573607475
 30
0.0
 11
2564265.357367706
 21
-32183.86573607475
 31
0.0
  0
LINE
  5
114
330
17
100
AcDbEntity
  8
WALL
100
AcDbLine
 10
2581665.357367705
 20
-25183.86573607498
 30
0.0
 11
2579265.357367705
 21
-25183.86573607486
 31
0.0
  0
LINE
  5
115
330
17
100
AcDbEntity
  8
WALL
100
AcDbLine
 10
2560565.357367706
 20
-34683.86573607521
 30
2.1295e-12
 11
2560565.357367706
 21
-28183.86573607498
 31
-6.70808e-11
  0
LINE
  5
116
330
17
100
AcDbEntity
  8
WALL
100
AcDbLine
 10
2571465.357367706
 20
-31183.86573607521
 30
0.0
 11
2571465.357367706
 21
-25383.86573607754
 31
0.0
  0
LINE
  5
117
330
17
100
AcDbEntity
  8
WALL
100
AcDbLine
 10
2578265.357367705
 20
-31183.86573612085
 30
0.0
 11
2577415.357367705
 21
-31183.86573607481
 31
0.0
  0
LINE
  5
118
330
17
100
AcDbEntity
  8
WALL
100
AcDbLine
 10
2575615.357367705
 20
-31183.86573607469
 30
0.0
 11
2574865.357367705
 21
-31183.86573607847
 31
0.0
  0
LINE
  5
119
330
17
100
AcDbEntity
  8
WALL
100
AcDbLine
 10
2572965.357367703
 20
-23983.8657360744
 30
0.0
 11
2572765.357367703
 21
-23983.8657360744
 31
0.0
  0
LINE
  5
11A
330
17
100
AcDbEntity
  8
WALL
100
AcDbLine
 10
2577923.936011471
 20
-20183.86573607347
 30
0.0
 11
2577315.357367707
 21
-20183.86573607481
 31
0.0
  0
LINE
  5
11B
330
17
100
AcDbEntity
  8
WALL
100
AcDbLine
 10
2575515.357367707
 20
-20183.86573607469
 30
0.0
 11
2574665.357367704
 21
-20183.86573607446
 31
0.0
  0
LINE
  5
11C
330
17
100
AcDbEntity
  8
WALL
100
AcDbLine
 10
2572765.357367703
 20
-25183.86573607457
 30
0.0
 11
2570365.357367706
 21
-25183.8657360744
 31
0.0
  0
LINE
  5
11D
330
17
100
AcDbEntity
  8
WALL
100
AcDbLine
 10
2573465.357367704
 20
-20183.86573607446
 30
0.0
 11
2572315.357367707
 21
-20183.86573607492
 31
0.0
  0
DIMENSION
  5
11E
330
17
100
AcDbEntity
  8
AXIS
100
AcDbDimension
280
0
  3
DIMN
 10
2567365.352700081
 20
-14525.98445333401
 30
0.0
 11
2568815.355033892
 21
-14225.98445333407
 31
0.0
 70
33
 71
5
 42
-1.0
 73
0
 74
0
 75
0
100
AcDbAlignedDimension
 13
2570265.357367703
 23
-16525.98445337254
 33
0.0
 14
2567365.352700081
 24
-16525.98445337243
 34
0.0
 50
0.0
  0
DIMENSION
  5
11F
330
17
100
AcDbEntity
  8
AXIS
100
AcDbDimension
280
0
  3
DIMN
 10
2564965.357367705
 20
-14525.98445333401
 30
0.0
 11
2566165.355033893
 21
-14225.98445333401
 31
0.0
 70
33
 71
5
 42
-1.0
 73
0
 74
0
 75
0
100
AcDbAlignedDimension
 13
2567365.352700081
 23
-16525.98445337149
 33
0.0
 14
2564965.357367705
 24
-16525.98445337149
 34
0.0
 50
0.0
  0
DIMENSION
  5
120
330
17
100
AcDbEntity
  8
AXIS
100
AcDbDimension
280
0
  3
DIMN
 10
2561665.352700081
 20
-14525.98445333401
 30
0.0
 11
2563315.355033893
 21
-14225.98445333401
 31
0.0
 70
33
 71
5
 42
-1.0
 73
0
 74
0
 75
0
100
AcDbAlignedDimension
 13
2564965.357367705
 23
-16525.98445337196
 33
0.0
 14
2561665.352700081
 24
-16525.98445337196
 34
0.0
 50
0.0
  0
DIMENSION
  5
121
330
17
100
AcDbEntity
  8
AXIS
100
AcDbDimension
280
0
  3
DIMN
 10
2560765.352700081
 20
-14525.98445333401
 30
0.0
 11
2561215.352700081
 21
-14225.98445333401
 31
0.0
 70
33
 71
5
 42
-1.0
 73
0
 74
0
 75
0
100
AcDbAlignedDimension
 13
2561665.352700081
 23
-16525.98445337475
 33
0.0
 14
2560765.352700081
 24
-16525.98445337475
 34
0.0
 50
0.0
  0
DIMENSION
  5
122
330
17
100
AcDbEntity
  8
AXIS
100
AcDbDimension
280
0
  3
DIMN
 10
2564365.357367706
 20
-38835.12443592318
 30
0.0
 11
2562565.357367706
 21
-38535.12443592318
 31
0.0
 70
33
 71
5
 42
-1.0
 73
0
 74
0
 75
0
100
AcDbAlignedDimension
 13
2560765.357367705
 23
-37635.1244359233
 33
0.0
 14
2564365.357367706
 24
-37635.1244359233
 34
0.0
 50
0.0
  0
DIMENSION
  5
123
330
17
100
AcDbEntity
  8
AXIS
100
AcDbDimension
280
0
  3
DIMN
 10
2567365.356632112
 20
-38835.12443592318
 30
0.0
 11
2565865.356999909
 21
-38535.12443592318
 31
0.0
 70
33
 71
5
 42
-1.0
 73
0
 74
0
 75
0
100
AcDbAlignedDimension
 13
2564365.357367706
 23
-37635.12443592306
 33
0.0
 14
2567365.356632112
 24
-37635.12443592306
 34
0.0
 50
0.0
  0
DIMENSION
  5
124
330
17
100
AcDbEntity
  8
AXIS
100
AcDbDimension
280
0
  3
DIMN
 10
2571565.357367707
 20
-38835.12443592318
 30
0.0
 11
2569465.35699991
 21
-38535.12443592318
 31
0.0
 70
33
 71
5
 42
-1.0
 73
0
 74
0
 75
0
100
AcDbAlignedDimension
 13
2567365.356632112
 23
-37635.12443592347
 33
0.0
 14
2571565.357367707
 24
-37635.12443592353
 34
0.0
 50
0.0
  0
INSERT
  5
125
330
17
100
AcDbEntity
  8
内隔墙
100
AcDbBlockReference
 66
1
  2
_DBLK
 10
2575415.357367705
 20
-26933.86573607475
 30
-5.594e-13
 41
-900.0
 42
-900.0
 43
900.0
 50
179.999999999997
  0
ATTRIB
  5
126
330
125
100
AcDbEntity
  8
WINDOW_TEXT
100
AcDbText
 10
2575415.357367705
 20
-27283.86573607475
 30
5.594e-13
 40
300.0
  1

 50
359.9999999999968
  7
SIMPLEX
 41
0.8
 72
4
 11
2575415.357367705
 21
-27283.86573607475
 31
5.594e-13
100
AcDbAttribute
  2
A
 70
9
 71
1
 72
0
 11
2575415.357367705
 21
-27283.86573607475
 31
5.594e-13
  0
SEQEND
  5
127
330
125
100
AcDbEntity
  8
WINDOW
  0
LINE
  5
128
330
17
100
AcDbEntity
  8
WALL
100
AcDbLine
 10
2581865.357367705
 20
-31683.86573607615
 30
0.0
 11
2581165.357367705
 21
-31683.86573607591
 31
0.0
  0
LINE
  5
129
330
17
100
AcDbEntity
  8
内隔墙
100
AcDbLine
 10
2575865.357367705
 20
-26983.86573607475
 30
-1.1187e-12
 11
2575865.357367705
 21
-26883.86573607475
 31
0.0
  0
LINE
  5
12A
330
17
100
AcDbEntity
  8
内隔墙
100
AcDbLine
 10
2578265.357367705
 20
-26883.86573607475
 30
0.0
 11
2577965.357367717
 21
-26883.86573607475
 31
0.0
  0
LINE
  5
12B
330
17
100
AcDbEntity
  8
内隔墙
100
AcDbLine
 10
2574665.357367704
 20
-26983.86573607452
 30
0.0
 11
2574765.357367704
 21
-26983.86573607452
 31
0.0
  0
LINE
  5
12C
330
17
100
AcDbEntity
  8
内隔墙
100
AcDbLine
 10
2578165.357367705
 20
-31183.86573607475
 30
0.0
 11
2578165.357367705
 21
-26983.86573607475
 31
0.0
  0
LINE
  5
12D
330
17
100
AcDbEntity
  8
WALL
100
AcDbLine
 10
2578065.357367704
 20
-31683.86573607475
 30
-3.28758e-11
 11
2578065.357367705
 21
-31383.86573607475
 31
6.57516e-11
  0
LINE
  5
12E
330
17
100
AcDbEntity
  8
内隔墙
100
AcDbLine
 10
2579265.357367705
 20
-25283.86573607475
 30
0.0
 11
2577965.357367717
 21
-25283.86573607463
 31
0.0
  0
LINE
  5
12F
330
17
100
AcDbEntity
  8
WALL
100
AcDbLine
 10
2581665.357367704
 20
-31483.86573607591
 30
1.22782e-11
 11
2581165.357367705
 21
-31483.86573607568
 31
1.04726e-11
  0
LINE
  5
130
330
17
100
AcDbEntity
  8
WALL
100
AcDbLine
 10
2579265.357367705
 20
-27183.86573607475
 30
0.0
 11
2579365.357367705
 21
-27183.86573607475
 31
0.0
  0
LINE
  5
131
330
17
100
AcDbEntity
  8
WALL
100
AcDbLine
 10
2579365.357367705
 20
-26483.86573607475
 30
0.0
 11
2579265.357367705
 21
-26483.86573607475
 31
0.0
  0
INSERT
  5
132
330
17
100
AcDbEntity
  8
WINDOW
100
AcDbBlockReference
 66
1
  2
M_A2ZXL
 10
2579315.357367705
 20
-26833.86573607475
 30
0.0
 41
700.0
 42
700.0
 43
700.0
 50
89.99999999999689
  0
ATTRIB
  5
133
330
132
100
AcDbEntity
  8
WINDOW_TEXT
100
AcDbText
 10
2578965.357367705
 20
-26833.86573607475
 30
0.0
 40
300.0
  1

 50
89.99999999999689
  7
SIMPLEX
 41
0.8
 72
4
 11
2578965.357367705
 21
-26833.86573607475
 31
0.0
100
AcDbAttribute
  2
A
 70
9
 71
1
 72
0
 11
2578965.357367705
 21
-26833.86573607475
 31
0.0
  0
SEQEND
  5
134
330
132
100
AcDbEntity
  8
WINDOW
  0
LINE
  5
135
330
17
100
AcDbEntity
  8
WALL
100
AcDbLine
 10
2579265.357367705
 20
-27183.86573607475
 30
0.0
 11
2579265.357367705
 21
-27383.86573607475
 31
-4.36557e-11
  0
LINE
  5
136
330
17
100
AcDbEntity
  8
WALL
100
AcDbLine
 10
2579365.357367705
 20
-27183.86573607475
 30
0.0
 11
2579365.357367705
 21
-27283.86573607475
 31
-4.36557e-11
  0
LINE
  5
137
330
17
100
AcDbEntity
  8
WALL
100
AcDbLine
 10
2579365.357367705
 20
-25283.86573607498
 30
0.0
 11
2579365.357367705
 21
-26483.86573607475
 31
0.0
  0
LINE
  5
138
330
17
100
AcDbEntity
  8
WALL
100
AcDbLine
 10
2579265.357367705
 20
-25183.86573607486
 30
0.0
 11
2579265.357367705
 21
-26483.86573607475
 31
0.0
  0
LINE
  5
139
330
17
100
AcDbEntity
  8
WALL
100
AcDbLine
 10
2578265.357367705
 20
-31183.86573612085
 30
0.0
 11
2578265.357367705
 21
-31483.86573607475
 31
0.0
  0
INSERT
  5
13A
330
17
100
AcDbEntity
  8
LVTRY
100
AcDbBlockReference
 66
1
  2
U_A44WKN
 10
2579414.699578418
 20
-26001.03048010939
 30
0.0
 41
-1.0
 50
269.999999999997
  0
ATTRIB
  5
13B
330
13A
100
AcDbEntity
  8
0
100
AcDbText
 10
2579414.699578418
 20
-26000.81619439484
 30
0.0
 40
0.5
  1
0
 50
269.999999999997
100
AcDbAttribute
  2
XSIZE
 70
9
 71
1
 72
0
  0
ATTRIB
  5
13C
330
13A
100
AcDbEntity
  8
0
100
AcDbText
 10
2579414.699578418
 20
-26000.81619439484
 30
0.0
 40
0.5
  1
0
 50
269.999999999997
100
AcDbAttribute
  2
YSIZE
 70
9
 71
1
 72
0
  0
SEQEND
  5
13D
330
13A
100
AcDbEntity
  8
LVTRY
  0
INSERT
  5
13E
330
17
100
AcDbEntity
  8
LVTRY
100
AcDbBlockReference
 66
1
  2
U_A48XUK
 10
2580465.357367705
 20
-25283.86573607859
 30
1.85521e-11
 41
-1.0
 50
180.0000000000032
  0
ATTRIB
  5
13F
330
13E
100
AcDbEntity
  8
0
100
AcDbText
 10
2580466.385939134
 20
-25283.86573607859
 30
1.85521e-11
 40
0.5
  1
500
 50
180.000000000003
  7
DIM_FONT
 41
0.8
100
AcDbAttribute
  2
XSIZE
 70
9
 71
1
 72
0
  0
ATTRIB
  5
140
330
13E
100
AcDbEntity
  8
0
100
AcDbText
 10
2580466.385939134
 20
-25283.86573607859
 30
1.85521e-11
 40
0.5
  1
500
 50
180.000000000003
  7
DIM_FONT
 41
0.8
100
AcDbAttribute
  2
YSIZE
 70
9
 71
1
 72
0
  0
SEQEND
  5
141
330
13E
100
AcDbEntity
  8
LVTRY
  0
LINE
  5
142
330
17
100
AcDbEntity
  8
WALL
100
AcDbLine
 10
2581665.357367705
 20
-25283.86573607498
 30
0.0
 11
2581665.357367705
 21
-25883.86573607498
 31
0.0
  0
LINE
  5
143
330
17
100
AcDbEntity
  8
WALL
100
AcDbLine
 10
2581665.357367704
 20
-31483.86573607591
 30
1.22782e-11
 11
2581665.357367705
 21
-27383.86573607498
 31
-4.36557e-11
  0
LINE
  5
144
330
17
100
AcDbEntity
  8
WALL
100
AcDbLine
 10
2579365.357367705
 20
-27283.86573607521
 30
0.0
 11
2581665.357367704
 21
-27283.86573607545
 31
0.0
  0
LINE
  5
145
330
17
100
AcDbEntity
  8
WALL
100
AcDbLine
 10
2579265.357367705
 20
-27383.86573607475
 30
-4.36557e-11
 11
2581665.357367705
 21
-27383.86573607498
 31
-4.36557e-11
  0
INSERT
  5
146
330
17
100
AcDbEntity
  8
LVTRY
100
AcDbBlockReference
 66
1
  2
M_E4
 10
2581665.357367704
 20
-26083.86823607784
 30
1.42947e-11
 41
-1.06667
 42
1.06667
 43
1.06667
 50
270.0000000000031
  0
ATTRIB
  5
147
330
146
100
AcDbEntity
  8
0
100
AcDbText
 10
2581665.81451199
 20
-26084.19331645879
 30
1.42947e-11
 40
0.533335
  1
1500
 50
90.00000000000311
 41
0.8
100
AcDbAttribute
  2
XSIZE
 70
9
 71
1
 72
0
  0
ATTRIB
  5
148
330
146
100
AcDbEntity
  8
0
100
AcDbText
 10
2581665.81451199
 20
-26084.0510937922
 30
1.42947e-11
 40
0.533335
  1
750
 50
90.00000000000311
 41
0.8
100
AcDbAttribute
  2
YSIZE
 70
9
 71
1
 72
0
  0
SEQEND
  5
149
330
146
100
AcDbEntity
  8
DOTE
  0
LINE
  5
14A
330
17
100
AcDbEntity
  8
GROUND
100
AcDbLine
 10
2574765.357367704
 20
-21683.86573607451
 30
0.0
 11
2574765.357367703
 21
-23283.86573607452
 31
0.0
  0
INSERT
  5
14B
330
17
100
AcDbEntity
  8
WINDOW
100
AcDbBlockReference
 66
1
  2
_A0ASA
 10
2574815.357367705
 20
-22483.86573607451
 30
0.0
 41
1600.0
 42
1600.0
 43
1600.0
 50
89.99999999999689
  0
ATTRIB
  5
14C
330
14B
100
AcDbEntity
  8
WINDOW_TEXT
100
AcDbText
 10
2575165.357367703
 20
-22483.86573607463
 30
0.0
 40
300.0
  1

 50
269.9999999999969
  7
SIMPLEX
 41
0.8
 72
4
 11
2575165.357367703
 21
-22483.86573607463
 31
0.0
 71
2
100
AcDbAttribute
  2
A
 70
9
 71
1
 72
0
 11
2575165.357367703
 21
-22483.86573607463
 31
0.0
  0
SEQEND
  5
14D
330
14B
100
AcDbEntity
  8
WINDOW
  0
INSERT
  5
14E
330
17
100
AcDbEntity
  8
LVTRY
100
AcDbBlockReference
 66
1
  2
A$C24072D83
 10
2574695.321026471
 20
-23324.73972036294
 30
0.0
 50
180.0000000000031
  0
ATTRIB
  5
14F
330
14E
100
AcDbEntity
  8
0
100
AcDbText
 10
2574145.819217364
 20
-23883.86573607463
 30
0.0
 40
0.4582999999984168
  1
600
 39
900.0
 50
270.000000000003
  7
DIM_FONT
 41
0.7999999999883585
 71
6
100
AcDbAttribute
  2
YSIZE
 70
9
 71
1
 72
0
  0
ATTRIB
  5
150
330
14E
100
AcDbEntity
  8
0
100
AcDbText
 10
2574145.819217364
 20
-23883.86573607463
 30
0.0
 40
0.4582999999984168
  1
610
 39
900.0
 50
270.000000000003
  7
DIM_FONT
 41
0.7999999999883585
 71
6
100
AcDbAttribute
  2
XSIZE
 70
9
 71
1
 72
0
  0
ATTRIB
  5
151
330
14E
100
AcDbEntity
  8
0
100
AcDbText
 10
2574146.389488792
 20
-23883.86573607463
 30
0.0
 40
0.5
  1
500
 39
900.0
 50
3.1175e-12
  7
DIM_FONT
 41
0.7999999999883585
 71
2
100
AcDbAttribute
  2
YSIZE
 70
9
 71
1
 72
0
  0
ATTRIB
  5
152
330
14E
100
AcDbEntity
  8
0
100
AcDbText
 10
2574146.389488792
 20
-23883.86573607463
 30
0.0
 40
0.5
  1
500
 39
900.0
 50
3.1175e-12
  7
DIM_FONT
 41
0.7999999999883585
 71
2
100
AcDbAttribute
  2
XSIZE
 70
9
 71
1
 72
0
  0
SEQEND
  5
153
330
14E
100
AcDbEntity
  8
WINDOW
  0
LINE
  5
154
330
17
100
AcDbEntity
  8
WALL
100
AcDbLine
 10
2574865.357367705
 20
-23283.86573607452
 30
0.0
 11
2574765.357367709
 21
-23283.86573607452
 31
0.0
  0
LINE
  5
155
330
17
100
AcDbEntity
  8
WALL
100
AcDbLine
 10
2574765.357367709
 20
-23283.86573607452
 30
0.0
 11
2574765.357367709
 21
-23883.86573607463
 31
0.0
  0
LINE
  5
156
330
17
100
AcDbEntity
  8
WALL
100
AcDbLine
 10
2574865.357367705
 20
-23283.86573607452
 30
0.0
 11
2574865.357367705
 21
-23983.86573607452
 31
-2.31e-14
  0
LINE
  5
157
330
17
100
AcDbEntity
  8
GROUND
100
AcDbLine
 10
2577415.357367705
 20
-31383.86573607475
 30
0.0
 11
2575615.357367705
 21
-31383.86573607463
 31
0.0
  0
LINE
  5
158
330
17
100
AcDbEntity
  8
WALL
100
AcDbLine
 10
2575615.357367705
 20
-31183.86573607469
 30
0.0
 11
2575615.357367705
 21
-31383.86573607469
 31
0.0
  0
LINE
  5
159
330
17
100
AcDbEntity
  8
WALL
100
AcDbLine
 10
2577415.357367705
 20
-31183.86573607481
 30
0.0
 11
2577415.357367705
 21
-31383.86573607481
 31
0.0
  0
INSERT
  5
15A
330
17
100
AcDbEntity
  8
WINDOW
100
AcDbBlockReference
 66
1
  2
_A0ASA
 10
2576515.357367705
 20
-31283.86573607475
 30
-9.84159e-11
 41
-1800.0
 42
1800.0
 43
1800.0
 50
179.999999999997
  0
ATTRIB
  5
15B
330
15A
100
AcDbEntity
  8
WINDOW_TEXT
100
AcDbText
 10
2576515.357367705
 20
-30883.86573607475
 30
-9.84159e-11
 40
300.0
  1

 50
359.9999999999968
  7
SIMPLEX
 41
0.8
 72
4
 11
2576515.357367705
 21
-30883.86573607475
 31
-9.84159e-11
100
AcDbAttribute
  2
A
 70
9
 71
1
 72
0
 11
2576515.357367705
 21
-30883.86573607475
 31
-9.84159e-11
  0
SEQEND
  5
15C
330
15A
100
AcDbEntity
  8
WINDOW
  0
LINE
  5
15D
330
17
100
AcDbEntity
  8
内隔墙
100
AcDbLine
 10
2574965.357367705
 20
-26983.86573607475
 30
-1.11873e-11
 11
2574965.357367704
 21
-26883.86573607475
 31
0.0
  0
LINE
  5
15E
330
17
100
AcDbEntity
  8
内隔墙
100
AcDbLine
 10
2574865.357367705
 20
-26983.86573607452
 30
0.0
 11
2574965.357367705
 21
-26983.86573607452
 31
0.0
  0
LINE
  5
15F
330
17
100
AcDbEntity
  8
内隔墙
100
AcDbLine
 10
2574965.357367704
 20
-26883.86573607475
 30
-1.95469e-11
 11
2574665.357367704
 21
-26883.86573607452
 31
-7.89888e-11
  0
LINE
  5
160
330
17
100
AcDbEntity
  8
内隔墙
100
AcDbLine
 10
2574865.357367705
 20
-26983.86573607452
 30
-3.3562e-11
 11
2574865.357367705
 21
-31183.86573610595
 31
-3.3562e-11
  0
LINE
  5
161
330
17
100
AcDbEntity
  8
内隔墙
100
AcDbLine
 10
2574765.357367704
 20
-26983.86573607452
 30
0.0
 11
2574765.357367703
 21
-31183.86573607917
 31
0.0
  0
LINE
  5
162
330
17
100
AcDbEntity
  8
WALL
100
AcDbLine
 10
2572765.357367704
 20
-24983.8657360744
 30
0.0
 11
2572965.357367704
 21
-24983.8657360744
 31
0.0
  0
LINE
  5
163
330
17
100
AcDbEntity
  8
WALL
100
AcDbLine
 10
2573965.357367704
 20
-23983.86573607452
 30
3.813e-13
 11
2574865.357367705
 21
-23983.86573607452
 31
-4.61e-14
  0
LINE
  5
164
330
17
100
AcDbEntity
  8
WALL
100
AcDbLine
 10
2574065.357367704
 20
-23883.86573607452
 30
0.0
 11
2574765.357367709
 21
-23883.86573607463
 31
0.0
  0
LINE
  5
165
330
17
100
AcDbEntity
  8
GROUND
100
AcDbLine
 10
2572765.357367705
 20
-24983.8657360744
 30
0.0
 11
2572765.357367705
 21
-23983.8657360744
 31
0.0
  0
LINE
  5
166
330
17
100
AcDbEntity
  8
WALL
100
AcDbLine
 10
2570165.357367706
 20
-25383.86573606916
 30
0.0
 11
2571465.357367705
 21
-25383.86573607114
 31
0.0
  0
INSERT
  5
167
330
17
100
AcDbEntity
  8
WINDOW
100
AcDbBlockReference
 66
1
  2
_DBLK
 10
2572865.357367703
 20
-24483.8657360744
 30
0.0
 41
-1000.0
 42
1000.0
 43
1000.0
 50
269.9999999999969
  0
ATTRIB
  5
168
330
167
100
AcDbEntity
  8
WINDOW_TEXT
100
AcDbText
 10
2573265.357367703
 20
-24483.8657360744
 30
0.0
 40
300.0
  1

 50
89.99999999999689
  7
SIMPLEX
 41
0.8
 72
4
 11
2573265.357367703
 21
-24483.8657360744
 31
0.0
100
AcDbAttribute
  2
A
 70
9
 71
1
 72
0
 11
2573265.357367703
 21
-24483.8657360744
 31
0.0
  0
SEQEND
  5
169
330
167
100
AcDbEntity
  8
WINDOW
  0
LINE
  5
16A
330
17
100
AcDbEntity
  8
WALL
100
AcDbLine
 10
2572765.357367708
 20
-20383.86573607463
 30
0.0
 11
2572765.357367703
 21
-23983.8657360744
 31
0.0
  0
LINE
  5
16B
330
17
100
AcDbEntity
  8
WALL
100
AcDbLine
 10
2574865.357367705
 20
-21683.86573607451
 30
0.0
 11
2574765.357367705
 21
-21683.86573607451
 31
0.0
  0
LINE
  5
16C
330
17
100
AcDbEntity
  8
WALL
100
AcDbLine
 10
2574765.357367705
 20
-20383.8657360744
 30
0.0
 11
2574765.357367704
 21
-20383.86573607446
 31
0.0
  0
LINE
  5
16D
330
17
100
AcDbEntity
  8
WALL
100
AcDbLine
 10
2574765.357367705
 20
-21683.86573607451
 30
0.0
 11
2574765.357367705
 21
-20383.8657360744
 31
0.0
  0
LINE
  5
16E
330
17
100
AcDbEntity
  8
WALL
100
AcDbLine
 10
2574865.357367705
 20
-20383.86573607428
 30
0.0
 11
2574865.357367705
 21
-21683.86573607451
 31
0.0
  0
LINE
  5
16F
330
17
100
AcDbEntity
  8
WALL
100
AcDbLine
 10
2577865.357367709
 20
-20383.86573607498
 30
0.0
 11
2577315.357367707
 21
-20383.86573607481
 31
0.0
  0
LINE
  5
170
330
17
100
AcDbEntity
  8
LVTRY
100
AcDbLine
 10
2573565.357367705
 20
-21183.86573607463
 30
0.0
 11
2574765.357367705
 21
-21183.86573607428
 31
0.0
  0
LINE
  5
171
330
17
100
AcDbEntity
  8
LVTRY
100
AcDbLine
 10
2573565.357367705
 20
-21183.86573607463
 30
0.0
 11
2573565.357367705
 21
-23383.86573607452
 31
0.0
  0
INSERT
  5
172
330
17
100
AcDbEntity
  8
LVTRY
100
AcDbBlockReference
 66
1
  2
A$C5BFC3B48
 10
2573527.113155268
 20
-22452.53506224207
 30
0.0
 50
90.00000000000311
  0
ATTRIB
  5
173
330
172
100
AcDbEntity
  8
LVTRY
100
AcDbText
 10
2573026.613450904
 20
-22102.53406682052
 30
0.0
 40
0.5
  1
500
 50
270.0000000000031
 41
0.8
 71
2
100
AcDbAttribute
  2
YSIZE
 70
9
 71
1
 72
0
  0
ATTRIB
  5
174
330
172
100
AcDbEntity
  8
LVTRY
100
AcDbText
 10
2573026.613450904
 20
-22102.53406682052
 30
0.0
 40
0.5
  1
700
 50
270.0000000000031
 41
0.8
 71
2
100
AcDbAttribute
  2
XSIZE
 70
9
 71
1
 72
0
  0
SEQEND
  5
175
330
172
100
AcDbEntity
  8
LVTRY
  0
INSERT
  5
176
330
17
100
AcDbEntity
  8
LVTRY
100
AcDbBlockReference
 66
1
  2
A$C5516744B
 10
2573736.116280861
 20
-21101.91384635668
 30
0.0
 41
-1.0
 50
270.0000000000031
  0
ATTRIB
  5
177
330
176
100
AcDbEntity
  8
LVTRY
100
AcDbText
 10
2574186.116805324
 20
-20631.30165124836
 30
0.0
 40
0.5
  1
470
 50
3.1175e-12
 41
0.8
 71
2
100
AcDbAttribute
  2
YSIZE
 70
9
 71
1
 72
0
  0
ATTRIB
  5
178
330
176
100
AcDbEntity
  8
LVTRY
100
AcDbText
 10
2574186.116805324
 20
-20631.30165124836
 30
0.0
 40
0.5
  1
900
 50
3.1175e-12
 41
0.8
 71
2
100
AcDbAttribute
  2
XSIZE
 70
9
 71
1
 72
0
  0
SEQEND
  5
179
330
176
100
AcDbEntity
  8
LVTRY
  0
LINE
  5
17A
330
17
100
AcDbEntity
  8
LVTRY
100
AcDbLine
 10
2580865.354867705
 20
-26883.8707360779
 30
1.42947e-11
 11
2580865.354867704
 21
-27283.86573607533
 31
0.0
  0
DIMENSION
  5
17B
330
17
100
AcDbEntity
  8
AXIS
100
AcDbDimension
280
0
  3
DIMN
 10
2572865.357367707
 20
-14525.98445333401
 30
0.0
 11
2571565.357367707
 21
-14225.98445333401
 31
0.0
 70
33
 71
5
 42
-1.0
 73
0
 74
0
 75
0
100
AcDbAlignedDimension
 13
2570265.357367707
 23
-16525.98445337208
 33
0.0
 14
2572865.357367707
 24
-16525.98445337208
 34
0.0
 50
0.0
  0
DIMENSION
  5
17C
330
17
100
AcDbEntity
  8
AXIS
100
AcDbDimension
280
0
  3
DIMN
 10
2574865.36203533
 20
-14525.98445333401
 30
0.0
 11
2573865.359701519
 21
-14225.98445333401
 31
0.0
 70
33
 71
5
 42
-1.0
 73
0
 74
0
 75
0
100
AcDbAlignedDimension
 13
2572865.357367707
 23
-16525.98445337254
 33
0.0
 14
2574865.36203533
 24
-16525.98445337243
 34
0.0
 50
0.0
  0
DIMENSION
  5
17D
330
17
100
AcDbEntity
  8
AXIS
100
AcDbDimension
280
0
  3
DIMN
 10
2577965.357367705
 20
-14525.98445333401
 30
0.0
 11
2576165.359701518
 21
-14225.98445333401
 31
0.0
 70
161
 71
5
 42
-1.0
 73
0
 74
0
 75
0
100
AcDbAlignedDimension
 13
2574865.36203533
 23
-16525.98445337149
 33
0.0
 14
2577965.357367705
 24
-16525.98445337149
 34
0.0
 50
0.0
  0
DIMENSION
  5
17E
330
17
100
AcDbEntity
  8
AXIS
100
AcDbDimension
280
0
  3
DIMN
 10
2581765.357367708
 20
-14525.98445333401
 30
0.0
 11
2579865.357367707
 21
-14225.98445333401
 31
0.0
 70
33
 71
5
 42
-1.0
 73
0
 74
0
 75
0
100
AcDbAlignedDimension
 13
2577965.357367705
 23
-16525.98445337196
 33
0.0
 14
2581765.357367708
 24
-16525.98445337196
 34
0.0
 50
0.0
  0
DIMENSION
  5
17F
330
17
100
AcDbEntity
  8
AXIS
100
AcDbDimension
280
0
  3
DIMN
 10
2578165.357367704
 20
-38835.12443592318
 30
0.0
 11
2579965.357367705
 21
-38535.12443592318
 31
0.0
 70
33
 71
5
 42
-1.0
 73
0
 74
0
 75
0
100
AcDbAlignedDimension
 13
2581765.357367705
 23
-37635.1244359233
 33
0.0
 14
2578165.357367704
 24
-37635.1244359233
 34
0.0
 50
0.0
  0
DIMENSION
  5
180
330
17
100
AcDbEntity
  8
AXIS
100
AcDbDimension
280
0
  3
DIMN
 10
2574865.358103298
 20
-38835.12443592318
 30
0.0
 11
2576515.357735501
 21
-38535.12443592318
 31
0.0
 70
33
 71
5
 42
-1.0
 73
0
 74
0
 75
0
100
AcDbAlignedDimension
 13
2578165.357367704
 23
-37635.12443592306
 33
0.0
 14
2574865.358103298
 24
-37635.12443592306
 34
0.0
 50
0.0
  0
DIMENSION
  5
181
330
17
100
AcDbEntity
  8
AXIS
100
AcDbDimension
280
0
  3
DIMN
 10
2571565.357367704
 20
-38835.12443592312
 30
0.0
 11
2573215.357735501
 21
-38535.12443592309
 31
0.0
 70
33
 71
5
 42
-1.0
 73
0
 74
0
 75
0
100
AcDbAlignedDimension
 13
2574865.358103298
 23
-37635.12443592347
 33
0.0
 14
2571565.357367704
 24
-37635.12443592353
 34
0.0
 50
0.0
  0
LINE
  5
182
330
17
100
AcDbEntity
  8
WALL
100
AcDbLine
 10
2581665.357367705
 20
-25283.86573607498
 30
0.0
 11
2579365.357367705
 21
-25283.86573607498
 31
0.0
  0
LINE
  5
183
330
17
100
AcDbEntity
  8
WALL
100
AcDbLine
 10
2571665.354329811
 20
-27483.86573607452
 30
0.0
 11
2573765.357367704
 21
-27483.86573607463
 31
0.0
  0
LINE
  5
184
330
17
100
AcDbEntity
  8
WALL
100
AcDbLine
 10
2571665.354329811
 20
-27383.86573607446
 30
0.0
 11
2573665.357367704
 21
-27383.86573607463
 31
0.0
  0
LINE
  5
185
330
17
100
AcDbEntity
  8
WALL
100
AcDbLine
 10
2571665.357367705
 20
-27383.86573607452
 30
0.0
 11
2571665.357367705
 21
-25383.86573607754
 31
0.0
  0
LINE
  5
186
330
17
100
AcDbEntity
  8
WALL
100
AcDbLine
 10
2571665.357367705
 20
-31183.86573607521
 30
0.0
 11
2571665.357367705
 21
-27483.86573607452
 31
0.0
  0
LINE
  5
187
330
17
100
AcDbEntity
  8
WALL
100
AcDbLine
 10
2573665.357367704
 20
-27383.86573607463
 30
0.0
 11
2573665.357367704
 21
-26283.8657360744
 31
0.0
  0
LINE
  5
188
330
17
100
AcDbEntity
  8
WALL
100
AcDbLine
 10
2573765.357367704
 20
-25283.86573607463
 30
0.0
 11
2572965.357367704
 21
-25283.86573607347
 31
0.0
  0
LINE
  5
189
330
17
100
AcDbEntity
  8
WALL
100
AcDbLine
 10
2571665.357367705
 20
-25383.86573607149
 30
0.0
 11
2573665.357367704
 21
-25383.86573607452
 31
0.0
  0
LINE
  5
18A
330
17
100
AcDbEntity
  8
WALL
100
AcDbLine
 10
2573465.357367704
 20
-20383.86573607446
 30
0.0
 11
2572965.357367704
 21
-20383.86573607457
 31
0.0
  0
INSERT
  5
18B
330
17
100
AcDbEntity
  8
WINDOW
100
AcDbBlockReference
 66
1
  2
_WBLK
 10
2574065.357367704
 20
-20283.86573607446
 30
0.0
 41
1200.0
 42
200.0
 43
1200.0
  0
ATTRIB
  5
18C
330
18B
100
AcDbEntity
  8
WINDOW_TEXT
100
AcDbText
 10
2574065.357367704
 20
-19883.86573607446
 30
0.0
 40
300.0
  1

  7
SIMPLEX
 41
0.8
 72
4
 11
2574065.357367704
 21
-19883.86573607446
 31
0.0
100
AcDbAttribute
  2
A
 70
9
 71
1
 72
0
 11
2574065.357367704
 21
-19883.86573607446
 31
0.0
  0
SEQEND
  5
18D
330
18B
100
AcDbEntity
  8
WINDOW
  0
LINE
  5
18E
330
17
100
AcDbEntity
  8
WALL
100
AcDbLine
 10
2574665.357367704
 20
-20383.86573607446
 30
0.0
 11
2574665.357367704
 21
-20183.86573607446
 31
0.0
  0
LINE
  5
18F
330
17
100
AcDbEntity
  8
WALL
100
AcDbLine
 10
2573465.357367704
 20
-20383.86573607446
 30
0.0
 11
2573465.357367704
 21
-20183.86573607446
 31
0.0
  0
LINE
  5
190
330
17
100
AcDbEntity
  8
内隔墙
100
AcDbLine
 10
2575865.357367705
 20
-26983.86573607452
 30
0.0
 11
2578165.357367705
 21
-26983.86573607452
 31
0.0
  0
LINE
  5
191
330
17
100
AcDbEntity
  8
内隔墙
100
AcDbLine
 10
2573765.357367703
 20
-25383.86573607475
 30
0.0
 11
2574965.357367705
 21
-25383.86573607638
 31
0.0
  0
INSERT
  5
192
330
17
100
AcDbEntity
  8
LVTRY
100
AcDbBlockReference
 66
1
  2
U_A48XUK
 10
2571665.357367705
 20
-25941.96814265684
 30
0.0
 41
-1.0
 50
269.999999999997
  0
ATTRIB
  5
193
330
192
100
AcDbEntity
  8
0
100
AcDbText
 10
2571665.857367705
 20
-25941.96814265684
 30
0.0
 40
0.5
  1
500
 50
89.99999999999696
  7
DIM_FONT
 41
0.8
100
AcDbAttribute
  2
XSIZE
 70
9
 71
1
 72
0
  0
ATTRIB
  5
194
330
192
100
AcDbEntity
  8
0
100
AcDbText
 10
2571665.857367705
 20
-25941.96814265684
 30
0.0
 40
0.5
  1
500
 50
89.99999999999696
  7
DIM_FONT
 41
0.8
100
AcDbAttribute
  2
YSIZE
 70
9
 71
1
 72
0
  0
SEQEND
  5
195
330
192
100
AcDbEntity
  8
LVTRY
  0
INSERT
  5
196
330
17
100
AcDbEntity
  8
LVTRY
100
AcDbBlockReference
 66
1
  2
U_A102BUY
 10
2571665.357367705
 20
-27383.86573607766
 30
0.0
 41
-1.0
 50
359.999999999997
  0
ATTRIB
  5
197
330
196
100
AcDbEntity
  8
0
100
AcDbText
 10
2571665.357367705
 20
-27383.36573607766
 30
0.0
 40
0.5
  1
500
 50
179.999999999997
  7
DIM_FONT
 41
0.8
100
AcDbAttribute
  2
XSIZE
 70
9
 71
1
 72
0
  0
ATTRIB
  5
198
330
196
100
AcDbEntity
  8
0
100
AcDbText
 10
2571665.357367705
 20
-27383.36573607766
 30
0.0
 40
0.5
  1
500
 50
179.999999999997
  7
DIM_FONT
 41
0.8
100
AcDbAttribute
  2
YSIZE
 70
9
 71
1
 72
0
  0
SEQEND
  5
199
330
196
100
AcDbEntity
  8
LVTRY
  0
INSERT
  5
19A
330
17
100
AcDbEntity
  8
LVTRY
100
AcDbBlockReference
  2
A$C417342AB
 10
2573325.030773219
 20
-26857.42816679355
 30
0.0
 41
-1.0
 50
90.00000000000311
  0
LINE
  5
19C
330
17
100
AcDbEntity
  8
LVTRY
100
AcDbLine
 10
2573665.357367704
 20
-26783.86573607463
 30
0.0
 11
2572539.621436416
 21
-26783.86573607475
 31
0.0
  0
LINE
  5
19D
330
17
100
AcDbEntity
  8
WALL
100
AcDbLine
 10
2573665.357367704
 20
-25483.8657360744
 30
0.0
 11
2573665.357367704
 21
-25383.8657360744
 31
0.0
  0
LINE
  5
19E
330
17
100
AcDbEntity
  8
WALL
100
AcDbLine
 10
2573765.357367704
 20
-25283.86573607463
 30
0.0
 11
2573765.357367704
 21
-25483.8657360744
 31
0.0
  0
INSERT
  5
19F
330
17
100
AcDbEntity
  8
WINDOW
100
AcDbBlockReference
 66
1
  2
_DBLK
 10
2573715.357367704
 20
-25883.8657360744
 30
1.672e-13
 41
-800.0
 42
-800.0
 43
800.0
 50
90.0
  0
ATTRIB
  5
1A0
330
19F
100
AcDbEntity
  8
WINDOW_TEXT
100
AcDbText
 10
2573365.357367704
 20
-25883.8657360744
 30
-1.672e-13
 40
300.0
  1

 50
90.0
  7
SIMPLEX
 41
0.8
 72
4
 11
2573365.357367704
 21
-25883.8657360744
 31
-1.672e-13
100
AcDbAttribute
  2
A
 70
9
 71
1
 72
0
 11
2573365.357367704
 21
-25883.8657360744
 31
-1.672e-13
  0
SEQEND
  5
1A1
330
19F
100
AcDbEntity
  8
WINDOW
  0
LINE
  5
1A2
330
17
100
AcDbEntity
  8
WALL
100
AcDbLine
 10
2573665.357367704
 20
-25483.8657360744
 30
0.0
 11
2573765.357367703
 21
-25483.8657360744
 31
1.0034e-12
  0
LINE
  5
1A3
330
17
100
AcDbEntity
  8
WALL
100
AcDbLine
 10
2573665.357367704
 20
-26283.8657360744
 30
0.0
 11
2573765.357367704
 21
-26283.8657360744
 31
3.345e-13
  0
LINE
  5
1A4
330
17
100
AcDbEntity
  8
GROUND
100
AcDbLine
 10
2573665.357367704
 20
-26283.8657360744
 30
0.0
 11
2573665.357367704
 21
-25483.8657360744
 31
0.0
  0
INSERT
  5
1A5
330
17
100
AcDbEntity
  8
内隔墙
100
AcDbBlockReference
 66
1
  2
_DBLK
 10
2574215.357367704
 20
-26933.86573607452
 30
-6.95527e-11
 41
-900.0
 42
900.0
 43
900.0
  0
ATTRIB
  5
1A6
330
1A5
100
AcDbEntity
  8
WINDOW_TEXT
100
AcDbText
 10
2574215.357367704
 20
-26583.86573607452
 30
6.95527e-11
 40
300.0
  1

  7
SIMPLEX
 41
0.8
 72
4
 11
2574215.357367704
 21
-26583.86573607452
 31
6.95527e-11
100
AcDbAttribute
  2
A
 70
9
 71
1
 72
0
 11
2574215.357367704
 21
-26583.86573607452
 31
6.95527e-11
  0
SEQEND
  5
1A7
330
1A5
100
AcDbEntity
  8
WINDOW
  0
LINE
  5
1A8
330
17
100
AcDbEntity
  8
内隔墙
100
AcDbLine
 10
2574665.357367704
 20
-26983.86573607452
 30
-3.57994e-11
 11
2574665.357367704
 21
-26883.86573607452
 31
-7.89888e-11
  0
LINE
  5
1A9
330
17
100
AcDbEntity
  8
WALL
100
AcDbLine
 10
2573765.357367704
 20
-26283.8657360744
 30
0.0
 11
2573765.357367704
 21
-27483.86573607463
 31
0.0
  0
LINE
  5
1AA
330
17
100
AcDbEntity
  8
内隔墙
100
AcDbLine
 10
2577965.357367717
 20
-25883.86573607428
 30
0.0
 11
2577965.357367717
 21
-25283.86573607463
 31
0.0
  0
LINE
  5
1AB
330
17
100
AcDbEntity
  8
内隔墙
100
AcDbLine
 10
2577865.357367717
 20
-25883.86573607428
 30
0.0
 11
2577865.357367717
 21
-25183.86573607475
 31
0.0
  0
INSERT
  5
1AC
330
17
100
AcDbEntity
  8
内隔墙
100
AcDbBlockReference
 66
1
  2
_DBLK
 10
2577915.357367717
 20
-26333.86573607428
 30
0.0
 41
900.0
 42
900.0
 43
900.0
 50
90.0
  0
ATTRIB
  5
1AD
330
1AC
100
AcDbEntity
  8
WINDOW_TEXT
100
AcDbText
 10
2577565.357367717
 20
-26333.86573607428
 30
0.0
 40
300.0
  1

 50
90.0
  7
SIMPLEX
 41
0.8
 72
4
 11
2577565.357367717
 21
-26333.86573607428
 31
0.0
100
AcDbAttribute
  2
A
 70
9
 71
1
 72
0
 11
2577565.357367717
 21
-26333.86573607428
 31
0.0
  0
SEQEND
  5
1AE
330
1AC
100
AcDbEntity
  8
WINDOW
  0
LINE
  5
1AF
330
17
100
AcDbEntity
  8
内隔墙
100
AcDbLine
 10
2577965.357367717
 20
-26783.86573607428
 30
0.0
 11
2577865.357367717
 21
-26783.86573607428
 31
0.0
  0
LINE
  5
1B0
330
17
100
AcDbEntity
  8
内隔墙
100
AcDbLine
 10
2577965.357367717
 20
-25883.86573607428
 30
0.0
 11
2577865.357367717
 21
-25883.86573607428
 31
0.0
  0
LINE
  5
1B1
330
17
100
AcDbEntity
  8
内隔墙
100
AcDbLine
 10
2577865.357367717
 20
-26883.86573607475
 30
0.0
 11
2575865.357367705
 21
-26883.86573607475
 31
0.0
  0
LINE
  5
1B2
330
17
100
AcDbEntity
  8
内隔墙
100
AcDbLine
 10
2577865.35736771
 20
-23583.86573607452
 30
7.07e-14
 11
2577865.357367709
 21
-20383.86573607498
 31
0.0
  0
LINE
  5
1B3
330
17
100
AcDbEntity
  8
内隔墙
100
AcDbLine
 10
2577965.357367709
 20
-20425.28709230968
 30
0.0
 11
2577965.357367709
 21
-23583.86573607452
 31
9.3e-15
  0
LINE
  5
1B4
330
17
100
AcDbEntity
  8
WALL
100
AcDbLine
 10
2578706.778723944
 20
-19683.86573607486
 30
0.0
 11
2577965.357367709
 21
-20425.28709230968
 31
0.0
  0
LINE
  5
1B5
330
17
100
AcDbEntity
  8
WALL
100
AcDbLine
 10
2578623.936011468
 20
-19483.86573607481
 30
0.0
 11
2577923.936011471
 21
-20183.86573607347
 31
0.0
  0
LINE
  5
1B6
330
17
100
AcDbEntity
  8
WALL
100
AcDbLine
 10
2581665.357367705
 20
-24042.44437984331
 30
1.00792e-11
 11
2581665.357367705
 21
-24283.86573607498
 31
0.0
  0
LINE
  5
1B7
330
17
100
AcDbEntity
  8
内隔墙
100
AcDbLine
 10
2577865.35736771
 20
-23583.86573607452
 30
7.07e-14
 11
2577965.357367709
 21
-23583.86573607452
 31
1.73e-14
  0
LINE
  5
1B8
330
17
100
AcDbEntity
  8
GROUND
100
AcDbLine
 10
2575165.357367707
 20
-20183.86573607428
 30
0.0
 11
2577315.357367707
 21
-20183.86573607486
 31
0.0
  0
LINE
  5
1B9
330
17
100
AcDbEntity
  8
WALL
100
AcDbLine
 10
2577315.357367707
 20
-20183.86573607481
 30
0.0
 11
2577315.357367707
 21
-20383.86573607481
 31
0.0
  0
LINE
  5
1BA
330
17
100
AcDbEntity
  8
WALL
100
AcDbLine
 10
2575515.357367707
 20
-20183.86573607469
 30
0.0
 11
2575515.357367707
 21
-20383.86573607469
 31
0.0
  0
INSERT
  5
1BB
330
17
100
AcDbEntity
  8
WINDOW
100
AcDbBlockReference
 66
1
  2
_A0ASA
 10
2576415.357367707
 20
-20283.86573607475
 30
0.0
 41
1800.0
 42
1800.0
 43
1800.0
 50
359.9999999999968
  0
ATTRIB
  5
1BC
330
1BB
100
AcDbEntity
  8
WINDOW_TEXT
100
AcDbText
 10
2576415.357367707
 20
-20683.86573607475
 30
0.0
 40
300.0
  1

 50
359.9999999999968
  7
SIMPLEX
 41
0.8
 72
4
 11
2576415.357367707
 21
-20683.86573607475
 31
0.0
 71
2
100
AcDbAttribute
  2
A
 70
9
 71
1
 72
0
 11
2576415.357367707
 21
-20683.86573607475
 31
0.0
  0
SEQEND
  5
1BD
330
1BB
100
AcDbEntity
  8
WINDOW
  0
LINE
  5
1BE
330
17
100
AcDbEntity
  8
WALL
100
AcDbLine
 10
2575515.357367707
 20
-20383.86573607469
 30
0.0
 11
2574865.357367705
 21
-20383.86573607428
 31
0.0
  0
INSERT
  5
1BF
330
17
100
AcDbEntity
  8
WINDOW
100
AcDbBlockReference
 66
1
  2
_WBLK
 10
2581765.357367705
 20
-26333.86573607498
 30
-1.66308e-11
 41
900.0
 42
200.0000000001455
 43
900.0
 50
270.0
  0
ATTRIB
  5
1C0
330
1BF
100
AcDbEntity
  8
WINDOW_TEXT
100
AcDbText
 10
2582165.357367705
 20
-26333.86573607498
 30
-1.66308e-11
 40
300.0
  1

 50
90.0
  7
SIMPLEX
 41
0.8
 72
4
 11
2582165.357367705
 21
-26333.86573607498
 31
-1.66308e-11
100
AcDbAttribute
  2
A
 70
9
 71
1
 72
0
 11
2582165.357367705
 21
-26333.86573607498
 31
-1.66308e-11
  0
SEQEND
  5
1C1
330
1BF
100
AcDbEntity
  8
WINDOW
  0
LINE
  5
1C2
330
17
100
AcDbEntity
  8
WALL
100
AcDbLine
 10
2572965.357367704
 20
-20383.86573607457
 30
0.0
 11
2572965.357367704
 21
-23383.8657360744
 31
0.0
  0
LINE
  5
1C3
330
17
100
AcDbEntity
  8
WALL
100
AcDbLine
 10
2572965.357367704
 20
-23483.86573607452
 30
0.0
 11
2572965.357367703
 21
-23983.8657360744
 31
0.0
  0
LINE
  5
1C4
330
17
100
AcDbEntity
  8
GROUND
100
AcDbLine
 10
2579365.357367705
 20
-26483.86573607475
 30
0.0
 11
2579365.357367705
 21
-27183.86573607475
 31
0.0
  0
LINE
  5
1C5
330
17
100
AcDbEntity
  8
GROUND
100
AcDbLine
 10
2581165.357367705
 20
-31483.86573607498
 30
0.0
 11
2579365.357367705
 21
-31483.86573607382
 31
0.0
  0
LINE
  5
1C6
330
17
100
AcDbEntity
  8
WALL
100
AcDbLine
 10
2579365.357367705
 20
-32183.86573607486
 30
0.0
 11
2579365.357367705
 21
-31483.86573607475
 31
0.0
  0
LINE
  5
1C7
330
17
100
AcDbEntity
  8
WALL
100
AcDbLine
 10
2581165.357367705
 20
-31683.86573607498
 30
0.0
 11
2581165.357367705
 21
-31483.86573607498
 31
0.0
  0
LINE
  5
1C8
330
17
100
AcDbEntity
  8
WALL
100
AcDbLine
 10
2579265.357367705
 20
-31683.86573607539
 30
0.0
 11
2578265.360405604
 21
-31683.86573607504
 31
0.0
  0
LINE
  5
1C9
330
17
100
AcDbEntity
  8
WALL
100
AcDbLine
 10
2579365.357367705
 20
-31483.8657360751
 30
3.9724e-12
 11
2578265.357367705
 21
-31483.86573607475
 31
0.0
  0
LINE
  5
1CA
330
17
100
AcDbEntity
  8
BALCONY
100
AcDbLine
 10
2583065.357367705
 20
-22983.86573607475
 30
0.0
 11
2583065.357367705
 21
-26183.86573607545
 31
0.0
  0
LINE
  5
1CB
330
17
100
AcDbEntity
  8
BALCONY
100
AcDbLine
 10
2582965.357367705
 20
-23083.86573607475
 30
0.0
 11
2582965.357367705
 21
-27383.86573607545
 31
0.0
  0
LINE
  5
1CC
330
17
100
AcDbEntity
  8
BALCONY
100
AcDbLine
 10
2582865.357367706
 20
-23083.86573607475
 30
0.0
 11
2582965.357367705
 21
-23083.86573607475
 31
0.0
  0
LINE
  5
1CD
330
17
100
AcDbEntity
  8
BALCONY
100
AcDbLine
 10
2582865.357367706
 20
-22983.86573607475
 30
0.0
 11
2583065.357367705
 21
-22983.86573607475
 31
0.0
  0
LINE
  5
1CE
330
17
100
AcDbEntity
  8
BALCONY
100
AcDbLine
 10
2581865.357367705
 20
-27383.86573607545
 30
0.0
 11
2582965.357367705
 21
-27383.86573607545
 31
0.0
  0
LINE
  5
1CF
330
17
100
AcDbEntity
  8
WALL
100
AcDbLine
 10
2581665.357367705
 20
-25183.86573607498
 30
0.0
 11
2581665.357367705
 21
-25183.86573607498
 31
0.0
  0
LINE
  5
1D0
330
17
100
AcDbEntity
  8
WALL
100
AcDbLine
 10
2581865.357367705
 20
-25183.86573607498
 30
0.0
 11
2581865.357367705
 21
-25883.86573607498
 31
0.0
  0
INSERT
  5
1D1
330
17
100
AcDbEntity
  8
WINDOW
100
AcDbBlockReference
 66
1
  2
_DBLK
 10
2581765.357367705
 20
-24733.86573607498
 30
0.0
 41
-900.0
 42
900.0
 43
900.0
 50
270.0
  0
ATTRIB
  5
1D2
330
1D1
100
AcDbEntity
  8
WINDOW_TEXT
100
AcDbText
 10
2582165.357367705
 20
-24733.86573607498
 30
0.0
 40
300.0
  1

 50
90.0
 51
1.27e-14
  7
SIMPLEX
 41
0.8
 72
4
 11
2582165.357367705
 21
-24733.86573607498
 31
0.0
100
AcDbAttribute
  2
A
 70
9
 71
1
 72
0
 11
2582165.357367705
 21
-24733.86573607498
 31
0.0
  0
SEQEND
  5
1D3
330
1D1
100
AcDbEntity
  8
WINDOW
  0
LINE
  5
1D4
330
17
100
AcDbEntity
  8
WALL
100
AcDbLine
 10
2581665.357367705
 20
-25183.86573607498
 30
0.0
 11
2581865.357367705
 21
-25183.86573607498
 31
0.0
  0
LINE
  5
1D5
330
17
100
AcDbEntity
  8
WALL
100
AcDbLine
 10
2581665.357367705
 20
-24283.86573607498
 30
0.0
 11
2581865.357367705
 21
-24283.86573607498
 31
0.0
  0
LINE
  5
1D6
330
17
100
AcDbEntity
  8
WALL
100
AcDbLine
 10
2572965.357367704
 20
-23483.86573607452
 30
9.691e-13
 11
2573965.357367704
 21
-23483.86573607452
 31
6.587e-13
  0
LINE
  5
1D7
330
17
100
AcDbEntity
  8
WALL
100
AcDbLine
 10
2543665.604732197
 20
-23183.8657360716
 30
0.0
 11
2543165.35736771
 21
-23183.8657360716
 31
0.0
  0
LINE
  5
1D8
330
17
100
AcDbEntity
  8
WALL
100
AcDbLine
 10
2574065.357367704
 20
-23883.86573607452
 30
0.0
 11
2574065.357367704
 21
-23383.86573607452
 31
0.0
  0
LINE
  5
1D9
330
17
100
AcDbEntity
  8
WALL
100
AcDbLine
 10
2573965.357367704
 20
-23983.86573607452
 30
3.813e-13
 11
2573965.357367704
 21
-23483.86573607452
 31
0.0
  0
DIMENSION
  5
1DA
330
17
100
AcDbEntity
  8
AXIS
100
AcDbDimension
280
0
  3
DIMN
 10
2560765.352700081
 20
-14525.98445333401
 30
0.0
 11
2560615.357367706
 21
-13946.89604205196
 31
0.0
 70
161
 71
5
 42
-1.0
 73
0
 74
0
 75
0
100
AcDbAlignedDimension
 13
2560465.362035331
 23
-16525.98445337475
 33
0.0
 14
2560765.352700081
 24
-16525.98445337475
 34
0.0
 50
0.0
  0
DIMENSION
  5
1DB
330
17
100
AcDbEntity
  8
AXIS
100
AcDbDimension
280
0
  3
DIMN
 10
2560465.357367706
 20
-38835.12443592341
 30
0.0
 11
2560615.357367706
 21
-38535.12443592341
 31
0.0
 70
33
 71
5
 42
-1.0
 73
0
 74
0
 75
0
100
AcDbAlignedDimension
 13
2560765.357367705
 23
-37635.12443592353
 33
0.0
 14
2560465.357367706
 24
-37635.12443592353
 34
0.0
 50
0.0
  0
LINE
  5
1DC
330
17
100
AcDbEntity
  8
WALL
100
AcDbLine
 10
2542965.35736771
 20
-26483.86573607475
 30
-8.5467e-12
 11
2542965.35736771
 21
-22683.86573607475
 31
0.0
  0
LINE
  5
1DD
330
17
100
AcDbEntity
  8
WALL
100
AcDbLine
 10
2572765.357367703
 20
-24983.8657360744
 30
0.0
 11
2572965.357367703
 21
-24983.8657360744
 31
0.0
  0
LINE
  5
1DE
330
17
100
AcDbEntity
  8
WALL
100
AcDbLine
 10
2572965.357367704
 20
-24983.8657360744
 30
0.0
 11
2572965.357367704
 21
-25283.86573607347
 31
0.0
  0
DIMENSION
  5
1DF
330
17
100
AcDbEntity
  8
门窗尺寸
100
AcDbDimension
280
0
  3
DIMN
 10
2539115.35736771
 20
-15325.98445333401
 30
0.0
 11
2538663.095328268
 21
-15702.75652075
 31
0.0
 70
161
 71
5
 42
-1.0
 73
0
 74
0
 75
0
100
AcDbAlignedDimension
 13
2538865.357367715
 23
-16525.98445333348
 33
0.0
 14
2539115.35736771
 24
-16525.98445333348
 34
0.0
 50
0.0
  0
DIMENSION
  5
1E0
330
17
100
AcDbEntity
  8
门窗尺寸
100
AcDbDimension
280
0
  3
DIMN
 10
2539465.35736771
 20
-38035.12443592318
 30
0.0
 11
2539165.35736771
 21
-37735.12443592318
 31
0.0
 70
33
 71
5
 42
-1.0
 73
0
 74
0
 75
0
100
AcDbAlignedDimension
 13
2538865.35736771
 23
-36835.1244359233
 33
0.0
 14
2539465.35736771
 24
-36835.1244359233
 34
0.0
 50
0.0
  0
LINE
  5
1E1
330
17
100
AcDbEntity
  8
WALL
100
AcDbLine
 10
2578906.425170553
 20
-19684.21928946523
 30
0.0
 11
2578907.278723943
 21
-19683.86573607463
 31
0.0
  0
LINE
  5
1E2
330
17
100
AcDbEntity
  8
WALL
100
AcDbLine
 10
2578865.436011469
 20
-19483.86573607463
 30
0.0
 11
2578864.582458078
 21
-19484.21928946523
 31
0.0
  0
LINE
  5
1E3
330
17
100
AcDbEntity
  8
WALL
  6
Continuous
100
AcDbLine
 10
2542965.408531253
 20
-22483.86573607091
 30
0.0
 11
2541915.35736771
 21
-22483.86573607475
 31
0.0
  0
INSERT
  5
1E4
330
17
100
AcDbEntity
  8
空调
100
AcDbBlockReference
 66
1
  2
U_C15DRB
 10
2542815.802639306
 20
-22056.86519456911
 30
0.0
 50
180.0
  0
ATTRIB
  5
1E5
330
1E4
100
AcDbEntity
  8
0
  6
Continuous
100
AcDbText
 10
2542815.802639306
 20
-22056.86519456911
 30
0.0
 40
0.5
  1
500
 50
180.0
  7
DIM_FONT
 41
0.8
100
AcDbAttribute
  2
XSIZE
 70
9
 71
1
 72
0
  0
ATTRIB
  5
1E6
330
1E4
100
AcDbEntity
  8
0
  6
Continuous
100
AcDbText
 10
2542815.802639306
 20
-22056.86519456911
 30
0.0
 40
0.5
  1
0
 50
180.0
  7
DIM_FONT
 41
0.8
100
AcDbAttribute
  2
YSIZE
 70
9
 71
1
 72
0
  0
SEQEND
  5
1E7
330
1E4
100
AcDbEntity
  8
LVTRY
  6
Continuous
  0
LINE
  5
1E8
330
17
100
AcDbEntity
  8
空调
100
AcDbLine
 10
2542965.408531262
 20
-22033.86573607795
 30
0.0
 11
2541915.35736771
 21
-22033.86573607533
 31
0.0
  0
LINE
  5
1E9
330
17
100
AcDbEntity
  8
WALL
  6
Continuous
100
AcDbLine
 10
2543165.357367712
 20
-22483.86573607481
 30
0.0
 11
2543165.35736771
 21
-23183.86573607475
 31
0.0
  0
LINE
  5
1EA
330
17
100
AcDbEntity
  8
WALL
  6
Continuous
100
AcDbLine
 10
2541815.357367716
 20
-21983.86573607492
 30
0.0
 11
2541915.357367716
 21
-21983.86573607492
 31
0.0
  0
LINE
  5
1EB
330
17
100
AcDbEntity
  8
WALL
  6
Continuous
100
AcDbLine
 10
2541915.35736771
 20
-22483.86573607475
 30
0.0
 11
2541915.357367716
 21
-21983.86573607492
 31
0.0
  0
LINE
  5
1EC
330
17
100
AcDbEntity
  8
WALL
  6
Continuous
100
AcDbLine
 10
2541815.35736771
 20
-22683.86573607492
 30
0.0
 11
2541815.357367716
 21
-21983.86573607492
 31
0.0
  0
LINE
  5
1ED
330
17
100
AcDbEntity
  8
WALL
  6
Continuous
100
AcDbLine
 10
2574615.357367704
 20
-31383.86573608016
 30
0.0
 11
2575615.357367705
 21
-31383.86573607469
 31
0.0
  0
LINE
  5
1EE
330
17
100
AcDbEntity
  8
WALL
100
AcDbLine
 10
2577415.357367705
 20
-31383.86573607481
 30
0.0
 11
2578065.357367705
 21
-31383.86573607521
 31
0.0
  0
INSERT
  5
1EF
330
17
100
AcDbEntity
  8
空调
100
AcDbBlockReference
 66
1
  2
U_A95JFC
 10
2542632.803218653
 20
-33342.80835625273
 30
1.368e-13
 41
-1.0
 50
180.0000000000478
  0
ATTRIB
  5
1F0
330
1EF
100
AcDbEntity
  8
0
100
AcDbText
 10
2542632.803218653
 20
-33343.30835625273
 30
1.368e-13
 40
0.5
  1
0
 50
4.78228e-11
  7
DIM_FONT
 41
0.8
100
AcDbAttribute
  2
XSIZE
 70
9
 71
1
 72
0
  0
ATTRIB
  5
1F1
330
1EF
100
AcDbEntity
  8
0
100
AcDbText
 10
2542632.803218653
 20
-33343.30835625273
 30
1.368e-13
 40
0.5
  1
500
 50
4.78228e-11
  7
DIM_FONT
 41
0.8
100
AcDbAttribute
  2
YSIZE
 70
9
 71
1
 72
0
  0
SEQEND
  5
1F2
330
1EF
100
AcDbEntity
  8
空调
  0
INSERT
  5
1F3
330
17
100
AcDbEntity
  8
空调
100
AcDbBlockReference
 66
1
  2
U_C15DRB
 10
2578360.782757594
 20
-32059.48853119137
 30
0.0
 50
359.9999999996423
  0
ATTRIB
  5
1F4
330
1F3
100
AcDbEntity
  8
0
  6
Continuous
100
AcDbText
 10
2578361.811329022
 20
-32059.48853119137
 30
0.0
 40
0.5
  1
500
 50
359.9999999996423
  7
DIM_FONT
 41
0.8
 71
2
100
AcDbAttribute
  2
XSIZE
 70
9
 71
1
 72
0
  0
ATTRIB
  5
1F5
330
1F3
100
AcDbEntity
  8
0
  6
Continuous
100
AcDbText
 10
2578361.04942426
 20
-32059.48853119137
 30
0.0
 40
0.5
  1
0
 50
359.9999999996423
  7
DIM_FONT
 41
0.8
 71
2
100
AcDbAttribute
  2
YSIZE
 70
9
 71
1
 72
0
  0
SEQEND
  5
1F6
330
1F3
100
AcDbEntity
  8
LVTRY
  6
Continuous
  0
INSERT
  5
1F7
330
17
100
AcDbEntity
  8
空调
100
AcDbBlockReference
 66
1
  2
U_C15DRB
 10
2577925.956237423
 20
-20099.92884938698
 30
0.0
 50
45.21571569830505
  0
ATTRIB
  5
1F8
330
1F7
100
AcDbEntity
  8
0
  6
Continuous
100
AcDbText
 10
2577926.680803823
 20
-20099.19880643138
 30
0.0
 40
0.5
  1
500
 50
45.21571569830505
  7
DIM_FONT
 41
0.8
 71
2
100
AcDbAttribute
  2
XSIZE
 70
9
 71
1
 72
0
  0
ATTRIB
  5
1F9
330
1F7
100
AcDbEntity
  8
0
  6
Continuous
100
AcDbText
 10
2577926.144087971
 20
-20099.73957899114
 30
0.0
 40
0.5
  1
0
 50
45.21571569830505
  7
DIM_FONT
 41
0.8
 71
2
100
AcDbAttribute
  2
YSIZE
 70
9
 71
1
 72
0
  0
SEQEND
  5
1FA
330
1F7
100
AcDbEntity
  8
LVTRY
  6
Continuous
  0
INSERT
  5
1FB
330
17
100
AcDbEntity
  8
空调
100
AcDbBlockReference
 66
1
  2
U_A95JFC
 10
2571965.357367705
 20
-30899.81682076364
 30
0.0
 41
-1.0
 50
4.78101e-11
  0
ATTRIB
  5
1FC
330
1FB
100
AcDbEntity
  8
0
100
AcDbText
 10
2571965.357367705
 20
-30899.31682076364
 30
0.0
 40
0.5
  1
0
 50
180.0000000000478
  7
DIM_FONT
 41
0.8
100
AcDbAttribute
  2
XSIZE
 70
9
 71
1
 72
0
  0
ATTRIB
  5
1FD
330
1FB
100
AcDbEntity
  8
0
100
AcDbText
 10
2571965.357367705
 20
-30899.31682076364
 30
0.0
 40
0.5
  1
500
 50
180.0000000000478
  7
DIM_FONT
 41
0.8
100
AcDbAttribute
  2
YSIZE
 70
9
 71
1
 72
0
  0
SEQEND
  5
1FE
330
1FB
100
AcDbEntity
  8
空调
  0
INSERT
  5
1FF
330
17
100
AcDbEntity
  8
空调
100
AcDbBlockReference
 66
1
  2
U_A95JFC
 10
2581365.357367704
 20
-30371.4999014716
 30
2.5598e-12
 41
-1.0
 50
180.0000000000478
  0
ATTRIB
  5
200
330
1FF
100
AcDbEntity
  8
0
100
AcDbText
 10
2581365.357367704
 20
-30371.9999014716
 30
2.5598e-12
 40
0.5
  1
0
 50
4.78018e-11
  7
DIM_FONT
 41
0.8
100
AcDbAttribute
  2
XSIZE
 70
9
 71
1
 72
0
  0
ATTRIB
  5
201
330
1FF
100
AcDbEntity
  8
0
100
AcDbText
 10
2581365.357367704
 20
-30371.9999014716
 30
2.5598e-12
 40
0.5
  1
500
 50
4.78018e-11
  7
DIM_FONT
 41
0.8
100
AcDbAttribute
  2
YSIZE
 70
9
 71
1
 72
0
  0
SEQEND
  5
202
330
1FF
100
AcDbEntity
  8
空调
  0
INSERT
  5
203
330
17
100
AcDbEntity
  8
空调
100
AcDbBlockReference
 66
1
  2
U_A95JFC
 10
2578117.269434067
 20
-31136.57623023703
 30
0.0
 41
-1.0
 50
4.78101e-11
  0
ATTRIB
  5
204
330
203
100
AcDbEntity
  8
0
100
AcDbText
 10
2578117.269434067
 20
-31136.07623023703
 30
0.0
 40
0.5
  1
0
 50
180.0000000000478
  7
DIM_FONT
 41
0.8
100
AcDbAttribute
  2
XSIZE
 70
9
 71
1
 72
0
  0
ATTRIB
  5
205
330
203
100
AcDbEntity
  8
0
100
AcDbText
 10
2578117.269434067
 20
-31136.07623023703
 30
0.0
 40
0.5
  1
500
 50
180.0000000000478
  7
DIM_FONT
 41
0.8
100
AcDbAttribute
  2
YSIZE
 70
9
 71
1
 72
0
  0
SEQEND
  5
206
330
203
100
AcDbEntity
  8
空调
  0
LWPOLYLINE
  5
207
330
17
100
AcDbEntity
  8
WALL
100
AcDbPolyline
 90
4
 70
1
 10
2548465.357367713
 20
-21983.86573607248
 10
2548265.357367715
 20
-21983.86573607248
 10
2548265.357367715
 20
-22183.86573607248
 10
2548465.357367713
 20
-22183.86573607248
  0
LINE
  5
208
330
17
100
AcDbEntity
  8
BALCONY
100
AcDbLine
 10
2548265.357367715
 20
-22783.86573607242
 30
0.0
 11
2548265.357367715
 21
-22183.86573607248
 31
0.0
  0
LINE
  5
209
330
17
100
AcDbEntity
  8
BALCONY
100
AcDbLine
 10
2548465.357367713
 20
-21983.86573607446
 30
0.0
 11
2548465.357367713
 21
-22783.86573607242
 31
0.0
  0
HATCH
  5
20A
330
17
100
AcDbEntity
  8
COLUMN
100
AcDbHatch
 10
0.0
 20
0.0
 30
0.0
210
0.0
220
0.0
230
1.0
  2
SOLID
 70
1
 71
0
 91
1
 92
7
 72
0
 73
1
 93
4
 10
2548465.357367713
 20
-21983.86573607254
 10
2548265.357367715
 20
-21983.86573607248
 10
2548265.357367716
 20
-22183.86573607248
 10
2548465.357367713
 20
-22183.86573607254
 97
0
 75
0
 76
1
 47
1.937978351903973
 98
1
 10
2548353.974214036
 20
-22081.19236137607
  0
LWPOLYLINE
  5
20B
330
17
100
AcDbEntity
  8
WALL
100
AcDbPolyline
 90
4
 70
1
 10
2551065.408531257
 20
-21983.86573607259
 10
2550865.408531259
 20
-21983.86573607259
 10
2550865.408531259
 20
-22183.86573607259
 10
2551065.408531257
 20
-22183.86573607259
  0
LINE
  5
20C
330
17
100
AcDbEntity
  8
BALCONY
100
AcDbLine
 10
2550865.408531259
 20
-22783.86573607242
 30
0.0
 11
2550865.408531259
 21
-22183.86573607259
 31
0.0
  0
LINE
  5
20D
330
17
100
AcDbEntity
  8
BALCONY
100
AcDbLine
 10
2551065.408531257
 20
-22783.86573607242
 30
0.0
 11
2551065.408531257
 21
-22183.86573607259
 31
0.0
  0
HATCH
  5
20E
330
17
100
AcDbEntity
  8
COLUMN
100
AcDbHatch
 10
0.0
 20
0.0
 30
0.0
210
0.0
220
0.0
230
1.0
  2
SOLID
 70
1
 71
0
 91
1
 92
7
 72
0
 73
1
 93
4
 10
2551065.408531257
 20
-21983.86573607265
 10
2550865.408531259
 20
-21983.86573607259
 10
2550865.40853126
 20
-22183.86573607259
 10
2551065.408531257
 20
-22183.86573607265
 97
0
 75
0
 76
1
 47
1.937978351903973
 98
1
 10
2550954.02537758
 20
-22081.19236137619
  0
INSERT
  5
20F
330
17
100
AcDbEntity
  8
AXIS
100
AcDbBlockReference
 66
1
  2
_AXISO
 10
2538865.352700115
 20
-12478.19611675898
 30
0.0
 41
-800.0
 42
800.0
 43
800.0
 50
180.0
  0
ATTRIB
  5
210
330
20F
100
AcDbEntity
  8
AXIS_TEXT
100
AcDbText
 10
2538639.078530135
 20
-12704.47028673883
 30
0.0
 40
452.5483399593904
  1
1
  7
_TCH_AXIS
 41
2.333333333334928
 72
5
 11
2539091.626870095
 21
-12704.47028673883
 31
0.0
100
AcDbAttribute
  2
A
 70
0
 71
1
 72
0
 11
2539091.626870095
 21
-12704.47028673883
 31
0.0
  0
SEQEND
  5
211
330
20F
100
AcDbEntity
  8
AXIS
  0
LINE
  5
212
330
17
100
AcDbEntity
  8
AXIS
100
AcDbLine
 10
2538865.352700067
 20
-16164.81709110271
 30
0.0
 11
2538865.352700111
 21
-12878.19611675898
 31
0.0
  0
INSERT
  5
213
330
17
100
AcDbEntity
  8
AXIS
100
AcDbBlockReference
 66
1
  2
_AXISO
 10
2539765.352700115
 20
-12478.19611675898
 30
0.0
 41
-800.0
 42
800.0
 43
800.0
 50
180.0
  0
ATTRIB
  5
214
330
213
100
AcDbEntity
  8
AXIS_TEXT
100
AcDbText
 10
2539539.078530135
 20
-12704.47028673871
 30
0.0
 40
452.5483399593904
  1
2
  7
COMPLEX
 41
1.500000000001025
 72
5
 11
2539991.626870095
 21
-12704.47028673871
 31
0.0
100
AcDbAttribute
  2
A
 70
0
 71
1
 72
0
 11
2539991.626870095
 21
-12704.47028673871
 31
0.0
  0
SEQEND
  5
215
330
213
100
AcDbEntity
  8
AXIS
  0
LINE
  5
216
330
17
100
AcDbEntity
  8
AXIS
100
AcDbLine
 10
2539765.352700067
 20
-16164.81709110271
 30
0.0
 11
2539765.35270011
 21
-12878.19611675898
 31
0.0
  0
INSERT
  5
217
330
17
100
AcDbEntity
  8
AXIS
100
AcDbBlockReference
 66
1
  2
_AXISO
 10
2543065.35736774
 20
-12478.19611675898
 30
0.0
 41
-800.0
 42
800.0
 43
800.0
 50
180.0
  0
ATTRIB
  5
218
330
217
100
AcDbEntity
  8
AXIS_TEXT
100
AcDbText
 10
2542839.08319776
 20
-12704.47028673883
 30
0.0
 40
452.5483399593904
  1
4
  7
COMPLEX
 41
1.312500000000897
 72
5
 11
2543291.631537719
 21
-12704.47028673883
 31
0.0
100
AcDbAttribute
  2
A
 70
0
 71
1
 72
0
 11
2543291.631537719
 21
-12704.47028673883
 31
0.0
  0
SEQEND
  5
219
330
217
100
AcDbEntity
  8
AXIS
  0
LINE
  5
21A
330
17
100
AcDbEntity
  8
AXIS
100
AcDbLine
 10
2543065.357367692
 20
-16164.81709110271
 30
0.0
 11
2543065.357367735
 21
-12878.19611675898
 31
0.0
  0
INSERT
  5
21B
330
17
100
AcDbEntity
  8
AXIS
100
AcDbBlockReference
 66
1
  2
_AXISO
 10
2545465.352700115
 20
-12478.19611675898
 30
0.0
 41
-800.0
 42
800.0
 43
800.0
 50
180.0
  0
ATTRIB
  5
21C
330
21B
100
AcDbEntity
  8
AXIS_TEXT
100
AcDbText
 10
2545239.078530135
 20
-12704.47028673883
 30
0.0
 40
452.5483399593904
  1
5
  7
COMPLEX
 41
1.500000000001025
 72
5
 11
2545691.626870095
 21
-12704.47028673883
 31
0.0
100
AcDbAttribute
  2
A
 70
0
 71
1
 72
0
 11
2545691.626870095
 21
-12704.47028673883
 31
0.0
  0
SEQEND
  5
21D
330
21B
100
AcDbEntity
  8
AXIS
  0
LINE
  5
21E
330
17
100
AcDbEntity
  8
AXIS
100
AcDbLine
 10
2545465.352700067
 20
-16164.81709110271
 30
0.0
 11
2545465.35270011
 21
-12878.19611675898
 31
0.0
  0
INSERT
  5
21F
330
17
100
AcDbEntity
  8
AXIS
100
AcDbBlockReference
 66
1
  2
_AXISO
 10
2548365.357367738
 20
-12478.19611675909
 30
0.0
 41
-800.0
 42
800.0
 43
800.0
 50
180.0
  0
ATTRIB
  5
220
330
21F
100
AcDbEntity
  8
AXIS_TEXT
100
AcDbText
 10
2548139.083197758
 20
-12704.47028673883
 30
0.0
 40
452.5483399593904
  1
6
  7
COMPLEX
 41
1.500000000001025
 72
5
 11
2548591.631537718
 21
-12704.47028673883
 31
0.0
100
AcDbAttribute
  2
A
 70
0
 71
1
 72
0
 11
2548591.631537718
 21
-12704.47028673883
 31
0.0
  0
SEQEND
  5
221
330
21F
100
AcDbEntity
  8
AXIS
  0
LINE
  5
222
330
17
100
AcDbEntity
  8
AXIS
100
AcDbLine
 10
2548365.35736769
 20
-16164.81709110283
 30
0.0
 11
2548365.357367733
 21
-12878.19611675909
 31
0.0
  0
INSERT
  5
223
330
17
100
AcDbEntity
  8
AXIS
100
AcDbBlockReference
 66
1
  2
_AXISO
 10
2550965.357367738
 20
-12478.19611675898
 30
0.0
 41
-800.0
 42
800.0
 43
800.0
 50
180.0
  0
ATTRIB
  5
224
330
223
100
AcDbEntity
  8
AXIS_TEXT
100
AcDbText
 10
2550739.083197758
 20
-12704.47028673883
 30
0.0
 40
452.5483399593904
  1
8
  7
COMPLEX
 41
1.500000000001025
 72
5
 11
2551191.631537718
 21
-12704.47028673883
 31
0.0
100
AcDbAttribute
  2
A
 70
0
 71
1
 72
0
 11
2551191.631537718
 21
-12704.47028673883
 31
0.0
  0
SEQEND
  5
225
330
223
100
AcDbEntity
  8
AXIS
  0
LINE
  5
226
330
17
100
AcDbEntity
  8
AXIS
100
AcDbLine
 10
2550965.35736769
 20
-16164.81709110271
 30
0.0
 11
2550965.357367733
 21
-12878.19611675898
 31
0.0
  0
INSERT
  5
227
330
17
100
AcDbEntity
  8
AXIS
100
AcDbBlockReference
 66
1
  2
_AXISO
 10
2553865.36203536
 20
-12478.19611675898
 30
0.0
 41
-800.0
 42
800.0
 43
800.0
 50
180.0
  0
ATTRIB
  5
228
330
227
100
AcDbEntity
  8
AXIS_TEXT
100
AcDbText
 10
2553639.08786538
 20
-12704.47028673883
 30
0.0
 40
452.5483399593904
  1
9
  7
COMPLEX
 41
1.500000000001025
 72
5
 11
2554091.63620534
 21
-12704.47028673883
 31
0.0
100
AcDbAttribute
  2
A
 70
0
 71
1
 72
0
 11
2554091.63620534
 21
-12704.47028673883
 31
0.0
  0
SEQEND
  5
229
330
227
100
AcDbEntity
  8
AXIS
  0
LINE
  5
22A
330
17
100
AcDbEntity
  8
AXIS
100
AcDbLine
 10
2553865.362035312
 20
-16164.81709110271
 30
0.0
 11
2553865.362035356
 21
-12878.19611675898
 31
0.0
  0
INSERT
  5
22B
330
17
100
AcDbEntity
  8
AXIS
100
AcDbBlockReference
 66
1
  2
_AXISO
 10
2556265.357367736
 20
-12478.19611675898
 30
0.0
 41
-800.0
 42
800.0
 43
800.0
 50
180.0
  0
ATTRIB
  5
22C
330
22B
100
AcDbEntity
  8
AXIS_TEXT
100
AcDbText
 10
2556039.083197756
 20
-12704.47028673883
 30
0.0
 40
452.5483399593904
  1
10
  7
COMPLEX
 41
0.7241379310349777
 72
5
 11
2556491.631537715
 21
-12704.47028673883
 31
0.0
100
AcDbAttribute
  2
A
 70
0
 71
1
 72
0
 11
2556491.631537715
 21
-12704.47028673883
 31
0.0
  0
SEQEND
  5
22D
330
22B
100
AcDbEntity
  8
AXIS
  0
LINE
  5
22E
330
17
100
AcDbEntity
  8
AXIS
100
AcDbLine
 10
2556265.357367688
 20
-16164.81709110271
 30
0.0
 11
2556265.357367731
 21
-12878.19611675898
 31
0.0
  0
LINE
  5
22F
330
17
100
AcDbEntity
  8
AXIS
100
AcDbLine
 10
2559565.362035312
 20
-16164.81709110271
 30
0.0
 11
2559565.362035356
 21
-12878.19611675898
 31
0.0
  0
LINE
  5
230
330
17
100
AcDbEntity
  8
AXIS
100
AcDbLine
 10
2560465.362035312
 20
-16164.81709110271
 30
0.0
 11
2560465.362035356
 21
-12878.19611675898
 31
0.0
  0
LINE
  5
231
330
17
100
AcDbEntity
  8
AXIS
100
AcDbLine
 10
2560765.352700062
 20
-16164.81709110271
 30
0.0
 11
2560765.352700106
 21
-12878.19611675898
 31
0.0
  0
LINE
  5
232
330
17
100
AcDbEntity
  8
AXIS
100
AcDbLine
 10
2561665.352700062
 20
-16164.81709110271
 30
0.0
 11
2561665.352700106
 21
-12878.19611675898
 31
0.0
  0
INSERT
  5
233
330
17
100
AcDbEntity
  8
AXIS
100
AcDbBlockReference
 66
1
  2
_AXISO
 10
2564965.357367735
 20
-12478.19611675898
 30
0.0
 41
-800.0
 42
800.0
 43
800.0
 50
180.0
  0
ATTRIB
  5
234
330
233
100
AcDbEntity
  8
AXIS_TEXT
100
AcDbText
 10
2564739.083197755
 20
-12704.47028673883
 30
0.0
 40
452.5483399593904
  1
17
  7
COMPLEX
 41
0.7241379310349777
 72
5
 11
2565191.631537715
 21
-12704.47028673883
 31
0.0
100
AcDbAttribute
  2
A
 70
0
 71
1
 72
0
 11
2565191.631537715
 21
-12704.47028673883
 31
0.0
  0
SEQEND
  5
235
330
233
100
AcDbEntity
  8
AXIS
  0
LINE
  5
236
330
17
100
AcDbEntity
  8
AXIS
100
AcDbLine
 10
2564965.357367687
 20
-16164.81709110271
 30
0.0
 11
2564965.35736773
 21
-12878.19611675898
 31
0.0
  0
INSERT
  5
237
330
17
100
AcDbEntity
  8
AXIS
100
AcDbBlockReference
 66
1
  2
_AXISO
 10
2567365.35270011
 20
-12478.19611675898
 30
0.0
 41
-800.0
 42
800.0
 43
800.0
 50
180.0
  0
ATTRIB
  5
238
330
237
100
AcDbEntity
  8
AXIS_TEXT
100
AcDbText
 10
2567139.07853013
 20
-12704.47028673883
 30
0.0
 40
452.5483399593904
  1
18
  7
COMPLEX
 41
0.7241379310349776
 72
5
 11
2567591.62687009
 21
-12704.47028673883
 31
0.0
100
AcDbAttribute
  2
A
 70
0
 71
1
 72
0
 11
2567591.62687009
 21
-12704.47028673883
 31
0.0
  0
SEQEND
  5
239
330
237
100
AcDbEntity
  8
AXIS
  0
LINE
  5
23A
330
17
100
AcDbEntity
  8
AXIS
100
AcDbLine
 10
2567365.352700062
 20
-16164.81709110271
 30
0.0
 11
2567365.352700106
 21
-12878.19611675898
 31
0.0
  0
INSERT
  5
23B
330
17
100
AcDbEntity
  8
AXIS
100
AcDbBlockReference
 66
1
  2
_AXISO
 10
2570265.357367733
 20
-12478.19611675898
 30
0.0
 41
-800.0
 42
800.0
 43
800.0
 50
180.0
  0
ATTRIB
  5
23C
330
23B
100
AcDbEntity
  8
AXIS_TEXT
100
AcDbText
 10
2570039.083197753
 20
-12704.47028673883
 30
0.0
 40
452.5483399593904
  1
19
  7
COMPLEX
 41
0.7241379310349776
 72
5
 11
2570491.631537712
 21
-12704.47028673883
 31
0.0
100
AcDbAttribute
  2
A
 70
0
 71
1
 72
0
 11
2570491.631537712
 21
-12704.47028673883
 31
0.0
  0
SEQEND
  5
23D
330
23B
100
AcDbEntity
  8
AXIS
  0
LINE
  5
23E
330
17
100
AcDbEntity
  8
AXIS
100
AcDbLine
 10
2570265.357367685
 20
-16164.81709110271
 30
0.0
 11
2570265.357367728
 21
-12878.19611675898
 31
0.0
  0
INSERT
  5
23F
330
17
100
AcDbEntity
  8
AXIS
100
AcDbBlockReference
 66
1
  2
_AXISO
 10
2572865.357367737
 20
-12478.19611675909
 30
0.0
 41
-800.0
 42
800.0
 43
800.0
 50
180.0
  0
ATTRIB
  5
240
330
23F
100
AcDbEntity
  8
AXIS_TEXT
100
AcDbText
 10
2572639.083197757
 20
-12704.47028673883
 30
0.0
 40
452.5483399593904
  1
21
  7
COMPLEX
 41
0.7241379310349777
 72
5
 11
2573091.631537717
 21
-12704.47028673883
 31
0.0
100
AcDbAttribute
  2
A
 70
0
 71
1
 72
0
 11
2573091.631537717
 21
-12704.47028673883
 31
0.0
  0
SEQEND
  5
241
330
23F
100
AcDbEntity
  8
AXIS
  0
LINE
  5
242
330
17
100
AcDbEntity
  8
AXIS
100
AcDbLine
 10
2572865.357367689
 20
-16164.81709110283
 30
0.0
 11
2572865.357367732
 21
-12878.19611675909
 31
0.0
  0
INSERT
  5
243
330
17
100
AcDbEntity
  8
AXIS
100
AcDbBlockReference
 66
1
  2
_AXISO
 10
2577965.357367735
 20
-12478.19611675898
 30
0.0
 41
-800.0
 42
800.0
 43
800.0
 50
180.0
  0
ATTRIB
  5
244
330
243
100
AcDbEntity
  8
AXIS_TEXT
100
AcDbText
 10
2577739.083197755
 20
-12704.47028673883
 30
0.0
 40
452.5483399593904
  1
23
  7
COMPLEX
 41
0.6176470588239515
 72
5
 11
2578191.631537715
 21
-12704.47028673883
 31
0.0
100
AcDbAttribute
  2
A
 70
0
 71
1
 72
0
 11
2578191.631537715
 21
-12704.47028673883
 31
0.0
  0
SEQEND
  5
245
330
243
100
AcDbEntity
  8
AXIS
  0
LINE
  5
246
330
17
100
AcDbEntity
  8
AXIS
100
AcDbLine
 10
2577965.357367687
 20
-16164.81709110271
 30
0.0
 11
2577965.35736773
 21
-12878.19611675898
 31
0.0
  0
INSERT
  5
247
330
17
100
AcDbEntity
  8
AXIS
100
AcDbBlockReference
 66
1
  2
_AXISO
 10
2581765.357367718
 20
-12478.19611675898
 30
0.0
 41
-800.0
 42
800.0
 43
800.0
 50
180.0
  0
ATTRIB
  5
248
330
247
100
AcDbEntity
  8
AXIS_TEXT
100
AcDbText
 10
2581539.083197738
 20
-12704.47028673883
 30
0.0
 40
452.5483399593904
  1
24
  7
COMPLEX
 41
0.5833333333337319
 72
5
 11
2581991.631537698
 21
-12704.47028673883
 31
0.0
100
AcDbAttribute
  2
A
 70
0
 71
1
 72
0
 11
2581991.631537698
 21
-12704.47028673883
 31
0.0
  0
SEQEND
  5
249
330
247
100
AcDbEntity
  8
AXIS
  0
LINE
  5
24A
330
17
100
AcDbEntity
  8
AXIS
100
AcDbLine
 10
2581765.35736767
 20
-16164.81709110271
 30
0.0
 11
2581765.357367714
 21
-12878.19611675898
 31
0.0
  0
INSERT
  5
24B
330
17
100
AcDbEntity
  8
AXIS
100
AcDbBlockReference
 66
1
  2
_AXISO
 10
2538865.357367727
 20
-40819.81434332376
 30
0.0
 41
800.0
 42
800.0
 43
800.0
  0
ATTRIB
  5
24C
330
24B
100
AcDbEntity
  8
AXIS_TEXT
100
AcDbText
 10
2538639.083197747
 20
-41046.08851330343
 30
0.0
 40
452.5483399593904
  1
1
  7
_TCH_AXIS
 41
2.333333333334928
 72
5
 11
2539091.631537706
 21
-41046.08851330343
 31
0.0
100
AcDbAttribute
  2
A
 70
0
 71
1
 72
0
 11
2539091.631537706
 21
-41046.08851330343
 31
0.0
  0
SEQEND
  5
24D
330
24B
100
AcDbEntity
  8
AXIS
  0
LINE
  5
24E
330
17
100
AcDbEntity
  8
AXIS
100
AcDbLine
 10
2538865.357367679
 20
-37133.19336898002
 30
0.0
 11
2538865.357367722
 21
-40419.81434332376
 31
0.0
  0
INSERT
  5
24F
330
17
100
AcDbEntity
  8
AXIS
100
AcDbBlockReference
 66
1
  2
_AXISO
 10
2542465.357367727
 20
-40819.81434332376
 30
0.0
 41
800.0
 42
800.0
 43
800.0
  0
ATTRIB
  5
250
330
24F
100
AcDbEntity
  8
AXIS_TEXT
100
AcDbText
 10
2542239.083197747
 20
-41046.08851330343
 30
0.0
 40
452.5483399593904
  1
3
  7
COMPLEX
 41
1.500000000001025
 72
5
 11
2542691.631537707
 21
-41046.08851330343
 31
0.0
100
AcDbAttribute
  2
A
 70
0
 71
1
 72
0
 11
2542691.631537707
 21
-41046.08851330343
 31
0.0
  0
SEQEND
  5
251
330
24F
100
AcDbEntity
  8
AXIS
  0
LINE
  5
252
330
17
100
AcDbEntity
  8
AXIS
100
AcDbLine
 10
2542465.357367679
 20
-37133.19336898002
 30
0.0
 11
2542465.357367723
 21
-40419.81434332376
 31
0.0
  0
INSERT
  5
253
330
17
100
AcDbEntity
  8
AXIS
100
AcDbBlockReference
 66
1
  2
_AXISO
 10
2545465.356632133
 20
-40819.81434332364
 30
0.0
 41
800.0
 42
800.0
 43
800.0
  0
ATTRIB
  5
254
330
253
100
AcDbEntity
  8
AXIS_TEXT
100
AcDbText
 10
2545239.082462153
 20
-41046.08851330332
 30
0.0
 40
452.5483399593904
  1
5
  7
COMPLEX
 41
1.500000000001025
 72
5
 11
2545691.630802113
 21
-41046.08851330332
 31
0.0
100
AcDbAttribute
  2
A
 70
0
 71
1
 72
0
 11
2545691.630802113
 21
-41046.08851330332
 31
0.0
  0
SEQEND
  5
255
330
253
100
AcDbEntity
  8
AXIS
  0
LINE
  5
256
330
17
100
AcDbEntity
  8
AXIS
100
AcDbLine
 10
2545465.356632085
 20
-37133.19336897991
 30
0.0
 11
2545465.356632129
 21
-40419.81434332364
 31
0.0
  0
INSERT
  5
257
330
17
100
AcDbEntity
  8
AXIS
100
AcDbBlockReference
 66
1
  2
_AXISO
 10
2549665.357367728
 20
-40819.8143433237
 30
0.0
 41
800.0
 42
800.0
 43
800.0
  0
ATTRIB
  5
258
330
257
100
AcDbEntity
  8
AXIS_TEXT
100
AcDbText
 10
2549439.083197748
 20
-41046.08851330338
 30
0.0
 40
452.5483399593904
  1
7
  7
COMPLEX
 41
1.500000000001025
 72
5
 11
2549891.631537707
 21
-41046.08851330338
 31
0.0
100
AcDbAttribute
  2
A
 70
0
 71
1
 72
0
 11
2549891.631537707
 21
-41046.08851330338
 31
0.0
  0
SEQEND
  5
259
330
257
100
AcDbEntity
  8
AXIS
  0
LINE
  5
25A
330
17
100
AcDbEntity
  8
AXIS
100
AcDbLine
 10
2549665.35736768
 20
-37133.19336897997
 30
0.0
 11
2549665.357367723
 21
-40419.8143433237
 31
0.0
  0
INSERT
  5
25B
330
17
100
AcDbEntity
  8
AXIS
100
AcDbBlockReference
 66
1
  2
_AXISO
 10
2553865.358103315
 20
-40819.81434332382
 30
0.0
 41
800.0
 42
800.0
 43
800.0
  0
ATTRIB
  5
25C
330
25B
100
AcDbEntity
  8
AXIS_TEXT
100
AcDbText
 10
2553639.083933335
 20
-41046.08851330349
 30
0.0
 40
452.5483399593904
  1
9
  7
COMPLEX
 41
1.500000000001025
 72
5
 11
2554091.632273295
 21
-41046.08851330349
 31
0.0
100
AcDbAttribute
  2
A
 70
0
 71
1
 72
0
 11
2554091.632273295
 21
-41046.08851330349
 31
0.0
  0
SEQEND
  5
25D
330
25B
100
AcDbEntity
  8
AXIS
  0
LINE
  5
25E
330
17
100
AcDbEntity
  8
AXIS
100
AcDbLine
 10
2553865.358103267
 20
-37133.19336898008
 30
0.0
 11
2553865.35810331
 21
-40419.81434332382
 31
0.0
  0
INSERT
  5
25F
330
17
100
AcDbEntity
  8
AXIS
100
AcDbBlockReference
 66
1
  2
_AXISO
 10
2556865.357367721
 20
-40819.81434332376
 30
0.0
 41
800.0
 42
800.0
 43
800.0
  0
ATTRIB
  5
260
330
25F
100
AcDbEntity
  8
AXIS_TEXT
100
AcDbText
 10
2556639.083197741
 20
-41046.08851330343
 30
0.0
 40
452.5483399593904
  1
11
  7
COMPLEX
 41
0.8750000000005981
 72
5
 11
2557091.631537701
 21
-41046.08851330343
 31
0.0
100
AcDbAttribute
  2
A
 70
0
 71
1
 72
0
 11
2557091.631537701
 21
-41046.08851330343
 31
0.0
  0
SEQEND
  5
261
330
25F
100
AcDbEntity
  8
AXIS
  0
LINE
  5
262
330
17
100
AcDbEntity
  8
AXIS
100
AcDbLine
 10
2556865.357367673
 20
-37133.19336898002
 30
0.0
 11
2556865.357367717
 21
-40419.81434332376
 31
0.0
  0
LINE
  5
263
330
17
100
AcDbEntity
  8
AXIS
100
AcDbLine
 10
2560465.357367674
 20
-37133.19336898002
 30
0.0
 11
2560465.357367717
 21
-40419.81434332376
 31
0.0
  0
LINE
  5
264
330
17
100
AcDbEntity
  8
AXIS
100
AcDbLine
 10
2560765.357367674
 20
-37133.19336898026
 30
0.0
 11
2560765.357367717
 21
-40419.81434332399
 31
0.0
  0
INSERT
  5
265
330
17
100
AcDbEntity
  8
AXIS
100
AcDbBlockReference
 66
1
  2
_AXISO
 10
2564365.357367723
 20
-40819.81434332376
 30
0.0
 41
800.0
 42
800.0
 43
800.0
  0
ATTRIB
  5
266
330
265
100
AcDbEntity
  8
AXIS_TEXT
100
AcDbText
 10
2564139.083197742
 20
-41046.08851330343
 30
0.0
 40
452.5483399593904
  1
16
  7
COMPLEX
 41
0.7241379310349776
 72
5
 11
2564591.631537702
 21
-41046.08851330343
 31
0.0
100
AcDbAttribute
  2
A
 70
0
 71
1
 72
0
 11
2564591.631537702
 21
-41046.08851330343
 31
0.0
  0
SEQEND
  5
267
330
265
100
AcDbEntity
  8
AXIS
  0
LINE
  5
268
330
17
100
AcDbEntity
  8
AXIS
100
AcDbLine
 10
2564365.357367675
 20
-37133.19336898002
 30
0.0
 11
2564365.357367718
 21
-40419.81434332376
 31
0.0
  0
INSERT
  5
269
330
17
100
AcDbEntity
  8
AXIS
100
AcDbBlockReference
 66
1
  2
_AXISO
 10
2567365.356632129
 20
-40819.81434332382
 30
0.0
 41
800.0
 42
800.0
 43
800.0
  0
ATTRIB
  5
26A
330
269
100
AcDbEntity
  8
AXIS_TEXT
100
AcDbText
 10
2567139.082462149
 20
-41046.08851330349
 30
0.0
 40
452.5483399593904
  1
18
  7
COMPLEX
 41
0.7241379310349776
 72
5
 11
2567591.630802108
 21
-41046.08851330349
 31
0.0
100
AcDbAttribute
  2
A
 70
0
 71
1
 72
0
 11
2567591.630802108
 21
-41046.08851330349
 31
0.0
  0
SEQEND
  5
26B
330
269
100
AcDbEntity
  8
AXIS
  0
LINE
  5
26C
330
17
100
AcDbEntity
  8
AXIS
100
AcDbLine
 10
2567365.356632081
 20
-37133.19336898008
 30
0.0
 11
2567365.356632124
 21
-40419.81434332382
 31
0.0
  0
INSERT
  5
26D
330
17
100
AcDbEntity
  8
AXIS
100
AcDbBlockReference
 66
1
  2
_AXISO
 10
2571565.35736772
 20
-40819.81434332382
 30
0.0
 41
800.0
 42
800.0
 43
800.0
  0
ATTRIB
  5
26E
330
26D
100
AcDbEntity
  8
AXIS_TEXT
100
AcDbText
 10
2571339.08319774
 20
-41046.08851330349
 30
0.0
 40
452.5483399593904
  1
20
  7
COMPLEX
 41
0.6176470588239517
 72
5
 11
2571791.6315377
 21
-41046.08851330349
 31
0.0
100
AcDbAttribute
  2
A
 70
0
 71
1
 72
0
 11
2571791.6315377
 21
-41046.08851330349
 31
0.0
  0
SEQEND
  5
26F
330
26D
100
AcDbEntity
  8
AXIS
  0
LINE
  5
270
330
17
100
AcDbEntity
  8
AXIS
100
AcDbLine
 10
2571565.357367672
 20
-37133.19336898008
 30
0.0
 11
2571565.357367716
 21
-40419.81434332382
 31
0.0
  0
INSERT
  5
271
330
17
100
AcDbEntity
  8
AXIS
100
AcDbBlockReference
 66
1
  2
_AXISO
 10
2574865.358103315
 20
-40819.81434332364
 30
0.0
 41
800.0
 42
800.0
 43
800.0
  0
ATTRIB
  5
272
330
271
100
AcDbEntity
  8
AXIS_TEXT
100
AcDbText
 10
2574639.083933335
 20
-41046.08851330332
 30
0.0
 40
452.5483399593904
  1
22
  7
COMPLEX
 41
0.6176470588239517
 72
5
 11
2575091.632273294
 21
-41046.08851330332
 31
0.0
100
AcDbAttribute
  2
A
 70
0
 71
1
 72
0
 11
2575091.632273294
 21
-41046.08851330332
 31
0.0
  0
SEQEND
  5
273
330
271
100
AcDbEntity
  8
AXIS
  0
LINE
  5
274
330
17
100
AcDbEntity
  8
AXIS
100
AcDbLine
 10
2574865.358103267
 20
-37133.19336897991
 30
0.0
 11
2574865.35810331
 21
-40419.81434332364
 31
0.0
  0
INSERT
  5
275
330
17
100
AcDbEntity
  8
AXIS
100
AcDbBlockReference
 66
1
  2
_AXISO
 10
2578165.357367721
 20
-40819.81434332376
 30
0.0
 41
800.0
 42
800.0
 43
800.0
  0
ATTRIB
  5
276
330
275
100
AcDbEntity
  8
AXIS_TEXT
100
AcDbText
 10
2577939.083197741
 20
-41046.08851330343
 30
0.0
 40
452.5483399593904
  1
23
  7
COMPLEX
 41
0.6176470588239515
 72
5
 11
2578391.6315377
 21
-41046.08851330343
 31
0.0
100
AcDbAttribute
  2
A
 70
0
 71
1
 72
0
 11
2578391.6315377
 21
-41046.08851330343
 31
0.0
  0
SEQEND
  5
277
330
275
100
AcDbEntity
  8
AXIS
  0
LINE
  5
278
330
17
100
AcDbEntity
  8
AXIS
100
AcDbLine
 10
2578165.357367673
 20
-37133.19336898002
 30
0.0
 11
2578165.357367716
 21
-40419.81434332376
 31
0.0
  0
INSERT
  5
279
330
17
100
AcDbEntity
  8
AXIS
100
AcDbBlockReference
 66
1
  2
_AXISO
 10
2581765.357367721
 20
-40819.81434332376
 30
0.0
 41
800.0
 42
800.0
 43
800.0
  0
ATTRIB
  5
27A
330
279
100
AcDbEntity
  8
AXIS_TEXT
100
AcDbText
 10
2581539.083197741
 20
-41046.08851330343
 30
0.0
 40
452.5483399593904
  1
24
  7
COMPLEX
 41
0.583333333333732
 72
5
 11
2581991.631537701
 21
-41046.08851330343
 31
0.0
100
AcDbAttribute
  2
A
 70
0
 71
1
 72
0
 11
2581991.631537701
 21
-41046.08851330343
 31
0.0
  0
SEQEND
  5
27B
330
279
100
AcDbEntity
  8
AXIS
  0
LINE
  5
27C
330
17
100
AcDbEntity
  8
AXIS
100
AcDbLine
 10
2581765.357367673
 20
-37133.19336898002
 30
0.0
 11
2581765.357367717
 21
-40419.81434332376
 31
0.0
  0
INSERT
  5
27D
330
17
100
AcDbEntity
  8
AXIS
100
AcDbBlockReference
 66
1
  2
_AXISO1
 10
2559565.36203536
 20
-12478.19611675898
 30
0.0
 41
800.0
 42
800.0
 43
800.0
 50
269.9999999990001
  0
ATTRIB
  5
27E
330
27D
100
AcDbEntity
  8
AXIS_TEXT
100
AcDbText
 10
2558965.36203536
 20
-12702.19611675118
 30
0.0
 40
448.0000000000001
  1
12
 50
359.9999999998166
  7
COMPLEX
 41
0.6465517241379308
 72
5
 11
2559365.36203536
 21
-12702.19611675246
 31
0.0
100
AcDbAttribute
  2
A
 70
0
 71
1
 72
0
 11
2559365.36203536
 21
-12702.19611675246
 31
0.0
  0
SEQEND
  5
27F
330
27D
100
AcDbEntity
  8
AXIS
  0
INSERT
  5
280
330
17
100
AcDbEntity
  8
AXIS
100
AcDbBlockReference
 66
1
  2
_AXISO2
 10
2561665.35270011
 20
-12478.19611675898
 30
0.0
 41
800.0
 42
800.0
 43
800.0
 50
269.9999999990001
  0
ATTRIB
  5
281
330
280
100
AcDbEntity
  8
AXIS_TEXT
100
AcDbText
 10
2561865.352700109
 20
-12702.19611676515
 30
0.0
 40
448.0000000000001
  1
15
 50
359.9999999998166
  7
COMPLEX
 41
0.6465517241379312
 72
5
 11
2562265.352700109
 21
-12702.19611676643
 31
0.0
100
AcDbAttribute
  2
A
 70
0
 71
1
 72
0
 11
2562265.352700109
 21
-12702.19611676643
 31
0.0
  0
SEQEND
  5
282
330
280
100
AcDbEntity
  8
AXIS
  0
INSERT
  5
283
330
17
100
AcDbEntity
  8
AXIS
100
AcDbBlockReference
 66
1
  2
_AXISO2
 10
2560765.35270011
 20
-12478.19611675898
 30
0.0
 41
800.0
 42
800.0
 43
800.0
 50
269.9999999990001
  0
ATTRIB
  5
284
330
283
100
AcDbEntity
  8
AXIS_TEXT
100
AcDbText
 10
2560965.352700109
 20
-12702.19611676515
 30
0.0
 40
448.0000000000001
  1
14
 50
359.9999999998166
  7
COMPLEX
 41
0.6048387096774194
 72
5
 11
2561365.352700109
 21
-12702.19611676643
 31
0.0
100
AcDbAttribute
  2
A
 70
0
 71
1
 72
0
 11
2561365.352700109
 21
-12702.19611676643
 31
0.0
  0
SEQEND
  5
285
330
283
100
AcDbEntity
  8
AXIS
  0
INSERT
  5
286
330
17
100
AcDbEntity
  8
AXIS
100
AcDbBlockReference
 66
1
  2
_AXISO1
 10
2560465.36203536
 20
-12478.19611675898
 30
0.0
 41
800.0
 42
800.0
 43
800.0
 50
269.9999999990001
  0
ATTRIB
  5
287
330
286
100
AcDbEntity
  8
AXIS_TEXT
100
AcDbText
 10
2559865.36203536
 20
-12702.19611675118
 30
0.0
 40
448.0000000000001
  1
13
 50
359.9999999998166
  7
COMPLEX
 41
0.6465517241379309
 72
5
 11
2560265.36203536
 21
-12702.19611675246
 31
0.0
100
AcDbAttribute
  2
A
 70
0
 71
1
 72
0
 11
2560265.36203536
 21
-12702.19611675246
 31
0.0
  0
SEQEND
  5
288
330
286
100
AcDbEntity
  8
AXIS
  0
INSERT
  5
289
330
17
100
AcDbEntity
  8
AXIS
100
AcDbBlockReference
 66
1
  2
_AXISO2
 10
2560465.357367722
 20
-40819.81434332376
 30
0.0
 41
800.0
 42
800.0
 43
800.0
 50
90.000000001
  0
ATTRIB
  5
28A
330
289
100
AcDbEntity
  8
AXIS_TEXT
100
AcDbText
 10
2559865.357367723
 20
-41043.81434333115
 30
0.0
 40
448.0000000000001
  1
13
 50
1.834279e-10
 51
1.27e-14
  7
COMPLEX
 41
0.6465517241379309
 72
5
 11
2560265.357367723
 21
-41043.81434332987
 31
0.0
100
AcDbAttribute
  2
A
 70
0
 71
1
 72
0
 11
2560265.357367723
 21
-41043.81434332987
 31
0.0
  0
SEQEND
  5
28B
330
289
100
AcDbEntity
  8
AXIS
  0
INSERT
  5
28C
330
17
100
AcDbEntity
  8
AXIS
100
AcDbBlockReference
 66
1
  2
_AXISO1
 10
2560765.357367722
 20
-40819.81434332399
 30
0.0
 41
800.0
 42
800.0
 43
800.0
 50
90.000000001
  0
ATTRIB
  5
28D
330
28C
100
AcDbEntity
  8
AXIS_TEXT
100
AcDbText
 10
2560965.357367723
 20
-41043.81434331741
 30
0.0
 40
448.0000000000001
  1
14
 50
1.834279e-10
 51
1.27e-14
  7
COMPLEX
 41
0.6048387096774194
 72
5
 11
2561365.357367723
 21
-41043.81434331613
 31
0.0
100
AcDbAttribute
  2
A
 70
0
 71
1
 72
0
 11
2561365.357367723
 21
-41043.81434331613
 31
0.0
  0
SEQEND
  5
28E
330
28C
100
AcDbEntity
  8
AXIS
  0
LINE
  5
28F
330
17
100
AcDbEntity
  8
DOTE
100
AcDbLine
 10
2549665.357367707
 20
-28583.86573607446
 30
0.0
 11
2549665.357367708
 21
-37135.12443592324
 31
0.0
  0
LINE
  5
290
330
17
100
AcDbEntity
  8
DOTE
100
AcDbLine
 10
2583765.357367709
 20
-34583.86573607673
 30
7.2e-15
 11
2537865.357367713
 21
-34583.86573607376
 31
0.0
  0
LINE
  5
291
330
17
100
AcDbEntity
  8
DOTE
100
AcDbLine
 10
2550965.357367708
 20
-28283.86573607452
 30
0.0
 11
2550965.357367712
 21
-16525.98445333634
 31
0.0
  0
LINE
  5
292
330
17
100
AcDbEntity
  8
DOTE
100
AcDbLine
 10
2556265.357367711
 20
-27083.86573607498
 30
0.0
 11
2556265.357367707
 21
-16525.98445333634
 31
0.0
  0
LINE
  5
293
330
17
100
AcDbEntity
  8
DOTE
100
AcDbLine
 10
2560465.360643056
 20
-22583.86573607516
 30
0.0
 11
2537865.357367713
 21
-22583.86573607347
 31
0.0
  0
LINE
  5
294
330
17
100
AcDbEntity
  8
DOTE
100
AcDbLine
 10
2559565.357367709
 20
-28283.86573607486
 30
0.0
 11
2559565.357367709
 21
-16525.98445333628
 31
0.0
  0
LINE
  5
295
330
17
100
AcDbEntity
  8
DOTE
100
AcDbLine
 10
2560465.357367709
 20
-28283.86573607498
 30
0.0
 11
2550965.357367708
 21
-28283.86573607277
 31
0.0
  0
LINE
  5
296
330
17
100
AcDbEntity
  8
DOTE
100
AcDbLine
 10
2553865.357367707
 20
-36835.1244359233
 30
0.0
 11
2553865.357367712
 21
-16525.9844533364
 31
0.0
  0
LINE
  5
297
330
17
100
AcDbEntity
  8
DOTE
100
AcDbLine
 10
2560465.35802301
 20
-34283.86573607469
 30
0.0
 11
2537865.357367713
 21
-34283.86573607597
 31
0.0
  0
LINE
  5
298
330
17
100
AcDbEntity
  8
DOTE
100
AcDbLine
 10
2542465.357367718
 20
-36835.1244359233
 30
-1.86558e-11
 11
2542465.357367705
 21
-28283.86573608412
 31
9.26295e-11
  0
LINE
  5
299
330
17
100
AcDbEntity
  8
DOTE
100
AcDbLine
 10
2538865.357367714
 20
-16525.98445333628
 30
0.0
 11
2538865.357367713
 21
-36835.12443592324
 31
0.0
  0
LINE
  5
29A
330
17
100
AcDbEntity
  8
DOTE
100
AcDbLine
 10
2548365.357367715
 20
-28283.86573607452
 30
0.0
 11
2548365.35736771
 21
-16525.98445333634
 31
0.0
  0
LINE
  5
29B
330
17
100
AcDbEntity
  8
DOTE
100
AcDbLine
 10
2563765.357367709
 20
-23483.86573607475
 30
0.0
 11
2561665.357367709
 21
-23483.86573607486
 31
0.0
  0
LINE
  5
29C
330
17
100
AcDbEntity
  8
DOTE
100
AcDbLine
 10
2543065.357367711
 20
-27083.86573607498
 30
0.0
 11
2543065.357367715
 21
-16525.98445333634
 31
0.0
  0
LINE
  5
29D
330
17
100
AcDbEntity
  8
DOTE
100
AcDbLine
 10
2539765.357367714
 20
-28283.86573607486
 30
0.0
 11
2539765.357367713
 21
-16525.98445333628
 31
0.0
  0
LINE
  5
29E
330
17
100
AcDbEntity
  8
DOTE
100
AcDbLine
 10
2537865.357367714
 20
-28283.8657360751
 30
0.0
 11
2548265.357367711
 21
-28283.86573609396
 31
0.0
  0
LINE
  5
29F
330
17
100
AcDbEntity
  8
DOTE
100
AcDbLine
 10
2548365.357367715
 20
-28283.86573607428
 30
0.0
 11
2550965.357367708
 21
-28283.86573607411
 31
0.0
  0
LINE
  5
2A0
330
17
100
AcDbEntity
  8
DOTE
100
AcDbLine
 10
2545465.357367715
 20
-36835.1244359233
 30
0.0
 11
2545465.357367712
 21
-16525.9844533364
 31
0.0
  0
LINE
  5
2A1
330
17
100
AcDbEntity
  8
DOTE
100
AcDbLine
 10
2537865.357367714
 20
-29983.86573607568
 30
0.0
 11
2560465.358942325
 21
-29983.86573609233
 31
8.40069e-11
  0
LINE
  5
2A2
330
17
100
AcDbEntity
  8
DOTE
100
AcDbLine
 10
2543065.357367711
 20
-27083.86573607481
 30
-1.1171e-12
 11
2545465.357367713
 21
-27083.86573607481
 31
-5.08e-14
  0
LINE
  5
2A3
330
17
100
AcDbEntity
  8
DOTE
100
AcDbLine
 10
2541865.357367714
 20
-28283.86573607475
 30
0.0
 11
2541865.357367714
 21
-26483.86573607481
 31
0.0
  0
LINE
  5
2A4
330
17
100
AcDbEntity
  8
DOTE
100
AcDbLine
 10
2537858.568214031
 20
-26483.86573607486
 30
0.0
 11
2560465.359746724
 21
-26483.86573607469
 31
0.0
  0
LINE
  5
2A5
330
17
100
AcDbEntity
  8
DOTE
100
AcDbLine
 10
2571565.35736771
 20
-25583.86573607452
 30
0.0
 11
2571565.35736771
 21
-37135.1244359233
 31
0.0
  0
LINE
  5
2A6
330
17
100
AcDbEntity
  8
DOTE
100
AcDbLine
 10
2564365.357367716
 20
-36835.1244359233
 30
-6.33848e-11
 11
2564365.3573677
 21
-25283.86573607428
 31
9.25806e-11
  0
LINE
  5
2A7
330
17
100
AcDbEntity
  8
DOTE
100
AcDbLine
 10
2560765.358574598
 20
-31583.86573607521
 30
3.6e-15
 11
2583765.357367708
 21
-31583.8657360737
 31
7.2e-15
  0
LINE
  5
2A8
330
17
100
AcDbEntity
  8
DOTE
100
AcDbLine
 10
2570265.35736771
 20
-25283.86573607452
 30
0.0
 11
2570265.357367708
 21
-16525.98445333628
 31
0.0
  0
LINE
  5
2A9
330
17
100
AcDbEntity
  8
DOTE
100
AcDbLine
 10
2564965.357367706
 20
-24083.86573607498
 30
0.0
 11
2564965.357367709
 21
-16525.98445333634
 31
0.0
  0
LINE
  5
2AA
330
17
100
AcDbEntity
  8
DOTE
100
AcDbLine
 10
2537865.357367713
 20
-19583.86573607498
 30
0.0
 11
2583810.970356765
 21
-19583.86573607481
 31
7.2e-15
  0
LINE
  5
2AB
330
17
100
AcDbEntity
  8
DOTE
100
AcDbLine
 10
2561665.357367709
 20
-25283.86573607486
 30
0.0
 11
2561665.352700081
 21
-16525.98445337475
 31
0.0
  0
LINE
  5
2AC
330
17
100
AcDbEntity
  8
DOTE
100
AcDbLine
 10
2560765.360022519
 20
-25283.86573607492
 30
-1.445e-12
 11
2564465.3573677
 21
-25283.86573607422
 31
9.39308e-11
  0
LINE
  5
2AD
330
17
100
AcDbEntity
  8
DOTE
100
AcDbLine
 10
2567365.35736771
 20
-36835.1244359233
 30
0.0
 11
2567365.357367707
 21
-16525.9844533364
 31
0.0
  0
LINE
  5
2AE
330
17
100
AcDbEntity
  8
DOTE
100
AcDbLine
 10
2560765.359631811
 20
-26983.86573607574
 30
9.19968e-11
 11
2583765.357367708
 21
-26983.86573607516
 31
7.2e-15
  0
LINE
  5
2AF
330
17
100
AcDbEntity
  8
DOTE
100
AcDbLine
 10
2564965.354329811
 20
-24083.86573607498
 30
1.01294e-10
 11
2567365.357367708
 21
-24083.86573607498
 31
9.03179e-11
  0
LINE
  5
2B0
330
17
100
AcDbEntity
  8
DOTE
100
AcDbLine
 10
2563765.357367709
 20
-25283.86573607475
 30
0.0
 11
2563765.357367709
 21
-23483.86573607475
 31
0.0
  0
LINE
  5
2B1
330
17
100
AcDbEntity
  8
DOTE
100
AcDbLine
 10
2560465.360482176
 20
-23283.86573607498
 30
0.0
 11
2537865.357367713
 21
-23283.86573607626
 31
0.0
  0
LINE
  5
2B2
330
17
100
AcDbEntity
  8
DOTE
100
AcDbLine
 10
2560765.358712495
 20
-31283.86573607452
 30
3.6e-15
 11
2583765.357367708
 21
-31283.86573607609
 31
7.2e-15
  0
LINE
  5
2B3
330
17
100
AcDbEntity
  8
DOTE
100
AcDbLine
 10
2578165.357367702
 20
-36835.1244359233
 30
-6.33848e-11
 11
2578165.357367717
 21
-25283.86573607475
 31
9.39308e-11
  0
LINE
  5
2B4
330
17
100
AcDbEntity
  8
DOTE
100
AcDbLine
 10
2581765.357367708
 20
-31583.86573607521
 30
0.0
 11
2578165.357367708
 21
-31583.86573607498
 31
0.0
  0
LINE
  5
2B5
330
17
100
AcDbEntity
  8
DOTE
100
AcDbLine
 10
2581765.357367708
 20
-16525.98445333634
 30
0.0
 11
2581765.357367708
 21
-36835.1244359233
 31
0.0
  0
LINE
  5
2B6
330
17
100
AcDbEntity
  8
DOTE
100
AcDbLine
 10
2572865.357367707
 20
-25283.86573607452
 30
0.0
 11
2572865.35736771
 21
-16525.98445333628
 31
0.0
  0
LINE
  5
2B7
330
17
100
AcDbEntity
  8
DOTE
100
AcDbLine
 10
2560765.361171662
 20
-20283.86573607329
 30
3.6e-15
 11
2583765.357367708
 21
-20283.86573607562
 31
7.2e-15
  0
LINE
  5
2B8
330
17
100
AcDbEntity
  8
DOTE
100
AcDbLine
 10
2583765.357367709
 20
-25283.8657360751
 30
7.2e-15
 11
2578165.357367717
 21
-25283.86573608103
 31
3.14774e-11
  0
LINE
  5
2B9
330
17
100
AcDbEntity
  8
DOTE
100
AcDbLine
 10
2574865.357367708
 20
-36835.1244359233
 30
0.0
 11
2574865.35736771
 21
-16525.98445333628
 31
0.0
  0
LINE
  5
2BA
330
17
100
AcDbEntity
  8
DOTE
100
AcDbLine
 10
2574865.357367709
 20
-23883.86573607475
 30
3.1179e-12
 11
2572865.357367708
 21
-23883.86573607475
 31
-5.92392e-11
  0
LINE
  5
2BB
330
17
100
AcDbEntity
  8
DOTE
100
AcDbLine
 10
2571565.357367708
 20
-27383.86573607452
 30
0.0
 11
2575197.742726644
 21
-27383.86573607463
 31
0.0
  0
LINE
  5
2BC
330
17
100
AcDbEntity
  8
DOTE
100
AcDbLine
 10
2573665.357367707
 20
-25283.86573607452
 30
0.0
 11
2573665.357367707
 21
-27383.86573607463
 31
0.0
  0
LINE
  5
2BD
330
17
100
AcDbEntity
  8
DOTE
100
AcDbLine
 10
2578165.357367717
 20
-25283.86573607446
 30
0.0
 11
2564465.3573677
 21
-25283.86573607452
 31
0.0
  0
LINE
  5
2BE
330
17
100
AcDbEntity
  8
DOTE
100
AcDbLine
 10
2577965.357367709
 20
-23583.86573607452
 30
9.3e-15
 11
2577965.357367709
 21
-16525.98445333628
 31
-1.05e-14
  0
LINE
  5
2BF
330
17
100
AcDbEntity
  8
DOTE
100
AcDbLine
 10
2577965.35736771
 20
-20283.86573607498
 30
0.0
 11
2578665.357367709
 21
-19583.86573607481
 31
0.0
  0
LINE
  5
2C0
330
17
100
AcDbEntity
  8
DOTE
100
AcDbLine
 10
2582765.357367709
 20
-23083.86573607475
 30
-4.1e-15
 11
2582765.357367709
 21
-16525.98445333628
 31
-1.05e-14
  0
LINE
  5
2C1
330
17
100
AcDbEntity
  8
TEXT
100
AcDbLine
 10
2563807.115898606
 20
-43359.9930894255
 30
0.0
 11
2556064.767286543
 21
-43359.9930894255
 31
0.0
  0
LWPOLYLINE
  5
2C2
330
17
100
AcDbEntity
  8
TEXT
100
AcDbPolyline
 90
2
 70
0
 43
75.0
 10
2563807.115898606
 20
-43210.16254415678
 10
2556064.767286543
 20
-43210.16254415678
  0
TEXT
  5
2C3
330
17
100
AcDbEntity
  8
TEXT
100
AcDbText
 10
2562332.289064131
 20
-43035.77748067875
 30
0.0
 40
400.0
  1
1:100
  7
H1
100
AcDbText
  0
TEXT
  5
2C4
330
17
100
AcDbEntity
  8
TEXT
100
AcDbText
 10
2556456.893645554
 20
-43038.98939081095
 30
0.0
 40
600.0
  1
一～三层平面图
  7
H1
 41
0.8
100
AcDbText
  0
TEXT
  5
2C5
330
17
100
AcDbEntity
  8
PUB_TEXT
100
AcDbText
 10
2564517.063009138
 20
-42920.24554030644
 30
0.0
 40
300.0
  1
本层建筑面积为:522.86m2
  7
_HZTXT
 41
0.8
100
AcDbText
  0
TEXT
  5
2C6
330
17
100
AcDbEntity
  8
PUB_TEXT
100
AcDbText
 10
2564517.063009138
 20
-43494.87513277808
 30
0.0
 40
300.0
  1
含阳台建筑面积<计半>:36.22m2
  7
_HZTXT
 41
0.8
100
AcDbText
  0
TEXT
  5
2C7
330
17
100
AcDbEntity
  8
PUB_TEXT
100
AcDbText
 10
2556884.549306664
 20
-45403.28636627865
 30
0.0
 40
300.0
  1
4.厨房排气道详03J930-1，2/406；楼板予留洞尺寸300X420；
  7
_HZTXT
 41
0.8
100
AcDbText
  0
TEXT
  5
2C8
330
17
100
AcDbEntity
  8
PUB_TEXT
100
AcDbText
 10
2556880.658642604
 20
-44565.51073159802
 30
0.0
 40
300.0
  1
2.厨房、楼梯间入户平台、卫生间前室低相应楼面标高30，卫生间、阳台、低相应楼面标高50；
  7
_HZTXT
 41
0.8
100
AcDbText
  0
TEXT
  5
2C9
330
17
100
AcDbEntity
  8
PUB_TEXT
100
AcDbText
 10
2556917.594027641
 20
-46264.07793915295
 30
0.0
 40
300.0
  1
5.   表示地漏、雨水口，  表示%%c100PVC雨水管；
  7
_HZTXT
 41
0.8
100
AcDbText
  0
CIRCLE
  5
2CA
330
17
100
AcDbEntity
  8
PUB_TEXT
100
AcDbCircle
 10
2557333.955965697
 20
-46129.40007745381
 30
0.0
 40
75.0
  0
CIRCLE
  5
2CB
330
17
100
AcDbEntity
  8
PUB_TEXT
100
AcDbCircle
 10
2559680.637666004
 20
-46142.52142310317
 30
0.0
 40
75.0
  0
TEXT
  5
2CC
330
17
100
AcDbEntity
  8
PUB_TEXT
100
AcDbText
 10
2555941.589917608
 20
-44098.9834437517
 30
0.0
 40
300.0
  1
说明：
  7
_HZTXT
 41
0.8
100
AcDbText
  0
TEXT
  5
2CD
330
17
100
AcDbEntity
  8
PUB_TEXT
100
AcDbText
 10
2556879.614964912
 20
-44133.70426403941
 30
0.0
 40
300.0
  1
1.柱及构造柱尺寸及定位,墙体拉接详结施；
  7
_HZTXT
 41
0.8
100
AcDbText
  0
TEXT
  5
2CE
330
17
100
AcDbEntity
  8
PUB_TEXT
100
AcDbText
 10
2556879.719371415
 20
-44977.9456717415
 30
0.0
 40
300.0
  1
3.未注明墙垛均为100,靠柱的门可依柱而设；
  7
_HZTXT
 41
0.8
100
AcDbText
  0
HATCH
  5
2CF
330
17
100
AcDbEntity
  8
PUB_TEXT
100
AcDbHatch
 10
0.0
 20
0.0
 30
0.0
210
0.0
220
0.0
230
1.0
  2
ANSI31
 70
0
 71
0
 91
1
 92
7
 72
1
 73
1
 93
2
 10
2557258.955965697
 20
-46129.40007745381
 42
1.0
 10
2557408.955965697
 20
-46129.40007745381
 42
1.0
 97
1
330
13F1E4
 75
0
 76
1
 52
0.0
 41
300.0
 77
0
 78
1
 53
45.0
 43
2054539.124948615
 44
-81968.40666816151
 45
-26.51650429449553
 46
26.51650429449553
 79
0
 47
2.747693409679674
 98
1
 10
2557339.807094638
 20
-46103.28858986101
  0
TEXT
  5
2D0
330
17
100
AcDbEntity
  8
PUB_TEXT
100
AcDbText
 10
2556900.059128919
 20
-47545.91857925605
 30
0.0
 40
300.0
  1
7.阳台排水坡度0.5%坡向地漏。
  7
_HZTXT
 41
0.8
100
AcDbText
  0
TEXT
  5
2D1
330
17
100
AcDbEntity
  8
PUB_TEXT
100
AcDbText
 10
2556889.50812156
 20
-46686.98273985507
 30
0.0
 40
300.0
  1
6.
  7
_HZTXT
 41
0.8
100
AcDbText
  0
TEXT
  5
2D2
330
17
100
AcDbEntity
  8
PUB_TEXT
100
AcDbText
 10
2557364.380917291
 20
-47142.06376240635
 30
0.0
 40
300.0
  1
客厅%%c75空调预留孔、孔底距地面200,距柱边或墙边100；
  7
_HZTXT
 41
0.8
100
AcDbText
  0
TEXT
  5
2D3
330
17
100
AcDbEntity
  8
PUB_TEXT
100
AcDbText
 10
2557347.189820426
 20
-46715.36488021992
 30
0.0
 40
300.0
  1
卧室%%c75空调预留孔、孔底距楼面2000，距柱边或梁边100；
  7
_HZTXT
 41
0.8
100
AcDbText
  0
INSERT
  5
2D4
330
17
100
AcDbEntity
  8
LVTRY
100
AcDbBlockReference
 66
1
  2
U_A30VYQ
 10
2547271.981768058
 20
-24887.6851863034
 30
0.0
 50
90.0000000000031
  0
ATTRIB
  5
2D5
330
2D4
100
AcDbEntity
  8
0
100
AcDbText
 10
2547271.981768058
 20
-24887.6851863034
 30
0.0
 40
0.5
  1
2500
 50
90.0000000000031
100
AcDbAttribute
  2
XSIZE
 70
9
 71
1
 72
0
  0
ATTRIB
  5
2D6
330
2D4
100
AcDbEntity
  8
0
100
AcDbText
 10
2547271.981768058
 20
-24887.6851863034
 30
0.0
 40
0.5
  1
1500
 50
90.0000000000031
100
AcDbAttribute
  2
YSIZE
 70
9
 71
1
 72
0
  0
SEQEND
  5
2D7
330
2D4
100
AcDbEntity
  8
家具
  0
INSERT
  5
2D8
330
17
100
AcDbEntity
  8
LVTRY
100
AcDbBlockReference
 66
1
  2
U_A30VYQ
 10
2576643.52903188
 20
-21930.17556909251
 30
0.0
 50
90.0000000000031
  0
ATTRIB
  5
2D9
330
2D8
100
AcDbEntity
  8
0
100
AcDbText
 10
2576643.52903188
 20
-21930.17556909251
 30
0.0
 40
0.5
  1
2500
 50
90.0000000000031
100
AcDbAttribute
  2
XSIZE
 70
9
 71
1
 72
0
  0
ATTRIB
  5
2DA
330
2D8
100
AcDbEntity
  8
0
100
AcDbText
 10
2576643.52903188
 20
-21930.17556909251
 30
0.0
 40
0.5
  1
1500
 50
90.0000000000031
100
AcDbAttribute
  2
YSIZE
 70
9
 71
1
 72
0
  0
SEQEND
  5
2DB
330
2D8
100
AcDbEntity
  8
家具
  0
DIMENSION
  5
2DC
330
17
100
AcDbEntity
  8
AXIS
100
AcDbDimension
280
0
  3
DIMN
 10
2538765.352700085
 20
-14525.98445333401
 30
0.0
 11
2538380.256476346
 21
-14225.98445333401
 31
0.0
 70
160
 71
5
 42
-1.0
 73
0
 74
0
 75
0
100
AcDbAlignedDimension
 13
2538865.352700085
 23
-16525.98445333634
 33
0.0
 14
2538765.352700085
 24
-16525.98445333634
 34
0.0
 50
0.0
100
AcDbRotatedDimension
  0
DIMENSION
  5
2DD
330
17
100
AcDbEntity
  8
AXIS
100
AcDbDimension
280
0
  3
DIMN
 10
2538765.368226032
 20
-38835.12443592318
 30
0.0
 11
2538815.362796871
 21
-38535.12443592318
 31
0.0
 70
32
 71
5
 42
-1.0
 73
0
 74
0
 75
0
100
AcDbAlignedDimension
 13
2538865.35736771
 23
-36835.1244359233
 33
0.0
 14
2538765.368226032
 24
-36833.65081913251
 34
0.0
 50
0.0
100
AcDbRotatedDimension
  0
DIMENSION
  5
2DE
330
17
100
AcDbEntity
  8
AXIS
100
AcDbDimension
280
0
  3
DIMN
 10
2581864.951567052
 20
-38835.12443592318
 30
0.0
 11
2582242.099599737
 21
-38626.73253328563
 31
0.0
 70
160
 71
5
 42
-1.0
 73
0
 74
0
 75
0
100
AcDbAlignedDimension
 13
2581765.357367673
 23
-37133.19336898002
 33
0.0
 14
2581864.951567052
 24
-37142.19311620534
 34
0.0
 50
0.0
100
AcDbRotatedDimension
  0
LINE
  5
2DF
330
17
100
AcDbEntity
  8
STAIR
100
AcDbLine
 10
2549555.357367714
 20
-25724.62224677124
 30
0.0
 11
2549080.973954578
 21
-25481.60054165003
 31
0.0
  0
LINE
  5
2E0
330
17
100
AcDbEntity
  8
STAIR
100
AcDbLine
 10
2549080.973954578
 20
-25481.60054165003
 30
0.0
 11
2548972.860300194
 21
-25561.04509927175
 31
0.0
  0
LINE
  5
2E1
330
17
100
AcDbEntity
  8
STAIR
100
AcDbLine
 10
2548972.860300194
 20
-25561.04509927175
 30
0.0
 11
2549082.286501111
 21
-25347.44288356969
 31
0.0
  0
LINE
  5
2E2
330
17
100
AcDbEntity
  8
STAIR
100
AcDbLine
 10
2549082.286501111
 20
-25347.44288356969
 30
0.0
 11
2548974.172846727
 21
-25426.88744119142
 31
0.0
  0
LINE
  5
2E3
330
17
100
AcDbEntity
  8
STAIR
100
AcDbLine
 10
2548974.172846727
 20
-25426.88744119142
 30
0.0
 11
2548499.789433592
 21
-25183.86573607021
 31
0.0
  0
LWPOLYLINE
  5
2E4
330
17
100
AcDbEntity
  8
STAIR
100
AcDbPolyline
 90
2
 70
0
 10
2549006.055600542
 20
-25617.59240553994
 10
2549006.055600542
 20
-27106.25051385444
  0
INSERT
  5
2E5
330
17
100
AcDbEntity
  8
STAIR
100
AcDbBlockReference
  2
_ARROW
 10
2549006.055600542
 20
-25617.59240553994
 30
0.0
 41
-400.0
 42
400.0
 43
400.0
 50
270.0
  0
LWPOLYLINE
  5
2E7
330
17
100
AcDbEntity
  8
STAIR
100
AcDbPolyline
 90
4
 70
0
 10
2549006.055600542
 20
-25238.13201825135
 10
2549006.055600542
 20
-23953.80179687217
 10
2550320.357367704
 20
-23953.80179687217
 10
2550320.357367704
 20
-27106.25051385444
  0
INSERT
  5
2E8
330
17
100
AcDbEntity
  8
STAIR
100
AcDbBlockReference
  2
_ARROW
 10
2549006.055600542
 20
-25238.13201825135
 30
0.0
 41
-400.0
 42
400.0
 43
400.0
 50
90.0
  0
TEXT
  5
2EA
330
17
100
AcDbEntity
  8
STAIR
100
AcDbText
 10
2549079.241405333
 20
-27085.28706973349
 30
-4.36557e-11
 40
300.0
  1
上
  7
HZ
100
AcDbText
  0
TEXT
  5
2EB
330
17
100
AcDbEntity
  8
STAIR
100
AcDbText
 10
2549985.897711221
 20
-27138.6807941848
 30
-4.36557e-11
 40
300.0
  1
下
  7
HZ
100
AcDbText
  0
TEXT
  5
2EC
330
17
100
AcDbEntity
  8
STAIR
100
AcDbText
 10
2548918.999116518
 20
-26822.70847338758
 30
-4.36557e-11
 40
300.0
  1
18级@260x161.11
 50
90.0
  7
HZ
100
AcDbText
  0
INSERT
  5
2ED
330
17
100
AcDbEntity
  8
空调
100
AcDbBlockReference
 66
1
  2
U_A95JFC
 10
2548932.031619272
 20
-34119.7904835699
 30
1.368e-13
 41
-1.0
 50
315.0000000000479
  0
ATTRIB
  5
2EE
330
2ED
100
AcDbEntity
  8
0
100
AcDbText
 10
2548932.385172662
 20
-34119.43693017884
 30
1.368e-13
 40
0.5
  1
0
 50
135.0000000000478
  7
DIM_FONT
 41
0.8
100
AcDbAttribute
  2
XSIZE
 70
9
 71
1
 72
0
  0
ATTRIB
  5
2EF
330
2ED
100
AcDbEntity
  8
0
100
AcDbText
 10
2548932.385172662
 20
-34119.43693017884
 30
1.368e-13
 40
0.5
  1
500
 50
135.0000000000478
  7
DIM_FONT
 41
0.8
100
AcDbAttribute
  2
YSIZE
 70
9
 71
1
 72
0
  0
SEQEND
  5
2F0
330
2ED
100
AcDbEntity
  8
空调
  0
LINE
  5
2F1
330
17
100
AcDbEntity
  8
WALL
100
AcDbLine
 10
2540015.35736771
 20
-22683.86573607498
 30
0.0
 11
2539865.352700085
 21
-22683.86573607486
 31
0.0
  0
LINE
  5
2F2
330
17
100
AcDbEntity
  8
WALL
  6
Continuous
100
AcDbLine
 10
2540015.35736771
 20
-22483.86573607504
 30
0.0
 11
2539665.352700086
 21
-22483.86573607486
 31
0.0
  0
LINE
  5
2F3
330
17
100
AcDbEntity
  8
WALL
100
AcDbLine
 10
2540015.35736771
 20
-22683.86573607481
 30
0.0
 11
2540015.35736771
 21
-22483.86573607504
 31
0.0
  0
LINE
  5
2F4
330
17
100
AcDbEntity
  8
空调
100
AcDbLine
 10
2542965.408531268
 20
-21983.86573607766
 30
0.0
 11
2541915.357367716
 21
-21983.86573607481
 31
0.0
  0
LINE
  5
2F5
330
17
100
AcDbEntity
  8
内隔墙
100
AcDbLine
 10
2574965.357367705
 20
-25383.86573607638
 30
0.0
 11
2574965.357367705
 21
-25283.86573607638
 31
-3.3562e-11
  0
LINE
  5
2F6
330
17
100
AcDbEntity
  8
WALL
100
AcDbLine
 10
2578706.778723944
 20
-19683.86573607486
 30
0.0
 11
2579615.318045825
 21
-19683.86573607463
 31
0.0
  0
LINE
  5
2F7
330
17
100
AcDbEntity
  8
WALL
  6
Continuous
100
AcDbLine
 10
2578623.936011468
 20
-19483.86573607481
 30
0.0
 11
2579615.318045825
 21
-19483.86573607486
 31
0.0
  0
LINE
  5
2F8
330
17
100
AcDbEntity
  8
WALL
100
AcDbLine
 10
2582665.35736771
 20
-20566.70844855748
 30
0.0
 11
2582665.35736771
 21
-21204.57641419745
 31
0.0
  0
LINE
  5
2F9
330
17
100
AcDbEntity
  8
WALL
100
AcDbLine
 10
2582865.357367707
 20
-20483.865736079
 30
0.0
 11
2582865.357367708
 21
-21204.57641419757
 31
0.0
  0
LINE
  5
2FA
330
17
100
AcDbEntity
  8
WALL
100
AcDbLine
 10
2580815.318045825
 20
-19683.86573607463
 30
0.0
 11
2581782.51465523
 21
-19683.86573607469
 31
0.0
  0
LINE
  5
2FB
330
17
100
AcDbEntity
  8
WALL
  6
Continuous
100
AcDbLine
 10
2580815.318045825
 20
-19483.86573607486
 30
0.0
 11
2581865.357367704
 21
-19483.86573607486
 31
0.0
  0
INSERT
  5
2FC
330
17
100
AcDbEntity
  8
WINDOW
100
AcDbBlockReference
 66
1
  2
M_B6KVE
 10
2580215.318045825
 20
-19583.86573607475
 30
0.0
 41
1200.0
 42
-199.9999999998254
 43
1200.0
  0
ATTRIB
  5
2FD
330
2FC
100
AcDbEntity
  8
WINDOW_TEXT
100
AcDbText
 10
2580215.318045825
 20
-19183.86573607486
 30
0.0
 40
300.0
  1

  7
SIMPLEX
 41
0.8
 72
4
 11
2580215.318045825
 21
-19183.86573607486
 31
0.0
100
AcDbAttribute
  2
A
 70
9
 71
1
 72
0
 11
2580215.318045825
 21
-19183.86573607486
 31
0.0
  0
SEQEND
  5
2FE
330
2FC
100
AcDbEntity
  8
WINDOW
  0
LINE
  5
2FF
330
17
100
AcDbEntity
  8
WALL
100
AcDbLine
 10
2579615.318045825
 20
-19683.86573607463
 30
0.0
 11
2579615.318045825
 21
-19483.86573607486
 31
0.0
  0
LINE
  5
300
330
17
100
AcDbEntity
  8
WALL
100
AcDbLine
 10
2580815.318045825
 20
-19683.86573607463
 30
0.0
 11
2580815.318045825
 21
-19483.86573607486
 31
0.0
  0
LWPOLYLINE
  5
301
330
17
100
AcDbEntity
  8
WINDOW
100
AcDbPolyline
 90
3
 70
0
 10
2541265.35736771
 20
-35083.86573607486
 10
2539415.35736771
 20
-35083.86573607498
 10
2539415.35736771
 20
-34683.86573607492
  0
LWPOLYLINE
  5
302
330
17
100
AcDbEntity
  8
WINDOW
100
AcDbPolyline
 90
4
 70
0
 10
2541265.35736771
 20
-35033.86573607486
 10
2541265.35736771
 20
-35033.86573607486
 10
2539465.35736771
 20
-35033.86573607498
 10
2539465.35736771
 20
-34683.86573607492
  0
LWPOLYLINE
  5
303
330
17
100
AcDbEntity
  8
WINDOW
100
AcDbPolyline
 90
3
 70
0
 10
2541265.35736771
 20
-35183.86573607486
 10
2539315.357367711
 20
-35183.86573607498
 10
2539315.35736771
 20
-34683.86573607498
  0
LINE
  5
304
330
17
100
AcDbEntity
  8
WALL
100
AcDbLine
 10
2541365.35736771
 20
-35183.86573607486
 30
0.0
 11
2541365.35736771
 21
-34683.86573607498
 31
0.0
  0
LINE
  5
305
330
17
100
AcDbEntity
  8
WALL
100
AcDbLine
 10
2541365.35736771
 20
-35183.86573607486
 30
0.0
 11
2541265.35736771
 21
-35183.86573607486
 31
0.0
  0
LINE
  5
306
330
17
100
AcDbEntity
  8
空调
100
AcDbLine
 10
2563265.357367706
 20
-32183.86573607475
 30
0.0
 11
2564265.357367706
 21
-32183.86573607475
 31
0.0
  0
LWPOLYLINE
  5
307
330
17
100
AcDbEntity
  8
WINDOW
100
AcDbPolyline
 90
3
 70
0
 10
2540015.35736771
 20
-22483.86573607498
 10
2540015.35736771
 20
-22133.86573607492
 10
2541815.35736771
 20
-22133.86573607492
  0
LWPOLYLINE
  5
308
330
17
100
AcDbEntity
  8
WINDOW
100
AcDbPolyline
 90
3
 70
0
 10
2539965.35736771
 20
-22483.86573607498
 10
2539965.35736771
 20
-22083.86573607492
 10
2541815.35736771
 20
-22083.86573607492
  0
LWPOLYLINE
  5
309
330
17
100
AcDbEntity
  8
WINDOW
100
AcDbPolyline
 90
3
 70
0
 10
2539865.35736771
 20
-22483.86573607498
 10
2539865.35736771
 20
-21983.86573607486
 10
2541815.35736771
 20
-21983.86573607492
  0
LWPOLYLINE
  5
30A
330
17
100
AcDbEntity
  8
COLUMN1
100
AcDbPolyline
 90
5
 70
0
 10
2548115.35736771
 20
-23183.86573607062
 10
2548465.35736771
 20
-23183.86573607062
 10
2548465.35736771
 20
-23583.86573607062
 10
2548115.35736771
 20
-23583.86573607062
 10
2548115.35736771
 20
-23183.86573607062
  0
HATCH
  5
30B
330
17
100
AcDbEntity
  8
COLUMN
100
AcDbHatch
 10
0.0
 20
0.0
 30
-3.28758e-11
210
0.0
220
0.0
230
1.0
  2
SOLID
 70
1
 71
0
 91
1
 92
1
 93
4
 72
1
 10
2548115.35736771
 20
-23183.86573607062
 11
2548465.35736771
 21
-23183.86573607062
 72
1
 10
2548465.35736771
 20
-23183.86573607062
 11
2548465.35736771
 21
-23583.86573607062
 72
1
 10
2548465.35736771
 20
-23583.86573607062
 11
2548115.35736771
 21
-23583.86573607062
 72
1
 10
2548115.35736771
 20
-23583.86573607062
 11
2548115.35736771
 21
-23183.86573607062
 97
1
330
13F224
 75
0
 76
1
 98
1
 10
-500323.607979273
 20
429749.0835739077
  0
LWPOLYLINE
  5
30C
330
17
100
AcDbEntity
  8
COLUMN1
100
AcDbPolyline
 90
5
 70
0
 10
2548115.357367702
 20
-27983.8657360854
 10
2548465.357367702
 20
-27983.8657360854
 10
2548465.357367702
 20
-28383.8657360854
 10
2548115.357367702
 20
-28383.8657360854
 10
2548115.357367702
 20
-27983.8657360854
  0
HATCH
  5
30D
330
17
100
AcDbEntity
  8
COLUMN
100
AcDbHatch
 10
0.0
 20
0.0
 30
-3.28758e-11
210
0.0
220
0.0
230
1.0
  2
SOLID
 70
1
 71
0
 91
1
 92
1
 93
4
 72
1
 10
2548115.357367702
 20
-27983.8657360854
 11
2548465.357367702
 21
-27983.8657360854
 72
1
 10
2548465.357367702
 20
-27983.8657360854
 11
2548465.357367702
 21
-28383.8657360854
 72
1
 10
2548465.357367702
 20
-28383.8657360854
 11
2548115.357367702
 21
-28383.8657360854
 72
1
 10
2548115.357367702
 20
-28383.8657360854
 11
2548115.357367702
 21
-27983.8657360854
 97
1
330
13F226
 75
0
 76
1
 98
1
 10
-500323.6079792818
 20
424949.0835738929
  0
LWPOLYLINE
  5
30E
330
17
100
AcDbEntity
  8
COLUMN1
100
AcDbPolyline
 90
5
 70
0
 10
2551215.357367706
 20
-23183.86573607062
 10
2550865.357367706
 20
-23183.86573607062
 10
2550865.357367706
 20
-23583.86573607062
 10
2551215.357367706
 20
-23583.86573607062
 10
2551215.357367706
 20
-23183.86573607062
  0
HATCH
  5
30F
330
17
100
AcDbEntity
  8
COLUMN
100
AcDbHatch
 10
0.0
 20
0.0
 30
-3.28758e-11
210
0.0
220
0.0
230
1.0
  2
SOLID
 70
1
 71
0
 91
1
 92
1
 93
4
 72
1
 10
2551215.357367706
 20
-23183.86573607062
 11
2550865.357367706
 21
-23183.86573607062
 72
1
 10
2550865.357367706
 20
-23183.86573607062
 11
2550865.357367706
 21
-23583.86573607062
 72
1
 10
2550865.357367706
 20
-23583.86573607062
 11
2551215.357367706
 21
-23583.86573607062
 72
1
 10
2551215.357367706
 20
-23583.86573607062
 11
2551215.357367706
 21
-23183.86573607062
 97
1
330
13F228
 75
0
 76
1
 98
1
 10
5599654.32271469
 20
429749.0835739077
  0
LWPOLYLINE
  5
310
330
17
100
AcDbEntity
  8
COLUMN1
100
AcDbPolyline
 90
5
 70
0
 10
2551215.357367715
 20
-27983.8657360854
 10
2550865.357367715
 20
-27983.8657360854
 10
2550865.357367715
 20
-28383.8657360854
 10
2551215.357367715
 20
-28383.8657360854
 10
2551215.357367715
 20
-27983.8657360854
  0
HATCH
  5
311
330
17
100
AcDbEntity
  8
COLUMN
100
AcDbHatch
 10
0.0
 20
0.0
 30
-3.28758e-11
210
0.0
220
0.0
230
1.0
  2
SOLID
 70
1
 71
0
 91
1
 92
1
 93
4
 72
1
 10
2551215.357367715
 20
-27983.8657360854
 11
2550865.357367715
 21
-27983.8657360854
 72
1
 10
2550865.357367715
 20
-27983.8657360854
 11
2550865.357367715
 21
-28383.8657360854
 72
1
 10
2550865.357367715
 20
-28383.8657360854
 11
2551215.357367715
 21
-28383.8657360854
 72
1
 10
2551215.357367715
 20
-28383.8657360854
 11
2551215.357367715
 21
-27983.8657360854
 97
1
330
13F22A
 75
0
 76
1
 98
1
 10
5599654.322714699
 20
424949.0835738929
  0
LWPOLYLINE
  5
312
330
17
100
AcDbEntity
  8
COLUMN1
100
AcDbPolyline
 90
5
 70
0
 10
2549490.357367708
 20
-33983.86573607498
 10
2549840.357367708
 20
-33983.86573607498
 10
2549840.357367708
 20
-34383.86573607498
 10
2549490.357367708
 20
-34383.86573607498
 10
2549490.357367708
 20
-33983.86573607498
  0
HATCH
  5
313
330
17
100
AcDbEntity
  8
COLUMN
100
AcDbHatch
 10
0.0
 20
0.0
 30
-3.28758e-11
210
0.0
220
0.0
230
1.0
  2
SOLID
 70
1
 71
0
 91
1
 92
1
 93
4
 72
1
 10
2549490.357367708
 20
-33983.86573607498
 11
2549840.357367708
 21
-33983.86573607498
 72
1
 10
2549840.357367708
 20
-33983.86573607498
 11
2549840.357367708
 21
-34383.86573607498
 72
1
 10
2549840.357367708
 20
-34383.86573607498
 11
2549490.357367708
 21
-34383.86573607498
 72
1
 10
2549490.357367708
 20
-34383.86573607498
 11
2549490.357367708
 21
-33983.86573607498
 97
1
330
13F22C
 75
0
 76
1
 98
1
 10
-498948.6079792758
 20
418949.0835739033
  0
LWPOLYLINE
  5
314
330
17
100
AcDbEntity
  8
COLUMN1
100
AcDbPolyline
 90
5
 70
0
 10
2573115.357367712
 20
-20183.86573607073
 10
2572765.357367712
 20
-20183.86573607073
 10
2572765.357367712
 20
-20583.86573607073
 10
2573115.357367712
 20
-20583.86573607073
 10
2573115.357367712
 20
-20183.86573607073
  0
HATCH
  5
315
330
17
100
AcDbEntity
  8
COLUMN
100
AcDbHatch
 10
0.0
 20
0.0
 30
-3.28758e-11
210
0.0
220
0.0
230
1.0
  2
SOLID
 70
1
 71
0
 91
1
 92
1
 93
4
 72
1
 10
2573115.357367712
 20
-20183.86573607073
 11
2572765.357367712
 21
-20183.86573607073
 72
1
 10
2572765.357367712
 20
-20183.86573607073
 11
2572765.357367712
 21
-20583.86573607073
 72
1
 10
2572765.357367712
 20
-20583.86573607073
 11
2573115.357367712
 21
-20583.86573607073
 72
1
 10
2573115.357367712
 20
-20583.86573607073
 11
2573115.357367712
 21
-20183.86573607073
 97
1
330
13F22E
 75
0
 76
1
 98
1
 10
5621554.322714696
 20
432749.0835739076
  0
LWPOLYLINE
  5
316
330
17
100
AcDbEntity
  8
COLUMN1
100
AcDbPolyline
 90
5
 70
0
 10
2573115.357367721
 20
-24983.86573608552
 10
2572765.357367721
 20
-24983.86573608552
 10
2572765.357367721
 20
-25383.86573608552
 10
2573115.357367721
 20
-25383.86573608552
 10
2573115.357367721
 20
-24983.86573608552
  0
HATCH
  5
317
330
17
100
AcDbEntity
  8
COLUMN
100
AcDbHatch
 10
0.0
 20
0.0
 30
-3.28758e-11
210
0.0
220
0.0
230
1.0
  2
SOLID
 70
1
 71
0
 91
1
 92
1
 93
4
 72
1
 10
2573115.357367721
 20
-24983.86573608552
 11
2572765.357367721
 21
-24983.86573608552
 72
1
 10
2572765.357367721
 20
-24983.86573608552
 11
2572765.357367721
 21
-25383.86573608552
 72
1
 10
2572765.357367721
 20
-25383.86573608552
 11
2573115.357367721
 21
-25383.86573608552
 72
1
 10
2573115.357367721
 20
-25383.86573608552
 11
2573115.357367721
 21
-24983.86573608552
 97
1
330
13F230
 75
0
 76
1
 98
1
 10
5621554.322714705
 20
427949.0835738928
  0
LWPOLYLINE
  5
318
330
17
100
AcDbEntity
  8
COLUMN1
100
AcDbPolyline
 90
5
 70
0
 10
2571390.35736771
 20
-30983.86573607556
 10
2571740.35736771
 20
-30983.86573607556
 10
2571740.35736771
 20
-31383.86573607556
 10
2571390.35736771
 20
-31383.86573607556
 10
2571390.35736771
 20
-30983.86573607556
  0
HATCH
  5
319
330
17
100
AcDbEntity
  8
COLUMN
100
AcDbHatch
 10
0.0
 20
0.0
 30
-3.28758e-11
210
0.0
220
0.0
230
1.0
  2
SOLID
 70
1
 71
0
 91
1
 92
1
 93
4
 72
1
 10
2571390.35736771
 20
-30983.86573607556
 11
2571740.35736771
 21
-30983.86573607556
 72
1
 10
2571740.35736771
 20
-30983.86573607556
 11
2571740.35736771
 21
-31383.86573607556
 72
1
 10
2571740.35736771
 20
-31383.86573607556
 11
2571390.35736771
 21
-31383.86573607556
 72
1
 10
2571390.35736771
 20
-31383.86573607556
 11
2571390.35736771
 21
-30983.86573607556
 97
1
330
13F232
 75
0
 76
1
 98
1
 10
-477048.6079792734
 20
421949.0835739027
  0
LWPOLYLINE
  5
31A
330
17
100
AcDbEntity
  8
COLUMN1
100
AcDbPolyline
 90
5
 70
0
 10
2574615.357367704
 20
-30983.86573608016
 10
2574965.357367704
 20
-30983.86573608016
 10
2574965.357367704
 20
-31383.86573608016
 10
2574615.357367704
 20
-31383.86573608016
 10
2574615.357367704
 20
-30983.86573608016
  0
HATCH
  5
31B
330
17
100
AcDbEntity
  8
COLUMN
100
AcDbHatch
 10
0.0
 20
0.0
 30
-1.94571e-11
210
0.0
220
0.0
230
1.0
  2
SOLID
 70
1
 71
0
 91
1
 92
1
 93
4
 72
1
 10
2574615.357367704
 20
-30983.86573608016
 11
2574965.357367704
 21
-30983.86573608016
 72
1
 10
2574965.357367704
 20
-30983.86573608016
 11
2574965.357367704
 21
-31383.86573608016
 72
1
 10
2574965.357367704
 20
-31383.86573608016
 11
2574615.357367704
 21
-31383.86573608016
 72
1
 10
2574615.357367704
 20
-31383.86573608016
 11
2574615.357367704
 21
-30983.86573608016
 97
1
330
13F234
 75
0
 76
1
 98
1
 10
-473823.6079792795
 20
421949.0835738982
  0
LWPOLYLINE
  5
31C
330
17
100
AcDbEntity
  8
COLUMN1
100
AcDbPolyline
 90
5
 70
0
 10
2577965.357367704
 20
-31183.8657361198
 10
2578265.357367704
 20
-31183.8657361198
 10
2578265.357367705
 20
-31683.86573607504
 10
2577965.357367705
 20
-31683.86573607504
 10
2577965.357367704
 20
-31183.8657361198
  0
HATCH
  5
31D
330
17
100
AcDbEntity
  8
COLUMN
100
AcDbHatch
 10
0.0
 20
0.0
 30
-1.94571e-11
210
0.0
220
0.0
230
1.0
  2
SOLID
 70
1
 71
0
 91
1
 92
1
 93
4
 72
1
 10
2577965.357367704
 20
-31183.8657361198
 11
2578265.357367704
 21
-31183.8657361198
 72
1
 10
2578265.357367704
 20
-31183.8657361198
 11
2578265.357367705
 21
-31683.86573607504
 72
1
 10
2578265.357367705
 20
-31683.86573607504
 11
2577965.357367705
 21
-31683.86573607504
 72
1
 10
2577965.357367705
 20
-31683.86573607504
 11
2577965.357367704
 21
-31183.8657361198
 97
1
330
13F236
 75
0
 76
1
 98
1
 10
-470523.6079792785
 20
421949.0835738982
  0
LWPOLYLINE
  5
31E
330
17
100
AcDbEntity
  8
COLUMN1
100
AcDbPolyline
 90
5
 70
0
 10
2577865.357367717
 20
-25183.86573608103
 10
2577865.357367717
 20
-25533.86573608103
 10
2578265.357367717
 20
-25533.86573608103
 10
2578265.357367717
 20
-25183.86573608103
 10
2577865.357367717
 20
-25183.86573608103
  0
HATCH
  5
31F
330
17
100
AcDbEntity
  8
COLUMN
100
AcDbHatch
 10
0.0
 20
0.0
 30
9.11706e-11
210
0.0
220
0.0
230
1.0
  2
SOLID
 70
1
 71
0
 91
1
 92
1
 93
4
 72
1
 10
2577865.357367717
 20
-25183.86573608103
 11
2577865.357367717
 21
-25533.86573608103
 72
1
 10
2577865.357367717
 20
-25533.86573608103
 11
2578265.357367717
 21
-25533.86573608103
 72
1
 10
2578265.357367717
 20
-25533.86573608103
 11
2578265.357367717
 21
-25183.86573608103
 72
1
 10
2578265.357367717
 20
-25183.86573608103
 11
2577865.357367717
 21
-25183.86573608103
 97
1
330
13F238
 75
0
 76
1
 98
1
 10
2124932.408057739
 20
3023255.099610902
  0
LWPOLYLINE
  5
320
330
17
100
AcDbEntity
  8
COLUMN1
100
AcDbPolyline
 90
5
 70
0
 10
2581865.357367705
 20
-25183.86573607481
 10
2581515.357367705
 20
-25183.86573607481
 10
2581515.357367705
 20
-25583.86573607481
 10
2581865.357367705
 20
-25583.86573607481
 10
2581865.357367705
 20
-25183.86573607481
  0
HATCH
  5
321
330
17
100
AcDbEntity
  8
COLUMN
100
AcDbHatch
 10
0.0
 20
0.0
 30
5.96932e-11
210
0.0
220
0.0
230
1.0
  2
SOLID
 70
1
 71
0
 91
1
 92
1
 93
4
 72
1
 10
2581865.357367705
 20
-25183.86573607481
 11
2581515.357367705
 21
-25183.86573607481
 72
1
 10
2581515.357367705
 20
-25183.86573607481
 11
2581515.357367705
 21
-25583.86573607481
 72
1
 10
2581515.357367705
 20
-25583.86573607481
 11
2581865.357367705
 21
-25583.86573607481
 72
1
 10
2581865.357367705
 20
-25583.86573607481
 11
2581865.357367705
 21
-25183.86573607481
 97
1
330
13F23A
 75
0
 76
1
 98
1
 10
5630304.322714688
 20
427749.0835739035
  0
LWPOLYLINE
  5
322
330
17
100
AcDbEntity
  8
COLUMN1
100
AcDbPolyline
 90
5
 70
0
 10
2578215.357367709
 20
-20183.86573606898
 10
2577865.357367709
 20
-20183.86573606898
 10
2577865.357367709
 20
-20583.86573606898
 10
2578215.357367709
 20
-20583.86573606898
 10
2578215.357367709
 20
-20183.86573606898
  0
HATCH
  5
323
330
17
100
AcDbEntity
  8
COLUMN
100
AcDbHatch
 10
0.0
 20
0.0
 30
-3.28701e-11
210
0.0
220
0.0
230
1.0
  2
SOLID
 70
1
 71
0
 91
1
 92
1
 93
4
 72
1
 10
2578215.357367709
 20
-20183.86573606898
 11
2577865.357367709
 21
-20183.86573606898
 72
1
 10
2577865.357367709
 20
-20183.86573606898
 11
2577865.357367709
 21
-20583.86573606898
 72
1
 10
2577865.357367709
 20
-20583.86573606898
 11
2578215.357367709
 21
-20583.86573606898
 72
1
 10
2578215.357367709
 20
-20583.86573606898
 11
2578215.357367709
 21
-20183.86573606898
 97
1
330
13F23C
 75
0
 76
1
 98
1
 10
5626654.322714692
 20
432749.0835739093
  0
LWPOLYLINE
  5
324
330
17
100
AcDbEntity
  8
COLUMN1
100
AcDbPolyline
 90
5
 70
0
 10
2581865.357367705
 20
-19483.86573607486
 10
2581515.357367705
 20
-19483.86573607486
 10
2581515.357367705
 20
-19883.86573607486
 10
2581865.357367705
 20
-19883.86573607486
 10
2581865.357367705
 20
-19483.86573607486
  0
HATCH
  5
325
330
17
100
AcDbEntity
  8
COLUMN
100
AcDbHatch
 10
0.0
 20
0.0
 30
5.96932e-11
210
0.0
220
0.0
230
1.0
  2
SOLID
 70
1
 71
0
 91
1
 92
1
 93
4
 72
1
 10
2581865.357367705
 20
-19483.86573607486
 11
2581515.357367705
 21
-19483.86573607486
 72
1
 10
2581515.357367705
 20
-19483.86573607486
 11
2581515.357367705
 21
-19883.86573607486
 72
1
 10
2581515.357367705
 20
-19883.86573607486
 11
2581865.357367705
 21
-19883.86573607486
 72
1
 10
2581865.357367705
 20
-19883.86573607486
 11
2581865.357367705
 21
-19483.86573607486
 97
1
330
13F23E
 75
0
 76
1
 98
1
 10
5630304.322714688
 20
433449.0835739034
  0
LWPOLYLINE
  5
326
330
17
100
AcDbEntity
  8
COLUMN1
100
AcDbPolyline
 90
5
 70
0
 10
2581865.357367704
 20
-31283.86573607615
 10
2581515.357367704
 20
-31283.86573607615
 10
2581515.357367704
 20
-31683.86573607615
 10
2581865.357367704
 20
-31683.86573607615
 10
2581865.357367704
 20
-31283.86573607615
  0
HATCH
  5
327
330
17
100
AcDbEntity
  8
COLUMN
100
AcDbHatch
 10
0.0
 20
0.0
 30
5.96932e-11
210
0.0
220
0.0
230
1.0
  2
SOLID
 70
1
 71
0
 91
1
 92
1
 93
4
 72
1
 10
2581865.357367704
 20
-31283.86573607615
 11
2581515.357367704
 21
-31283.86573607615
 72
1
 10
2581515.357367704
 20
-31283.86573607615
 11
2581515.357367704
 21
-31683.86573607615
 72
1
 10
2581515.357367704
 20
-31683.86573607615
 11
2581865.357367704
 21
-31683.86573607615
 72
1
 10
2581865.357367704
 20
-31683.86573607615
 11
2581865.357367704
 21
-31283.86573607615
 97
1
330
13F240
 75
0
 76
1
 98
1
 10
5630304.322714688
 20
421649.0835739022
  0
LINE
  5
328
330
17
100
AcDbEntity
  8
内隔墙
100
AcDbLine
 10
2577865.357367717
 20
-26783.86573607428
 30
0.0
 11
2577865.357367717
 21
-26883.86573607428
 31
0.0
  0
LINE
  5
329
330
17
100
AcDbEntity
  8
内隔墙
100
AcDbLine
 10
2577965.357367717
 20
-26783.86573607428
 30
0.0
 11
2577965.357367717
 21
-26883.86573607428
 31
0.0
  0
LINE
  5
32A
330
17
100
AcDbEntity
  8
WALL
100
AcDbLine
 10
2548464.357367711
 20
-34383.86573607492
 30
0.0
 11
2549665.357367708
 21
-34383.86573607504
 31
0.0
  0
LINE
  5
32B
330
17
100
AcDbEntity
  8
LVTRY
100
AcDbLine
 10
2573965.357367704
 20
-23983.86573607452
 30
3.813e-13
 11
2572965.357367705
 21
-23983.86573607446
 31
0.0
  0
LINE
  5
32C
330
17
100
AcDbEntity
  8
LVTRY
100
AcDbLine
 10
2573965.357367704
 20
-23483.86573607452
 30
0.0
 11
2572965.357367705
 21
-23983.86573607446
 31
0.0
  0
LINE
  5
32D
330
17
100
AcDbEntity
  8
LVTRY
100
AcDbLine
 10
2572965.357367704
 20
-23483.86573607452
 30
0.0
 11
2573965.357367704
 21
-23983.86573607452
 31
3.813e-13
  0
LINE
  5
32E
330
17
100
AcDbEntity
  8
LVTRY
100
AcDbLine
 10
2579265.357367705
 20
-25833.86573607452
 30
0.0
 11
2577965.357367717
 21
-25833.8657360744
 31
0.0
  0
LINE
  5
32F
330
17
100
AcDbEntity
  8
LVTRY
100
AcDbLine
 10
2580865.354867704
 20
-25683.86073607533
 30
0.0
 11
2580865.354867704
 21
-25283.86573607871
 31
1.8979e-11
  0
LINE
  5
330
330
17
100
AcDbEntity
  8
DOTE
100
AcDbLine
 10
2537365.357367714
 20
-30383.86573607609
 30
0.0
 11
2541265.357367708
 21
-30383.86573607801
 31
0.0
  0
LINE
  5
331
330
17
100
AcDbEntity
  8
DOTE
100
AcDbLine
 10
2579365.357367714
 20
-27383.86573607527
 30
2.22036e-11
 11
2584265.272588525
 21
-27383.8657360758
 31
0.0
  0
INSERT
  5
332
330
17
100
AcDbEntity
  8
COLUMN
100
AcDbBlockReference
  2
_FZH
 10
2548564.357367711
 20
-36083.86573607446
 30
0.0
 41
200.0
 42
200.0
 43
200.0
  0
LINE
  5
334
330
17
100
AcDbEntity
  8
WALL
100
AcDbLine
 10
2572965.357367703
 20
-24983.8657360744
 30
0.0
 11
2572965.357367703
 21
-25083.8657360744
 31
0.0
  0
LINE
  5
335
330
17
100
AcDbEntity
  8
WALL
100
AcDbLine
 10
2572765.357367703
 20
-24983.8657360744
 30
0.0
 11
2572765.357367703
 21
-25183.86573607457
 31
0.0
  0
LINE
  5
336
330
17
100
AcDbEntity
  8
BALCONY
100
AcDbLine
 10
2542465.357367711
 20
-35183.86573607568
 30
0.0
 11
2542465.35736771
 21
-36083.86573607481
 31
0.0
  0
LINE
  5
337
330
17
100
AcDbEntity
  8
BALCONY
100
AcDbLine
 10
2548565.357367711
 20
-36083.86573607452
 30
0.0
 11
2548565.357367711
 21
-34383.86573607492
 31
0.0
  0
LINE
  5
338
330
17
100
AcDbEntity
  8
BALCONY
100
AcDbLine
 10
2578564.936011468
 20
-19542.8657360755
 30
-5.2e-15
 11
2578564.936011468
 21
-19083.86573607463
 31
3.54e-14
  0
LINE
  5
339
330
17
100
AcDbEntity
  8
BALCONY
100
AcDbLine
 10
2578664.936011468
 20
-19483.86573607481
 30
8.14e-14
 11
2578664.936011468
 21
-18983.86573607469
 31
-1.67e-13
  0
LINE
  5
33A
330
17
100
AcDbEntity
  8
BALCONY
100
AcDbLine
 10
2575865.360405605
 20
-33083.86573607591
 30
0.0
 11
2575865.360405607
 21
-33183.86573607591
 31
0.0
  0
LINE
  5
33B
330
17
100
AcDbEntity
  8
BALCONY
100
AcDbLine
 10
2544465.35736771
 20
-36083.86573607469
 30
0.0
 11
2544465.35736771
 21
-36183.86573607463
 31
0.0
  0
LINE
  5
33C
330
17
100
AcDbEntity
  8
BALCONY
100
AcDbLine
 10
2542365.35736771
 20
-36183.86573607481
 30
0.0
 11
2544465.35736771
 21
-36183.86573607463
 31
0.0
  0
LINE
  5
33D
330
17
100
AcDbEntity
  8
BALCONY
100
AcDbLine
 10
2574865.357367704
 20
-19083.86573607481
 30
2.28e-14
 11
2574865.357367704
 21
-20183.86573607451
 31
0.0
  0
LINE
  5
33E
330
17
100
AcDbEntity
  8
BALCONY
100
AcDbLine
 10
2575965.357367704
 20
-18983.86573607486
 30
3.1e-14
 11
2575965.357367705
 21
-19083.86573607475
 31
3.1e-14
  0
LINE
  5
33F
330
17
100
AcDbEntity
  8
BALCONY
100
AcDbLine
 10
2574765.357367704
 20
-18983.86573607481
 30
3.1e-14
 11
2578664.936011468
 21
-18983.86573607469
 31
-2.701e-13
  0
LINE
  5
340
330
17
100
AcDbEntity
  8
BALCONY
100
AcDbLine
 10
2582965.357367705
 20
-26183.86573607545
 30
0.0
 11
2583065.357367705
 21
-26183.86573607545
 31
0.0
  0
LINE
  5
341
330
17
100
AcDbEntity
  8
BALCONY
100
AcDbLine
 10
2583065.357367705
 20
-26183.86573607545
 30
0.0
 11
2583065.357367705
 21
-27483.86573607545
 31
0.0
  0
LINE
  5
342
330
17
100
AcDbEntity
  8
BALCONY
100
AcDbLine
 10
2581865.357367705
 20
-27483.86573607545
 30
0.0
 11
2583065.357367705
 21
-27483.86573607545
 31
0.0
  0
LINE
  5
343
330
17
100
AcDbEntity
  8
WALL
  6
Continuous
100
AcDbLine
 10
2542965.408531263
 20
-21983.86573607469
 30
0.0
 11
2542965.408531253
 21
-22483.86573607469
 31
0.0
  0
LINE
  5
344
330
17
100
AcDbEntity
  8
WALL
  6
Continuous
100
AcDbLine
 10
2543165.408531256
 20
-21983.86573607469
 30
0.0
 11
2543165.408531257
 21
-22483.86573607481
 31
0.0
  0
LINE
  5
345
330
17
100
AcDbEntity
  8
WALL
  6
Continuous
100
AcDbLine
 10
2543165.408531256
 20
-21983.86573607469
 30
0.0
 11
2542965.408531263
 21
-21983.86573607469
 31
0.0
  0
LINE
  5
346
330
17
100
AcDbEntity
  8
GROUND
100
AcDbLine
 10
2541815.35736771
 20
-22683.86573607492
 30
0.0
 11
2540015.35736771
 21
-22683.86573607498
 31
0.0
  0
LINE
  5
347
330
17
100
AcDbEntity
  8
STAIR
100
AcDbLine
 10
2549775.357367704
 20
-26473.86573607126
 30
0.0
 11
2550865.357367705
 21
-26473.86573607126
 31
0.0
  0
LINE
  5
348
330
17
100
AcDbEntity
  8
STAIR
100
AcDbLine
 10
2549775.357367704
 20
-26203.86573607126
 30
0.0
 11
2550865.357367705
 21
-26203.86573607126
 31
0.0
  0
LINE
  5
349
330
17
100
AcDbEntity
  8
STAIR
100
AcDbLine
 10
2549775.357367704
 20
-25933.86573607126
 30
0.0
 11
2550865.357367705
 21
-25933.86573607126
 31
0.0
  0
LINE
  5
34A
330
17
100
AcDbEntity
  8
STAIR
100
AcDbLine
 10
2549775.357367704
 20
-25663.86573607126
 30
0.0
 11
2550865.357367705
 21
-25663.86573607126
 31
0.0
  0
LINE
  5
34B
330
17
100
AcDbEntity
  8
STAIR
100
AcDbLine
 10
2549775.357367704
 20
-25393.86573607126
 30
0.0
 11
2550865.357367705
 21
-25393.86573607126
 31
0.0
  0
LINE
  5
34C
330
17
100
AcDbEntity
  8
STAIR
100
AcDbLine
 10
2549775.357367704
 20
-25123.86573607126
 30
0.0
 11
2550865.357367705
 21
-25123.86573607126
 31
0.0
  0
LINE
  5
34D
330
17
100
AcDbEntity
  8
STAIR
100
AcDbLine
 10
2549775.357367704
 20
-24853.86573607126
 30
0.0
 11
2550865.357367705
 21
-24853.86573607126
 31
0.0
  0
LINE
  5
34E
330
17
100
AcDbEntity
  8
STAIR
100
AcDbLine
 10
2549775.357367704
 20
-24583.86573607126
 30
0.0
 11
2550865.357367705
 21
-24583.86573607126
 31
0.0
  0
LINE
  5
34F
330
17
100
AcDbEntity
  8
STAIR
100
AcDbLine
 10
2549555.357367714
 20
-26743.86573607126
 30
0.0
 11
2548465.357367713
 21
-26743.86573607126
 31
0.0
  0
LINE
  5
350
330
17
100
AcDbEntity
  8
STAIR
100
AcDbLine
 10
2549555.357367714
 20
-26473.86573607126
 30
0.0
 11
2548465.357367713
 21
-26473.86573607126
 31
0.0
  0
LINE
  5
351
330
17
100
AcDbEntity
  8
STAIR
100
AcDbLine
 10
2549555.357367714
 20
-26203.86573607126
 30
0.0
 11
2548465.357367713
 21
-26203.86573607126
 31
0.0
  0
LINE
  5
352
330
17
100
AcDbEntity
  8
STAIR
100
AcDbLine
 10
2549555.357367714
 20
-25933.86573607126
 30
0.0
 11
2548465.357367713
 21
-25933.86573607126
 31
0.0
  0
LINE
  5
353
330
17
100
AcDbEntity
  8
STAIR
100
AcDbLine
 10
2549555.357367714
 20
-25663.86573607126
 30
0.0
 11
2548465.357367713
 21
-25663.86573607126
 31
0.0
  0
LINE
  5
354
330
17
100
AcDbEntity
  8
STAIR
100
AcDbLine
 10
2549555.357367714
 20
-25393.86573607126
 30
0.0
 11
2548465.357367713
 21
-25393.86573607126
 31
0.0
  0
LINE
  5
355
330
17
100
AcDbEntity
  8
STAIR
100
AcDbLine
 10
2549555.357367714
 20
-25123.86573607126
 30
0.0
 11
2548465.357367713
 21
-25123.86573607126
 31
0.0
  0
LINE
  5
356
330
17
100
AcDbEntity
  8
STAIR
100
AcDbLine
 10
2549555.357367714
 20
-24853.86573607126
 30
0.0
 11
2548465.357367713
 21
-24853.86573607126
 31
0.0
  0
LINE
  5
357
330
17
100
AcDbEntity
  8
STAIR
100
AcDbLine
 10
2549555.357367714
 20
-24583.86573607126
 30
0.0
 11
2548465.357367713
 21
-24583.86573607126
 31
0.0
  0
LINE
  5
358
330
17
100
AcDbEntity
  8
空调
100
AcDbLine
 10
2564865.408531258
 20
-19033.86573607894
 30
0.0
 11
2563815.357367705
 21
-19033.86573607632
 31
0.0
  0
LINE
  5
359
330
17
100
AcDbEntity
  8
空调
100
AcDbLine
 10
2564865.408531264
 20
-18983.86573607865
 30
0.0
 11
2563815.357367711
 21
-18983.86573607579
 31
0.0
  0
LINE
  5
35A
330
17
100
AcDbEntity
  8
LVTRY
100
AcDbLine
 10
2540214.8548316
 20
-28283.86573607498
 30
0.0
 11
2540214.8548316
 21
-28084.04347318574
 31
0.0
  0
CIRCLE
  5
35B
330
17
100
AcDbEntity
  8
LVTRY
100
AcDbCircle
 10
2540214.8548316
 20
-28027.79347318516
 30
0.0
 40
56.25
  0
LINE
  5
35C
330
17
100
AcDbEntity
  8
内隔墙
100
AcDbLine
 10
2545565.35736771
 20
-26483.86573607446
 30
0.0
 11
2545565.357367706
 21
-27183.86573607009
 31
0.0
  0
LINE
  5
35D
330
17
100
AcDbEntity
  8
内隔墙
100
AcDbLine
 10
2545565.357367706
 20
-27183.86573607009
 30
0.0
 11
2544865.357367712
 21
-27183.86573607009
 31
0.0
  0
LINE
  5
35E
330
17
100
AcDbEntity
  8
内隔墙
100
AcDbLine
 10
2543065.357367706
 20
-27083.86573607009
 30
0.0
 11
2543065.357367706
 21
-26483.86573607481
 31
-8.1751e-12
  0
LINE
  5
35F
330
17
100
AcDbEntity
  8
内隔墙
100
AcDbLine
 10
2542965.357367706
 20
-27183.86573607009
 30
0.0
 11
2542965.357367706
 21
-26483.86573607481
 31
-8.1751e-12
  0
LINE
  5
360
330
17
100
AcDbEntity
  8
内隔墙
100
AcDbLine
 10
2545465.357367706
 20
-27083.86573607009
 30
0.0
 11
2544865.357367712
 21
-27083.86573607009
 31
0.0
  0
LINE
  5
361
330
17
100
AcDbEntity
  8
内隔墙
100
AcDbLine
 10
2545465.35736771
 20
-26483.8657360744
 30
0.0
 11
2545465.357367706
 21
-27083.86573607009
 31
0.0
  0
LINE
  5
362
330
17
100
AcDbEntity
  8
内隔墙
100
AcDbLine
 10
2542965.357367706
 20
-26483.86573607475
 30
-8.5467e-12
 11
2542865.357367705
 21
-26483.86573607475
 31
-8.9182e-12
  0
LINE
  5
363
330
17
100
AcDbEntity
  8
内隔墙
100
AcDbLine
 10
2543665.357367712
 20
-27083.86573607009
 30
0.0
 11
2543065.357367706
 21
-27083.86573607009
 31
0.0
  0
LINE
  5
364
330
17
100
AcDbEntity
  8
内隔墙
100
AcDbLine
 10
2543665.357367712
 20
-27183.86573607009
 30
0.0
 11
2542965.357367706
 21
-27183.86573607009
 31
0.0
  0
INSERT
  5
365
330
17
100
AcDbEntity
  8
内隔墙
100
AcDbBlockReference
 66
1
  2
M_A8WDW
 10
2544265.357367712
 20
-27133.86573607009
 30
0.0
 41
1200.0
 42
1200.0
 43
1200.0
 50
180.0
  0
ATTRIB
  5
366
330
365
100
AcDbEntity
  8
WINDOW_TEXT
100
AcDbText
 10
2544265.357367712
 20
-27483.86573607009
 30
0.0
 40
300.0
  1

  7
SIMPLEX
 41
0.8
 72
4
 11
2544265.357367712
 21
-27483.86573607009
 31
0.0
100
AcDbAttribute
  2
A
 70
9
 71
1
 72
0
 11
2544265.357367712
 21
-27483.86573607009
 31
0.0
  0
SEQEND
  5
367
330
365
100
AcDbEntity
  8
WINDOW
  0
LINE
  5
368
330
17
100
AcDbEntity
  8
内隔墙
100
AcDbLine
 10
2544865.357367712
 20
-27083.86573607009
 30
0.0
 11
2544865.357367712
 21
-27183.86573607009
 31
0.0
  0
LINE
  5
369
330
17
100
AcDbEntity
  8
内隔墙
100
AcDbLine
 10
2543665.357367712
 20
-27083.86573607009
 30
0.0
 11
2543665.357367712
 21
-27183.86573607009
 31
0.0
  0
LINE
  5
36A
330
17
100
AcDbEntity
  8
WALL
100
AcDbLine
 10
2541865.35736771
 20
-26583.86573607481
 30
0.0
 11
2541865.35736771
 21
-26483.86573607475
 31
0.0
  0
INSERT
  5
36B
330
17
100
AcDbEntity
  8
WINDOW
100
AcDbBlockReference
 66
1
  2
M_A2ZXL
 10
2541915.35736771
 20
-26933.86573607481
 30
0.0
 41
-700.0
 42
-700.0
 43
700.0
 50
90.0
  0
ATTRIB
  5
36C
330
36B
100
AcDbEntity
  8
WINDOW_TEXT
100
AcDbText
 10
2541565.35736771
 20
-26933.86573607481
 30
0.0
 40
300.0
  1

 50
90.0
  7
SIMPLEX
 41
0.8
 72
4
 11
2541565.35736771
 21
-26933.86573607481
 31
0.0
100
AcDbAttribute
  2
A
 70
9
 71
1
 72
0
 11
2541565.35736771
 21
-26933.86573607481
 31
0.0
  0
SEQEND
  5
36D
330
36B
100
AcDbEntity
  8
WINDOW
  0
LINE
  5
36E
330
17
100
AcDbEntity
  8
WALL
100
AcDbLine
 10
2541865.35736771
 20
-26583.86573607481
 30
0.0
 11
2541965.35736771
 21
-26583.86573607475
 31
-3.11827e-11
  0
LINE
  5
36F
330
17
100
AcDbEntity
  8
WALL
100
AcDbLine
 10
2541865.357367711
 20
-27283.86573607486
 30
0.0
 11
2541965.35736771
 21
-27283.86573607481
 31
0.0
  0
LINE
  5
370
330
17
100
AcDbEntity
  8
GROUND
100
AcDbLine
 10
2541865.35736771
 20
-27283.86573607481
 30
0.0
 11
2541865.35736771
 21
-26583.86573607481
 31
0.0
  0
LINE
  5
371
330
17
100
AcDbEntity
  8
内隔墙
100
AcDbLine
 10
2542865.357367705
 20
-26383.86573607475
 30
-3.03082e-11
 11
2542965.35736771
 21
-26383.86573607475
 31
-2.98633e-11
  0
INSERT
  5
372
330
17
100
AcDbEntity
  8
内隔墙
100
AcDbBlockReference
 66
1
  2
M_A2ZXL
 10
2542415.357367708
 20
-26433.86573607475
 30
-2.16154e-11
 41
-900.0
 42
-900.0
 43
900.0
  0
ATTRIB
  5
373
330
372
100
AcDbEntity
  8
WINDOW_TEXT
100
AcDbText
 10
2542415.357367708
 20
-26083.86573607475
 30
-2.16154e-11
 40
300.0
  1

  7
SIMPLEX
 41
0.8
 72
4
 11
2542415.357367708
 21
-26083.86573607475
 31
-2.16154e-11
100
AcDbAttribute
  2
A
 70
9
 71
1
 72
0
 11
2542415.357367708
 21
-26083.86573607475
 31
-2.16154e-11
  0
SEQEND
  5
374
330
372
100
AcDbEntity
  8
WINDOW
  0
LINE
  5
375
330
17
100
AcDbEntity
  8
内隔墙
100
AcDbLine
 10
2542865.357367705
 20
-26483.86573607475
 30
-8.9182e-12
 11
2542865.357367705
 21
-26383.86573607475
 31
-3.03082e-11
  0
LINE
  5
376
330
17
100
AcDbEntity
  8
WALL
100
AcDbLine
 10
2541965.35736771
 20
-26483.86573607492
 30
-1.22626e-11
 11
2541965.35736771
 21
-26383.86573607481
 31
-3.43125e-11
  0
INSERT
  5
377
330
17
100
AcDbEntity
  8
LVTRY
100
AcDbBlockReference
 66
1
  2
U_A44WKN
 10
2541573.740546895
 20
-28256.41308965505
 30
0.0
 50
3.0376e-12
  0
ATTRIB
  5
378
330
377
100
AcDbEntity
  8
0
100
AcDbText
 10
2541573.740546895
 20
-28256.41308965505
 30
0.0
 40
0.5
  1
0
 50
3.0376e-12
100
AcDbAttribute
  2
XSIZE
 70
9
 71
1
 72
0
  0
ATTRIB
  5
379
330
377
100
AcDbEntity
  8
0
100
AcDbText
 10
2541573.740546895
 20
-28256.41308965505
 30
0.0
 40
0.5
  1
0
 50
3.0376e-12
100
AcDbAttribute
  2
YSIZE
 70
9
 71
1
 72
0
  0
SEQEND
  5
37A
330
377
100
AcDbEntity
  8
LVTRY
  0
LINE
  5
37B
330
17
100
AcDbEntity
  8
WALL
100
AcDbLine
 10
2548265.357367715
 20
-22783.86573607242
 30
0.0
 11
2548465.357367713
 21
-22783.86573607242
 31
0.0
  0
LINE
  5
37C
330
17
100
AcDbEntity
  8
WALL
100
AcDbLine
 10
2548465.357367713
 20
-22783.86573607242
 30
0.0
 11
2548465.357367713
 21
-23183.86573607382
 31
0.0
  0
LINE
  5
37D
330
17
100
AcDbEntity
  8
WALL
100
AcDbLine
 10
2548265.357367715
 20
-23183.86573607382
 30
0.0
 11
2548265.357367715
 21
-22783.86573607242
 31
0.0
  0
LINE
  5
37E
330
17
100
AcDbEntity
  8
WALL
100
AcDbLine
 10
2550865.408531259
 20
-22783.86573607242
 30
0.0
 11
2551065.408531257
 21
-22783.86573607242
 31
0.0
  0
LINE
  5
37F
330
17
100
AcDbEntity
  8
WALL
100
AcDbLine
 10
2551065.408531257
 20
-22783.86573607242
 30
0.0
 11
2551065.408531257
 21
-23183.86573607289
 31
0.0
  0
LINE
  5
380
330
17
100
AcDbEntity
  8
WALL
100
AcDbLine
 10
2550865.408531259
 20
-23183.86573606322
 30
0.0
 11
2550865.408531259
 21
-22783.86573607242
 31
0.0
  0
LINE
  5
381
330
17
100
AcDbEntity
  8
WALL
100
AcDbLine
 10
2550865.40853126
 20
-23383.86573606322
 30
0.0
 11
2550415.382949485
 21
-23383.86573606485
 31
0.0
  0
LINE
  5
382
330
17
100
AcDbEntity
  8
WALL
100
AcDbLine
 10
2548265.35736771
 20
-23383.86573607283
 30
0.0
 11
2547815.357367712
 21
-23383.86573607446
 31
0.0
  0
LINE
  5
383
330
17
100
AcDbEntity
  8
WALL
100
AcDbLine
 10
2548265.357367716
 20
-23183.86573607283
 30
0.0
 11
2547815.357367711
 21
-23183.86573607446
 31
0.0
  0
LINE
  5
384
330
17
100
AcDbEntity
  8
WALL
100
AcDbLine
 10
2548915.382949485
 20
-23383.86573607044
 30
0.0
 11
2548465.35736771
 21
-23383.86573607207
 31
0.0
  0
LINE
  5
385
330
17
100
AcDbEntity
  8
WALL
100
AcDbLine
 10
2548915.382949485
 20
-23183.86573607044
 30
0.0
 11
2548465.357367714
 21
-23183.86573607207
 31
0.0
  0
INSERT
  5
386
330
17
100
AcDbEntity
  8
WINDOW
100
AcDbBlockReference
 66
1
  2
_WBLK
 10
2549665.382949485
 20
-23283.86573606765
 30
0.0
 41
1500.0
 42
200.0
 43
1500.0
 50
180.0
  0
ATTRIB
  5
387
330
386
100
AcDbEntity
  8
WINDOW_TEXT
100
AcDbText
 10
2549665.382949487
 20
-23683.86573606765
 30
0.0
 40
300.0
  1

  7
SIMPLEX
 41
0.8
 72
4
 11
2549665.382949487
 21
-23683.86573606765
 31
0.0
100
AcDbAttribute
  2
A
 70
9
 71
1
 72
0
 11
2549665.382949487
 21
-23683.86573606765
 31
0.0
  0
SEQEND
  5
388
330
386
100
AcDbEntity
  8
WINDOW
  0
LINE
  5
389
330
17
100
AcDbEntity
  8
WALL
100
AcDbLine
 10
2550415.382949485
 20
-23383.86573606491
 30
0.0
 11
2550415.382949485
 21
-23183.86573606491
 31
0.0
  0
LINE
  5
38A
330
17
100
AcDbEntity
  8
WALL
100
AcDbLine
 10
2548915.382949485
 20
-23383.86573607038
 30
0.0
 11
2548915.382949485
 21
-23183.86573607044
 31
0.0
  0
LINE
  5
38B
330
17
100
AcDbEntity
  8
WALL
100
AcDbLine
 10
2572765.357367708
 20
-20383.86573607463
 30
0.0
 11
2572315.357367707
 21
-20383.86573607475
 31
0.0
  0
LINE
  5
38C
330
17
100
AcDbEntity
  8
WALL
100
AcDbLine
 10
2570815.357367707
 20
-20383.86573607521
 30
0.0
 11
2570365.357367706
 21
-20383.86573607533
 31
0.0
  0
LINE
  5
38D
330
17
100
AcDbEntity
  8
WALL
100
AcDbLine
 10
2570815.357367707
 20
-20183.86573607556
 30
0.0
 11
2570365.357367706
 21
-20183.86573607574
 31
0.0
  0
INSERT
  5
38E
330
17
100
AcDbEntity
  8
WINDOW
100
AcDbBlockReference
 66
1
  2
_WBLK
 10
2571565.357367707
 20
-20283.86573607515
 30
0.0
 41
1500.0
 42
199.9999999998835
 43
1500.0
  0
ATTRIB
  5
38F
330
38E
100
AcDbEntity
  8
WINDOW_TEXT
100
AcDbText
 10
2571565.357367707
 20
-19883.86573607521
 30
0.0
 40
300.0
  1

  7
SIMPLEX
 41
0.8
 72
4
 11
2571565.357367707
 21
-19883.86573607521
 31
0.0
100
AcDbAttribute
  2
A
 70
9
 71
1
 72
0
 11
2571565.357367707
 21
-19883.86573607521
 31
0.0
  0
SEQEND
  5
390
330
38E
100
AcDbEntity
  8
WINDOW
  0
LINE
  5
391
330
17
100
AcDbEntity
  8
WALL
100
AcDbLine
 10
2572315.357367707
 20
-20383.86573607475
 30
0.0
 11
2572315.357367707
 21
-20183.86573607486
 31
0.0
  0
LINE
  5
392
330
17
100
AcDbEntity
  8
WALL
100
AcDbLine
 10
2570815.357367707
 20
-20383.86573607515
 30
0.0
 11
2570815.357367707
 21
-20183.86573607556
 31
0.0
  0
LINE
  5
393
330
17
100
AcDbEntity
  8
BALCONY
100
AcDbLine
 10
2542465.35736771
 20
-36083.86573607481
 30
0.0
 11
2548565.357367711
 21
-36083.86573607452
 31
0.0
  0
LINE
  5
394
330
17
100
AcDbEntity
  8
BALCONY
100
AcDbLine
 10
2544465.35736771
 20
-36133.86573607463
 30
0.0
 11
2548615.35736771
 21
-36133.86573607434
 31
0.0
  0
LINE
  5
395
330
17
100
AcDbEntity
  8
BALCONY
100
AcDbLine
 10
2542365.35736771
 20
-36183.86573607475
 30
0.0
 11
2548665.35736771
 21
-36183.8657360744
 31
0.0
  0
LINE
  5
396
330
17
100
AcDbEntity
  8
BALCONY
100
AcDbLine
 10
2548615.35736771
 20
-36133.86573607434
 30
0.0
 11
2548615.357367712
 21
-34383.86573607492
 31
0.0
  0
LINE
  5
397
330
17
100
AcDbEntity
  8
BALCONY
100
AcDbLine
 10
2548665.35736771
 20
-36183.8657360744
 30
0.0
 11
2548665.357367712
 21
-34383.86573607498
 31
0.0
  0
LINE
  5
398
330
17
100
AcDbEntity
  8
BALCONY
100
AcDbLine
 10
2542365.35736771
 20
-35183.86573607475
 30
0.0
 11
2542365.35736771
 21
-36183.86573607475
 31
0.0
  0
LINE
  5
399
330
17
100
AcDbEntity
  8
WALL
100
AcDbLine
 10
2542365.35736771
 20
-35183.86573607568
 30
0.0
 11
2542365.35736771
 21
-34683.86573607504
 31
0.0
  0
LINE
  5
39A
330
17
100
AcDbEntity
  8
WALL
100
AcDbLine
 10
2542465.35736771
 20
-35183.86573607568
 30
0.0
 11
2542465.35736771
 21
-34683.8657360758
 31
0.0
  0
LINE
  5
39B
330
17
100
AcDbEntity
  8
WALL
100
AcDbLine
 10
2542465.35736771
 20
-35183.86573607568
 30
0.0
 11
2542365.35736771
 21
-35183.86573607568
 31
0.0
  0
LINE
  5
39C
330
17
100
AcDbEntity
  8
空调
100
AcDbLine
 10
2541365.35736771
 20
-35133.8657360744
 30
0.0
 11
2542365.35736771
 21
-35133.8657360744
 31
0.0
  0
LINE
  5
39D
330
17
100
AcDbEntity
  8
WALL
100
AcDbLine
 10
2560565.357367649
 20
-34683.86573607521
 30
0.0
 11
2559865.357367649
 21
-34683.86573607521
 31
0.0
  0
LINE
  5
39E
330
17
100
AcDbEntity
  8
WALL
100
AcDbLine
 10
2559465.40853126
 20
-28283.86573607498
 30
0.0
 11
2557465.40853126
 21
-28283.86573607475
 31
0.0
  0
LINE
  5
39F
330
17
100
AcDbEntity
  8
WALL
100
AcDbLine
 10
2557365.40853126
 20
-28183.86573607422
 30
0.0
 11
2556765.40853126
 21
-28183.86573607422
 31
0.0
  0
LINE
  5
3A0
330
17
100
AcDbEntity
  8
WALL
100
AcDbLine
 10
2556365.413198885
 20
-22683.86573607492
 30
0.0
 11
2557515.40853126
 21
-22683.86573607492
 31
0.0
  0
INSERT
  5
3A1
330
17
100
AcDbEntity
  8
内隔墙
100
AcDbBlockReference
 66
1
  2
_DBLK
 10
2556215.40853126
 20
-29933.86573607475
 30
-5.594e-13
 41
900.0
 42
-900.0
 43
900.0
 50
179.999999999997
  0
ATTRIB
  5
3A2
330
3A1
100
AcDbEntity
  8
WINDOW_TEXT
100
AcDbText
 10
2556215.40853126
 20
-30283.86573607475
 30
5.594e-13
 40
300.0
  1

 50
359.9999999999968
  7
SIMPLEX
 41
0.8
 72
4
 11
2556215.40853126
 21
-30283.86573607475
 31
5.594e-13
100
AcDbAttribute
  2
A
 70
9
 71
1
 72
0
 11
2556215.40853126
 21
-30283.86573607475
 31
5.594e-13
  0
SEQEND
  5
3A3
330
3A1
100
AcDbEntity
  8
WINDOW
  0
LINE
  5
3A4
330
17
100
AcDbEntity
  8
WALL
100
AcDbLine
 10
2556765.40853126
 20
-34183.86573607475
 30
0.0
 11
2556115.40853126
 21
-34183.86573607481
 31
0.0
  0
LINE
  5
3A5
330
17
100
AcDbEntity
  8
WALL
100
AcDbLine
 10
2559665.40853126
 20
-28183.86573607486
 30
0.0
 11
2559665.40853126
 21
-22483.86573607498
 31
0.0
  0
LINE
  5
3A6
330
17
100
AcDbEntity
  8
WALL
100
AcDbLine
 10
2559465.40853126
 20
-22683.86573607492
 30
0.0
 11
2559465.40853126
 21
-26383.86573607486
 31
-4.36557e-11
  0
LINE
  5
3A7
330
17
100
AcDbEntity
  8
WALL
100
AcDbLine
 10
2557965.40853126
 20
-34683.86573607498
 30
0.0
 11
2556965.40853126
 21
-34683.86573607504
 31
0.0
  0
LINE
  5
3A8
330
17
100
AcDbEntity
  8
内隔墙
100
AcDbLine
 10
2556665.40853126
 20
-29983.86573607475
 30
0.0
 11
2556665.40853126
 21
-29883.86573607475
 31
0.0
  0
LINE
  5
3A9
330
17
100
AcDbEntity
  8
内隔墙
100
AcDbLine
 10
2553765.40853126
 20
-29883.86573607452
 30
0.0
 11
2555765.40853126
 21
-29883.86573607475
 31
0.0
  0
LINE
  5
3AA
330
17
100
AcDbEntity
  8
内隔墙
100
AcDbLine
 10
2556665.40853126
 20
-29983.86573607475
 30
0.0
 11
2556765.40853126
 21
-29983.86573607475
 31
-1.1187e-12
  0
LINE
  5
3AB
330
17
100
AcDbEntity
  8
内隔墙
100
AcDbLine
 10
2556765.40853126
 20
-34183.86573607475
 30
0.0
 11
2556765.40853126
 21
-29983.86573607475
 31
0.0
  0
LINE
  5
3AC
330
17
100
AcDbEntity
  8
WALL
100
AcDbLine
 10
2556765.408531259
 20
-34683.86573607475
 30
-3.28758e-11
 11
2556765.40853126
 21
-34383.86573607475
 31
6.57516e-11
  0
LINE
  5
3AD
330
17
100
AcDbEntity
  8
内隔墙
100
AcDbLine
 10
2556865.40853126
 20
-28983.86573607428
 30
0.0
 11
2556765.40853126
 21
-28983.86573607428
 31
0.0
  0
INSERT
  5
3AE
330
17
100
AcDbEntity
  8
内隔墙
100
AcDbBlockReference
 66
1
  2
_DBLK
 10
2556815.40853126
 20
-29433.86573607428
 30
0.0
 41
-900.0
 42
900.0
 43
900.0
 50
89.99999999999689
  0
ATTRIB
  5
3AF
330
3AE
100
AcDbEntity
  8
WINDOW_TEXT
100
AcDbText
 10
2556465.40853126
 20
-29433.86573607428
 30
0.0
 40
300.0
  1

 50
89.99999999999692
  7
SIMPLEX
 41
0.8
 72
4
 11
2556465.40853126
 21
-29433.86573607428
 31
0.0
100
AcDbAttribute
  2
A
 70
9
 71
1
 72
0
 11
2556465.40853126
 21
-29433.86573607428
 31
0.0
  0
SEQEND
  5
3B0
330
3AE
100
AcDbEntity
  8
WINDOW
  0
LINE
  5
3B1
330
17
100
AcDbEntity
  8
内隔墙
100
AcDbLine
 10
2556765.40853126
 20
-28983.86573607428
 30
0.0
 11
2556765.40853126
 21
-28183.86573607411
 31
0.0
  0
LINE
  5
3B2
330
17
100
AcDbEntity
  8
内隔墙
100
AcDbLine
 10
2556865.40853126
 20
-28983.86573607428
 30
0.0
 11
2556865.40853126
 21
-28383.86573607475
 31
0.0
  0
LINE
  5
3B3
330
17
100
AcDbEntity
  8
WALL
100
AcDbLine
 10
2557965.40853126
 20
-28383.86573607475
 30
0.0
 11
2556865.40853126
 21
-28383.86573607475
 31
0.0
  0
LINE
  5
3B4
330
17
100
AcDbEntity
  8
GROUND
100
AcDbLine
 10
2559865.40853126
 20
-34483.86573607498
 30
0.0
 11
2558065.40853126
 21
-34483.86573607382
 31
0.0
  0
LINE
  5
3B5
330
17
100
AcDbEntity
  8
WALL
100
AcDbLine
 10
2558065.40853126
 20
-34483.86573607475
 30
0.0
 11
2556865.40853126
 21
-34483.86573607475
 31
0.0
  0
LINE
  5
3B6
330
17
100
AcDbEntity
  8
WALL
100
AcDbLine
 10
2558065.40853126
 20
-35183.86573607486
 30
0.0
 11
2558065.40853126
 21
-34483.86573607475
 31
0.0
  0
LINE
  5
3B7
330
17
100
AcDbEntity
  8
WALL
100
AcDbLine
 10
2559865.40853126
 20
-34683.86573607498
 30
0.0
 11
2559865.40853126
 21
-34483.86573607498
 31
0.0
  0
INSERT
  5
3B8
330
17
100
AcDbEntity
  8
WINDOW
100
AcDbBlockReference
 66
1
  2
_GCBLK
 10
2559565.40853126
 20
-27383.86573607486
 30
-4.36557e-11
 41
-600.0
 42
200.0000000000582
 43
600.0
 50
89.99999999999689
  0
ATTRIB
  5
3B9
330
3B8
100
AcDbEntity
  8
WINDOW_TEXT
100
AcDbText
 10
2559965.40853126
 20
-27383.86573607486
 30
-4.36557e-11
 40
300.0
  1

 50
89.99999999999692
  7
SIMPLEX
 41
0.8
 72
4
 11
2559965.40853126
 21
-27383.86573607486
 31
-4.36557e-11
100
AcDbAttribute
  2
A
 70
9
 71
1
 72
0
 11
2559965.40853126
 21
-27383.86573607486
 31
-4.36557e-11
  0
SEQEND
  5
3BA
330
3B8
100
AcDbEntity
  8
WINDOW
  0
LINE
  5
3BB
330
17
100
AcDbEntity
  8
WALL
100
AcDbLine
 10
2557365.40853126
 20
-28183.86573607475
 30
0.0
 11
2557365.40853126
 21
-28183.86573607422
 31
0.0
  0
LINE
  5
3BC
330
17
100
AcDbEntity
  8
WALL
100
AcDbLine
 10
2557365.40853126
 20
-27283.86573607481
 30
0.0
 11
2557365.40853126
 21
-28183.86573607475
 31
0.0
  0
LINE
  5
3BD
330
17
100
AcDbEntity
  8
WALL
100
AcDbLine
 10
2558065.40853126
 20
-30283.86573607475
 30
0.0
 11
2557965.40853126
 21
-30283.86573607475
 31
0.0
  0
LINE
  5
3BE
330
17
100
AcDbEntity
  8
WALL
100
AcDbLine
 10
2558065.40853126
 20
-29583.86573607475
 30
0.0
 11
2557965.40853126
 21
-29583.86573607475
 31
0.0
  0
INSERT
  5
3BF
330
17
100
AcDbEntity
  8
WINDOW
100
AcDbBlockReference
 66
1
  2
M_A2ZXL
 10
2558015.40853126
 20
-29933.86573607475
 30
0.0
 41
700.0
 42
700.0
 43
700.0
 50
89.99999999999689
  0
ATTRIB
  5
3C0
330
3BF
100
AcDbEntity
  8
WINDOW_TEXT
100
AcDbText
 10
2557665.40853126
 20
-29933.86573607475
 30
0.0
 40
300.0
  1

 50
89.99999999999692
  7
SIMPLEX
 41
0.8
 72
4
 11
2557665.40853126
 21
-29933.86573607475
 31
0.0
100
AcDbAttribute
  2
A
 70
9
 71
1
 72
0
 11
2557665.40853126
 21
-29933.86573607475
 31
0.0
  0
SEQEND
  5
3C1
330
3BF
100
AcDbEntity
  8
WINDOW
  0
LINE
  5
3C2
330
17
100
AcDbEntity
  8
WALL
100
AcDbLine
 10
2557965.40853126
 20
-30283.86573607475
 30
0.0
 11
2557965.40853126
 21
-30483.86573607475
 31
-4.36557e-11
  0
LINE
  5
3C3
330
17
100
AcDbEntity
  8
WALL
100
AcDbLine
 10
2558065.40853126
 20
-30283.86573607475
 30
0.0
 11
2558065.40853126
 21
-30383.86573607475
 31
-4.36557e-11
  0
LINE
  5
3C4
330
17
100
AcDbEntity
  8
WALL
100
AcDbLine
 10
2557365.40853126
 20
-26483.86573607492
 30
-3.74192e-11
 11
2557365.40853126
 21
-26583.86573607475
 31
-3.11827e-11
  0
LINE
  5
3C5
330
17
100
AcDbEntity
  8
WALL
100
AcDbLine
 10
2557465.40853126
 20
-28283.86573607475
 30
0.0
 11
2557465.40853126
 21
-27283.86573607481
 31
0.0
  0
LINE
  5
3C6
330
17
100
AcDbEntity
  8
WALL
100
AcDbLine
 10
2559465.40853126
 20
-26483.86573607486
 30
-4.36557e-11
 11
2559465.40853126
 21
-28283.86573607486
 31
0.0
  0
LINE
  5
3C7
330
17
100
AcDbEntity
  8
WALL
100
AcDbLine
 10
2559465.40853126
 20
-26383.86573607486
 30
-4.36557e-11
 11
2557365.40853126
 21
-26383.86573607475
 31
-3.43125e-11
  0
LINE
  5
3C8
330
17
100
AcDbEntity
  8
WALL
100
AcDbLine
 10
2559465.40853126
 20
-26483.86573607486
 30
-4.36557e-11
 11
2557465.40853126
 21
-26483.86573607475
 31
-4.36557e-11
  0
LINE
  5
3C9
330
17
100
AcDbEntity
  8
WALL
100
AcDbLine
 10
2558065.40853126
 20
-28383.86573607475
 30
0.0
 11
2558065.40853126
 21
-29583.86573607475
 31
0.0
  0
LINE
  5
3CA
330
17
100
AcDbEntity
  8
WALL
100
AcDbLine
 10
2557965.40853126
 20
-28383.86573607475
 30
0.0
 11
2557965.40853126
 21
-29583.86573607475
 31
0.0
  0
LINE
  5
3CB
330
17
100
AcDbEntity
  8
内隔墙
100
AcDbLine
 10
2556865.40853126
 20
-34483.86573607475
 30
0.0
 11
2556865.40853126
 21
-29883.86573607428
 31
0.0
  0
INSERT
  5
3CC
330
17
100
AcDbEntity
  8
LVTRY
100
AcDbBlockReference
 66
1
  2
U_A48XUK
 10
2558465.40853126
 20
-28283.86573607486
 30
0.0
 50
3.0376e-12
  0
ATTRIB
  5
3CD
330
3CC
100
AcDbEntity
  8
0
100
AcDbText
 10
2558465.40853126
 20
-28283.86573607486
 30
0.0
 40
0.5
  1
500
 50
3.0376e-12
  7
DIM_FONT
 41
0.8
100
AcDbAttribute
  2
XSIZE
 70
9
 71
1
 72
0
  0
ATTRIB
  5
3CE
330
3CC
100
AcDbEntity
  8
0
100
AcDbText
 10
2558465.40853126
 20
-28283.86573607486
 30
0.0
 40
0.5
  1
500
 50
3.0376e-12
  7
DIM_FONT
 41
0.8
100
AcDbAttribute
  2
YSIZE
 70
9
 71
1
 72
0
  0
SEQEND
  5
3CF
330
3CC
100
AcDbEntity
  8
LVTRY
  0
INSERT
  5
3D0
330
17
100
AcDbEntity
  8
LVTRY
100
AcDbBlockReference
 66
1
  2
U_A44WKN
 10
2558359.167769517
 20
-28433.86573607486
 30
0.0
 41
-1.0
 50
179.999999999997
  0
ATTRIB
  5
3D1
330
3D0
100
AcDbEntity
  8
0
100
AcDbText
 10
2558359.50110285
 20
-28433.86573607486
 30
0.0
 40
0.5
  1
0
 50
179.999999999997
100
AcDbAttribute
  2
XSIZE
 70
9
 71
1
 72
0
  0
ATTRIB
  5
3D2
330
3D0
100
AcDbEntity
  8
0
100
AcDbText
 10
2558359.50110285
 20
-28433.86573607486
 30
0.0
 40
0.5
  1
0
 50
179.999999999997
100
AcDbAttribute
  2
YSIZE
 70
9
 71
1
 72
0
  0
SEQEND
  5
3D3
330
3D0
100
AcDbEntity
  8
LVTRY
  0
INSERT
  5
3D4
330
17
100
AcDbEntity
  8
LVTRY
100
AcDbBlockReference
 66
1
  2
U_A48XUK
 10
2559059.004473848
 20
-28383.86573607486
 30
0.0
 50
179.999999999997
  0
ATTRIB
  5
3D5
330
3D4
100
AcDbEntity
  8
0
100
AcDbText
 10
2559057.975902419
 20
-28384.36573607486
 30
0.0
 40
0.5
  1
500
 50
359.999999999997
  7
DIM_FONT
 41
0.8
100
AcDbAttribute
  2
XSIZE
 70
9
 71
1
 72
0
  0
ATTRIB
  5
3D6
330
3D4
100
AcDbEntity
  8
0
100
AcDbText
 10
2559057.975902419
 20
-28384.36573607486
 30
0.0
 40
0.5
  1
500
 50
359.999999999997
  7
DIM_FONT
 41
0.8
100
AcDbAttribute
  2
YSIZE
 70
9
 71
1
 72
0
  0
SEQEND
  5
3D7
330
3D4
100
AcDbEntity
  8
LVTRY
  0
LINE
  5
3D8
330
17
100
AcDbEntity
  8
WALL
100
AcDbLine
 10
2560365.40853126
 20
-30383.86573607498
 30
-4.36557e-11
 11
2560365.40853126
 21
-28383.86573607498
 31
-4.1577e-12
  0
LINE
  5
3D9
330
17
100
AcDbEntity
  8
WALL
100
AcDbLine
 10
2560365.40853126
 20
-34483.86573607498
 30
0.0
 11
2560365.40853126
 21
-30483.86573607498
 31
-4.36557e-11
  0
LINE
  5
3DA
330
17
100
AcDbEntity
  8
WALL
100
AcDbLine
 10
2558065.40853126
 20
-30383.86573607521
 30
0.0
 11
2560365.40853126
 21
-30383.86573607545
 31
0.0
  0
LINE
  5
3DB
330
17
100
AcDbEntity
  8
WALL
100
AcDbLine
 10
2557965.40853126
 20
-30483.86573607475
 30
-4.36557e-11
 11
2560365.40853126
 21
-30483.86573607498
 31
-4.36557e-11
  0
LINE
  5
3DC
330
17
100
AcDbEntity
  8
WALL
100
AcDbLine
 10
2560365.40853126
 20
-34483.86573607498
 30
0.0
 11
2559865.40853126
 21
-34483.86573607498
 31
0.0
  0
INSERT
  5
3DD
330
17
100
AcDbEntity
  8
LVTRY
100
AcDbBlockReference
 66
1
  2
M_E4
 10
2560365.40853126
 20
-29183.86823607487
 30
0.0
 41
-1.06667
 42
1.06667
 43
1.06667
 50
270.0000000000031
  0
ATTRIB
  5
3DE
330
3DD
100
AcDbEntity
  8
0
100
AcDbText
 10
2560365.94186626
 20
-29184.19331645582
 30
0.0
 40
0.533335
  1
1500
 50
90.00000000000304
 41
0.8
100
AcDbAttribute
  2
XSIZE
 70
9
 71
1
 72
0
  0
ATTRIB
  5
3DF
330
3DD
100
AcDbEntity
  8
0
100
AcDbText
 10
2560365.94186626
 20
-29184.05109378923
 30
0.0
 40
0.533335
  1
750
 50
90.00000000000304
 41
0.8
100
AcDbAttribute
  2
YSIZE
 70
9
 71
1
 72
0
  0
SEQEND
  5
3E0
330
3DD
100
AcDbEntity
  8
DOTE
  0
LINE
  5
3E1
330
17
100
AcDbEntity
  8
WALL
100
AcDbLine
 10
2560565.40853126
 20
-28183.86573607498
 30
0.0
 11
2560565.40853126
 21
-34683.86573607498
 31
0.0
  0
LINE
  5
3E2
330
17
100
AcDbEntity
  8
WALL
100
AcDbLine
 10
2559665.40853126
 20
-28183.86573607486
 30
0.0
 11
2560565.40853126
 21
-28183.86573607498
 31
0.0
  0
LINE
  5
3E3
330
17
100
AcDbEntity
  8
WALL
100
AcDbLine
 10
2560565.40853126
 20
-34683.86573607521
 30
0.0
 11
2559865.40853126
 21
-34683.86573607521
 31
0.0
  0
LINE
  5
3E4
330
17
100
AcDbEntity
  8
GROUND
100
AcDbLine
 10
2553865.408531256
 20
-24783.86573607446
 30
0.0
 11
2553865.408531255
 21
-26383.86573607446
 31
0.0
  0
INSERT
  5
3E5
330
17
100
AcDbEntity
  8
WINDOW
100
AcDbBlockReference
 66
1
  2
_A0ASA
 10
2553815.408531257
 20
-25583.86573607446
 30
0.0
 41
1600.0
 42
1600.0
 43
1600.0
 50
89.99999999999689
  0
ATTRIB
  5
3E6
330
3E5
100
AcDbEntity
  8
WINDOW_TEXT
100
AcDbText
 10
2554165.408531255
 20
-25583.86573607457
 30
0.0
 40
300.0
  1

 50
269.9999999999969
  7
SIMPLEX
 41
0.8
 72
4
 11
2554165.408531255
 21
-25583.86573607457
 31
0.0
 71
2
100
AcDbAttribute
  2
A
 70
9
 71
1
 72
0
 11
2554165.408531255
 21
-25583.86573607457
 31
0.0
  0
SEQEND
  5
3E7
330
3E5
100
AcDbEntity
  8
WINDOW
  0
LINE
  5
3E8
330
17
100
AcDbEntity
  8
WALL
100
AcDbLine
 10
2553865.408531257
 20
-26383.86573607446
 30
0.0
 11
2553765.40853126
 21
-26383.86573607446
 31
0.0
  0
LINE
  5
3E9
330
17
100
AcDbEntity
  8
WALL
100
AcDbLine
 10
2553765.40853126
 20
-26383.86573607446
 30
0.0
 11
2553765.408531264
 21
-26483.86573607434
 31
0.0
  0
LINE
  5
3EA
330
17
100
AcDbEntity
  8
WALL
100
AcDbLine
 10
2553865.408531257
 20
-26383.86573607446
 30
0.0
 11
2553865.40853126
 21
-26383.86573607452
 31
0.0
  0
LINE
  5
3EB
330
17
100
AcDbEntity
  8
GROUND
100
AcDbLine
 10
2550866.408531259
 20
-34383.86573607521
 30
0.0
 11
2553266.408531259
 21
-34383.86573607533
 31
0.0
  0
LINE
  5
3EC
330
17
100
AcDbEntity
  8
WALL
100
AcDbLine
 10
2553266.40853126
 20
-34183.86573607533
 30
0.0
 11
2553266.408531259
 21
-34383.86573607533
 31
0.0
  0
LINE
  5
3ED
330
17
100
AcDbEntity
  8
WALL
100
AcDbLine
 10
2550866.40853126
 20
-34183.86573607521
 30
0.0
 11
2550866.408531259
 21
-34383.86573607492
 31
0.0
  0
INSERT
  5
3EE
330
17
100
AcDbEntity
  8
WINDOW
100
AcDbBlockReference
 66
1
  2
_A3PAD
 10
2552066.408531259
 20
-34283.86573607521
 30
0.0
 41
-2400.0
 42
2400.0
 43
2400.0
 50
359.9999999999968
  0
ATTRIB
  5
3EF
330
3EE
100
AcDbEntity
  8
WINDOW_TEXT
100
AcDbText
 10
2552066.408531259
 20
-34683.86573607521
 30
0.0
 40
300.0
  1

 50
359.9999999999968
  7
SIMPLEX
 41
0.8
 72
4
 11
2552066.408531259
 21
-34683.86573607521
 31
0.0
100
AcDbAttribute
  2
A
 70
9
 71
1
 72
0
 11
2552066.408531259
 21
-34683.86573607521
 31
0.0
  0
SEQEND
  5
3F0
330
3EE
100
AcDbEntity
  8
WINDOW
  0
LINE
  5
3F1
330
17
100
AcDbEntity
  8
GROUND
100
AcDbLine
 10
2556415.40853126
 20
-34383.86573607475
 30
0.0
 11
2554615.40853126
 21
-34383.86573607463
 31
0.0
  0
LINE
  5
3F2
330
17
100
AcDbEntity
  8
WALL
100
AcDbLine
 10
2554615.40853126
 20
-34183.86573607469
 30
0.0
 11
2554615.40853126
 21
-34383.86573607469
 31
0.0
  0
LINE
  5
3F3
330
17
100
AcDbEntity
  8
WALL
100
AcDbLine
 10
2556115.40853126
 20
-34183.86573607481
 30
0.0
 11
2556115.40853126
 21
-34383.86573607481
 31
0.0
  0
INSERT
  5
3F4
330
17
100
AcDbEntity
  8
WINDOW
100
AcDbBlockReference
 66
1
  2
_A0ASA
 10
2555365.40853126
 20
-34283.86573607475
 30
-9.84159e-11
 41
-1500.0
 42
1500.0
 43
1500.0
 50
179.999999999997
  0
ATTRIB
  5
3F5
330
3F4
100
AcDbEntity
  8
WINDOW_TEXT
100
AcDbText
 10
2555365.40853126
 20
-33883.86573607475
 30
-9.84159e-11
 40
300.0
  1

 50
359.9999999999968
  7
SIMPLEX
 41
0.8
 72
4
 11
2555365.40853126
 21
-33883.86573607475
 31
-9.84159e-11
100
AcDbAttribute
  2
A
 70
9
 71
1
 72
0
 11
2555365.40853126
 21
-33883.86573607475
 31
-9.84159e-11
  0
SEQEND
  5
3F6
330
3F4
100
AcDbEntity
  8
WINDOW
  0
LINE
  5
3F7
330
17
100
AcDbEntity
  8
WALL
100
AcDbLine
 10
2553266.408531259
 20
-34383.86573607545
 30
0.0
 11
2554615.40853126
 21
-34383.86573607469
 31
0.0
  0
LINE
  5
3F8
330
17
100
AcDbEntity
  8
WALL
100
AcDbLine
 10
2554615.40853126
 20
-34183.86573607469
 30
0.0
 11
2553865.40853126
 21
-34183.86573607475
 31
-2.199406e-10
  0
LINE
  5
3F9
330
17
100
AcDbEntity
  8
内隔墙
100
AcDbLine
 10
2555765.40853126
 20
-29983.86573607475
 30
0.0
 11
2555765.40853126
 21
-29883.86573607475
 31
0.0
  0
LINE
  5
3FA
330
17
100
AcDbEntity
  8
内隔墙
100
AcDbLine
 10
2555765.40853126
 20
-29983.86573607475
 30
0.0
 11
2553865.40853126
 21
-29983.86573607452
 31
-3.3562e-11
  0
LINE
  5
3FB
330
17
100
AcDbEntity
  8
内隔墙
100
AcDbLine
 10
2556665.40853126
 20
-29883.86573607475
 30
0.0
 11
2556865.40853126
 21
-29883.86573607475
 31
0.0
  0
LINE
  5
3FC
330
17
100
AcDbEntity
  8
内隔墙
100
AcDbLine
 10
2553865.40853126
 20
-29983.86573607452
 30
-3.3562e-11
 11
2553865.40853126
 21
-34183.86573607475
 31
-3.3562e-11
  0
LINE
  5
3FD
330
17
100
AcDbEntity
  8
WALL
100
AcDbLine
 10
2553765.408531259
 20
-34183.86573607545
 30
0.0
 11
2553266.40853126
 21
-34183.86573607533
 31
0.0
  0
LINE
  5
3FE
330
17
100
AcDbEntity
  8
内隔墙
100
AcDbLine
 10
2553765.40853126
 20
-29883.86573607452
 30
0.0
 11
2553765.408531259
 21
-34183.86573607545
 31
0.0
  0
LINE
  5
3FF
330
17
100
AcDbEntity
  8
WALL
100
AcDbLine
 10
2556115.40853126
 20
-34383.86573607481
 30
0.0
 11
2556765.40853126
 21
-34383.86573607568
 31
0.0
  0
LINE
  5
400
330
17
100
AcDbEntity
  8
WALL
100
AcDbLine
 10
2550866.40853126
 20
-34183.86573607521
 30
0.0
 11
2549765.40853126
 21
-34183.86573607521
 31
0.0
  0
LINE
  5
401
330
17
100
AcDbEntity
  8
WALL
100
AcDbLine
 10
2553865.408531257
 20
-24783.86573607446
 30
0.0
 11
2553765.408531257
 21
-24783.86573607446
 31
0.0
  0
LINE
  5
402
330
17
100
AcDbEntity
  8
GROUND
100
AcDbLine
 10
2553465.40853126
 20
-23183.86573607452
 30
0.0
 11
2551365.40853126
 21
-23183.8657360744
 31
0.0
  0
LINE
  5
403
330
17
100
AcDbEntity
  8
WALL
100
AcDbLine
 10
2553315.40853126
 20
-23183.86573607457
 30
0.0
 11
2553315.40853126
 21
-23383.86573607457
 31
0.0
  0
LINE
  5
404
330
17
100
AcDbEntity
  8
WALL
100
AcDbLine
 10
2551515.40853126
 20
-23183.86573607446
 30
0.0
 11
2551515.40853126
 21
-23383.86573607446
 31
0.0
  0
INSERT
  5
405
330
17
100
AcDbEntity
  8
WINDOW
100
AcDbBlockReference
 66
1
  2
_A0ASA
 10
2552415.40853126
 20
-23283.86573607452
 30
0.0
 41
1800.0
 42
1800.0
 43
1800.0
 50
359.9999999999968
  0
ATTRIB
  5
406
330
405
100
AcDbEntity
  8
WINDOW_TEXT
100
AcDbText
 10
2552415.408531259
 20
-23683.86573607452
 30
0.0
 40
300.0
  1

 50
359.9999999999968
  7
SIMPLEX
 41
0.8
 72
4
 11
2552415.408531259
 21
-23683.86573607452
 31
0.0
 71
2
100
AcDbAttribute
  2
A
 70
9
 71
1
 72
0
 11
2552415.408531259
 21
-23683.86573607452
 31
0.0
  0
SEQEND
  5
407
330
405
100
AcDbEntity
  8
WINDOW
  0
LINE
  5
408
330
17
100
AcDbEntity
  8
WALL
100
AcDbLine
 10
2551515.40853126
 20
-23383.86573607446
 30
0.0
 11
2551065.40853126
 21
-23383.8657360744
 31
0.0
  0
LINE
  5
409
330
17
100
AcDbEntity
  8
WALL
100
AcDbLine
 10
2553765.40853126
 20
-23383.86573607452
 30
0.0
 11
2553315.40853126
 21
-23383.86573607457
 31
0.0
  0
LINE
  5
40A
330
17
100
AcDbEntity
  8
WALL
100
AcDbLine
 10
2553765.408531257
 20
-24783.86573607446
 30
0.0
 11
2553765.40853126
 21
-23383.86573607452
 31
0.0
  0
LINE
  5
40B
330
17
100
AcDbEntity
  8
WALL
100
AcDbLine
 10
2553865.40853126
 20
-23383.86573607452
 30
0.0
 11
2553865.408531257
 21
-24783.86573607446
 31
0.0
  0
LINE
  5
40C
330
17
100
AcDbEntity
  8
LVTRY
100
AcDbLine
 10
2555665.40853126
 20
-24183.86573607463
 30
0.0
 11
2553865.40853126
 21
-24183.86573607428
 31
0.0
  0
LINE
  5
40D
330
17
100
AcDbEntity
  8
LVTRY
100
AcDbLine
 10
2556265.40853126
 20
-26383.90573607479
 30
0.0
 11
2555665.40853126
 21
-26383.90573607467
 31
0.0
  0
LINE
  5
40E
330
17
100
AcDbEntity
  8
LVTRY
100
AcDbLine
 10
2555665.40853126
 20
-24183.86573607463
 30
0.0
 11
2555665.40853126
 21
-26383.90573607467
 31
0.0
  0
INSERT
  5
40F
330
17
100
AcDbEntity
  8
LVTRY
100
AcDbBlockReference
 66
1
  2
A$C5BFC3B48
 10
2555728.480132051
 20
-25250.77453787695
 30
0.0
 41
-1.0
 50
269.9999999999969
  0
ATTRIB
  5
410
330
40F
100
AcDbEntity
  8
LVTRY
100
AcDbText
 10
2556228.479836415
 20
-24900.7735424554
 30
0.0
 40
0.5
  1
500
 50
269.9999999999969
 41
0.8
 71
2
100
AcDbAttribute
  2
YSIZE
 70
9
 71
1
 72
0
  0
ATTRIB
  5
411
330
40F
100
AcDbEntity
  8
LVTRY
100
AcDbText
 10
2556228.479836415
 20
-24900.7735424554
 30
0.0
 40
0.5
  1
700
 50
269.9999999999969
 41
0.8
 71
2
100
AcDbAttribute
  2
XSIZE
 70
9
 71
1
 72
0
  0
SEQEND
  5
412
330
40F
100
AcDbEntity
  8
LVTRY
  0
INSERT
  5
413
330
17
100
AcDbEntity
  8
LVTRY
100
AcDbBlockReference
 66
1
  2
A$C5516744B
 10
2555494.649618104
 20
-24101.91384635668
 30
0.0
 50
89.99999999999689
  0
ATTRIB
  5
414
330
413
100
AcDbEntity
  8
LVTRY
100
AcDbText
 10
2555045.67766507
 20
-23631.30165124836
 30
0.0
 40
0.5
  1
470
 50
359.9999999999968
 41
0.8
 71
2
100
AcDbAttribute
  2
YSIZE
 70
9
 71
1
 72
0
  0
ATTRIB
  5
415
330
413
100
AcDbEntity
  8
LVTRY
100
AcDbText
 10
2555045.67766507
 20
-23631.30165124836
 30
0.0
 40
0.5
  1
900
 50
359.9999999999968
 41
0.8
 71
2
100
AcDbAttribute
  2
XSIZE
 70
9
 71
1
 72
0
  0
SEQEND
  5
416
330
413
100
AcDbEntity
  8
LVTRY
  0
LINE
  5
417
330
17
100
AcDbEntity
  8
LVTRY
100
AcDbLine
 10
2559565.40603126
 20
-29983.87073607493
 30
0.0
 11
2559565.40603126
 21
-30383.86573607533
 31
0.0
  0
LINE
  5
418
330
17
100
AcDbEntity
  8
WALL
100
AcDbLine
 10
2560365.40853126
 20
-28383.86573607498
 30
0.0
 11
2558065.40853126
 21
-28383.86573607475
 31
0.0
  0
INSERT
  5
419
330
17
100
AcDbEntity
  8
WINDOW
100
AcDbBlockReference
 66
1
  2
_GCBLK
 10
2559965.40853126
 20
-28283.86573607486
 30
0.0
 41
600.0
 42
200.0
 43
600.0
 50
180.0
  0
ATTRIB
  5
41A
330
419
100
AcDbEntity
  8
WINDOW_TEXT
100
AcDbText
 10
2559965.40853126
 20
-28683.86573607486
 30
0.0
 40
300.0
  1

  7
SIMPLEX
 41
0.8
 72
4
 11
2559965.40853126
 21
-28683.86573607486
 31
0.0
100
AcDbAttribute
  2
A
 70
9
 71
1
 72
0
 11
2559965.40853126
 21
-28683.86573607486
 31
0.0
  0
SEQEND
  5
41B
330
419
100
AcDbEntity
  8
WINDOW
  0
LINE
  5
41C
330
17
100
AcDbEntity
  8
GROUND
100
AcDbLine
 10
2558065.40853126
 20
-29583.86573607475
 30
0.0
 11
2558065.40853126
 21
-30283.86573607475
 31
0.0
  0
INSERT
  5
41D
330
17
100
AcDbEntity
  8
LVTRY
100
AcDbBlockReference
 66
1
  2
A$C24072D83
 10
2555706.282515548
 20
-26383.86584518227
 30
0.0
 41
-1.0
 50
269.9999999999969
  0
ATTRIB
  5
41E
330
41D
100
AcDbEntity
  8
0
100
AcDbText
 10
2556265.40853126
 20
-25833.90573607461
 30
0.0
 40
0.4582999999984168
  1
600
 39
900.0
 50
359.999999999997
  7
DIM_FONT
 41
0.7999999999883585
 71
6
100
AcDbAttribute
  2
YSIZE
 70
9
 71
1
 72
0
  0
ATTRIB
  5
41F
330
41D
100
AcDbEntity
  8
0
100
AcDbText
 10
2556265.40853126
 20
-25833.90573607461
 30
0.0
 40
0.4582999999984168
  1
610
 39
900.0
 50
359.999999999997
  7
DIM_FONT
 41
0.7999999999883585
 71
6
100
AcDbAttribute
  2
XSIZE
 70
9
 71
1
 72
0
  0
ATTRIB
  5
420
330
41D
100
AcDbEntity
  8
0
100
AcDbText
 10
2556265.40853126
 20
-25833.90573607461
 30
0.0
 40
0.5
  1
500
 39
900.0
 50
89.99999999999689
  7
DIM_FONT
 41
0.7999999999883585
 71
2
100
AcDbAttribute
  2
YSIZE
 70
9
 71
1
 72
0
  0
ATTRIB
  5
421
330
41D
100
AcDbEntity
  8
0
100
AcDbText
 10
2556265.40853126
 20
-25833.90573607461
 30
0.0
 40
0.5
  1
500
 39
900.0
 50
89.99999999999689
  7
DIM_FONT
 41
0.7999999999883585
 71
2
100
AcDbAttribute
  2
XSIZE
 70
9
 71
1
 72
0
  0
SEQEND
  5
422
330
41D
100
AcDbEntity
  8
WINDOW
  0
LINE
  5
423
330
17
100
AcDbEntity
  8
WALL
100
AcDbLine
 10
2553765.408531264
 20
-26483.86573607434
 30
0.0
 11
2556365.408531261
 21
-26483.86573607475
 31
-8.5467e-12
  0
LINE
  5
424
330
17
100
AcDbEntity
  8
WALL
100
AcDbLine
 10
2553865.40853126
 20
-26383.86573607452
 30
1.982e-13
 11
2556265.40853126
 21
-26383.86573607475
 31
-8.833e-13
  0
LINE
  5
425
330
17
100
AcDbEntity
  8
LVTRY
100
AcDbLine
 10
2557965.40853126
 20
-28933.86573607475
 30
0.0
 11
2556865.40853126
 21
-28933.86573607475
 31
0.0
  0
LINE
  5
426
330
17
100
AcDbEntity
  8
LVTRY
100
AcDbLine
 10
2557965.40853126
 20
-28933.86573607475
 30
0.0
 11
2556865.40853126
 21
-28383.86573607475
 31
0.0
  0
LINE
  5
427
330
17
100
AcDbEntity
  8
LVTRY
100
AcDbLine
 10
2557965.40853126
 20
-28383.86573607475
 30
0.0
 11
2556865.40853126
 21
-28933.86573607475
 31
0.0
  0
INSERT
  5
428
330
17
100
AcDbEntity
  8
空调
100
AcDbBlockReference
 66
1
  2
U_C15DRB
 10
2557896.311306332
 20
-35084.30819072295
 30
0.0
 41
-1.0
  0
ATTRIB
  5
429
330
428
100
AcDbEntity
  8
0
  6
Continuous
100
AcDbText
 10
2557895.282734904
 20
-35084.30819072295
 30
0.0
 40
0.5
  1
500
  7
DIM_FONT
 41
0.8
100
AcDbAttribute
  2
XSIZE
 70
9
 71
1
 72
0
  0
ATTRIB
  5
42A
330
428
100
AcDbEntity
  8
0
  6
Continuous
100
AcDbText
 10
2557896.044639666
 20
-35084.30819072295
 30
0.0
 40
0.5
  1
0
  7
DIM_FONT
 41
0.8
100
AcDbAttribute
  2
YSIZE
 70
9
 71
1
 72
0
  0
SEQEND
  5
42B
330
428
100
AcDbEntity
  8
LVTRY
  6
Continuous
  0
INSERT
  5
42C
330
17
100
AcDbEntity
  8
空调
100
AcDbBlockReference
 66
1
  2
U_C15DRB
 10
2550566.528940381
 20
-34757.98893590726
 30
0.0
 41
-1.0
  0
ATTRIB
  5
42D
330
42C
100
AcDbEntity
  8
0
  6
Continuous
100
AcDbText
 10
2550565.500368952
 20
-34757.98893590726
 30
0.0
 40
0.5
  1
500
  7
DIM_FONT
 41
0.8
100
AcDbAttribute
  2
XSIZE
 70
9
 71
1
 72
0
  0
ATTRIB
  5
42E
330
42C
100
AcDbEntity
  8
0
  6
Continuous
100
AcDbText
 10
2550566.262273714
 20
-34757.98893590726
 30
0.0
 40
0.5
  1
0
  7
DIM_FONT
 41
0.8
100
AcDbAttribute
  2
YSIZE
 70
9
 71
1
 72
0
  0
SEQEND
  5
42F
330
42C
100
AcDbEntity
  8
LVTRY
  6
Continuous
  0
LINE
  5
430
330
17
100
AcDbEntity
  8
WALL
100
AcDbLine
 10
2556365.408531261
 20
-26483.86573607475
 30
-8.5467e-12
 11
2556365.408531261
 21
-22683.86573607475
 31
0.0
  0
LINE
  5
431
330
17
100
AcDbEntity
  8
WALL
  6
Continuous
100
AcDbLine
 10
2556365.357367717
 20
-22483.86573607481
 30
0.0
 11
2557415.408531261
 21
-22483.86573607475
 31
0.0
  0
INSERT
  5
432
330
17
100
AcDbEntity
  8
空调
100
AcDbBlockReference
 66
1
  2
U_C15DRB
 10
2556514.963259664
 20
-22056.86519456911
 30
0.0
 41
-1.0
 50
180.0
  0
ATTRIB
  5
433
330
432
100
AcDbEntity
  8
0
  6
Continuous
100
AcDbText
 10
2556515.991831093
 20
-22056.86519456911
 30
0.0
 40
0.5
  1
500
 50
180.0
  7
DIM_FONT
 41
0.8
100
AcDbAttribute
  2
XSIZE
 70
9
 71
1
 72
0
  0
ATTRIB
  5
434
330
432
100
AcDbEntity
  8
0
  6
Continuous
100
AcDbText
 10
2556515.229926331
 20
-22056.86519456911
 30
0.0
 40
0.5
  1
0
 50
180.0
  7
DIM_FONT
 41
0.8
100
AcDbAttribute
  2
YSIZE
 70
9
 71
1
 72
0
  0
SEQEND
  5
435
330
432
100
AcDbEntity
  8
LVTRY
  6
Continuous
  0
LINE
  5
436
330
17
100
AcDbEntity
  8
WALL
  6
Continuous
100
AcDbLine
 10
2556165.408531259
 20
-22483.86573607481
 30
0.0
 11
2556165.40853126
 21
-23183.86573607475
 31
0.0
  0
LINE
  5
437
330
17
100
AcDbEntity
  8
WALL
  6
Continuous
100
AcDbLine
 10
2557515.408531254
 20
-21983.86573607492
 30
0.0
 11
2557415.408531254
 21
-21983.86573607492
 31
0.0
  0
LINE
  5
438
330
17
100
AcDbEntity
  8
WALL
  6
Continuous
100
AcDbLine
 10
2557415.408531261
 20
-22483.86573607475
 30
0.0
 11
2557415.408531254
 21
-21983.86573607492
 31
0.0
  0
LINE
  5
439
330
17
100
AcDbEntity
  8
WALL
  6
Continuous
100
AcDbLine
 10
2557515.40853126
 20
-22683.86573607492
 30
0.0
 11
2557515.408531254
 21
-21983.86573607492
 31
0.0
  0
INSERT
  5
43A
330
17
100
AcDbEntity
  8
空调
100
AcDbBlockReference
 66
1
  2
U_A95JFC
 10
2556697.962680317
 20
-33342.80835625273
 30
1.368e-13
 50
179.9999999999522
  0
ATTRIB
  5
43B
330
43A
100
AcDbEntity
  8
0
100
AcDbText
 10
2556697.696013651
 20
-33343.30835625273
 30
1.368e-13
 40
0.5
  1
0
 50
359.9999999999521
  7
DIM_FONT
 41
0.8
100
AcDbAttribute
  2
XSIZE
 70
9
 71
1
 72
0
  0
ATTRIB
  5
43C
330
43A
100
AcDbEntity
  8
0
100
AcDbText
 10
2556696.934108889
 20
-33343.30835625273
 30
1.368e-13
 40
0.5
  1
500
 50
359.9999999999521
  7
DIM_FONT
 41
0.8
100
AcDbAttribute
  2
YSIZE
 70
9
 71
1
 72
0
  0
SEQEND
  5
43D
330
43A
100
AcDbEntity
  8
空调
  0
INSERT
  5
43E
330
17
100
AcDbEntity
  8
LVTRY
100
AcDbBlockReference
 66
1
  2
U_A30VYQ
 10
2552058.784130912
 20
-24887.6851863034
 30
0.0
 41
-1.0
 50
269.999999999997
  0
ATTRIB
  5
43F
330
43E
100
AcDbEntity
  8
0
100
AcDbText
 10
2552059.284130912
 20
-24887.6851863034
 30
0.0
 40
0.5
  1
2500
 50
89.99999999999692
100
AcDbAttribute
  2
XSIZE
 70
9
 71
1
 72
0
  0
ATTRIB
  5
440
330
43E
100
AcDbEntity
  8
0
100
AcDbText
 10
2552059.284130912
 20
-24887.6851863034
 30
0.0
 40
0.5
  1
1500
 50
89.99999999999692
100
AcDbAttribute
  2
YSIZE
 70
9
 71
1
 72
0
  0
SEQEND
  5
441
330
43E
100
AcDbEntity
  8
家具
  0
INSERT
  5
442
330
17
100
AcDbEntity
  8
空调
100
AcDbBlockReference
 66
1
  2
U_A95JFC
 10
2550398.734279699
 20
-34119.7904835699
 30
1.368e-13
 50
44.99999999995219
  0
ATTRIB
  5
443
330
442
100
AcDbEntity
  8
0
100
AcDbText
 10
2550398.569288117
 20
-34119.24836837052
 30
1.368e-13
 40
0.5
  1
0
 50
224.9999999999522
  7
DIM_FONT
 41
0.8
100
AcDbAttribute
  2
XSIZE
 70
9
 71
1
 72
0
  0
ATTRIB
  5
444
330
442
100
AcDbEntity
  8
0
100
AcDbText
 10
2550399.108036141
 20
-34118.70962034678
 30
1.368e-13
 40
0.5
  1
500
 50
224.9999999999522
  7
DIM_FONT
 41
0.8
100
AcDbAttribute
  2
YSIZE
 70
9
 71
1
 72
0
  0
SEQEND
  5
445
330
442
100
AcDbEntity
  8
空调
  0
LINE
  5
446
330
17
100
AcDbEntity
  8
WALL
100
AcDbLine
 10
2559315.40853126
 20
-22683.86573607498
 30
0.0
 11
2559465.413198885
 21
-22683.86573607486
 31
0.0
  0
LINE
  5
447
330
17
100
AcDbEntity
  8
WALL
  6
Continuous
100
AcDbLine
 10
2559315.40853126
 20
-22483.86573607504
 30
0.0
 11
2559665.413198884
 21
-22483.86573607486
 31
0.0
  0
LINE
  5
448
330
17
100
AcDbEntity
  8
WALL
100
AcDbLine
 10
2559315.40853126
 20
-22683.86573607481
 30
0.0
 11
2559315.40853126
 21
-22483.86573607504
 31
0.0
  0
LWPOLYLINE
  5
449
330
17
100
AcDbEntity
  8
WINDOW
100
AcDbPolyline
 90
3
 70
0
 10
2558065.40853126
 20
-35083.86573607486
 10
2559915.40853126
 20
-35083.86573607498
 10
2559915.40853126
 20
-34683.86573607492
  0
LWPOLYLINE
  5
44A
330
17
100
AcDbEntity
  8
WINDOW
100
AcDbPolyline
 90
4
 70
0
 10
2558065.40853126
 20
-35033.86573607486
 10
2558065.40853126
 20
-35033.86573607486
 10
2559865.40853126
 20
-35033.86573607498
 10
2559865.40853126
 20
-34683.86573607492
  0
LWPOLYLINE
  5
44B
330
17
100
AcDbEntity
  8
WINDOW
100
AcDbPolyline
 90
3
 70
0
 10
2558065.40853126
 20
-35183.86573607486
 10
2560015.40853126
 20
-35183.86573607498
 10
2560015.40853126
 20
-34683.86573607498
  0
LINE
  5
44C
330
17
100
AcDbEntity
  8
WALL
100
AcDbLine
 10
2557965.40853126
 20
-35183.86573607486
 30
0.0
 11
2557965.40853126
 21
-34683.86573607498
 31
0.0
  0
LINE
  5
44D
330
17
100
AcDbEntity
  8
WALL
100
AcDbLine
 10
2557965.40853126
 20
-35183.86573607486
 30
0.0
 11
2558065.40853126
 21
-35183.86573607486
 31
0.0
  0
LWPOLYLINE
  5
44E
330
17
100
AcDbEntity
  8
WINDOW
100
AcDbPolyline
 90
3
 70
0
 10
2559315.40853126
 20
-22483.86573607498
 10
2559315.40853126
 20
-22133.86573607492
 10
2557515.40853126
 20
-22133.86573607492
  0
LWPOLYLINE
  5
44F
330
17
100
AcDbEntity
  8
WINDOW
100
AcDbPolyline
 90
3
 70
0
 10
2559365.40853126
 20
-22483.86573607498
 10
2559365.40853126
 20
-22083.86573607492
 10
2557515.40853126
 20
-22083.86573607492
  0
LWPOLYLINE
  5
450
330
17
100
AcDbEntity
  8
WINDOW
100
AcDbPolyline
 90
3
 70
0
 10
2559465.40853126
 20
-22483.86573607498
 10
2559465.408531261
 20
-21983.86573607486
 10
2557515.40853126
 20
-21983.86573607492
  0
LWPOLYLINE
  5
451
330
17
100
AcDbEntity
  8
COLUMN1
100
AcDbPolyline
 90
5
 70
0
 10
2556465.408531259
 20
-22483.86573607481
 10
2556165.408531259
 20
-22483.86573607481
 10
2556165.408531258
 20
-23383.86573607486
 10
2556465.408531258
 20
-23383.86573607486
 10
2556465.408531259
 20
-22483.86573607481
  0
HATCH
  5
452
330
17
100
AcDbEntity
  8
COLUMN
100
AcDbHatch
 10
0.0
 20
0.0
 30
0.0
210
0.0
220
0.0
230
1.0
  2
SOLID
 70
1
 71
0
 91
1
 92
1
 93
4
 72
1
 10
2556465.408531259
 20
-22483.86573607481
 11
2556165.408531259
 21
-22483.86573607481
 72
1
 10
2556165.408531259
 20
-22483.86573607481
 11
2556165.408531258
 21
-23383.86573607486
 72
1
 10
2556165.408531258
 20
-23383.86573607486
 11
2556465.408531258
 21
-23383.86573607486
 72
1
 10
2556465.408531258
 20
-23383.86573607486
 11
2556465.408531259
 21
-22483.86573607481
 97
1
330
13F380
 75
0
 76
1
 98
1
 10
5604954.373878242
 20
430449.0835739035
  0
LWPOLYLINE
  5
453
330
17
100
AcDbEntity
  8
COLUMN1
100
AcDbPolyline
 90
5
 70
0
 10
2556965.408531259
 20
-34183.86573607498
 10
2556665.408531259
 20
-34183.86573607498
 10
2556665.408531259
 20
-34683.86573607498
 10
2556965.408531259
 20
-34683.86573607498
 10
2556965.408531259
 20
-34183.86573607498
  0
HATCH
  5
454
330
17
100
AcDbEntity
  8
COLUMN
100
AcDbHatch
 10
0.0
 20
0.0
 30
-3.28758e-11
210
0.0
220
0.0
230
1.0
  2
SOLID
 70
1
 71
0
 91
1
 92
1
 93
4
 72
1
 10
2556965.408531259
 20
-34183.86573607498
 11
2556665.408531259
 21
-34183.86573607498
 72
1
 10
2556665.408531259
 20
-34183.86573607498
 11
2556665.408531259
 21
-34683.86573607498
 72
1
 10
2556665.408531259
 20
-34683.86573607498
 11
2556965.408531259
 21
-34683.86573607498
 72
1
 10
2556965.408531259
 20
-34683.86573607498
 11
2556965.408531259
 21
-34183.86573607498
 97
1
330
13F382
 75
0
 76
1
 98
1
 10
5605454.373878242
 20
418349.0835739033
  0
LWPOLYLINE
  5
455
330
17
100
AcDbEntity
  8
COLUMN1
100
AcDbPolyline
 90
5
 70
0
 10
2557115.408531259
 20
-28183.86573607422
 10
2556765.408531259
 20
-28183.86573607422
 10
2556765.408531259
 20
-28583.86573607422
 10
2557115.408531259
 20
-28583.86573607422
 10
2557115.408531259
 20
-28183.86573607422
  0
HATCH
  5
456
330
17
100
AcDbEntity
  8
COLUMN
100
AcDbHatch
 10
0.0
 20
0.0
 30
-3.28758e-11
210
0.0
220
0.0
230
1.0
  2
SOLID
 70
1
 71
0
 91
1
 92
1
 93
4
 72
1
 10
2557115.408531259
 20
-28183.86573607422
 11
2556765.408531259
 21
-28183.86573607422
 72
1
 10
2556765.408531259
 20
-28183.86573607422
 11
2556765.408531259
 21
-28583.86573607422
 72
1
 10
2556765.408531259
 20
-28583.86573607422
 11
2557115.408531259
 21
-28583.86573607422
 72
1
 10
2557115.408531259
 20
-28583.86573607422
 11
2557115.408531259
 21
-28183.86573607422
 97
1
330
13F384
 75
0
 76
1
 98
1
 10
5605554.373878242
 20
424749.0835739041
  0
LWPOLYLINE
  5
457
330
17
100
AcDbEntity
  8
COLUMN1
100
AcDbPolyline
 90
5
 70
0
 10
2553965.40853126
 20
-29883.86573607102
 10
2553615.40853126
 20
-29883.86573607102
 10
2553615.40853126
 20
-30283.86573607102
 10
2553965.40853126
 20
-30283.86573607102
 10
2553965.40853126
 20
-29883.86573607102
  0
HATCH
  5
458
330
17
100
AcDbEntity
  8
COLUMN
100
AcDbHatch
 10
0.0
 20
0.0
 30
-3.28758e-11
210
0.0
220
0.0
230
1.0
  2
SOLID
 70
1
 71
0
 91
1
 92
1
 93
4
 72
1
 10
2553965.40853126
 20
-29883.86573607102
 11
2553615.40853126
 21
-29883.86573607102
 72
1
 10
2553615.40853126
 20
-29883.86573607102
 11
2553615.40853126
 21
-30283.86573607102
 72
1
 10
2553615.40853126
 20
-30283.86573607102
 11
2553965.40853126
 21
-30283.86573607102
 72
1
 10
2553965.40853126
 20
-30283.86573607102
 11
2553965.40853126
 21
-29883.86573607102
 97
1
330
13F386
 75
0
 76
1
 98
1
 10
5602404.373878242
 20
423049.0835739073
  0
LWPOLYLINE
  5
459
330
17
100
AcDbEntity
  8
COLUMN1
100
AcDbPolyline
 90
5
 70
0
 10
2553965.40853126
 20
-33983.86573607545
 10
2553615.40853126
 20
-33983.86573607545
 10
2553615.40853126
 20
-34383.86573607545
 10
2553965.40853126
 20
-34383.86573607545
 10
2553965.40853126
 20
-33983.86573607545
  0
HATCH
  5
45A
330
17
100
AcDbEntity
  8
COLUMN
100
AcDbHatch
 10
0.0
 20
0.0
 30
-3.28758e-11
210
0.0
220
0.0
230
1.0
  2
SOLID
 70
1
 71
0
 91
1
 92
1
 93
4
 72
1
 10
2553965.40853126
 20
-33983.86573607545
 11
2553615.40853126
 21
-33983.86573607545
 72
1
 10
2553615.40853126
 20
-33983.86573607545
 11
2553615.40853126
 21
-34383.86573607545
 72
1
 10
2553615.40853126
 20
-34383.86573607545
 11
2553965.40853126
 21
-34383.86573607545
 72
1
 10
2553965.40853126
 20
-34383.86573607545
 11
2553965.40853126
 21
-33983.86573607545
 97
1
330
13F388
 75
0
 76
1
 98
1
 10
5602404.373878242
 20
418949.0835739029
  0
LWPOLYLINE
  5
45B
330
17
100
AcDbEntity
  8
COLUMN1
100
AcDbPolyline
 90
5
 70
0
 10
2554115.40853126
 20
-26383.86573607446
 10
2553765.40853126
 20
-26383.86573607446
 10
2553765.40853126
 20
-26783.86573607446
 10
2554115.40853126
 20
-26783.86573607446
 10
2554115.40853126
 20
-26383.86573607446
  0
HATCH
  5
45C
330
17
100
AcDbEntity
  8
COLUMN
100
AcDbHatch
 10
0.0
 20
0.0
 30
-3.28758e-11
210
0.0
220
0.0
230
1.0
  2
SOLID
 70
1
 71
0
 91
1
 92
1
 93
4
 72
1
 10
2554115.40853126
 20
-26383.86573607446
 11
2553765.40853126
 21
-26383.86573607446
 72
1
 10
2553765.40853126
 20
-26383.86573607446
 11
2553765.40853126
 21
-26783.86573607446
 72
1
 10
2553765.40853126
 20
-26783.86573607446
 11
2554115.40853126
 21
-26783.86573607446
 72
1
 10
2554115.40853126
 20
-26783.86573607446
 11
2554115.40853126
 21
-26383.86573607446
 97
0
 75
0
 76
1
 98
1
 10
5602554.373878242
 20
426549.0835739039
  0
LWPOLYLINE
  5
45D
330
17
100
AcDbEntity
  8
COLUMN1
100
AcDbPolyline
 90
5
 70
0
 10
2559665.40853126
 20
-22483.86573607498
 10
2559315.40853126
 20
-22483.86573607498
 10
2559315.40853126
 20
-22883.86573607498
 10
2559665.40853126
 20
-22883.86573607498
 10
2559665.40853126
 20
-22483.86573607498
  0
HATCH
  5
45E
330
17
100
AcDbEntity
  8
COLUMN
100
AcDbHatch
 10
0.0
 20
0.0
 30
0.0
210
0.0
220
0.0
230
1.0
  2
SOLID
 70
1
 71
0
 91
1
 92
1
 93
4
 72
1
 10
2559665.40853126
 20
-22483.86573607498
 11
2559315.40853126
 21
-22483.86573607498
 72
1
 10
2559315.40853126
 20
-22483.86573607498
 11
2559315.40853126
 21
-22883.86573607498
 72
1
 10
2559315.40853126
 20
-22883.86573607498
 11
2559665.40853126
 21
-22883.86573607498
 72
1
 10
2559665.40853126
 20
-22883.86573607498
 11
2559665.40853126
 21
-22483.86573607498
 97
1
330
13F38C
 75
0
 76
1
 98
1
 10
5608104.373878244
 20
430449.0835739033
  0
LINE
  5
45F
330
17
100
AcDbEntity
  8
WALL
100
AcDbLine
 10
2550866.408531259
 20
-34383.86573607492
 30
0.0
 11
2549665.408531262
 21
-34383.86573607504
 31
0.0
  0
INSERT
  5
460
330
17
100
AcDbEntity
  8
COLUMN
100
AcDbBlockReference
  2
_FZH
 10
2550766.40853126
 20
-36083.86573607446
 30
0.0
 41
-200.0
 42
200.0
 43
200.0
  0
LINE
  5
462
330
17
100
AcDbEntity
  8
BALCONY
100
AcDbLine
 10
2556865.40853126
 20
-35183.86573607568
 30
0.0
 11
2556865.40853126
 21
-36083.86573607481
 31
0.0
  0
LINE
  5
463
330
17
100
AcDbEntity
  8
BALCONY
100
AcDbLine
 10
2550765.40853126
 20
-36083.86573607452
 30
0.0
 11
2550765.408531259
 21
-34383.86573607492
 31
0.0
  0
LINE
  5
464
330
17
100
AcDbEntity
  8
BALCONY
100
AcDbLine
 10
2554865.40853126
 20
-36083.86573607469
 30
0.0
 11
2554865.40853126
 21
-36183.86573607463
 31
0.0
  0
LINE
  5
465
330
17
100
AcDbEntity
  8
BALCONY
100
AcDbLine
 10
2556965.40853126
 20
-36183.86573607481
 30
0.0
 11
2554865.40853126
 21
-36183.86573607463
 31
0.0
  0
LINE
  5
466
330
17
100
AcDbEntity
  8
WALL
  6
Continuous
100
AcDbLine
 10
2556365.357367707
 20
-21983.86573607469
 30
0.0
 11
2556365.357367717
 21
-22483.86573607469
 31
0.0
  0
LINE
  5
467
330
17
100
AcDbEntity
  8
WALL
  6
Continuous
100
AcDbLine
 10
2556165.357367714
 20
-21983.86573607469
 30
0.0
 11
2556165.357367714
 21
-22483.86573607481
 31
0.0
  0
LINE
  5
468
330
17
100
AcDbEntity
  8
WALL
  6
Continuous
100
AcDbLine
 10
2556165.357367714
 20
-21983.86573607469
 30
0.0
 11
2556365.357367707
 21
-21983.86573607469
 31
0.0
  0
LINE
  5
469
330
17
100
AcDbEntity
  8
GROUND
100
AcDbLine
 10
2557515.40853126
 20
-22683.86573607492
 30
0.0
 11
2559315.40853126
 21
-22683.86573607498
 31
0.0
  0
LINE
  5
46A
330
17
100
AcDbEntity
  8
LVTRY
100
AcDbLine
 10
2559115.911067371
 20
-28283.86573607498
 30
0.0
 11
2559115.911067371
 21
-28084.04347318574
 31
0.0
  0
CIRCLE
  5
46B
330
17
100
AcDbEntity
  8
LVTRY
100
AcDbCircle
 10
2559115.911067371
 20
-28027.79347318516
 30
0.0
 40
56.25
  0
LINE
  5
46C
330
17
100
AcDbEntity
  8
内隔墙
100
AcDbLine
 10
2553765.40853126
 20
-26483.86573607446
 30
0.0
 11
2553765.408531265
 21
-27183.86573607009
 31
0.0
  0
LINE
  5
46D
330
17
100
AcDbEntity
  8
内隔墙
100
AcDbLine
 10
2553765.408531265
 20
-27183.86573607009
 30
0.0
 11
2554465.408531258
 21
-27183.86573607009
 31
0.0
  0
LINE
  5
46E
330
17
100
AcDbEntity
  8
内隔墙
100
AcDbLine
 10
2556265.408531265
 20
-27083.86573607009
 30
0.0
 11
2556265.408531265
 21
-26483.86573607481
 31
-8.1751e-12
  0
LINE
  5
46F
330
17
100
AcDbEntity
  8
内隔墙
100
AcDbLine
 10
2556365.408531265
 20
-27183.86573607009
 30
0.0
 11
2556365.408531265
 21
-26483.86573607481
 31
-8.1751e-12
  0
LINE
  5
470
330
17
100
AcDbEntity
  8
内隔墙
100
AcDbLine
 10
2553865.408531264
 20
-27083.86573607009
 30
0.0
 11
2554465.408531258
 21
-27083.86573607009
 31
0.0
  0
LINE
  5
471
330
17
100
AcDbEntity
  8
内隔墙
100
AcDbLine
 10
2553865.40853126
 20
-26483.8657360744
 30
0.0
 11
2553865.408531264
 21
-27083.86573607009
 31
0.0
  0
LINE
  5
472
330
17
100
AcDbEntity
  8
内隔墙
100
AcDbLine
 10
2556365.408531265
 20
-26483.86573607475
 30
-8.5467e-12
 11
2556465.408531265
 21
-26483.86573607475
 31
-8.9182e-12
  0
LINE
  5
473
330
17
100
AcDbEntity
  8
内隔墙
100
AcDbLine
 10
2555665.408531258
 20
-27083.86573607009
 30
0.0
 11
2556265.408531265
 21
-27083.86573607009
 31
0.0
  0
LINE
  5
474
330
17
100
AcDbEntity
  8
内隔墙
100
AcDbLine
 10
2555665.408531258
 20
-27183.86573607009
 30
0.0
 11
2556365.408531265
 21
-27183.86573607009
 31
0.0
  0
INSERT
  5
475
330
17
100
AcDbEntity
  8
内隔墙
100
AcDbBlockReference
 66
1
  2
M_A8WDW
 10
2555065.408531258
 20
-27133.86573607009
 30
0.0
 41
-1200.0
 42
1200.0
 43
1200.0
 50
180.0
  0
ATTRIB
  5
476
330
475
100
AcDbEntity
  8
WINDOW_TEXT
100
AcDbText
 10
2555065.408531258
 20
-27483.86573607009
 30
0.0
 40
300.0
  1

  7
SIMPLEX
 41
0.8
 72
4
 11
2555065.408531258
 21
-27483.86573607009
 31
0.0
100
AcDbAttribute
  2
A
 70
9
 71
1
 72
0
 11
2555065.408531258
 21
-27483.86573607009
 31
0.0
  0
SEQEND
  5
477
330
475
100
AcDbEntity
  8
WINDOW
  0
LINE
  5
478
330
17
100
AcDbEntity
  8
内隔墙
100
AcDbLine
 10
2554465.408531258
 20
-27083.86573607009
 30
0.0
 11
2554465.408531258
 21
-27183.86573607009
 31
0.0
  0
LINE
  5
479
330
17
100
AcDbEntity
  8
内隔墙
100
AcDbLine
 10
2555665.408531258
 20
-27083.86573607009
 30
0.0
 11
2555665.408531258
 21
-27183.86573607009
 31
0.0
  0
LINE
  5
47A
330
17
100
AcDbEntity
  8
WALL
100
AcDbLine
 10
2557465.40853126
 20
-26583.86573607481
 30
0.0
 11
2557465.40853126
 21
-26483.86573607475
 31
0.0
  0
INSERT
  5
47B
330
17
100
AcDbEntity
  8
WINDOW
100
AcDbBlockReference
 66
1
  2
M_A2ZXL
 10
2557415.40853126
 20
-26933.86573607481
 30
0.0
 41
700.0
 42
-700.0
 43
700.0
 50
270.0
  0
ATTRIB
  5
47C
330
47B
100
AcDbEntity
  8
WINDOW_TEXT
100
AcDbText
 10
2557765.40853126
 20
-26933.86573607481
 30
0.0
 40
300.0
  1

 50
90.0
  7
SIMPLEX
 41
0.8
 72
4
 11
2557765.40853126
 21
-26933.86573607481
 31
0.0
100
AcDbAttribute
  2
A
 70
9
 71
1
 72
0
 11
2557765.40853126
 21
-26933.86573607481
 31
0.0
  0
SEQEND
  5
47D
330
47B
100
AcDbEntity
  8
WINDOW
  0
LINE
  5
47E
330
17
100
AcDbEntity
  8
WALL
100
AcDbLine
 10
2557465.40853126
 20
-26583.86573607481
 30
0.0
 11
2557365.40853126
 21
-26583.86573607475
 31
-3.11827e-11
  0
LINE
  5
47F
330
17
100
AcDbEntity
  8
WALL
100
AcDbLine
 10
2557465.40853126
 20
-27283.86573607486
 30
0.0
 11
2557365.40853126
 21
-27283.86573607481
 31
0.0
  0
LINE
  5
480
330
17
100
AcDbEntity
  8
GROUND
100
AcDbLine
 10
2557465.40853126
 20
-27283.86573607481
 30
0.0
 11
2557465.40853126
 21
-26583.86573607481
 31
0.0
  0
LINE
  5
481
330
17
100
AcDbEntity
  8
内隔墙
100
AcDbLine
 10
2556465.408531265
 20
-26383.86573607475
 30
-3.03082e-11
 11
2556365.408531261
 21
-26383.86573607475
 31
-2.98633e-11
  0
INSERT
  5
482
330
17
100
AcDbEntity
  8
内隔墙
100
AcDbBlockReference
 66
1
  2
M_A2ZXL
 10
2556915.408531262
 20
-26433.86573607475
 30
-2.16154e-11
 41
900.0
 42
-900.0
 43
900.0
  0
ATTRIB
  5
483
330
482
100
AcDbEntity
  8
WINDOW_TEXT
100
AcDbText
 10
2556915.408531262
 20
-26083.86573607475
 30
-2.16154e-11
 40
300.0
  1

  7
SIMPLEX
 41
0.8
 72
4
 11
2556915.408531262
 21
-26083.86573607475
 31
-2.16154e-11
100
AcDbAttribute
  2
A
 70
9
 71
1
 72
0
 11
2556915.408531262
 21
-26083.86573607475
 31
-2.16154e-11
  0
SEQEND
  5
484
330
482
100
AcDbEntity
  8
WINDOW
  0
LINE
  5
485
330
17
100
AcDbEntity
  8
内隔墙
100
AcDbLine
 10
2556465.408531265
 20
-26483.86573607475
 30
-8.9182e-12
 11
2556465.408531265
 21
-26383.86573607475
 31
-3.03082e-11
  0
LINE
  5
486
330
17
100
AcDbEntity
  8
WALL
100
AcDbLine
 10
2557365.40853126
 20
-26483.86573607492
 30
-1.22626e-11
 11
2557365.40853126
 21
-26383.86573607481
 31
-3.43125e-11
  0
INSERT
  5
487
330
17
100
AcDbEntity
  8
LVTRY
100
AcDbBlockReference
 66
1
  2
U_A44WKN
 10
2557757.025352075
 20
-28256.41308965505
 30
0.0
 41
-1.0
 50
359.999999999997
  0
ATTRIB
  5
488
330
487
100
AcDbEntity
  8
0
100
AcDbText
 10
2557756.692018742
 20
-28256.41308965505
 30
0.0
 40
0.5
  1
0
 50
359.999999999997
100
AcDbAttribute
  2
XSIZE
 70
9
 71
1
 72
0
  0
ATTRIB
  5
489
330
487
100
AcDbEntity
  8
0
100
AcDbText
 10
2557756.692018742
 20
-28256.41308965505
 30
0.0
 40
0.5
  1
0
 50
359.999999999997
100
AcDbAttribute
  2
YSIZE
 70
9
 71
1
 72
0
  0
SEQEND
  5
48A
330
487
100
AcDbEntity
  8
LVTRY
  0
LINE
  5
48B
330
17
100
AcDbEntity
  8
WALL
100
AcDbLine
 10
2551065.40853126
 20
-23383.86573607283
 30
0.0
 11
2551515.408531259
 21
-23383.86573607446
 31
0.0
  0
LINE
  5
48C
330
17
100
AcDbEntity
  8
WALL
100
AcDbLine
 10
2551065.408531255
 20
-23183.86573607283
 30
0.0
 11
2551515.40853126
 21
-23183.86573607446
 31
0.0
  0
LINE
  5
48D
330
17
100
AcDbEntity
  8
BALCONY
100
AcDbLine
 10
2556865.40853126
 20
-36083.86573607481
 30
0.0
 11
2550765.40853126
 21
-36083.86573607452
 31
0.0
  0
LINE
  5
48E
330
17
100
AcDbEntity
  8
BALCONY
100
AcDbLine
 10
2554865.40853126
 20
-36133.86573607463
 30
0.0
 11
2550715.40853126
 21
-36133.86573607434
 31
0.0
  0
LINE
  5
48F
330
17
100
AcDbEntity
  8
BALCONY
100
AcDbLine
 10
2556965.40853126
 20
-36183.86573607475
 30
0.0
 11
2550665.40853126
 21
-36183.8657360744
 31
0.0
  0
LINE
  5
490
330
17
100
AcDbEntity
  8
BALCONY
100
AcDbLine
 10
2550715.40853126
 20
-36133.86573607434
 30
0.0
 11
2550715.408531259
 21
-34383.86573607492
 31
0.0
  0
LINE
  5
491
330
17
100
AcDbEntity
  8
BALCONY
100
AcDbLine
 10
2550665.40853126
 20
-36183.8657360744
 30
0.0
 11
2550665.408531258
 21
-34383.86573607492
 31
0.0
  0
LINE
  5
492
330
17
100
AcDbEntity
  8
BALCONY
100
AcDbLine
 10
2556965.40853126
 20
-35183.86573607475
 30
0.0
 11
2556965.40853126
 21
-36183.86573607475
 31
0.0
  0
LINE
  5
493
330
17
100
AcDbEntity
  8
WALL
100
AcDbLine
 10
2556965.40853126
 20
-35183.86573607568
 30
0.0
 11
2556965.40853126
 21
-34683.86573607504
 31
0.0
  0
LINE
  5
494
330
17
100
AcDbEntity
  8
WALL
100
AcDbLine
 10
2556865.40853126
 20
-35183.86573607568
 30
0.0
 11
2556865.40853126
 21
-34683.8657360758
 31
0.0
  0
LINE
  5
495
330
17
100
AcDbEntity
  8
WALL
100
AcDbLine
 10
2556865.40853126
 20
-35183.86573607568
 30
0.0
 11
2556965.40853126
 21
-35183.86573607568
 31
0.0
  0
LINE
  5
496
330
17
100
AcDbEntity
  8
WALL
100
AcDbLine
 10
2561765.354329815
 20
-25283.8657360762
 30
0.0
 11
2563765.354329815
 21
-25283.86573607597
 31
0.0
  0
LINE
  5
497
330
17
100
AcDbEntity
  8
WALL
100
AcDbLine
 10
2571665.35432981
 20
-31183.86573607644
 30
0.0
 11
2571665.35432981
 21
-27483.86573607452
 31
0.0
  0
LINE
  5
498
330
17
100
AcDbEntity
  8
WALL
100
AcDbLine
 10
2563865.354329815
 20
-25183.86573607545
 30
0.0
 11
2564465.354329815
 21
-25183.86573607545
 31
0.0
  0
LINE
  5
499
330
17
100
AcDbEntity
  8
WALL
100
AcDbLine
 10
2564865.34966219
 20
-19683.86573607614
 30
0.0
 11
2563715.354329815
 21
-19683.86573607614
 31
0.0
  0
INSERT
  5
49A
330
17
100
AcDbEntity
  8
内隔墙
100
AcDbBlockReference
 66
1
  2
_DBLK
 10
2565015.354329815
 20
-26933.86573607597
 30
-5.594e-13
 41
-900.0
 42
-900.0
 43
900.0
 50
180.000000000003
  0
ATTRIB
  5
49B
330
49A
100
AcDbEntity
  8
WINDOW_TEXT
100
AcDbText
 10
2565015.354329815
 20
-27283.86573607597
 30
5.594e-13
 40
300.0
  1

 50
3.1175e-12
  7
SIMPLEX
 41
0.8
 72
4
 11
2565015.354329815
 21
-27283.86573607597
 31
5.594e-13
100
AcDbAttribute
  2
A
 70
9
 71
1
 72
0
 11
2565015.354329815
 21
-27283.86573607597
 31
5.594e-13
  0
SEQEND
  5
49C
330
49A
100
AcDbEntity
  8
WINDOW
  0
LINE
  5
49D
330
17
100
AcDbEntity
  8
WALL
100
AcDbLine
 10
2564465.354329815
 20
-31183.86573607597
 30
0.0
 11
2565115.354329816
 21
-31183.86573607603
 31
0.0
  0
LINE
  5
49E
330
17
100
AcDbEntity
  8
WALL
100
AcDbLine
 10
2561565.354329815
 20
-25183.86573607609
 30
0.0
 11
2561565.354329815
 21
-19483.8657360762
 31
0.0
  0
LINE
  5
49F
330
17
100
AcDbEntity
  8
WALL
100
AcDbLine
 10
2561765.354329815
 20
-19683.86573607614
 30
0.0
 11
2561765.354329815
 21
-23383.86573607609
 31
-4.36557e-11
  0
LINE
  5
4A0
330
17
100
AcDbEntity
  8
WALL
100
AcDbLine
 10
2563265.354329815
 20
-31683.8657360762
 30
0.0
 11
2564265.354329815
 21
-31683.86573607626
 31
0.0
  0
LINE
  5
4A1
330
17
100
AcDbEntity
  8
内隔墙
100
AcDbLine
 10
2564565.354329815
 20
-26983.86573607597
 30
0.0
 11
2564565.354329815
 21
-26883.86573607597
 31
0.0
  0
LINE
  5
4A2
330
17
100
AcDbEntity
  8
内隔墙
100
AcDbLine
 10
2567465.354329816
 20
-26883.86573607574
 30
0.0
 11
2565465.354329815
 21
-26883.86573607597
 31
0.0
  0
LINE
  5
4A3
330
17
100
AcDbEntity
  8
内隔墙
100
AcDbLine
 10
2564565.354329815
 20
-26983.86573607597
 30
0.0
 11
2564465.354329815
 21
-26983.86573607597
 31
-1.1187e-12
  0
LINE
  5
4A4
330
17
100
AcDbEntity
  8
内隔墙
100
AcDbLine
 10
2564465.354329815
 20
-31183.86573607597
 30
0.0
 11
2564465.354329815
 21
-26983.86573607597
 31
0.0
  0
LINE
  5
4A5
330
17
100
AcDbEntity
  8
WALL
100
AcDbLine
 10
2564465.354329816
 20
-31683.86573607597
 30
-3.28758e-11
 11
2564465.354329815
 21
-31383.86573607597
 31
6.57516e-11
  0
LINE
  5
4A6
330
17
100
AcDbEntity
  8
内隔墙
100
AcDbLine
 10
2564365.354329815
 20
-25983.8657360755
 30
0.0
 11
2564465.354329815
 21
-25983.8657360755
 31
0.0
  0
INSERT
  5
4A7
330
17
100
AcDbEntity
  8
内隔墙
100
AcDbBlockReference
 66
1
  2
_DBLK
 10
2564415.354329815
 20
-26433.8657360755
 30
0.0
 41
900.0
 42
900.0
 43
900.0
 50
270.0000000000031
  0
ATTRIB
  5
4A8
330
4A7
100
AcDbEntity
  8
WINDOW_TEXT
100
AcDbText
 10
2564765.354329815
 20
-26433.8657360755
 30
0.0
 40
300.0
  1

 50
90.0000000000031
  7
SIMPLEX
 41
0.8
 72
4
 11
2564765.354329815
 21
-26433.8657360755
 31
0.0
100
AcDbAttribute
  2
A
 70
9
 71
1
 72
0
 11
2564765.354329815
 21
-26433.8657360755
 31
0.0
  0
SEQEND
  5
4A9
330
4A7
100
AcDbEntity
  8
WINDOW
  0
LINE
  5
4AA
330
17
100
AcDbEntity
  8
内隔墙
100
AcDbLine
 10
2564465.354329815
 20
-25983.8657360755
 30
0.0
 11
2564465.354329815
 21
-25183.86573607533
 31
0.0
  0
LINE
  5
4AB
330
17
100
AcDbEntity
  8
内隔墙
100
AcDbLine
 10
2564365.354329815
 20
-25983.8657360755
 30
0.0
 11
2564365.354329815
 21
-25383.86573607597
 31
0.0
  0
LINE
  5
4AC
330
17
100
AcDbEntity
  8
WALL
100
AcDbLine
 10
2563265.354329815
 20
-25383.86573607597
 30
0.0
 11
2563865.354329815
 21
-25383.86573607597
 31
0.0
  0
LINE
  5
4AD
330
17
100
AcDbEntity
  8
GROUND
100
AcDbLine
 10
2561365.354329815
 20
-31483.8657360762
 30
0.0
 11
2563165.354329815
 21
-31483.86573607504
 31
0.0
  0
LINE
  5
4AE
330
17
100
AcDbEntity
  8
WALL
100
AcDbLine
 10
2563165.354329815
 20
-31483.86573607597
 30
0.0
 11
2564365.354329816
 21
-31483.86573607597
 31
0.0
  0
LINE
  5
4AF
330
17
100
AcDbEntity
  8
WALL
100
AcDbLine
 10
2563165.354329815
 20
-32183.86573607609
 30
0.0
 11
2563165.354329815
 21
-31483.86573607597
 31
0.0
  0
LINE
  5
4B0
330
17
100
AcDbEntity
  8
WALL
100
AcDbLine
 10
2561365.354329815
 20
-31683.8657360762
 30
0.0
 11
2561365.354329815
 21
-31483.8657360762
 31
0.0
  0
INSERT
  5
4B1
330
17
100
AcDbEntity
  8
WINDOW
100
AcDbBlockReference
 66
1
  2
_GCBLK
 10
2561665.354329815
 20
-24383.86573607609
 30
-4.36557e-11
 41
600.0
 42
200.0000000000582
 43
600.0
 50
270.0000000000031
  0
ATTRIB
  5
4B2
330
4B1
100
AcDbEntity
  8
WINDOW_TEXT
100
AcDbText
 10
2561265.354329815
 20
-24383.86573607609
 30
-4.36557e-11
 40
300.0
  1

 50
90.0000000000031
  7
SIMPLEX
 41
0.8
 72
4
 11
2561265.354329815
 21
-24383.86573607609
 31
-4.36557e-11
100
AcDbAttribute
  2
A
 70
9
 71
1
 72
0
 11
2561265.354329815
 21
-24383.86573607609
 31
-4.36557e-11
  0
SEQEND
  5
4B3
330
4B1
100
AcDbEntity
  8
WINDOW
  0
LINE
  5
4B4
330
17
100
AcDbEntity
  8
WALL
100
AcDbLine
 10
2563865.354329815
 20
-25183.86573607597
 30
0.0
 11
2563865.354329815
 21
-25183.86573607545
 31
0.0
  0
LINE
  5
4B5
330
17
100
AcDbEntity
  8
WALL
100
AcDbLine
 10
2563865.354329815
 20
-24283.86573607603
 30
0.0
 11
2563865.354329815
 21
-25183.86573607545
 31
0.0
  0
LINE
  5
4B6
330
17
100
AcDbEntity
  8
WALL
100
AcDbLine
 10
2563165.354329815
 20
-27283.86573607597
 30
0.0
 11
2563265.354329815
 21
-27283.86573607597
 31
0.0
  0
LINE
  5
4B7
330
17
100
AcDbEntity
  8
WALL
100
AcDbLine
 10
2563165.354329815
 20
-26583.86573607597
 30
0.0
 11
2563265.354329815
 21
-26583.86573607597
 31
0.0
  0
INSERT
  5
4B8
330
17
100
AcDbEntity
  8
WINDOW
100
AcDbBlockReference
 66
1
  2
M_A2ZXL
 10
2563215.354329815
 20
-26933.86573607597
 30
0.0
 41
-700.0
 42
700.0
 43
700.0
 50
270.0000000000031
  0
ATTRIB
  5
4B9
330
4B8
100
AcDbEntity
  8
WINDOW_TEXT
100
AcDbText
 10
2563565.354329815
 20
-26933.86573607597
 30
0.0
 40
300.0
  1

 50
90.0000000000031
  7
SIMPLEX
 41
0.8
 72
4
 11
2563565.354329815
 21
-26933.86573607597
 31
0.0
100
AcDbAttribute
  2
A
 70
9
 71
1
 72
0
 11
2563565.354329815
 21
-26933.86573607597
 31
0.0
  0
SEQEND
  5
4BA
330
4B8
100
AcDbEntity
  8
WINDOW
  0
LINE
  5
4BB
330
17
100
AcDbEntity
  8
WALL
100
AcDbLine
 10
2563265.354329815
 20
-27283.86573607597
 30
0.0
 11
2563265.354329815
 21
-27483.86573607597
 31
-4.36557e-11
  0
LINE
  5
4BC
330
17
100
AcDbEntity
  8
WALL
100
AcDbLine
 10
2563165.354329815
 20
-27283.86573607597
 30
0.0
 11
2563165.354329815
 21
-27383.86573607597
 31
-4.36557e-11
  0
LINE
  5
4BD
330
17
100
AcDbEntity
  8
WALL
100
AcDbLine
 10
2572965.462732698
 20
-23983.86573607562
 30
0.0
 11
2572765.462732699
 21
-23983.86573607562
 31
0.0
  0
LINE
  5
4BE
330
17
100
AcDbEntity
  8
WALL
100
AcDbLine
 10
2563865.354329815
 20
-23483.86573607615
 30
-3.74192e-11
 11
2563865.354329815
 21
-23583.86573607597
 31
-3.11827e-11
  0
LINE
  5
4BF
330
17
100
AcDbEntity
  8
WALL
100
AcDbLine
 10
2563765.354329815
 20
-25283.86573607597
 30
0.0
 11
2563765.354329815
 21
-24283.86573607603
 31
0.0
  0
LINE
  5
4C0
330
17
100
AcDbEntity
  8
WALL
100
AcDbLine
 10
2561765.354329815
 20
-23483.86573607609
 30
-4.36557e-11
 11
2561765.354329815
 21
-25283.86573607609
 31
0.0
  0
LINE
  5
4C1
330
17
100
AcDbEntity
  8
WALL
100
AcDbLine
 10
2561765.354329815
 20
-23383.86573607609
 30
-4.36557e-11
 11
2563865.354329815
 21
-23383.86573607597
 31
-3.43125e-11
  0
LINE
  5
4C2
330
17
100
AcDbEntity
  8
WALL
100
AcDbLine
 10
2561765.354329815
 20
-23483.86573607609
 30
-4.36557e-11
 11
2563765.354329815
 21
-23483.86573607597
 31
-4.36557e-11
  0
LINE
  5
4C3
330
17
100
AcDbEntity
  8
WALL
100
AcDbLine
 10
2563165.354329815
 20
-25383.86573607597
 30
0.0
 11
2563165.354329815
 21
-26583.86573607597
 31
0.0
  0
LINE
  5
4C4
330
17
100
AcDbEntity
  8
WALL
100
AcDbLine
 10
2563265.354329815
 20
-25383.86573607597
 30
0.0
 11
2563265.354329815
 21
-26583.86573607597
 31
0.0
  0
LINE
  5
4C5
330
17
100
AcDbEntity
  8
内隔墙
100
AcDbLine
 10
2564365.354329816
 20
-31483.86573607597
 30
0.0
 11
2564365.354329815
 21
-26883.8657360755
 31
0.0
  0
INSERT
  5
4C6
330
17
100
AcDbEntity
  8
LVTRY
100
AcDbBlockReference
 66
1
  2
U_A48XUK
 10
2562765.354329815
 20
-25283.86573607609
 30
0.0
 41
-1.0
 50
359.999999999997
  0
ATTRIB
  5
4C7
330
4C6
100
AcDbEntity
  8
0
100
AcDbText
 10
2562764.325758386
 20
-25283.86573607609
 30
0.0
 40
0.5
  1
500
 50
359.999999999997
  7
DIM_FONT
 41
0.8
100
AcDbAttribute
  2
XSIZE
 70
9
 71
1
 72
0
  0
ATTRIB
  5
4C8
330
4C6
100
AcDbEntity
  8
0
100
AcDbText
 10
2562764.325758386
 20
-25283.86573607609
 30
0.0
 40
0.5
  1
500
 50
359.999999999997
  7
DIM_FONT
 41
0.8
100
AcDbAttribute
  2
YSIZE
 70
9
 71
1
 72
0
  0
SEQEND
  5
4C9
330
4C6
100
AcDbEntity
  8
LVTRY
  0
INSERT
  5
4CA
330
17
100
AcDbEntity
  8
LVTRY
100
AcDbBlockReference
 66
1
  2
U_A44WKN
 10
2562871.595091559
 20
-25433.86573607609
 30
0.0
 50
180.000000000003
  0
ATTRIB
  5
4CB
330
4CA
100
AcDbEntity
  8
0
100
AcDbText
 10
2562871.595091559
 20
-25433.86573607609
 30
0.0
 40
0.5
  1
0
 50
180.000000000003
100
AcDbAttribute
  2
XSIZE
 70
9
 71
1
 72
0
  0
ATTRIB
  5
4CC
330
4CA
100
AcDbEntity
  8
0
100
AcDbText
 10
2562871.595091559
 20
-25433.86573607609
 30
0.0
 40
0.5
  1
0
 50
180.000000000003
100
AcDbAttribute
  2
YSIZE
 70
9
 71
1
 72
0
  0
SEQEND
  5
4CD
330
4CA
100
AcDbEntity
  8
LVTRY
  0
INSERT
  5
4CE
330
17
100
AcDbEntity
  8
LVTRY
100
AcDbBlockReference
 66
1
  2
U_A48XUK
 10
2562171.758387228
 20
-25383.86573607609
 30
0.0
 41
-1.0
 50
180.0000000000031
  0
ATTRIB
  5
4CF
330
4CE
100
AcDbEntity
  8
0
100
AcDbText
 10
2562171.758387228
 20
-25384.36573607609
 30
0.0
 40
0.5
  1
500
 50
3.0376e-12
  7
DIM_FONT
 41
0.8
100
AcDbAttribute
  2
XSIZE
 70
9
 71
1
 72
0
  0
ATTRIB
  5
4D0
330
4CE
100
AcDbEntity
  8
0
100
AcDbText
 10
2562171.758387228
 20
-25384.36573607609
 30
0.0
 40
0.5
  1
500
 50
3.0376e-12
  7
DIM_FONT
 41
0.8
100
AcDbAttribute
  2
YSIZE
 70
9
 71
1
 72
0
  0
SEQEND
  5
4D1
330
4CE
100
AcDbEntity
  8
LVTRY
  0
LINE
  5
4D2
330
17
100
AcDbEntity
  8
WALL
100
AcDbLine
 10
2560865.354329815
 20
-27383.8657360762
 30
-4.36557e-11
 11
2560865.354329815
 21
-25383.8657360762
 31
-4.1577e-12
  0
LINE
  5
4D3
330
17
100
AcDbEntity
  8
WALL
100
AcDbLine
 10
2560865.354329816
 20
-31483.8657360762
 30
0.0
 11
2560865.354329815
 21
-27483.8657360762
 31
-4.36557e-11
  0
LINE
  5
4D4
330
17
100
AcDbEntity
  8
WALL
100
AcDbLine
 10
2563165.354329815
 20
-27383.86573607644
 30
0.0
 11
2560865.354329816
 21
-27383.86573607667
 31
0.0
  0
LINE
  5
4D5
330
17
100
AcDbEntity
  8
WALL
100
AcDbLine
 10
2563265.354329815
 20
-27483.86573607597
 30
-4.36557e-11
 11
2560865.354329815
 21
-27483.8657360762
 31
-4.36557e-11
  0
LINE
  5
4D6
330
17
100
AcDbEntity
  8
WALL
100
AcDbLine
 10
2560865.354329815
 20
-31483.8657360762
 30
0.0
 11
2561365.354329816
 21
-31483.8657360762
 31
0.0
  0
INSERT
  5
4D7
330
17
100
AcDbEntity
  8
LVTRY
100
AcDbBlockReference
 66
1
  2
M_E4
 10
2560865.354329815
 20
-26183.86823607609
 30
0.0
 41
1.06667
 42
1.06667
 43
1.06667
 50
89.99999999999689
  0
ATTRIB
  5
4D8
330
4D7
100
AcDbEntity
  8
0
100
AcDbText
 10
2560865.354329815
 20
-26184.19331645704
 30
0.0
 40
0.533335
  1
1500
 50
89.99999999999696
 41
0.8
100
AcDbAttribute
  2
XSIZE
 70
9
 71
1
 72
0
  0
ATTRIB
  5
4D9
330
4D7
100
AcDbEntity
  8
0
100
AcDbText
 10
2560865.354329815
 20
-26184.05109379045
 30
0.0
 40
0.533335
  1
750
 50
89.99999999999696
 41
0.8
100
AcDbAttribute
  2
YSIZE
 70
9
 71
1
 72
0
  0
SEQEND
  5
4DA
330
4D7
100
AcDbEntity
  8
DOTE
  0
LINE
  5
4DB
330
17
100
AcDbEntity
  8
WALL
100
AcDbLine
 10
2560665.354329815
 20
-25183.8657360762
 30
0.0
 11
2560665.354329815
 21
-31683.8657360762
 31
0.0
  0
LINE
  5
4DC
330
17
100
AcDbEntity
  8
WALL
100
AcDbLine
 10
2561565.354329815
 20
-25183.86573607609
 30
0.0
 11
2560665.354329815
 21
-25183.8657360762
 31
0.0
  0
LINE
  5
4DD
330
17
100
AcDbEntity
  8
WALL
100
AcDbLine
 10
2560665.354329815
 20
-31683.86573607644
 30
0.0
 11
2561365.354329815
 21
-31683.86573607644
 31
0.0
  0
LINE
  5
4DE
330
17
100
AcDbEntity
  8
GROUND
100
AcDbLine
 10
2567365.35432982
 20
-21783.86573607568
 30
0.0
 11
2567365.35432982
 21
-23383.86573607568
 31
0.0
  0
INSERT
  5
4DF
330
17
100
AcDbEntity
  8
WINDOW
100
AcDbBlockReference
 66
1
  2
_A0ASA
 10
2567415.354329819
 20
-22583.86573607568
 30
0.0
 41
-1600.0
 42
1600.0
 43
1600.0
 50
270.0000000000031
  0
ATTRIB
  5
4E0
330
4DF
100
AcDbEntity
  8
WINDOW_TEXT
100
AcDbText
 10
2567065.35432982
 20
-22583.8657360758
 30
0.0
 40
300.0
  1

 50
270.0000000000031
  7
SIMPLEX
 41
0.8
 72
4
 11
2567065.35432982
 21
-22583.8657360758
 31
0.0
 71
2
100
AcDbAttribute
  2
A
 70
9
 71
1
 72
0
 11
2567065.35432982
 21
-22583.8657360758
 31
0.0
  0
SEQEND
  5
4E1
330
4DF
100
AcDbEntity
  8
WINDOW
  0
LINE
  5
4E2
330
17
100
AcDbEntity
  8
WALL
100
AcDbLine
 10
2571465.354329815
 20
-31183.86573607644
 30
0.0
 11
2571465.354329815
 21
-25383.86573607876
 31
0.0
  0
LINE
  5
4E3
330
17
100
AcDbEntity
  8
WALL
100
AcDbLine
 10
2567365.354329818
 20
-23383.86573607568
 30
0.0
 11
2567465.354329815
 21
-23383.86573607568
 31
0.0
  0
LINE
  5
4E4
330
17
100
AcDbEntity
  8
WALL
100
AcDbLine
 10
2567465.354329815
 20
-23383.86573607568
 30
0.0
 11
2567465.354329812
 21
-23483.86573607562
 31
0.0
  0
LINE
  5
4E5
330
17
100
AcDbEntity
  8
WALL
100
AcDbLine
 10
2567365.354329818
 20
-23383.86573607568
 30
0.0
 11
2567365.354329815
 21
-23383.86573607574
 31
0.0
  0
LINE
  5
4E6
330
17
100
AcDbEntity
  8
GROUND
100
AcDbLine
 10
2570364.354329816
 20
-31383.86573607644
 30
0.0
 11
2567964.354329816
 21
-31383.86573607655
 31
0.0
  0
LINE
  5
4E7
330
17
100
AcDbEntity
  8
WALL
100
AcDbLine
 10
2567964.354329815
 20
-31183.86573607655
 30
0.0
 11
2567964.354329816
 21
-31383.86573607655
 31
0.0
  0
LINE
  5
4E8
330
17
100
AcDbEntity
  8
WALL
100
AcDbLine
 10
2570364.354329815
 20
-31183.86573607644
 30
0.0
 11
2570364.354329816
 21
-31383.86573607615
 31
0.0
  0
INSERT
  5
4E9
330
17
100
AcDbEntity
  8
WINDOW
100
AcDbBlockReference
 66
1
  2
_A3PAD
 10
2569164.354329816
 20
-31283.86573607644
 30
0.0
 41
2400.0
 42
2400.0
 43
2400.0
 50
3.1175e-12
  0
ATTRIB
  5
4EA
330
4E9
100
AcDbEntity
  8
WINDOW_TEXT
100
AcDbText
 10
2569164.354329816
 20
-31683.86573607644
 30
0.0
 40
300.0
  1

 50
3.1175e-12
  7
SIMPLEX
 41
0.8
 72
4
 11
2569164.354329816
 21
-31683.86573607644
 31
0.0
100
AcDbAttribute
  2
A
 70
9
 71
1
 72
0
 11
2569164.354329816
 21
-31683.86573607644
 31
0.0
  0
SEQEND
  5
4EB
330
4E9
100
AcDbEntity
  8
WINDOW
  0
LINE
  5
4EC
330
17
100
AcDbEntity
  8
GROUND
100
AcDbLine
 10
2564815.354329816
 20
-31383.86573607597
 30
0.0
 11
2566915.354329816
 21
-31383.86573607585
 31
0.0
  0
LINE
  5
4ED
330
17
100
AcDbEntity
  8
WALL
100
AcDbLine
 10
2566615.354329816
 20
-31183.86573607591
 30
0.0
 11
2566615.354329816
 21
-31383.86573607591
 31
0.0
  0
LINE
  5
4EE
330
17
100
AcDbEntity
  8
WALL
100
AcDbLine
 10
2565115.354329816
 20
-31183.86573607603
 30
0.0
 11
2565115.354329816
 21
-31383.86573607603
 31
0.0
  0
INSERT
  5
4EF
330
17
100
AcDbEntity
  8
WINDOW
100
AcDbBlockReference
 66
1
  2
_A0ASA
 10
2565865.354329816
 20
-31283.86573607597
 30
-9.84159e-11
 41
1500.0
 42
1500.0
 43
1500.0
 50
180.000000000003
  0
ATTRIB
  5
4F0
330
4EF
100
AcDbEntity
  8
WINDOW_TEXT
100
AcDbText
 10
2565865.354329815
 20
-30883.86573607597
 30
-9.84159e-11
 40
300.0
  1

 50
3.1175e-12
  7
SIMPLEX
 41
0.8
 72
4
 11
2565865.354329815
 21
-30883.86573607597
 31
-9.84159e-11
100
AcDbAttribute
  2
A
 70
9
 71
1
 72
0
 11
2565865.354329815
 21
-30883.86573607597
 31
-9.84159e-11
  0
SEQEND
  5
4F1
330
4EF
100
AcDbEntity
  8
WINDOW
  0
LINE
  5
4F2
330
17
100
AcDbEntity
  8
WALL
100
AcDbLine
 10
2567964.354329816
 20
-31383.86573607667
 30
0.0
 11
2566615.354329816
 21
-31383.86573607591
 31
0.0
  0
LINE
  5
4F3
330
17
100
AcDbEntity
  8
WALL
100
AcDbLine
 10
2566615.354329816
 20
-31183.86573607591
 30
0.0
 11
2567365.354329815
 21
-31183.86573607597
 31
-2.199406e-10
  0
LINE
  5
4F4
330
17
100
AcDbEntity
  8
内隔墙
100
AcDbLine
 10
2565465.354329815
 20
-26983.86573607597
 30
0.0
 11
2565465.354329815
 21
-26883.86573607597
 31
0.0
  0
LINE
  5
4F5
330
17
100
AcDbEntity
  8
内隔墙
100
AcDbLine
 10
2565465.354329815
 20
-26983.86573607597
 30
0.0
 11
2567365.354329815
 21
-26983.86573607574
 31
-3.3562e-11
  0
LINE
  5
4F6
330
17
100
AcDbEntity
  8
内隔墙
100
AcDbLine
 10
2564565.354329815
 20
-26883.86573607597
 30
0.0
 11
2564365.354329815
 21
-26883.86573607597
 31
0.0
  0
LINE
  5
4F7
330
17
100
AcDbEntity
  8
内隔墙
100
AcDbLine
 10
2567365.354329815
 20
-26983.86573607574
 30
-3.3562e-11
 11
2567365.354329815
 21
-31183.86573607597
 31
-3.3562e-11
  0
LINE
  5
4F8
330
17
100
AcDbEntity
  8
WALL
100
AcDbLine
 10
2567465.354329816
 20
-31183.86573607667
 30
0.0
 11
2567964.354329815
 21
-31183.86573607655
 31
0.0
  0
LINE
  5
4F9
330
17
100
AcDbEntity
  8
内隔墙
100
AcDbLine
 10
2567465.354329816
 20
-26883.86573607574
 30
0.0
 11
2567465.354329816
 21
-31183.86573607667
 31
0.0
  0
LINE
  5
4FA
330
17
100
AcDbEntity
  8
WALL
100
AcDbLine
 10
2570365.354329817
 20
-24983.86573607562
 30
0.0
 11
2570165.354329818
 21
-24983.86573607562
 31
0.0
  0
LINE
  5
4FB
330
17
100
AcDbEntity
  8
WALL
100
AcDbLine
 10
2570165.354329818
 20
-24983.86573607562
 30
0.0
 11
2570165.354329816
 21
-25383.86573607574
 31
0.0
  0
LINE
  5
4FC
330
17
100
AcDbEntity
  8
WALL
100
AcDbLine
 10
2570365.354329814
 20
-20383.86573607329
 30
0.0
 11
2570365.354329817
 21
-23983.86573607562
 31
0.0
  0
LINE
  5
4FD
330
17
100
AcDbEntity
  8
GROUND
100
AcDbLine
 10
2570365.354329817
 20
-24983.86573607562
 30
0.0
 11
2570365.354329817
 21
-23983.86573607562
 31
0.0
  0
LINE
  5
4FE
330
17
100
AcDbEntity
  8
WALL
100
AcDbLine
 10
2571465.354329815
 20
-25383.86573607574
 30
0.0
 11
2570165.354329816
 21
-25383.86573607574
 31
0.0
  0
LINE
  5
4FF
330
17
100
AcDbEntity
  8
WALL
100
AcDbLine
 10
2565115.354329816
 20
-31383.86573607603
 30
0.0
 11
2564465.354329816
 21
-31383.8657360769
 31
0.0
  0
LINE
  5
500
330
17
100
AcDbEntity
  8
WALL
100
AcDbLine
 10
2570364.354329815
 20
-31183.86573607644
 30
0.0
 11
2571465.354329815
 21
-31183.86573607644
 31
0.0
  0
INSERT
  5
501
330
17
100
AcDbEntity
  8
WINDOW
100
AcDbBlockReference
 66
1
  2
_DBLK
 10
2570265.354329817
 20
-24483.86573607562
 30
0.0
 41
1000.0
 42
1000.0
 43
1000.0
 50
90.00000000000311
  0
ATTRIB
  5
502
330
501
100
AcDbEntity
  8
WINDOW_TEXT
100
AcDbText
 10
2569865.354329818
 20
-24483.86573607562
 30
0.0
 40
300.0
  1

 50
90.0000000000031
  7
SIMPLEX
 41
0.8
 72
4
 11
2569865.354329818
 21
-24483.86573607562
 31
0.0
100
AcDbAttribute
  2
A
 70
9
 71
1
 72
0
 11
2569865.354329818
 21
-24483.86573607562
 31
0.0
  0
SEQEND
  5
503
330
501
100
AcDbEntity
  8
WINDOW
  0
LINE
  5
504
330
17
100
AcDbEntity
  8
WALL
100
AcDbLine
 10
2570365.354329817
 20
-24983.86573607562
 30
0.0
 11
2570365.354329815
 21
-25183.86573607574
 31
0.0
  0
LINE
  5
505
330
17
100
AcDbEntity
  8
WALL
100
AcDbLine
 10
2567365.354329819
 20
-21783.86573607568
 30
0.0
 11
2567465.354329819
 21
-21783.86573607568
 31
0.0
  0
LINE
  5
506
330
17
100
AcDbEntity
  8
GROUND
100
AcDbLine
 10
2567765.354329815
 20
-20183.86573607574
 30
0.0
 11
2569865.354329816
 21
-20183.86573607562
 31
0.0
  0
LINE
  5
507
330
17
100
AcDbEntity
  8
WALL
100
AcDbLine
 10
2567915.354329816
 20
-20183.86573607579
 30
0.0
 11
2567915.354329816
 21
-20383.86573607579
 31
0.0
  0
LINE
  5
508
330
17
100
AcDbEntity
  8
WALL
100
AcDbLine
 10
2569715.354329816
 20
-20183.86573607568
 30
0.0
 11
2569715.354329816
 21
-20383.86573607568
 31
0.0
  0
INSERT
  5
509
330
17
100
AcDbEntity
  8
WINDOW
100
AcDbBlockReference
 66
1
  2
_A0ASA
 10
2568815.354329816
 20
-20283.86573607574
 30
0.0
 41
-1800.0
 42
1800.0
 43
1800.0
 50
3.1175e-12
  0
ATTRIB
  5
50A
330
509
100
AcDbEntity
  8
WINDOW_TEXT
100
AcDbText
 10
2568815.354329816
 20
-20683.86573607574
 30
0.0
 40
300.0
  1

 50
3.1175e-12
  7
SIMPLEX
 41
0.8
 72
4
 11
2568815.354329816
 21
-20683.86573607574
 31
0.0
 71
2
100
AcDbAttribute
  2
A
 70
9
 71
1
 72
0
 11
2568815.354329816
 21
-20683.86573607574
 31
0.0
  0
SEQEND
  5
50B
330
509
100
AcDbEntity
  8
WINDOW
  0
LINE
  5
50C
330
17
100
AcDbEntity
  8
WALL
100
AcDbLine
 10
2569715.354329816
 20
-20383.86573607568
 30
0.0
 11
2570165.354329816
 21
-20383.86573607562
 31
0.0
  0
LINE
  5
50D
330
17
100
AcDbEntity
  8
WALL
100
AcDbLine
 10
2567465.354329815
 20
-20383.86573607574
 30
0.0
 11
2567915.354329816
 21
-20383.86573607579
 31
0.0
  0
LINE
  5
50E
330
17
100
AcDbEntity
  8
WALL
100
AcDbLine
 10
2567465.354329819
 20
-21783.86573607568
 30
0.0
 11
2567465.354329815
 21
-20383.86573607574
 31
0.0
  0
LINE
  5
50F
330
17
100
AcDbEntity
  8
WALL
100
AcDbLine
 10
2567365.354329815
 20
-20383.86573607574
 30
0.0
 11
2567365.354329819
 21
-21783.86573607568
 31
0.0
  0
LINE
  5
510
330
17
100
AcDbEntity
  8
LVTRY
100
AcDbLine
 10
2564965.354329815
 20
-23383.90573607601
 30
0.0
 11
2565565.354329815
 21
-23383.90573607589
 31
0.0
  0
INSERT
  5
511
330
17
100
AcDbEntity
  8
LVTRY
100
AcDbBlockReference
 66
1
  2
A$C5BFC3B48
 10
2565502.282729024
 20
-22250.77453787817
 30
0.0
 50
90.00000000000311
  0
ATTRIB
  5
512
330
511
100
AcDbEntity
  8
LVTRY
100
AcDbText
 10
2565001.783024661
 20
-21900.77354245662
 30
0.0
 40
0.5
  1
500
 50
270.0000000000031
 41
0.8
 71
2
100
AcDbAttribute
  2
YSIZE
 70
9
 71
1
 72
0
  0
ATTRIB
  5
513
330
511
100
AcDbEntity
  8
LVTRY
100
AcDbText
 10
2565001.783024661
 20
-21900.77354245662
 30
0.0
 40
0.5
  1
700
 50
270.0000000000031
 41
0.8
 71
2
100
AcDbAttribute
  2
XSIZE
 70
9
 71
1
 72
0
  0
SEQEND
  5
514
330
511
100
AcDbEntity
  8
LVTRY
  0
LINE
  5
515
330
17
100
AcDbEntity
  8
WALL
100
AcDbLine
 10
2570165.354329818
 20
-23983.86573607562
 30
0.0
 11
2570165.354329815
 21
-20383.86573607562
 31
0.0
  0
LINE
  5
516
330
17
100
AcDbEntity
  8
LVTRY
100
AcDbLine
 10
2561665.356829815
 20
-26983.87073607615
 30
0.0
 11
2561665.356829816
 21
-27383.86573607655
 31
0.0
  0
LINE
  5
517
330
17
100
AcDbEntity
  8
WALL
100
AcDbLine
 10
2560865.354329815
 20
-25383.8657360762
 30
0.0
 11
2563165.354329815
 21
-25383.86573607597
 31
0.0
  0
INSERT
  5
518
330
17
100
AcDbEntity
  8
WINDOW
100
AcDbBlockReference
 66
1
  2
_GCBLK
 10
2561265.354329815
 20
-25283.86573607609
 30
0.0
 41
-600.0
 42
200.0
 43
600.0
 50
180.0
  0
ATTRIB
  5
519
330
518
100
AcDbEntity
  8
WINDOW_TEXT
100
AcDbText
 10
2561265.354329815
 20
-25683.86573607609
 30
0.0
 40
300.0
  1

  7
SIMPLEX
 41
0.8
 72
4
 11
2561265.354329815
 21
-25683.86573607609
 31
0.0
100
AcDbAttribute
  2
A
 70
9
 71
1
 72
0
 11
2561265.354329815
 21
-25683.86573607609
 31
0.0
  0
SEQEND
  5
51A
330
518
100
AcDbEntity
  8
WINDOW
  0
LINE
  5
51B
330
17
100
AcDbEntity
  8
GROUND
100
AcDbLine
 10
2563165.354329815
 20
-26583.86573607597
 30
0.0
 11
2563165.354329815
 21
-27283.86573607597
 31
0.0
  0
INSERT
  5
51C
330
17
100
AcDbEntity
  8
LVTRY
100
AcDbBlockReference
 66
1
  2
A$C24072D83
 10
2565524.480345527
 20
-23383.8658451835
 30
0.0
 50
90.00000000000311
  0
ATTRIB
  5
51D
330
51C
100
AcDbEntity
  8
0
100
AcDbText
 10
2564966.297118387
 20
-22833.90573607583
 30
0.0
 40
0.4582999999984168
  1
600
 39
900.0
 50
3.0279e-12
  7
DIM_FONT
 41
0.7999999999883585
 71
6
100
AcDbAttribute
  2
YSIZE
 70
9
 71
1
 72
0
  0
ATTRIB
  5
51E
330
51C
100
AcDbEntity
  8
0
100
AcDbText
 10
2564966.227282196
 20
-22833.90573607583
 30
0.0
 40
0.4582999999984168
  1
610
 39
900.0
 50
3.0279e-12
  7
DIM_FONT
 41
0.7999999999883585
 71
6
100
AcDbAttribute
  2
XSIZE
 70
9
 71
1
 72
0
  0
ATTRIB
  5
51F
330
51C
100
AcDbEntity
  8
0
100
AcDbText
 10
2564965.854329815
 20
-22833.90573607583
 30
0.0
 40
0.5
  1
500
 39
900.0
 50
90.00000000000311
  7
DIM_FONT
 41
0.7999999999883585
 71
2
100
AcDbAttribute
  2
YSIZE
 70
9
 71
1
 72
0
  0
ATTRIB
  5
520
330
51C
100
AcDbEntity
  8
0
100
AcDbText
 10
2564965.854329815
 20
-22833.90573607583
 30
0.0
 40
0.5
  1
500
 39
900.0
 50
90.00000000000311
  7
DIM_FONT
 41
0.7999999999883585
 71
2
100
AcDbAttribute
  2
XSIZE
 70
9
 71
1
 72
0
  0
SEQEND
  5
521
330
51C
100
AcDbEntity
  8
WINDOW
  0
LINE
  5
522
330
17
100
AcDbEntity
  8
WALL
100
AcDbLine
 10
2567465.354329812
 20
-23483.86573607562
 30
0.0
 11
2564865.354329814
 21
-23483.86573607603
 31
-8.5467e-12
  0
LINE
  5
523
330
17
100
AcDbEntity
  8
WALL
100
AcDbLine
 10
2567365.354329815
 20
-23383.86573607574
 30
1.982e-13
 11
2564965.354329815
 21
-23383.86573607597
 31
-8.833e-13
  0
LINE
  5
524
330
17
100
AcDbEntity
  8
LVTRY
100
AcDbLine
 10
2563265.354329815
 20
-25933.86573607597
 30
0.0
 11
2564365.354329815
 21
-25933.86573607597
 31
0.0
  0
LINE
  5
525
330
17
100
AcDbEntity
  8
LVTRY
100
AcDbLine
 10
2563265.354329815
 20
-25933.86573607597
 30
0.0
 11
2564365.354329815
 21
-25383.86573607597
 31
0.0
  0
LINE
  5
526
330
17
100
AcDbEntity
  8
LVTRY
100
AcDbLine
 10
2563265.354329815
 20
-25383.86573607597
 30
0.0
 11
2564365.354329815
 21
-25933.86573607597
 31
0.0
  0
INSERT
  5
527
330
17
100
AcDbEntity
  8
空调
100
AcDbBlockReference
 66
1
  2
U_C15DRB
 10
2563334.451554743
 20
-32084.30819072417
 30
0.0
  0
ATTRIB
  5
528
330
527
100
AcDbEntity
  8
0
  6
Continuous
100
AcDbText
 10
2563334.451554743
 20
-32084.30819072417
 30
0.0
 40
0.5
  1
500
  7
DIM_FONT
 41
0.8
100
AcDbAttribute
  2
XSIZE
 70
9
 71
1
 72
0
  0
ATTRIB
  5
529
330
527
100
AcDbEntity
  8
0
  6
Continuous
100
AcDbText
 10
2563334.451554743
 20
-32084.30819072417
 30
0.0
 40
0.5
  1
0
  7
DIM_FONT
 41
0.8
100
AcDbAttribute
  2
YSIZE
 70
9
 71
1
 72
0
  0
SEQEND
  5
52A
330
527
100
AcDbEntity
  8
LVTRY
  6
Continuous
  0
INSERT
  5
52B
330
17
100
AcDbEntity
  8
空调
100
AcDbBlockReference
 66
1
  2
U_C15DRB
 10
2570664.233920695
 20
-31785.84559003095
 30
0.0
  0
ATTRIB
  5
52C
330
52B
100
AcDbEntity
  8
0
  6
Continuous
100
AcDbText
 10
2570664.233920695
 20
-31785.84559003095
 30
0.0
 40
0.5
  1
500
  7
DIM_FONT
 41
0.8
100
AcDbAttribute
  2
XSIZE
 70
9
 71
1
 72
0
  0
ATTRIB
  5
52D
330
52B
100
AcDbEntity
  8
0
  6
Continuous
100
AcDbText
 10
2570664.233920695
 20
-31785.84559003095
 30
0.0
 40
0.5
  1
0
  7
DIM_FONT
 41
0.8
100
AcDbAttribute
  2
YSIZE
 70
9
 71
1
 72
0
  0
SEQEND
  5
52E
330
52B
100
AcDbEntity
  8
LVTRY
  6
Continuous
  0
LINE
  5
52F
330
17
100
AcDbEntity
  8
WALL
100
AcDbLine
 10
2564865.354329814
 20
-23483.86573607603
 30
-8.5467e-12
 11
2564865.354329814
 21
-19683.86573607597
 31
0.0
  0
LINE
  5
530
330
17
100
AcDbEntity
  8
WALL
  6
Continuous
100
AcDbLine
 10
2564865.405493358
 20
-19483.86573607603
 30
0.0
 11
2563815.354329814
 21
-19483.86573607597
 31
0.0
  0
INSERT
  5
531
330
17
100
AcDbEntity
  8
空调
100
AcDbBlockReference
 66
1
  2
U_C15DRB
 10
2564715.799601411
 20
-19056.86519457033
 30
0.0
 50
180.0
  0
ATTRIB
  5
532
330
531
100
AcDbEntity
  8
0
  6
Continuous
100
AcDbText
 10
2564715.799601411
 20
-19056.86519457033
 30
0.0
 40
0.5
  1
500
 50
180.0
  7
DIM_FONT
 41
0.8
100
AcDbAttribute
  2
XSIZE
 70
9
 71
1
 72
0
  0
ATTRIB
  5
533
330
531
100
AcDbEntity
  8
0
  6
Continuous
100
AcDbText
 10
2564715.799601411
 20
-19056.86519457033
 30
0.0
 40
0.5
  1
0
 50
180.0
  7
DIM_FONT
 41
0.8
100
AcDbAttribute
  2
YSIZE
 70
9
 71
1
 72
0
  0
SEQEND
  5
534
330
531
100
AcDbEntity
  8
LVTRY
  6
Continuous
  0
LINE
  5
535
330
17
100
AcDbEntity
  8
WALL
  6
Continuous
100
AcDbLine
 10
2565065.354329817
 20
-19483.86573607603
 30
0.0
 11
2565065.354329815
 21
-20183.86573607597
 31
0.0
  0
LINE
  5
536
330
17
100
AcDbEntity
  8
WALL
  6
Continuous
100
AcDbLine
 10
2563715.354329821
 20
-18983.86573607614
 30
0.0
 11
2563815.354329821
 21
-18983.86573607614
 31
0.0
  0
LINE
  5
537
330
17
100
AcDbEntity
  8
WALL
  6
Continuous
100
AcDbLine
 10
2563815.354329814
 20
-19483.86573607597
 30
0.0
 11
2563815.354329821
 21
-18983.86573607614
 31
0.0
  0
LINE
  5
538
330
17
100
AcDbEntity
  8
WALL
  6
Continuous
100
AcDbLine
 10
2563715.354329815
 20
-19683.86573607614
 30
0.0
 11
2563715.354329821
 21
-18983.86573607614
 31
0.0
  0
INSERT
  5
539
330
17
100
AcDbEntity
  8
空调
100
AcDbBlockReference
 66
1
  2
U_A95JFC
 10
2564532.800180758
 20
-30342.80835625396
 30
1.368e-13
 41
-1.0
 50
180.0000000000478
  0
ATTRIB
  5
53A
330
539
100
AcDbEntity
  8
0
100
AcDbText
 10
2564532.800180758
 20
-30343.30835625396
 30
1.368e-13
 40
0.5
  1
0
 50
4.78228e-11
  7
DIM_FONT
 41
0.8
100
AcDbAttribute
  2
XSIZE
 70
9
 71
1
 72
0
  0
ATTRIB
  5
53B
330
539
100
AcDbEntity
  8
0
100
AcDbText
 10
2564532.800180758
 20
-30343.30835625396
 30
1.368e-13
 40
0.5
  1
500
 50
4.78228e-11
  7
DIM_FONT
 41
0.8
100
AcDbAttribute
  2
YSIZE
 70
9
 71
1
 72
0
  0
SEQEND
  5
53C
330
539
100
AcDbEntity
  8
空调
  0
LWPOLYLINE
  5
53D
330
17
100
AcDbEntity
  8
WALL
100
AcDbPolyline
 90
4
 70
1
 10
2570365.354329818
 20
-18983.8657360737
 10
2570165.35432982
 20
-18983.8657360737
 10
2570165.35432982
 20
-19183.8657360737
 10
2570365.354329818
 20
-19183.8657360737
  0
LINE
  5
53E
330
17
100
AcDbEntity
  8
BALCONY
100
AcDbLine
 10
2570165.35432982
 20
-19783.86573607364
 30
0.0
 11
2570165.35432982
 21
-19183.8657360737
 31
0.0
  0
LINE
  5
53F
330
17
100
AcDbEntity
  8
BALCONY
100
AcDbLine
 10
2570365.354329818
 20
-18983.86573607568
 30
0.0
 11
2570365.354329818
 21
-19783.86573607364
 31
0.0
  0
HATCH
  5
540
330
17
100
AcDbEntity
  8
COLUMN
100
AcDbHatch
 10
0.0
 20
0.0
 30
0.0
210
0.0
220
0.0
230
1.0
  2
SOLID
 70
1
 71
0
 91
1
 92
7
 72
0
 73
1
 93
4
 10
2570365.354329818
 20
-18983.86573607376
 10
2570165.35432982
 20
-18983.8657360737
 10
2570165.354329821
 20
-19183.8657360737
 10
2570365.354329818
 20
-19183.86573607376
 97
0
 75
0
 76
1
 47
1.937978351903973
 98
1
 10
2570253.971176141
 20
-19081.1923613773
  0
LINE
  5
541
330
17
100
AcDbEntity
  8
DOTE
100
AcDbLine
 10
2563765.354329819
 20
-25283.86573607597
 30
0.0
 11
2563765.354329819
 21
-23483.86573607469
 31
0.0
  0
INSERT
  5
542
330
17
100
AcDbEntity
  8
LVTRY
100
AcDbBlockReference
 66
1
  2
U_A30VYQ
 10
2569171.978730163
 20
-21887.68518630462
 30
0.0
 50
90.0000000000031
  0
ATTRIB
  5
543
330
542
100
AcDbEntity
  8
0
100
AcDbText
 10
2569171.978730163
 20
-21887.68518630462
 30
0.0
 40
0.5
  1
2500
 50
90.0000000000031
100
AcDbAttribute
  2
XSIZE
 70
9
 71
1
 72
0
  0
ATTRIB
  5
544
330
542
100
AcDbEntity
  8
0
100
AcDbText
 10
2569171.978730163
 20
-21887.68518630462
 30
0.0
 40
0.5
  1
1500
 50
90.0000000000031
100
AcDbAttribute
  2
YSIZE
 70
9
 71
1
 72
0
  0
SEQEND
  5
545
330
542
100
AcDbEntity
  8
家具
  0
INSERT
  5
546
330
17
100
AcDbEntity
  8
空调
100
AcDbBlockReference
 66
1
  2
U_A95JFC
 10
2570832.028581376
 20
-31119.79048357113
 30
1.368e-13
 41
-1.0
 50
315.0000000000479
  0
ATTRIB
  5
547
330
546
100
AcDbEntity
  8
0
100
AcDbText
 10
2570832.382134767
 20
-31119.43693018006
 30
1.368e-13
 40
0.5
  1
0
 50
135.0000000000478
  7
DIM_FONT
 41
0.8
100
AcDbAttribute
  2
XSIZE
 70
9
 71
1
 72
0
  0
ATTRIB
  5
548
330
546
100
AcDbEntity
  8
0
100
AcDbText
 10
2570832.382134767
 20
-31119.43693018006
 30
1.368e-13
 40
0.5
  1
500
 50
135.0000000000478
  7
DIM_FONT
 41
0.8
100
AcDbAttribute
  2
YSIZE
 70
9
 71
1
 72
0
  0
SEQEND
  5
549
330
546
100
AcDbEntity
  8
空调
  0
LINE
  5
54A
330
17
100
AcDbEntity
  8
WALL
100
AcDbLine
 10
2561915.354329815
 20
-19683.8657360762
 30
0.0
 11
2561765.34966219
 21
-19683.86573607609
 31
0.0
  0
LINE
  5
54B
330
17
100
AcDbEntity
  8
WALL
  6
Continuous
100
AcDbLine
 10
2561915.354329815
 20
-19483.86573607626
 30
0.0
 11
2561565.349662191
 21
-19483.86573607609
 31
0.0
  0
LINE
  5
54C
330
17
100
AcDbEntity
  8
WALL
100
AcDbLine
 10
2561915.354329815
 20
-19683.86573607603
 30
0.0
 11
2561915.354329815
 21
-19483.86573607626
 31
0.0
  0
LWPOLYLINE
  5
54D
330
17
100
AcDbEntity
  8
WINDOW
100
AcDbPolyline
 90
3
 70
0
 10
2563165.354329815
 20
-32083.86573607609
 10
2561315.354329815
 20
-32083.8657360762
 10
2561315.354329815
 20
-31683.86573607615
  0
LWPOLYLINE
  5
54E
330
17
100
AcDbEntity
  8
WINDOW
100
AcDbPolyline
 90
4
 70
0
 10
2563165.354329815
 20
-32033.86573607609
 10
2563165.354329815
 20
-32033.86573607609
 10
2561365.354329815
 20
-32033.8657360762
 10
2561365.354329815
 20
-31683.86573607615
  0
LWPOLYLINE
  5
54F
330
17
100
AcDbEntity
  8
WINDOW
100
AcDbPolyline
 90
3
 70
0
 10
2563165.354329815
 20
-32183.86573607609
 10
2561215.354329816
 20
-32183.8657360762
 10
2561215.354329815
 20
-31683.8657360762
  0
LINE
  5
550
330
17
100
AcDbEntity
  8
WALL
100
AcDbLine
 10
2563265.354329815
 20
-32183.86573607609
 30
0.0
 11
2563265.354329815
 21
-31683.8657360762
 31
0.0
  0
LINE
  5
551
330
17
100
AcDbEntity
  8
WALL
100
AcDbLine
 10
2563265.354329815
 20
-32183.86573607609
 30
0.0
 11
2563165.354329815
 21
-32183.86573607609
 31
0.0
  0
LWPOLYLINE
  5
552
330
17
100
AcDbEntity
  8
WINDOW
100
AcDbPolyline
 90
3
 70
0
 10
2561915.354329815
 20
-19483.8657360762
 10
2561915.354329815
 20
-19133.86573607614
 10
2563715.354329815
 20
-19133.86573607614
  0
LWPOLYLINE
  5
553
330
17
100
AcDbEntity
  8
WINDOW
100
AcDbPolyline
 90
3
 70
0
 10
2561865.354329815
 20
-19483.8657360762
 10
2561865.354329815
 20
-19083.86573607614
 10
2563715.354329815
 20
-19083.86573607614
  0
LWPOLYLINE
  5
554
330
17
100
AcDbEntity
  8
WINDOW
100
AcDbPolyline
 90
3
 70
0
 10
2561765.354329815
 20
-19483.8657360762
 10
2561765.354329814
 20
-18983.86573607609
 10
2563715.354329815
 20
-18983.86573607614
  0
LWPOLYLINE
  5
555
330
17
100
AcDbEntity
  8
COLUMN1
100
AcDbPolyline
 90
5
 70
0
 10
2564765.354329817
 20
-19483.86573607603
 10
2565065.354329817
 20
-19483.86573607603
 10
2565065.354329817
 20
-20383.86573607609
 10
2564765.354329817
 20
-20383.86573607609
 10
2564765.354329817
 20
-19483.86573607603
  0
HATCH
  5
556
330
17
100
AcDbEntity
  8
COLUMN
100
AcDbHatch
 10
0.0
 20
0.0
 30
0.0
210
0.0
220
0.0
230
1.0
  2
SOLID
 70
1
 71
0
 91
1
 92
1
 93
4
 72
1
 10
2564765.354329817
 20
-19483.86573607603
 11
2565065.354329817
 21
-19483.86573607603
 72
1
 10
2565065.354329817
 20
-19483.86573607603
 11
2565065.354329817
 21
-20383.86573607609
 72
1
 10
2565065.354329817
 20
-20383.86573607609
 11
2564765.354329817
 21
-20383.86573607609
 72
1
 10
2564765.354329817
 20
-20383.86573607609
 11
2564765.354329817
 21
-19483.86573607603
 97
1
330
13F48A
 75
0
 76
1
 98
1
 10
-483723.6110171666
 20
433449.0835739023
  0
LWPOLYLINE
  5
557
330
17
100
AcDbEntity
  8
COLUMN1
100
AcDbPolyline
 90
5
 70
0
 10
2560665.354329815
 20
-25183.8657360762
 10
2561015.354329815
 20
-25183.8657360762
 10
2561015.354329815
 20
-25583.8657360762
 10
2560665.354329815
 20
-25583.8657360762
 10
2560665.354329815
 20
-25183.8657360762
  0
HATCH
  5
558
330
17
100
AcDbEntity
  8
COLUMN
100
AcDbHatch
 10
0.0
 20
0.0
 30
0.0
210
0.0
220
0.0
230
1.0
  2
SOLID
 70
1
 71
0
 91
1
 92
1
 93
4
 72
1
 10
2560665.354329815
 20
-25183.8657360762
 11
2561015.354329815
 21
-25183.8657360762
 72
1
 10
2561015.354329815
 20
-25183.8657360762
 11
2561015.354329815
 21
-25583.8657360762
 72
1
 10
2561015.354329815
 20
-25583.8657360762
 11
2560665.354329815
 21
-25583.8657360762
 72
1
 10
2560665.354329815
 20
-25583.8657360762
 11
2560665.354329815
 21
-25183.8657360762
 97
1
330
13F48C
 75
0
 76
1
 98
1
 10
-487773.611017168
 20
427749.0835739021
  0
LWPOLYLINE
  5
559
330
17
100
AcDbEntity
  8
COLUMN1
100
AcDbPolyline
 90
5
 70
0
 10
2560665.354329815
 20
-31283.86573607644
 10
2561015.354329815
 20
-31283.86573607644
 10
2561015.354329815
 20
-31683.86573607644
 10
2560665.354329815
 20
-31683.86573607644
 10
2560665.354329815
 20
-31283.86573607644
  0
HATCH
  5
55A
330
17
100
AcDbEntity
  8
COLUMN
100
AcDbHatch
 10
0.0
 20
0.0
 30
0.0
210
0.0
220
0.0
230
1.0
  2
SOLID
 70
1
 71
0
 91
1
 92
1
 93
4
 72
1
 10
2560665.354329815
 20
-31283.86573607644
 11
2561015.354329815
 21
-31283.86573607644
 72
1
 10
2561015.354329815
 20
-31283.86573607644
 11
2561015.354329815
 21
-31683.86573607644
 72
1
 10
2561015.354329815
 20
-31683.86573607644
 11
2560665.354329815
 21
-31683.86573607644
 72
1
 10
2560665.354329815
 20
-31683.86573607644
 11
2560665.354329815
 21
-31283.86573607644
 97
1
330
13F48E
 75
0
 76
1
 98
1
 10
-487773.611017168
 20
421649.0835739019
  0
LWPOLYLINE
  5
55B
330
17
100
AcDbEntity
  8
COLUMN1
100
AcDbPolyline
 90
5
 70
0
 10
2564265.354329816
 20
-31183.8657360762
 10
2564565.354329816
 20
-31183.8657360762
 10
2564565.354329816
 20
-31683.8657360762
 10
2564265.354329816
 20
-31683.8657360762
 10
2564265.354329816
 20
-31183.8657360762
  0
HATCH
  5
55C
330
17
100
AcDbEntity
  8
COLUMN
100
AcDbHatch
 10
0.0
 20
0.0
 30
-3.28758e-11
210
0.0
220
0.0
230
1.0
  2
SOLID
 70
1
 71
0
 91
1
 92
1
 93
4
 72
1
 10
2564265.354329816
 20
-31183.8657360762
 11
2564565.354329816
 21
-31183.8657360762
 72
1
 10
2564565.354329816
 20
-31183.8657360762
 11
2564565.354329816
 21
-31683.8657360762
 72
1
 10
2564565.354329816
 20
-31683.8657360762
 11
2564265.354329816
 21
-31683.8657360762
 72
1
 10
2564265.354329816
 20
-31683.8657360762
 11
2564265.354329816
 21
-31183.8657360762
 97
1
330
13F490
 75
0
 76
1
 98
1
 10
-484223.6110171671
 20
421349.0835739021
  0
LWPOLYLINE
  5
55D
330
17
100
AcDbEntity
  8
COLUMN1
100
AcDbPolyline
 90
5
 70
0
 10
2564115.354329816
 20
-25183.86573607545
 10
2564465.354329816
 20
-25183.86573607545
 10
2564465.354329816
 20
-25583.86573607545
 10
2564115.354329816
 20
-25583.86573607545
 10
2564115.354329816
 20
-25183.86573607545
  0
HATCH
  5
55E
330
17
100
AcDbEntity
  8
COLUMN
100
AcDbHatch
 10
0.0
 20
0.0
 30
-3.28758e-11
210
0.0
220
0.0
230
1.0
  2
SOLID
 70
1
 71
0
 91
1
 92
1
 93
4
 72
1
 10
2564115.354329816
 20
-25183.86573607545
 11
2564465.354329816
 21
-25183.86573607545
 72
1
 10
2564465.354329816
 20
-25183.86573607545
 11
2564465.354329816
 21
-25583.86573607545
 72
1
 10
2564465.354329816
 20
-25583.86573607545
 11
2564115.354329816
 21
-25583.86573607545
 72
1
 10
2564115.354329816
 20
-25583.86573607545
 11
2564115.354329816
 21
-25183.86573607545
 97
1
330
13F492
 75
0
 76
1
 98
1
 10
-484323.6110171671
 20
427749.0835739029
  0
LWPOLYLINE
  5
55F
330
17
100
AcDbEntity
  8
COLUMN1
100
AcDbPolyline
 90
5
 70
0
 10
2567265.354329816
 20
-26883.86573607225
 10
2567615.354329816
 20
-26883.86573607225
 10
2567615.354329816
 20
-27283.86573607225
 10
2567265.354329816
 20
-27283.86573607225
 10
2567265.354329816
 20
-26883.86573607225
  0
HATCH
  5
560
330
17
100
AcDbEntity
  8
COLUMN
100
AcDbHatch
 10
0.0
 20
0.0
 30
-3.28758e-11
210
0.0
220
0.0
230
1.0
  2
SOLID
 70
1
 71
0
 91
1
 92
1
 93
4
 72
1
 10
2567265.354329816
 20
-26883.86573607225
 11
2567615.354329816
 21
-26883.86573607225
 72
1
 10
2567615.354329816
 20
-26883.86573607225
 11
2567615.354329816
 21
-27283.86573607225
 72
1
 10
2567615.354329816
 20
-27283.86573607225
 11
2567265.354329816
 21
-27283.86573607225
 72
1
 10
2567265.354329816
 20
-27283.86573607225
 11
2567265.354329816
 21
-26883.86573607225
 97
1
330
13F494
 75
0
 76
1
 98
1
 10
-481173.6110171676
 20
426049.0835739061
  0
LWPOLYLINE
  5
561
330
17
100
AcDbEntity
  8
COLUMN1
100
AcDbPolyline
 90
5
 70
0
 10
2567265.354329816
 20
-30983.86573607667
 10
2567615.354329816
 20
-30983.86573607667
 10
2567615.354329816
 20
-31383.86573607667
 10
2567265.354329816
 20
-31383.86573607667
 10
2567265.354329816
 20
-30983.86573607667
  0
HATCH
  5
562
330
17
100
AcDbEntity
  8
COLUMN
100
AcDbHatch
 10
0.0
 20
0.0
 30
-3.28758e-11
210
0.0
220
0.0
230
1.0
  2
SOLID
 70
1
 71
0
 91
1
 92
1
 93
4
 72
1
 10
2567265.354329816
 20
-30983.86573607667
 11
2567615.354329816
 21
-30983.86573607667
 72
1
 10
2567615.354329816
 20
-30983.86573607667
 11
2567615.354329816
 21
-31383.86573607667
 72
1
 10
2567615.354329816
 20
-31383.86573607667
 11
2567265.354329816
 21
-31383.86573607667
 72
1
 10
2567265.354329816
 20
-31383.86573607667
 11
2567265.354329816
 21
-30983.86573607667
 97
1
330
13F496
 75
0
 76
1
 98
1
 10
-481173.6110171676
 20
421949.0835739016
  0
LWPOLYLINE
  5
563
330
17
100
AcDbEntity
  8
COLUMN1
100
AcDbPolyline
 90
5
 70
0
 10
2567115.354329815
 20
-23383.86573607568
 10
2567465.354329815
 20
-23383.86573607568
 10
2567465.354329815
 20
-23783.86573607568
 10
2567115.354329815
 20
-23783.86573607568
 10
2567115.354329815
 20
-23383.86573607568
  0
HATCH
  5
564
330
17
100
AcDbEntity
  8
COLUMN
100
AcDbHatch
 10
0.0
 20
0.0
 30
-3.28758e-11
210
0.0
220
0.0
230
1.0
  2
SOLID
 70
1
 71
0
 91
1
 92
1
 93
4
 72
1
 10
2567115.354329815
 20
-23383.86573607568
 11
2567465.354329815
 21
-23383.86573607568
 72
1
 10
2567465.354329815
 20
-23383.86573607568
 11
2567465.354329815
 21
-23783.86573607568
 72
1
 10
2567465.354329815
 20
-23783.86573607568
 11
2567115.354329815
 21
-23783.86573607568
 72
1
 10
2567115.354329815
 20
-23783.86573607568
 11
2567115.354329815
 21
-23383.86573607568
 97
0
 75
0
 76
1
 98
1
 10
-481323.611017168
 20
429549.0835739026
  0
LWPOLYLINE
  5
565
330
17
100
AcDbEntity
  8
COLUMN1
100
AcDbPolyline
 90
5
 70
0
 10
2570015.354329815
 20
-20183.86573607184
 10
2570365.354329815
 20
-20183.86573607184
 10
2570365.354329815
 20
-20583.86573607184
 10
2570015.354329815
 20
-20583.86573607184
 10
2570015.354329815
 20
-20183.86573607184
  0
HATCH
  5
566
330
17
100
AcDbEntity
  8
COLUMN
100
AcDbHatch
 10
0.0
 20
0.0
 30
-3.28758e-11
210
0.0
220
0.0
230
1.0
  2
SOLID
 70
1
 71
0
 91
1
 92
1
 93
4
 72
1
 10
2570015.354329815
 20
-20183.86573607184
 11
2570365.354329815
 21
-20183.86573607184
 72
1
 10
2570365.354329815
 20
-20183.86573607184
 11
2570365.354329815
 21
-20583.86573607184
 72
1
 10
2570365.354329815
 20
-20583.86573607184
 11
2570015.354329815
 21
-20583.86573607184
 72
1
 10
2570015.354329815
 20
-20583.86573607184
 11
2570015.354329815
 21
-20183.86573607184
 97
1
330
13F49A
 75
0
 76
1
 98
1
 10
-478423.611017168
 20
432749.0835739065
  0
LWPOLYLINE
  5
567
330
17
100
AcDbEntity
  8
COLUMN1
100
AcDbPolyline
 90
5
 70
0
 10
2570015.354329807
 20
-24983.86573608662
 10
2570365.354329807
 20
-24983.86573608662
 10
2570365.354329807
 20
-25383.86573608662
 10
2570015.354329807
 20
-25383.86573608662
 10
2570015.354329807
 20
-24983.86573608662
  0
HATCH
  5
568
330
17
100
AcDbEntity
  8
COLUMN
100
AcDbHatch
 10
0.0
 20
0.0
 30
-3.28758e-11
210
0.0
220
0.0
230
1.0
  2
SOLID
 70
1
 71
0
 91
1
 92
1
 93
4
 72
1
 10
2570015.354329807
 20
-24983.86573608662
 11
2570365.354329807
 21
-24983.86573608662
 72
1
 10
2570365.354329807
 20
-24983.86573608662
 11
2570365.354329807
 21
-25383.86573608662
 72
1
 10
2570365.354329807
 20
-25383.86573608662
 11
2570015.354329807
 21
-25383.86573608662
 72
1
 10
2570015.354329807
 20
-25383.86573608662
 11
2570015.354329807
 21
-24983.86573608662
 97
1
330
13F49C
 75
0
 76
1
 98
1
 10
-478423.6110171769
 20
427949.0835738917
  0
LWPOLYLINE
  5
569
330
17
100
AcDbEntity
  8
COLUMN1
100
AcDbPolyline
 90
5
 70
0
 10
2561565.354329815
 20
-19483.8657360762
 10
2561915.354329815
 20
-19483.8657360762
 10
2561915.354329815
 20
-19883.8657360762
 10
2561565.354329815
 20
-19883.8657360762
 10
2561565.354329815
 20
-19483.8657360762
  0
HATCH
  5
56A
330
17
100
AcDbEntity
  8
COLUMN
100
AcDbHatch
 10
0.0
 20
0.0
 30
0.0
210
0.0
220
0.0
230
1.0
  2
SOLID
 70
1
 71
0
 91
1
 92
1
 93
4
 72
1
 10
2561565.354329815
 20
-19483.8657360762
 11
2561915.354329815
 21
-19483.8657360762
 72
1
 10
2561915.354329815
 20
-19483.8657360762
 11
2561915.354329815
 21
-19883.8657360762
 72
1
 10
2561915.354329815
 20
-19883.8657360762
 11
2561565.354329815
 21
-19883.8657360762
 72
1
 10
2561565.354329815
 20
-19883.8657360762
 11
2561565.354329815
 21
-19483.8657360762
 97
1
330
13F49E
 75
0
 76
1
 98
1
 10
-486873.6110171685
 20
433449.0835739021
  0
LINE
  5
56B
330
17
100
AcDbEntity
  8
WALL
100
AcDbLine
 10
2570364.354329816
 20
-31383.86573607615
 30
0.0
 11
2571565.354329813
 21
-31383.86573607626
 31
0.0
  0
INSERT
  5
56C
330
17
100
AcDbEntity
  8
COLUMN
100
AcDbBlockReference
  2
_FZH
 10
2570464.354329816
 20
-33083.86573607568
 30
0.0
 41
200.0
 42
200.0
 43
200.0
  0
LINE
  5
56E
330
17
100
AcDbEntity
  8
BALCONY
100
AcDbLine
 10
2564365.354329816
 20
-32183.8657360769
 30
0.0
 11
2564365.354329815
 21
-33083.86573607603
 31
0.0
  0
LINE
  5
56F
330
17
100
AcDbEntity
  8
BALCONY
100
AcDbLine
 10
2570465.354329816
 20
-33083.86573607574
 30
0.0
 11
2570465.354329817
 21
-31383.8657360762
 31
0.0
  0
LINE
  5
570
330
17
100
AcDbEntity
  8
BALCONY
100
AcDbLine
 10
2566365.354329815
 20
-33083.86573607591
 30
0.0
 11
2566365.354329815
 21
-33183.86573607585
 31
0.0
  0
LINE
  5
571
330
17
100
AcDbEntity
  8
BALCONY
100
AcDbLine
 10
2564265.354329815
 20
-33183.86573607603
 30
0.0
 11
2566365.354329815
 21
-33183.86573607585
 31
0.0
  0
LINE
  5
572
330
17
100
AcDbEntity
  8
WALL
  6
Continuous
100
AcDbLine
 10
2564865.405493368
 20
-18983.86573607591
 30
0.0
 11
2564865.405493358
 21
-19483.86573607591
 31
0.0
  0
LINE
  5
573
330
17
100
AcDbEntity
  8
WALL
  6
Continuous
100
AcDbLine
 10
2565065.405493361
 20
-18983.86573607591
 30
0.0
 11
2565065.405493362
 21
-19483.86573607603
 31
0.0
  0
LINE
  5
574
330
17
100
AcDbEntity
  8
WALL
  6
Continuous
100
AcDbLine
 10
2565065.405493361
 20
-18983.86573607591
 30
0.0
 11
2564865.405493368
 21
-18983.86573607591
 31
0.0
  0
LINE
  5
575
330
17
100
AcDbEntity
  8
GROUND
100
AcDbLine
 10
2563715.354329815
 20
-19683.86573607614
 30
0.0
 11
2561915.354329815
 21
-19683.8657360762
 31
0.0
  0
LINE
  5
576
330
17
100
AcDbEntity
  8
LVTRY
100
AcDbLine
 10
2562114.851793705
 20
-25283.8657360762
 30
0.0
 11
2562114.851793705
 21
-25084.04347318696
 31
0.0
  0
CIRCLE
  5
577
330
17
100
AcDbEntity
  8
LVTRY
100
AcDbCircle
 10
2562114.851793705
 20
-25027.79347318638
 30
0.0
 40
56.25
  0
LINE
  5
578
330
17
100
AcDbEntity
  8
内隔墙
100
AcDbLine
 10
2567465.354329815
 20
-23483.86573607568
 30
0.0
 11
2567465.354329811
 21
-24183.86573607131
 31
0.0
  0
LINE
  5
579
330
17
100
AcDbEntity
  8
内隔墙
100
AcDbLine
 10
2567465.354329811
 20
-24183.86573607131
 30
0.0
 11
2566765.354329817
 21
-24183.86573607131
 31
0.0
  0
LINE
  5
57A
330
17
100
AcDbEntity
  8
内隔墙
100
AcDbLine
 10
2564965.354329811
 20
-24083.86573607131
 30
0.0
 11
2564965.354329811
 21
-23483.86573607603
 31
-8.1751e-12
  0
LINE
  5
57B
330
17
100
AcDbEntity
  8
内隔墙
100
AcDbLine
 10
2564865.354329811
 20
-24183.86573607131
 30
0.0
 11
2564865.354329811
 21
-23483.86573607603
 31
-8.1751e-12
  0
LINE
  5
57C
330
17
100
AcDbEntity
  8
内隔墙
100
AcDbLine
 10
2567365.354329811
 20
-24083.86573607131
 30
0.0
 11
2566765.354329817
 21
-24083.86573607131
 31
0.0
  0
LINE
  5
57D
330
17
100
AcDbEntity
  8
内隔墙
100
AcDbLine
 10
2567365.354329815
 20
-23483.86573607562
 30
0.0
 11
2567365.354329811
 21
-24083.86573607131
 31
0.0
  0
LINE
  5
57E
330
17
100
AcDbEntity
  8
内隔墙
100
AcDbLine
 10
2564865.354329811
 20
-23483.86573607597
 30
-8.5467e-12
 11
2564765.35432981
 21
-23483.86573607597
 31
-8.9182e-12
  0
LINE
  5
57F
330
17
100
AcDbEntity
  8
内隔墙
100
AcDbLine
 10
2565565.354329817
 20
-24083.86573607131
 30
0.0
 11
2564965.354329811
 21
-24083.86573607131
 31
0.0
  0
LINE
  5
580
330
17
100
AcDbEntity
  8
内隔墙
100
AcDbLine
 10
2565565.354329817
 20
-24183.86573607131
 30
0.0
 11
2564865.354329811
 21
-24183.86573607131
 31
0.0
  0
INSERT
  5
581
330
17
100
AcDbEntity
  8
内隔墙
100
AcDbBlockReference
 66
1
  2
M_A8WDW
 10
2566165.354329817
 20
-24133.86573607131
 30
0.0
 41
1200.0
 42
1200.0
 43
1200.0
 50
180.0
  0
ATTRIB
  5
582
330
581
100
AcDbEntity
  8
WINDOW_TEXT
100
AcDbText
 10
2566165.354329817
 20
-24483.86573607131
 30
0.0
 40
300.0
  1

  7
SIMPLEX
 41
0.8
 72
4
 11
2566165.354329817
 21
-24483.86573607131
 31
0.0
100
AcDbAttribute
  2
A
 70
9
 71
1
 72
0
 11
2566165.354329817
 21
-24483.86573607131
 31
0.0
  0
SEQEND
  5
583
330
581
100
AcDbEntity
  8
WINDOW
  0
LINE
  5
584
330
17
100
AcDbEntity
  8
内隔墙
100
AcDbLine
 10
2566765.354329817
 20
-24083.86573607131
 30
0.0
 11
2566765.354329817
 21
-24183.86573607131
 31
0.0
  0
LINE
  5
585
330
17
100
AcDbEntity
  8
内隔墙
100
AcDbLine
 10
2565565.354329817
 20
-24083.86573607131
 30
0.0
 11
2565565.354329817
 21
-24183.86573607131
 31
0.0
  0
LINE
  5
586
330
17
100
AcDbEntity
  8
WALL
100
AcDbLine
 10
2563765.354329815
 20
-23583.86573607603
 30
0.0
 11
2563765.354329815
 21
-23483.86573607597
 31
0.0
  0
INSERT
  5
587
330
17
100
AcDbEntity
  8
WINDOW
100
AcDbBlockReference
 66
1
  2
M_A2ZXL
 10
2563815.354329815
 20
-23933.86573607603
 30
0.0
 41
-700.0
 42
-700.0
 43
700.0
 50
90.0
  0
ATTRIB
  5
588
330
587
100
AcDbEntity
  8
WINDOW_TEXT
100
AcDbText
 10
2563465.354329815
 20
-23933.86573607603
 30
0.0
 40
300.0
  1

 50
90.0
  7
SIMPLEX
 41
0.8
 72
4
 11
2563465.354329815
 21
-23933.86573607603
 31
0.0
100
AcDbAttribute
  2
A
 70
9
 71
1
 72
0
 11
2563465.354329815
 21
-23933.86573607603
 31
0.0
  0
SEQEND
  5
589
330
587
100
AcDbEntity
  8
WINDOW
  0
LINE
  5
58A
330
17
100
AcDbEntity
  8
WALL
100
AcDbLine
 10
2563765.354329815
 20
-23583.86573607603
 30
0.0
 11
2563865.354329815
 21
-23583.86573607597
 31
-3.11827e-11
  0
LINE
  5
58B
330
17
100
AcDbEntity
  8
WALL
100
AcDbLine
 10
2563765.354329816
 20
-24283.86573607609
 30
0.0
 11
2563865.354329815
 21
-24283.86573607603
 31
0.0
  0
LINE
  5
58C
330
17
100
AcDbEntity
  8
GROUND
100
AcDbLine
 10
2563765.354329815
 20
-24283.86573607603
 30
0.0
 11
2563765.354329815
 21
-23583.86573607603
 31
0.0
  0
LINE
  5
58D
330
17
100
AcDbEntity
  8
内隔墙
100
AcDbLine
 10
2564765.35432981
 20
-23383.86573607597
 30
-3.03082e-11
 11
2564865.354329814
 21
-23383.86573607597
 31
-2.98633e-11
  0
INSERT
  5
58E
330
17
100
AcDbEntity
  8
内隔墙
100
AcDbBlockReference
 66
1
  2
M_A2ZXL
 10
2564315.354329813
 20
-23433.86573607597
 30
-2.16154e-11
 41
-900.0
 42
-900.0
 43
900.0
  0
ATTRIB
  5
58F
330
58E
100
AcDbEntity
  8
WINDOW_TEXT
100
AcDbText
 10
2564315.354329813
 20
-23083.86573607597
 30
-2.16154e-11
 40
300.0
  1

  7
SIMPLEX
 41
0.8
 72
4
 11
2564315.354329813
 21
-23083.86573607597
 31
-2.16154e-11
100
AcDbAttribute
  2
A
 70
9
 71
1
 72
0
 11
2564315.354329813
 21
-23083.86573607597
 31
-2.16154e-11
  0
SEQEND
  5
590
330
58E
100
AcDbEntity
  8
WINDOW
  0
LINE
  5
591
330
17
100
AcDbEntity
  8
内隔墙
100
AcDbLine
 10
2564765.35432981
 20
-23483.86573607597
 30
-8.9182e-12
 11
2564765.35432981
 21
-23383.86573607597
 31
-3.03082e-11
  0
LINE
  5
592
330
17
100
AcDbEntity
  8
WALL
100
AcDbLine
 10
2563865.354329815
 20
-23483.86573607615
 30
-1.22626e-11
 11
2563865.354329815
 21
-23383.86573607603
 31
-3.43125e-11
  0
INSERT
  5
593
330
17
100
AcDbEntity
  8
LVTRY
100
AcDbBlockReference
 66
1
  2
U_A44WKN
 10
2563473.737509
 20
-25256.41308965627
 30
0.0
 50
3.0376e-12
  0
ATTRIB
  5
594
330
593
100
AcDbEntity
  8
0
100
AcDbText
 10
2563473.737509
 20
-25256.41308965627
 30
0.0
 40
0.5
  1
0
 50
3.0376e-12
100
AcDbAttribute
  2
XSIZE
 70
9
 71
1
 72
0
  0
ATTRIB
  5
595
330
593
100
AcDbEntity
  8
0
100
AcDbText
 10
2563473.737509
 20
-25256.41308965627
 30
0.0
 40
0.5
  1
0
 50
3.0376e-12
100
AcDbAttribute
  2
YSIZE
 70
9
 71
1
 72
0
  0
SEQEND
  5
596
330
593
100
AcDbEntity
  8
LVTRY
  0
LINE
  5
597
330
17
100
AcDbEntity
  8
WALL
100
AcDbLine
 10
2570165.35432982
 20
-19783.86573607364
 30
0.0
 11
2570365.354329818
 21
-19783.86573607364
 31
0.0
  0
LINE
  5
598
330
17
100
AcDbEntity
  8
WALL
100
AcDbLine
 10
2570365.354329818
 20
-19783.86573607364
 30
0.0
 11
2570365.354329818
 21
-20183.86573607504
 31
0.0
  0
LINE
  5
599
330
17
100
AcDbEntity
  8
WALL
100
AcDbLine
 10
2570165.35432982
 20
-20183.86573607504
 30
0.0
 11
2570165.35432982
 21
-19783.86573607364
 31
0.0
  0
LINE
  5
59A
330
17
100
AcDbEntity
  8
WALL
100
AcDbLine
 10
2570165.354329815
 20
-20383.86573607405
 30
0.0
 11
2569715.354329817
 21
-20383.86573607568
 31
0.0
  0
LINE
  5
59B
330
17
100
AcDbEntity
  8
WALL
100
AcDbLine
 10
2570165.354329821
 20
-20183.86573607405
 30
0.0
 11
2569715.354329816
 21
-20183.86573607568
 31
0.0
  0
LINE
  5
59C
330
17
100
AcDbEntity
  8
BALCONY
100
AcDbLine
 10
2564365.354329815
 20
-33083.86573607603
 30
0.0
 11
2570465.354329816
 21
-33083.86573607574
 31
0.0
  0
LINE
  5
59D
330
17
100
AcDbEntity
  8
BALCONY
100
AcDbLine
 10
2566365.354329815
 20
-33133.86573607585
 30
0.0
 11
2570515.354329815
 21
-33133.86573607556
 31
0.0
  0
LINE
  5
59E
330
17
100
AcDbEntity
  8
BALCONY
100
AcDbLine
 10
2564265.354329815
 20
-33183.86573607597
 30
0.0
 11
2570565.354329815
 21
-33183.86573607562
 31
0.0
  0
LINE
  5
59F
330
17
100
AcDbEntity
  8
BALCONY
100
AcDbLine
 10
2570515.354329815
 20
-33133.86573607556
 30
0.0
 11
2570515.354329817
 21
-31383.86573607615
 31
0.0
  0
LINE
  5
5A0
330
17
100
AcDbEntity
  8
BALCONY
100
AcDbLine
 10
2570565.354329815
 20
-33183.86573607562
 30
0.0
 11
2570565.354329817
 21
-31383.8657360762
 31
0.0
  0
LINE
  5
5A1
330
17
100
AcDbEntity
  8
BALCONY
100
AcDbLine
 10
2564265.354329815
 20
-32183.86573607597
 30
0.0
 11
2564265.354329815
 21
-33183.86573607597
 31
0.0
  0
LINE
  5
5A2
330
17
100
AcDbEntity
  8
WALL
100
AcDbLine
 10
2564265.354329815
 20
-32183.8657360769
 30
0.0
 11
2564265.354329815
 21
-31683.86573607626
 31
0.0
  0
LINE
  5
5A3
330
17
100
AcDbEntity
  8
WALL
100
AcDbLine
 10
2564365.354329815
 20
-32183.8657360769
 30
0.0
 11
2564365.354329815
 21
-31683.86573607702
 31
0.0
  0
LINE
  5
5A4
330
17
100
AcDbEntity
  8
WALL
100
AcDbLine
 10
2564365.354329815
 20
-32183.8657360769
 30
0.0
 11
2564265.354329815
 21
-32183.8657360769
 31
0.0
  0
LINE
  5
5A5
330
17
100
AcDbEntity
  8
DOTE
100
AcDbLine
 10
2560465.362035331
 20
-16525.98445337475
 30
0.0
 11
2560465.357367709
 21
-36835.1244359233
 31
0.0
  0
LINE
  5
5A6
330
17
100
AcDbEntity
  8
DOTE
100
AcDbLine
 10
2560765.362035331
 20
-16525.98445337475
 30
0.0
 11
2560765.357367709
 21
-36835.1244359233
 31
0.0
  0
LINE
  5
5A7
330
17
100
AcDbEntity
  8
WALL
100
AcDbLine
 10
2572815.357367704
 20
-31183.86573609483
 30
0.0
 11
2572815.357367703
 21
-31383.86573609454
 31
0.0
  0
LINE
  5
5A8
330
17
100
AcDbEntity
  8
WALL
100
AcDbLine
 10
2572815.357367704
 20
-31183.86573609483
 30
0.0
 11
2571665.360405605
 21
-31183.86573607644
 31
0.0
  0
INSERT
  5
5A9
330
17
100
AcDbEntity
  8
空调
100
AcDbBlockReference
 66
1
  2
U_C15DRB
 10
2572466.480814725
 20
-31785.84559003095
 30
0.0
 41
-1.0
  0
ATTRIB
  5
5AA
330
5A9
100
AcDbEntity
  8
0
  6
Continuous
100
AcDbText
 10
2572465.452243297
 20
-31785.84559003095
 30
0.0
 40
0.5
  1
500
  7
DIM_FONT
 41
0.8
100
AcDbAttribute
  2
XSIZE
 70
9
 71
1
 72
0
  0
ATTRIB
  5
5AB
330
5A9
100
AcDbEntity
  8
0
  6
Continuous
100
AcDbText
 10
2572466.214148059
 20
-31785.84559003095
 30
0.0
 40
0.5
  1
0
  7
DIM_FONT
 41
0.8
100
AcDbAttribute
  2
YSIZE
 70
9
 71
1
 72
0
  0
SEQEND
  5
5AC
330
5A9
100
AcDbEntity
  8
LVTRY
  6
Continuous
  0
LINE
  5
5AD
330
17
100
AcDbEntity
  8
WALL
100
AcDbLine
 10
2572815.357367703
 20
-31383.86573609454
 30
0.0
 11
2571565.360405607
 21
-31383.86573607626
 31
0.0
  0
INSERT
  5
5AE
330
17
100
AcDbEntity
  8
COLUMN
100
AcDbBlockReference
  2
_FZH
 10
2572666.360405604
 20
-33083.86573607568
 30
0.0
 41
-200.0
 42
200.0
 43
200.0
  0
LINE
  5
5B0
330
17
100
AcDbEntity
  8
BALCONY
100
AcDbLine
 10
2578165.360405604
 20
-32183.8657360769
 30
0.0
 11
2578165.360405605
 21
-33083.86573607603
 31
0.0
  0
LINE
  5
5B1
330
17
100
AcDbEntity
  8
BALCONY
100
AcDbLine
 10
2572665.360405604
 20
-33083.86573607574
 30
0.0
 11
2572665.360405604
 21
-31383.8657360762
 31
0.0
  0
LINE
  5
5B2
330
17
100
AcDbEntity
  8
BALCONY
100
AcDbLine
 10
2578265.360405605
 20
-33183.86573607603
 30
0.0
 11
2575865.360405605
 21
-33183.86573607585
 31
0.0
  0
LINE
  5
5B3
330
17
100
AcDbEntity
  8
BALCONY
100
AcDbLine
 10
2578165.360405605
 20
-33083.86573607603
 30
0.0
 11
2572665.360405604
 21
-33083.86573607574
 31
0.0
  0
LINE
  5
5B4
330
17
100
AcDbEntity
  8
BALCONY
100
AcDbLine
 10
2575865.360405605
 20
-33133.86573607585
 30
0.0
 11
2572615.360405605
 21
-33133.86573607556
 31
0.0
  0
LINE
  5
5B5
330
17
100
AcDbEntity
  8
BALCONY
100
AcDbLine
 10
2578265.360405605
 20
-33183.86573607597
 30
0.0
 11
2572565.360405605
 21
-33183.86573607562
 31
0.0
  0
LINE
  5
5B6
330
17
100
AcDbEntity
  8
BALCONY
100
AcDbLine
 10
2572615.360405605
 20
-33133.86573607556
 30
0.0
 11
2572615.360405603
 21
-31383.86573607609
 31
0.0
  0
LINE
  5
5B7
330
17
100
AcDbEntity
  8
BALCONY
100
AcDbLine
 10
2572565.360405605
 20
-33183.86573607562
 30
0.0
 11
2572565.360405603
 21
-31383.86573607615
 31
0.0
  0
LINE
  5
5B8
330
17
100
AcDbEntity
  8
BALCONY
100
AcDbLine
 10
2578265.360405605
 20
-32183.86573607597
 30
0.0
 11
2578265.360405605
 21
-33183.86573607597
 31
0.0
  0
LWPOLYLINE
  5
5B9
330
17
100
AcDbEntity
  8
WINDOW
100
AcDbPolyline
 90
3
 70
0
 10
2579365.357367705
 20
-32083.86573607486
 10
2581215.357367705
 20
-32083.86573607498
 10
2581215.357367705
 20
-31683.86573607492
  0
LWPOLYLINE
  5
5BA
330
17
100
AcDbEntity
  8
WINDOW
100
AcDbPolyline
 90
3
 70
0
 10
2579365.357367705
 20
-32033.86573607486
 10
2581165.357367705
 20
-32033.86573607498
 10
2581165.357367705
 20
-31683.86573607492
  0
LWPOLYLINE
  5
5BB
330
17
100
AcDbEntity
  8
WINDOW
100
AcDbPolyline
 90
3
 70
0
 10
2579365.357367705
 20
-32183.86573607486
 10
2581315.357367704
 20
-32183.86573607498
 10
2581315.357367705
 20
-31683.86573607498
  0
LINE
  5
5BC
330
17
100
AcDbEntity
  8
WALL
100
AcDbLine
 10
2578165.360405604
 20
-32183.86573607644
 30
0.0
 11
2578165.360405604
 21
-31683.8657360758
 31
0.0
  0
LINE
  5
5BD
330
17
100
AcDbEntity
  8
WALL
100
AcDbLine
 10
2578265.360405604
 20
-32183.86573607644
 30
0.0
 11
2578265.360405604
 21
-31683.86573607655
 31
0.0
  0
LINE
  5
5BE
330
17
100
AcDbEntity
  8
WALL
100
AcDbLine
 10
2578265.360405604
 20
-32183.86573607644
 30
0.0
 11
2578165.360405604
 21
-32183.86573607644
 31
0.0
  0
LINE
  5
5BF
330
17
100
AcDbEntity
  8
GROUND
100
AcDbLine
 10
2574615.357367704
 20
-31383.8657360801
 30
1.759524e-10
 11
2572815.357367704
 21
-31383.86573607999
 31
1.759524e-10
  0
LINE
  5
5C0
330
17
100
AcDbEntity
  8
WALL
100
AcDbLine
 10
2574615.357367704
 20
-31183.86573608016
 30
0.0
 11
2574615.357367704
 21
-31383.86573608016
 31
0.0
  0
INSERT
  5
5C1
330
17
100
AcDbEntity
  8
WINDOW
100
AcDbBlockReference
 66
1
  2
_A0ASA
 10
2573715.357367704
 20
-31283.8657360801
 30
0.0
 41
-1800.0
 42
1800.0
 43
1800.0
 50
179.999999999997
  0
ATTRIB
  5
5C2
330
5C1
100
AcDbEntity
  8
WINDOW_TEXT
100
AcDbText
 10
2573715.357367704
 20
-30883.8657360801
 30
7.75366e-11
 40
300.0
  1

 50
359.9999999999968
  7
SIMPLEX
 41
0.8
 72
4
 11
2573715.357367704
 21
-30883.8657360801
 31
7.75366e-11
100
AcDbAttribute
  2
A
 70
9
 71
1
 72
0
 11
2573715.357367704
 21
-30883.8657360801
 31
7.75366e-11
  0
SEQEND
  5
5C3
330
5C1
100
AcDbEntity
  8
WINDOW
  0
LINE
  5
5C4
330
17
100
AcDbEntity
  8
WALL
100
AcDbLine
 10
2579365.357367704
 20
-32183.86573607644
 30
0.0
 11
2579265.357367704
 21
-32183.86573607644
 31
0.0
  0
LINE
  5
5C5
330
17
100
AcDbEntity
  8
WALL
100
AcDbLine
 10
2579265.357367705
 20
-32183.86573607486
 30
0.0
 11
2579265.357367705
 21
-31683.86573607539
 31
0.0
  0
LINE
  5
5C6
330
17
100
AcDbEntity
  8
空调
100
AcDbLine
 10
2556965.40853126
 20
-35183.86573607568
 30
0.0
 11
2557965.40853126
 21
-35183.86573607486
 31
0.0
  0
LINE
  5
5C7
330
17
100
AcDbEntity
  8
空调
100
AcDbLine
 10
2556965.40853126
 20
-35133.86573607568
 30
0.0
 11
2557965.40853126
 21
-35133.86573607486
 31
0.0
  0
LINE
  5
5C8
330
17
100
AcDbEntity
  8
空调
100
AcDbLine
 10
2563265.357367706
 20
-32133.86573607475
 30
0.0
 11
2564265.357367706
 21
-32133.86573607475
 31
0.0
  0
LINE
  5
5C9
330
17
100
AcDbEntity
  8
空调
100
AcDbLine
 10
2572565.360405604
 20
-31883.8657360762
 30
0.0
 11
2570565.354329816
 21
-31883.8657360762
 31
0.0
  0
LINE
  5
5CA
330
17
100
AcDbEntity
  8
空调
100
AcDbLine
 10
2579265.357367705
 20
-32183.86573607638
 30
0.0
 11
2578265.360405605
 21
-32183.86573607597
 31
0.0
  0
LINE
  5
5CB
330
17
100
AcDbEntity
  8
空调
100
AcDbLine
 10
2579265.357367705
 20
-32133.86573607638
 30
0.0
 11
2578265.360405605
 21
-32133.86573607597
 31
0.0
  0
LINE
  5
5CC
330
17
100
AcDbEntity
  8
WALL
100
AcDbLine
 10
2571665.354329811
 20
-27383.86573607446
 30
0.0
 11
2571665.354329811
 21
-25383.86573607876
 31
0.0
  0
LINE
  5
5CD
330
17
100
AcDbEntity
  8
DOTE
100
AcDbLine
 10
2541265.357367708
 20
-30383.86573607801
 30
-4.5815e-12
 11
2541265.357367705
 21
-28283.86573607475
 31
0.0
  0
LINE
  5
5CE
330
17
100
AcDbEntity
  8
DOTE
100
AcDbLine
 10
2560465.357367703
 20
-30383.86573607655
 30
0.0
 11
2558065.357367708
 21
-30383.86573607801
 31
0.0
  0
LINE
  5
5CF
330
17
100
AcDbEntity
  8
DOTE
100
AcDbLine
 10
2579365.357367714
 20
-27383.86573607475
 30
6.53311e-11
 11
2579365.357367717
 21
-25283.86573607475
 31
9.39308e-11
  0
LINE
  5
5D0
330
17
100
AcDbEntity
  8
DOTE
100
AcDbLine
 10
2568148.563806128
 20
-27383.8657351567
 30
7.071e-13
 11
2560765.359539878
 21
-27383.86571309419
 31
0.0
  0
LINE
  5
5D1
330
17
100
AcDbEntity
  8
DOTE
100
AcDbLine
 10
2563165.357367703
 20
-27383.86573515676
 30
6.42264e-11
 11
2563165.3573677
 21
-25283.86573607446
 31
9.25806e-11
  0
LINE
  5
5D2
330
17
100
AcDbEntity
  8
DOTE
100
AcDbLine
 10
2583765.357367709
 20
-23483.86573607452
 30
7.2e-15
 11
2560765.360436211
 21
-23483.86573607452
 31
3.6e-15
  0
LINE
  5
5D3
330
17
100
AcDbEntity
  8
DOTE
100
AcDbLine
 10
2556265.357367703
 20
-27083.86573607481
 30
-1.1171e-12
 11
2553865.357367701
 21
-27083.86573607481
 31
-5.08e-14
  0
LINE
  5
5D4
330
17
100
AcDbEntity
  8
DOTE
100
AcDbLine
 10
2558065.357367706
 20
-30383.86573607801
 30
-4.5815e-12
 11
2558065.35736771
 21
-28283.86573607475
 31
0.0
  0
LINE
  5
5D5
330
17
100
AcDbEntity
  8
AXIS
100
AcDbLine
 10
2533865.357367713
 20
-34583.86573607376
 30
0.0
 11
2537865.357367713
 21
-34583.86573607376
 31
0.0
  0
LINE
  5
5D6
330
17
100
AcDbEntity
  8
AXIS
100
AcDbLine
 10
2533865.357367713
 20
-34283.86573607597
 30
0.0
 11
2537865.357367713
 21
-34283.86573607597
 31
0.0
  0
INSERT
  5
5D7
330
17
100
AcDbEntity
  8
AXIS
100
AcDbBlockReference
 66
1
  2
_AXISO
 10
2533465.357367714
 20
-29983.86573607568
 30
0.0
 41
800.0
 42
800.0
 43
800.0
  0
ATTRIB
  5
5D8
330
5D7
100
AcDbEntity
  8
AXIS_TEXT
100
AcDbText
 10
2533265.357367714
 20
-30207.86573607568
 30
0.0
 40
448.0000000000001
  1
E
  7
COMPLEX
 41
1.171875
 72
5
 11
2533665.357367714
 21
-30207.86573607568
 31
0.0
100
AcDbAttribute
  2
A
 70
0
 71
1
 72
0
 11
2533665.357367714
 21
-30207.86573607568
 31
0.0
  0
SEQEND
  5
5D9
330
5D7
100
AcDbEntity
  8
AXIS
  0
LINE
  5
5DA
330
17
100
AcDbEntity
  8
AXIS
100
AcDbLine
 10
2533865.357367714
 20
-29983.86573607568
 30
0.0
 11
2537865.357367714
 21
-29983.86573607568
 31
0.0
  0
INSERT
  5
5DB
330
17
100
AcDbEntity
  8
AXIS
100
AcDbBlockReference
 66
1
  2
_AXISO
 10
2533465.357367714
 20
-28283.8657360751
 30
0.0
 41
800.0
 42
800.0
 43
800.0
  0
ATTRIB
  5
5DC
330
5DB
100
AcDbEntity
  8
AXIS_TEXT
100
AcDbText
 10
2533265.357367714
 20
-28507.8657360751
 30
0.0
 40
448.0000000000001
  1
F
  7
COMPLEX
 41
1.171875
 72
5
 11
2533665.357367714
 21
-28507.8657360751
 31
0.0
100
AcDbAttribute
  2
A
 70
0
 71
1
 72
0
 11
2533665.357367714
 21
-28507.8657360751
 31
0.0
  0
SEQEND
  5
5DD
330
5DB
100
AcDbEntity
  8
AXIS
  0
LINE
  5
5DE
330
17
100
AcDbEntity
  8
AXIS
100
AcDbLine
 10
2533865.357367714
 20
-28283.8657360751
 30
0.0
 11
2537865.357367714
 21
-28283.8657360751
 31
0.0
  0
LINE
  5
5DF
330
17
100
AcDbEntity
  8
AXIS
100
AcDbLine
 10
2533865.357367713
 20
-23283.86573607626
 30
0.0
 11
2537865.357367713
 21
-23283.86573607626
 31
0.0
  0
LINE
  5
5E0
330
17
100
AcDbEntity
  8
AXIS
100
AcDbLine
 10
2533865.357367713
 20
-22583.86573607347
 30
0.0
 11
2537865.357367713
 21
-22583.86573607347
 31
0.0
  0
INSERT
  5
5E1
330
17
100
AcDbEntity
  8
AXIS
100
AcDbBlockReference
 66
1
  2
_AXISO
 10
2533465.357367713
 20
-19583.86573607498
 30
0.0
 41
800.0
 42
800.0
 43
800.0
  0
ATTRIB
  5
5E2
330
5E1
100
AcDbEntity
  8
AXIS_TEXT
100
AcDbText
 10
2533265.357367713
 20
-19807.86573607498
 30
0.0
 40
448.0000000000001
  1
P
  7
COMPLEX
 41
1.102941176470588
 72
5
 11
2533665.357367713
 21
-19807.86573607498
 31
0.0
100
AcDbAttribute
  2
A
 70
0
 71
1
 72
0
 11
2533665.357367713
 21
-19807.86573607498
 31
0.0
  0
SEQEND
  5
5E3
330
5E1
100
AcDbEntity
  8
AXIS
  0
LINE
  5
5E4
330
17
100
AcDbEntity
  8
AXIS
100
AcDbLine
 10
2533865.357367713
 20
-19583.86573607498
 30
0.0
 11
2537865.357367713
 21
-19583.86573607498
 31
0.0
  0
DIMENSION
  5
5E5
330
17
100
AcDbEntity
  8
AXIS
100
AcDbDimension
280
0
  3
AXIS
 10
2535665.357367713
 20
-19583.86573607591
 30
0.0
 11
2535365.357367713
 21
-19149.40150441381
 31
0.0
 70
161
 71
5
 42
-1.0
 73
0
 74
0
 75
0
100
AcDbAlignedDimension
 13
2537865.357367713
 23
-19483.86573607498
 33
0.0
 14
2537865.357367713
 24
-19583.86573607591
 34
0.0
 50
0.0
  0
DIMENSION
  5
5E6
330
17
100
AcDbEntity
  8
AXIS
100
AcDbDimension
280
0
  3
AXIS
 10
2535665.357367713
 20
-23283.86573607626
 30
0.0
 11
2535365.357367713
 21
-22933.86573607486
 31
0.0
 70
32
 71
5
 42
-1.0
 73
0
 74
0
 75
0
100
AcDbAlignedDimension
 13
2537865.357367713
 23
-22583.86573607347
 33
0.0
 14
2537865.357367713
 24
-23283.86573607626
 34
0.0
 50
90.0
100
AcDbRotatedDimension
  0
DIMENSION
  5
5E7
330
17
100
AcDbEntity
  8
AXIS
100
AcDbDimension
280
0
  3
AXIS
 10
2535665.357367713
 20
-26483.86573607574
 30
0.0
 11
2535365.357367713
 21
-24883.865736076
 31
0.0
 70
32
 71
5
 42
-1.0
 73
0
 74
0
 75
0
100
AcDbAlignedDimension
 13
2537865.357367713
 23
-23283.86573607626
 33
0.0
 14
2537865.357367713
 24
-26483.86573607574
 34
0.0
 50
90.0
100
AcDbRotatedDimension
  0
DIMENSION
  5
5E8
330
17
100
AcDbEntity
  8
AXIS
100
AcDbDimension
280
0
  3
AXIS
 10
2535665.357367713
 20
-29983.86573607568
 30
0.0
 11
2535365.357367713
 21
-29133.86573607539
 31
0.0
 70
32
 71
5
 42
-1.0
 73
0
 74
0
 75
0
100
AcDbAlignedDimension
 13
2537865.357367714
 23
-28283.8657360751
 33
0.0
 14
2537865.357367714
 24
-29983.86573607568
 34
0.0
 50
90.0
100
AcDbRotatedDimension
  0
DIMENSION
  5
5E9
330
17
100
AcDbEntity
  8
AXIS
100
AcDbDimension
280
0
  3
AXIS
 10
2535665.357367713
 20
-34283.865736073
 30
0.0
 11
2535365.357367713
 21
-32133.86573607434
 31
0.0
 70
32
 71
5
 42
-1.0
 73
0
 74
0
 75
0
100
AcDbAlignedDimension
 13
2537865.357367714
 23
-29983.86573607568
 33
0.0
 14
2537865.357367713
 24
-34283.865736073
 34
0.0
 50
90.0
100
AcDbRotatedDimension
  0
DIMENSION
  5
5EA
330
17
100
AcDbEntity
  8
AXIS
100
AcDbDimension
280
0
  3
AXIS
 10
2535665.357367713
 20
-34583.86573607131
 30
0.0
 11
2535365.357367713
 21
-34433.86573607364
 31
0.0
 70
32
 71
5
 42
-1.0
 73
0
 74
0
 75
0
100
AcDbAlignedDimension
 13
2537865.357367713
 23
-34283.86573607597
 33
0.0
 14
2537865.357367713
 24
-34583.86573607131
 34
0.0
 50
90.0
100
AcDbRotatedDimension
  0
DIMENSION
  5
5EB
330
17
100
AcDbEntity
  8
AXIS
100
AcDbDimension
280
0
  3
DIMN
 10
2534865.357367713
 20
-34683.86573607376
 30
0.0
 11
2534565.357367713
 21
-27083.86573607437
 31
0.0
 70
33
 71
5
 42
-1.0
 73
0
 74
0
 75
0
100
AcDbAlignedDimension
 13
2537865.357367713
 23
-19483.86573607498
 33
0.0
 14
2537865.357367713
 24
-34683.86573607376
 34
0.0
 50
0.0
  0
INSERT
  5
5EC
330
17
100
AcDbEntity
  8
AXIS
100
AcDbBlockReference
 66
1
  2
_AXISO
 10
2533465.357367714
 20
-26483.86573607486
 30
0.0
 41
800.0
 42
800.0
 43
800.0
  0
ATTRIB
  5
5ED
330
5EC
100
AcDbEntity
  8
AXIS_TEXT
100
AcDbText
 10
2533265.357367714
 20
-26707.86573607486
 30
0.0
 40
448.0000000000001
  1
H
  7
COMPLEX
 41
0.9374999999999999
 72
5
 11
2533665.357367714
 21
-26707.86573607486
 31
0.0
100
AcDbAttribute
  2
A
 70
0
 71
1
 72
0
 11
2533665.357367714
 21
-26707.86573607486
 31
0.0
  0
SEQEND
  5
5EE
330
5EC
100
AcDbEntity
  8
AXIS
  0
LINE
  5
5EF
330
17
100
AcDbEntity
  8
AXIS
100
AcDbLine
 10
2533865.357367714
 20
-26483.86573607486
 30
0.0
 11
2537865.357367714
 21
-26483.86573607486
 31
0.0
  0
INSERT
  5
5F0
330
17
100
AcDbEntity
  8
AXIS
100
AcDbBlockReference
 66
1
  2
_AXISO
 10
2588165.35736771
 20
-34583.86573607376
 30
0.0
 41
-800.0
 42
800.0
 43
800.0
  0
ATTRIB
  5
5F1
330
5F0
100
AcDbEntity
  8
AXIS_TEXT
100
AcDbText
 10
2587965.35736771
 20
-34807.86573607376
 30
0.0
 40
448.0000000000001
  1
A
  7
COMPLEX
 41
1.041666666666667
 72
5
 11
2588365.35736771
 21
-34807.86573607376
 31
0.0
100
AcDbAttribute
  2
A
 70
0
 71
1
 72
0
 11
2588365.35736771
 21
-34807.86573607376
 31
0.0
  0
SEQEND
  5
5F2
330
5F0
100
AcDbEntity
  8
AXIS
  0
LINE
  5
5F3
330
17
100
AcDbEntity
  8
AXIS
100
AcDbLine
 10
2587765.35736771
 20
-34583.86573607376
 30
0.0
 11
2583765.35736771
 21
-34583.86573607376
 31
0.0
  0
LINE
  5
5F4
330
17
100
AcDbEntity
  8
AXIS
100
AcDbLine
 10
2587765.35736771
 20
-31583.86573607679
 30
0.0
 11
2583765.35736771
 21
-31583.86573607679
 31
0.0
  0
LINE
  5
5F5
330
17
100
AcDbEntity
  8
AXIS
100
AcDbLine
 10
2587765.35736771
 20
-31283.865736073
 30
0.0
 11
2583765.35736771
 21
-31283.865736073
 31
0.0
  0
INSERT
  5
5F6
330
17
100
AcDbEntity
  8
AXIS
100
AcDbBlockReference
 66
1
  2
_AXISO
 10
2588165.357367709
 20
-26983.86573607632
 30
0.0
 41
-800.0
 42
800.0
 43
800.0
  0
ATTRIB
  5
5F7
330
5F6
100
AcDbEntity
  8
AXIS_TEXT
100
AcDbText
 10
2587965.357367709
 20
-27207.86573607632
 30
0.0
 40
448.0000000000001
  1
G
  7
COMPLEX
 41
1.041666666666667
 72
5
 11
2588365.357367709
 21
-27207.86573607632
 31
0.0
100
AcDbAttribute
  2
A
 70
0
 71
1
 72
0
 11
2588365.357367709
 21
-27207.86573607632
 31
0.0
  0
SEQEND
  5
5F8
330
5F6
100
AcDbEntity
  8
AXIS
  0
LINE
  5
5F9
330
17
100
AcDbEntity
  8
AXIS
100
AcDbLine
 10
2587765.357367709
 20
-26983.86573607632
 30
0.0
 11
2583765.357367709
 21
-26983.86573607632
 31
0.0
  0
INSERT
  5
5FA
330
17
100
AcDbEntity
  8
AXIS
100
AcDbBlockReference
 66
1
  2
_AXISO
 10
2588165.35736771
 20
-25283.86573607923
 30
0.0
 41
-800.0
 42
800.0
 43
800.0
  0
ATTRIB
  5
5FB
330
5FA
100
AcDbEntity
  8
AXIS_TEXT
100
AcDbText
 10
2587965.35736771
 20
-25507.86573607923
 30
0.0
 40
448.0000000000001
  1
J
  7
COMPLEX
 41
1.704545454545455
 72
5
 11
2588365.35736771
 21
-25507.86573607923
 31
0.0
100
AcDbAttribute
  2
A
 70
0
 71
1
 72
0
 11
2588365.35736771
 21
-25507.86573607923
 31
0.0
  0
SEQEND
  5
5FC
330
5FA
100
AcDbEntity
  8
AXIS
  0
LINE
  5
5FD
330
17
100
AcDbEntity
  8
AXIS
100
AcDbLine
 10
2587765.35736771
 20
-25283.86573607923
 30
0.0
 11
2583765.35736771
 21
-25283.86573607923
 31
0.0
  0
INSERT
  5
5FE
330
17
100
AcDbEntity
  8
AXIS
100
AcDbBlockReference
 66
1
  2
_AXISO
 10
2588165.35736771
 20
-23483.86573607452
 30
0.0
 41
-800.0
 42
800.0
 43
800.0
  0
ATTRIB
  5
5FF
330
5FE
100
AcDbEntity
  8
AXIS_TEXT
100
AcDbText
 10
2587965.35736771
 20
-23707.86573607452
 30
0.0
 40
448.0000000000001
  1
K
  7
COMPLEX
 41
0.9868421052631577
 72
5
 11
2588365.35736771
 21
-23707.86573607452
 31
0.0
100
AcDbAttribute
  2
A
 70
0
 71
1
 72
0
 11
2588365.35736771
 21
-23707.86573607452
 31
0.0
  0
SEQEND
  5
600
330
5FE
100
AcDbEntity
  8
AXIS
  0
LINE
  5
601
330
17
100
AcDbEntity
  8
AXIS
100
AcDbLine
 10
2587765.35736771
 20
-23483.86573607452
 30
0.0
 11
2583765.35736771
 21
-23483.86573607452
 31
0.0
  0
LINE
  5
602
330
17
100
AcDbEntity
  8
AXIS
100
AcDbLine
 10
2587765.357367709
 20
-20283.86573607091
 30
0.0
 11
2583765.357367709
 21
-20283.86573607091
 31
0.0
  0
LINE
  5
603
330
17
100
AcDbEntity
  8
AXIS
100
AcDbLine
 10
2587765.35736771
 20
-19583.86573607498
 30
0.0
 11
2583765.35736771
 21
-19583.86573607498
 31
0.0
  0
DIMENSION
  5
604
330
17
100
AcDbEntity
  8
AXIS
100
AcDbDimension
280
0
  3
DIMB
 10
2585965.35736771
 20
-19583.86573607522
 30
0.0
 11
2585665.35736771
 21
-19179.79531327321
 31
0.0
 70
161
 71
5
 42
-1.0
 73
0
 74
0
 75
0
100
AcDbAlignedDimension
 13
2583765.35736771
 23
-19483.86573607498
 33
0.0
 14
2583765.35736771
 24
-19583.86573607521
 34
0.0
 50
0.0
  0
DIMENSION
  5
605
330
17
100
AcDbEntity
  8
AXIS
100
AcDbDimension
280
0
  3
AXIS
 10
2585965.35736771
 20
-23483.86573607592
 30
0.0
 11
2585665.35736771
 21
-21883.86573607341
 31
0.0
 70
32
 71
5
 42
-1.0
 73
0
 74
0
 75
0
100
AcDbAlignedDimension
 13
2583765.357367709
 23
-20283.86573607091
 33
0.0
 14
2583765.35736771
 24
-23483.86573607591
 34
0.0
 50
270.0
100
AcDbRotatedDimension
  0
DIMENSION
  5
606
330
17
100
AcDbEntity
  8
AXIS
100
AcDbDimension
280
0
  3
AXIS
 10
2585965.35736771
 20
-25283.86573607923
 30
0.0
 11
2585665.35736771
 21
-24383.86573607688
 31
0.0
 70
32
 71
5
 42
-1.0
 73
0
 74
0
 75
0
100
AcDbAlignedDimension
 13
2583765.35736771
 23
-23483.86573607452
 33
0.0
 14
2583765.35736771
 24
-25283.86573607923
 34
0.0
 50
270.0
100
AcDbRotatedDimension
  0
DIMENSION
  5
607
330
17
100
AcDbEntity
  8
AXIS
100
AcDbDimension
280
0
  3
AXIS
 10
2585965.35736771
 20
-26983.86573607632
 30
0.0
 11
2585665.35736771
 21
-26133.86573607778
 31
0.0
 70
32
 71
5
 42
-1.0
 73
0
 74
0
 75
0
100
AcDbAlignedDimension
 13
2583765.35736771
 23
-25283.86573607923
 33
0.0
 14
2583765.357367709
 24
-26983.86573607632
 34
0.0
 50
270.0
100
AcDbRotatedDimension
  0
DIMENSION
  5
608
330
17
100
AcDbEntity
  8
AXIS
100
AcDbDimension
280
0
  3
AXIS
 10
2585965.35736771
 20
-31283.8657360751
 30
0.0
 11
2585665.35736771
 21
-29133.86573607571
 31
0.0
 70
32
 71
5
 42
-1.0
 73
0
 74
0
 75
0
100
AcDbAlignedDimension
 13
2583765.357367709
 23
-26983.86573607632
 33
0.0
 14
2583765.357367709
 24
-31283.8657360751
 34
0.0
 50
270.0
100
AcDbRotatedDimension
  0
DIMENSION
  5
609
330
17
100
AcDbEntity
  8
AXIS
100
AcDbDimension
280
0
  3
AXIS
 10
2585965.35736771
 20
-31583.86573607679
 30
0.0
 11
2585665.35736771
 21
-31433.8657360749
 31
0.0
 70
32
 71
5
 42
-1.0
 73
0
 74
0
 75
0
100
AcDbAlignedDimension
 13
2583765.35736771
 23
-31283.865736073
 33
0.0
 14
2583765.35736771
 24
-31583.86573607679
 34
0.0
 50
270.0
100
AcDbRotatedDimension
  0
DIMENSION
  5
60A
330
17
100
AcDbEntity
  8
AXIS
100
AcDbDimension
280
0
  3
DIMB
 10
2585965.35736771
 20
-34583.86573607353
 30
0.0
 11
2585665.35736771
 21
-33083.86573607516
 31
0.0
 70
32
 71
5
 42
-1.0
 73
0
 74
0
 75
0
100
AcDbAlignedDimension
 13
2583765.35736771
 23
-31583.86573607679
 33
0.0
 14
2583765.35736771
 24
-34583.86573607353
 34
0.0
 50
270.0
100
AcDbRotatedDimension
  0
DIMENSION
  5
60B
330
17
100
AcDbEntity
  8
AXIS
100
AcDbDimension
280
0
  3
DIMN
 10
2586765.35736771
 20
-34683.86573607376
 30
0.0
 11
2586465.35736771
 21
-27083.86573607437
 31
0.0
 70
33
 71
5
 42
-1.0
 73
0
 74
0
 75
0
100
AcDbAlignedDimension
 13
2583765.35736771
 23
-19483.86573607498
 33
0.0
 14
2583765.35736771
 24
-34683.86573607376
 34
0.0
 50
0.0
  0
DIMENSION
  5
60C
330
17
100
AcDbEntity
  8
AXIS
100
AcDbDimension
280
0
  3
AXIS
 10
2535665.357367713
 20
-28283.8657360751
 30
0.0
 11
2535365.357367713
 21
-27383.86573607533
 31
0.0
 70
32
 71
5
 42
-1.0
 73
0
 74
0
 75
0
100
AcDbAlignedDimension
 13
2537865.357367713
 23
-26483.86573607556
 33
0.0
 14
2537865.357367714
 24
-28283.8657360751
 34
0.0
 50
90.0
100
AcDbRotatedDimension
  0
INSERT
  5
60D
330
17
100
AcDbEntity
  8
AXIS
100
AcDbBlockReference
 66
1
  2
_AXISO2
 10
2588165.357367709
 20
-20283.86573607091
 30
0.0
 41
800.0
 42
800.0
 43
800.0
 50
180.0
  0
ATTRIB
  5
60E
330
60D
100
AcDbEntity
  8
AXIS_TEXT
100
AcDbText
 10
2587965.357367709
 20
-20907.86573607091
 30
0.0
 40
448.0000000000001
  1
N
  7
COMPLEX
 41
0.9868421052631577
 72
5
 11
2588365.357367709
 21
-20907.86573607091
 31
0.0
100
AcDbAttribute
  2
A
 70
0
 71
1
 72
0
 11
2588365.357367709
 21
-20907.86573607091
 31
0.0
  0
SEQEND
  5
60F
330
60D
100
AcDbEntity
  8
AXIS
  0
INSERT
  5
610
330
17
100
AcDbEntity
  8
AXIS
100
AcDbBlockReference
 66
1
  2
_AXISO1
 10
2588165.35736771
 20
-19583.86573607498
 30
0.0
 41
800.0
 42
800.0
 43
800.0
 50
180.0
  0
ATTRIB
  5
611
330
610
100
AcDbEntity
  8
AXIS_TEXT
100
AcDbText
 10
2587965.35736771
 20
-19407.86573607498
 30
0.0
 40
448.0000000000001
  1
P
  7
COMPLEX
 41
1.102941176470588
 72
5
 11
2588365.35736771
 21
-19407.86573607498
 31
0.0
100
AcDbAttribute
  2
A
 70
0
 71
1
 72
0
 11
2588365.35736771
 21
-19407.86573607498
 31
0.0
  0
SEQEND
  5
612
330
610
100
AcDbEntity
  8
AXIS
  0
INSERT
  5
613
330
17
100
AcDbEntity
  8
AXIS
100
AcDbBlockReference
 66
1
  2
_AXISO1
 10
2588165.35736771
 20
-31283.865736073
 30
0.0
 41
800.0
 42
800.0
 43
800.0
 50
180.0
  0
ATTRIB
  5
614
330
613
100
AcDbEntity
  8
AXIS_TEXT
100
AcDbText
 10
2587965.35736771
 20
-31107.865736073
 30
0.0
 40
448.0000000000001
  1
D
  7
COMPLEX
 41
1.102941176470588
 72
5
 11
2588365.35736771
 21
-31107.865736073
 31
0.0
100
AcDbAttribute
  2
A
 70
0
 71
1
 72
0
 11
2588365.35736771
 21
-31107.865736073
 31
0.0
  0
SEQEND
  5
615
330
613
100
AcDbEntity
  8
AXIS
  0
INSERT
  5
616
330
17
100
AcDbEntity
  8
AXIS
100
AcDbBlockReference
 66
1
  2
_AXISO2
 10
2588165.35736771
 20
-31583.86573607679
 30
0.0
 41
800.0
 42
800.0
 43
800.0
 50
180.0
  0
ATTRIB
  5
617
330
616
100
AcDbEntity
  8
AXIS_TEXT
100
AcDbText
 10
2587965.35736771
 20
-32207.86573607679
 30
0.0
 40
448.0000000000001
  1
C
  7
COMPLEX
 41
1.25
 72
5
 11
2588365.35736771
 21
-32207.86573607679
 31
0.0
100
AcDbAttribute
  2
A
 70
0
 71
1
 72
0
 11
2588365.35736771
 21
-32207.86573607679
 31
0.0
  0
SEQEND
  5
618
330
616
100
AcDbEntity
  8
AXIS
  0
INSERT
  5
619
330
17
100
AcDbEntity
  8
AXIS
100
AcDbBlockReference
 66
1
  2
_AXISO2
 10
2533465.357367713
 20
-22583.86573607347
 30
0.0
 41
800.0
 42
800.0
 43
800.0
  0
ATTRIB
  5
61A
330
619
100
AcDbEntity
  8
AXIS_TEXT
100
AcDbText
 10
2533265.357367713
 20
-22407.86573607347
 30
0.0
 40
448.0000000000001
  1
M
  7
COMPLEX
 41
0.8928571428571428
 72
5
 11
2533665.357367713
 21
-22407.86573607347
 31
0.0
100
AcDbAttribute
  2
A
 70
0
 71
1
 72
0
 11
2533665.357367713
 21
-22407.86573607347
 31
0.0
  0
SEQEND
  5
61B
330
619
100
AcDbEntity
  8
AXIS
  0
INSERT
  5
61C
330
17
100
AcDbEntity
  8
AXIS
100
AcDbBlockReference
 66
1
  2
_AXISO1
 10
2533465.357367713
 20
-23283.86573607626
 30
0.0
 41
800.0
 42
800.0
 43
800.0
  0
ATTRIB
  5
61D
330
61C
100
AcDbEntity
  8
AXIS_TEXT
100
AcDbText
 10
2533265.357367713
 20
-23907.86573607626
 30
0.0
 40
448.0000000000001
  1
L
  7
COMPLEX
 41
1.25
 72
5
 11
2533665.357367713
 21
-23907.86573607626
 31
0.0
100
AcDbAttribute
  2
A
 70
0
 71
1
 72
0
 11
2533665.357367713
 21
-23907.86573607626
 31
0.0
  0
SEQEND
  5
61E
330
61C
100
AcDbEntity
  8
AXIS
  0
INSERT
  5
61F
330
17
100
AcDbEntity
  8
AXIS
100
AcDbBlockReference
 66
1
  2
_AXISO2
 10
2533465.357367713
 20
-34283.86573607597
 30
0.0
 41
800.0
 42
800.0
 43
800.0
  0
ATTRIB
  5
620
330
61F
100
AcDbEntity
  8
AXIS_TEXT
100
AcDbText
 10
2533265.357367713
 20
-34107.86573607597
 30
0.0
 40
448.0000000000001
  1
B
  7
COMPLEX
 41
1.102941176470588
 72
5
 11
2533665.357367713
 21
-34107.86573607597
 31
0.0
100
AcDbAttribute
  2
A
 70
0
 71
1
 72
0
 11
2533665.357367713
 21
-34107.86573607597
 31
0.0
  0
SEQEND
  5
621
330
61F
100
AcDbEntity
  8
AXIS
  0
INSERT
  5
622
330
17
100
AcDbEntity
  8
AXIS
100
AcDbBlockReference
 66
1
  2
_AXISO1
 10
2533465.357367713
 20
-34583.86573607376
 30
0.0
 41
800.0
 42
800.0
 43
800.0
  0
ATTRIB
  5
623
330
622
100
AcDbEntity
  8
AXIS_TEXT
100
AcDbText
 10
2533265.357367713
 20
-35207.86573607376
 30
0.0
 40
448.0000000000001
  1
A
  7
COMPLEX
 41
1.041666666666667
 72
5
 11
2533665.357367713
 21
-35207.86573607376
 31
0.0
100
AcDbAttribute
  2
A
 70
0
 71
1
 72
0
 11
2533665.357367713
 21
-35207.86573607376
 31
0.0
  0
SEQEND
  5
624
330
622
100
AcDbEntity
  8
AXIS
  0
INSERT
  5
625
330
17
100
AcDbEntity
  8
AXIS
100
AcDbBlockReference
 66
1
  2
_AXISO
 10
2574865.357367735
 20
-12478.19611675898
 30
0.0
 41
-800.0
 42
800.0
 43
800.0
 50
180.0
  0
ATTRIB
  5
626
330
625
100
AcDbEntity
  8
AXIS_TEXT
100
AcDbText
 10
2574639.083197755
 20
-12704.47028673883
 30
0.0
 40
452.5483399593904
  1
22
  7
COMPLEX
 41
0.6176470588239517
 72
5
 11
2575091.631537715
 21
-12704.47028673883
 31
0.0
100
AcDbAttribute
  2
A
 70
0
 71
1
 72
0
 11
2575091.631537715
 21
-12704.47028673883
 31
0.0
  0
SEQEND
  5
627
330
625
100
AcDbEntity
  8
AXIS
  0
LINE
  5
628
330
17
100
AcDbEntity
  8
AXIS
100
AcDbLine
 10
2574865.357367687
 20
-16164.81709110271
 30
0.0
 11
2574865.35736773
 21
-12878.19611675898
 31
0.0
  0
DIMENSION
  5
629
330
17
100
AcDbEntity
  8
AXIS
100
AcDbDimension
280
0
  3
DIMN
 10
2581865.357367688
 20
-14525.98445338407
 30
0.0
 11
2582042.933160087
 21
-14958.86077716237
 31
0.0
 70
161
 71
5
 42
-1.0
 73
0
 74
0
 75
0
100
AcDbAlignedDimension
 13
2581765.357367683
 23
-16525.98445342202
 33
0.0
 14
2581865.357367688
 24
-16525.98445341422
 34
0.0
 50
0.0
  0
DIMENSION
  5
62A
330
17
100
AcDbEntity
  8
AXIS
100
AcDbDimension
280
0
  3
DIMN
 10
2582865.357367709
 20
-14525.98445338407
 30
0.0
 11
2583192.322291216
 21
-14225.98445338407
 31
0.0
 70
161
 71
5
 42
-1.0
 73
0
 74
0
 75
0
100
AcDbAlignedDimension
 13
2582765.357367694
 23
-16525.98445334408
 33
0.0
 14
2582865.357367709
 24
-16525.98445333628
 34
-1.05e-14
 50
0.0
  0
DIMENSION
  5
62B
330
17
100
AcDbEntity
  8
AXIS
100
AcDbDimension
280
0
  3
DIMN
 10
2582765.35736754
 20
-14525.98445338407
 30
0.0
 11
2582315.357367692
 21
-14225.98445338407
 31
0.0
 70
33
 71
5
 42
-1.0
 73
0
 74
0
 75
0
100
AcDbAlignedDimension
 13
2581865.357367844
 23
-16525.98445341422
 33
0.0
 14
2582765.35736754
 24
-16525.98445334408
 34
0.0
 50
0.0
  0
DIMENSION
  5
62C
330
17
100
AcDbEntity
  8
AXIS
100
AcDbDimension
280
0
  3
AXIS
 10
2535665.357367713
 20
-22583.86573607271
 30
0.0
 11
2535365.357367713
 21
-21083.865736073
 31
0.0
 70
33
 71
5
 42
-1.0
 73
0
 74
0
 75
0
100
AcDbAlignedDimension
 13
2537865.357367713
 23
-19583.86573607329
 33
0.0
 14
2537865.357367715
 24
-22583.86573607271
 34
0.0
 50
0.0
  0
DIMENSION
  5
62D
330
17
100
AcDbEntity
  8
AXIS
100
AcDbDimension
280
0
  3
AXIS
 10
2535665.357367713
 20
-34683.86573607376
 30
0.0
 11
2535365.357367713
 21
-35101.98887102457
 31
0.0
 70
160
 71
5
 42
-1.0
 73
0
 74
0
 75
0
100
AcDbAlignedDimension
 13
2537865.357367713
 23
-34583.86573607108
 33
0.0
 14
2537865.357367713
 24
-34683.86573607376
 34
0.0
 50
90.0
100
AcDbRotatedDimension
  0
DIMENSION
  5
62E
330
17
100
AcDbEntity
  8
AXIS
100
AcDbDimension
280
0
  3
DIMA
 10
2585965.35736771
 20
-20283.86573607091
 30
0.0
 11
2585665.35736771
 21
-19933.86573607266
 31
0.0
 70
33
 71
5
 42
-1.0
 73
0
 74
0
 75
0
100
AcDbAlignedDimension
 13
2583765.35736771
 23
-19583.8657360744
 33
0.0
 14
2583765.357367709
 24
-20283.86573607091
 34
0.0
 50
0.0
  0
DIMENSION
  5
62F
330
17
100
AcDbEntity
  8
AXIS
100
AcDbDimension
280
0
  3
DIMA
 10
2585965.35736771
 20
-34683.86573607353
 30
0.0
 11
2585665.35736771
 21
-35140.48471229687
 31
0.0
 70
160
 71
5
 42
-1.0
 73
0
 74
0
 75
0
100
AcDbAlignedDimension
 13
2583765.35736771
 23
-34583.8657360719
 33
0.0
 14
2583765.35736771
 24
-34683.86573607353
 34
0.0
 50
270.0
100
AcDbRotatedDimension
  0
DIMENSION
  5
630
330
17
100
AcDbEntity
  8
门窗尺寸
100
AcDbDimension
280
0
  3
DIMB
 10
2536465.357367713
 20
-22583.86573607376
 30
0.0
 11
2536165.357367713
 21
-22283.86573607431
 31
0.0
 70
32
 71
5
 42
-1.0
 73
0
 74
0
 75
0
100
AcDbAlignedDimension
 13
2537665.357367714
 23
-21983.86573607486
 33
0.0
 14
2537665.357367714
 24
-22583.86573607376
 34
0.0
 50
90.0
100
AcDbRotatedDimension
  0
DIMENSION
  5
631
330
17
100
AcDbEntity
  8
门窗尺寸
100
AcDbDimension
280
0
  3
AXIS
 10
2536465.357367713
 20
-26483.8657360762
 30
0.0
 11
2536165.357367713
 21
-24533.86573607431
 31
0.0
 70
32
 71
5
 42
-1.0
 73
0
 74
0
 75
0
100
AcDbAlignedDimension
 13
2537665.357367714
 23
-22583.86573607242
 33
0.0
 14
2537665.357367714
 24
-26483.8657360762
 34
0.0
 50
90.0
100
AcDbRotatedDimension
  0
DIMENSION
  5
632
330
17
100
AcDbEntity
  8
门窗尺寸
100
AcDbDimension
280
0
  3
DIMA
 10
2536465.357367713
 20
-27083.8657360762
 30
0.0
 11
2536165.357367713
 21
-26783.86573607553
 31
0.0
 70
32
 71
5
 42
-1.0
 73
0
 74
0
 75
0
100
AcDbAlignedDimension
 13
2537665.357367714
 23
-26483.86573607486
 33
0.0
 14
2537665.357367714
 24
-27083.8657360762
 34
0.0
 50
90.0
100
AcDbRotatedDimension
  0
DIMENSION
  5
633
330
17
100
AcDbEntity
  8
门窗尺寸
100
AcDbDimension
280
0
  3
DIMA
 10
2536465.357367713
 20
-30383.8657360762
 30
0.0
 11
2536165.357367713
 21
-29333.86573607553
 31
0.0
 70
32
 71
5
 42
-1.0
 73
0
 74
0
 75
0
100
AcDbAlignedDimension
 13
2537665.357367714
 23
-28283.86573607486
 33
0.0
 14
2537665.357367714
 24
-30383.8657360762
 34
0.0
 50
90.0
100
AcDbRotatedDimension
  0
DIMENSION
  5
634
330
17
100
AcDbEntity
  8
门窗尺寸
100
AcDbDimension
280
0
  3
DIMB
 10
2536465.357367713
 20
-34583.86573607131
 30
0.0
 11
2536165.357367713
 21
-32483.8657360737
 31
0.0
 70
32
 71
5
 42
-1.0
 73
0
 74
0
 75
0
100
AcDbAlignedDimension
 13
2537665.357367714
 23
-30383.86573607609
 33
0.0
 14
2537765.357367714
 24
-34583.86573607131
 34
0.0
 50
90.0
100
AcDbRotatedDimension
  0
DIMENSION
  5
635
330
17
100
AcDbEntity
  8
门窗尺寸
100
AcDbDimension
280
0
  3
DIMN
 10
2536465.357367713
 20
-27683.8657360762
 30
0.0
 11
2536829.710577911
 21
-27383.8657360755
 31
0.0
 70
160
 71
5
 42
-1.0
 73
0
 74
0
 75
0
100
AcDbAlignedDimension
 13
2537665.357367714
 23
-27083.86573607486
 33
0.0
 14
2537665.357367714
 24
-27683.8657360762
 34
0.0
 50
90.0
100
AcDbRotatedDimension
  0
DIMENSION
  5
636
330
17
100
AcDbEntity
  8
门窗尺寸
100
AcDbDimension
280
0
  3
DIMB
 10
2536465.357367713
 20
-28283.8657360762
 30
0.0
 11
2536165.357367713
 21
-27983.86573607615
 31
0.0
 70
32
 71
5
 42
-1.0
 73
0
 74
0
 75
0
100
AcDbAlignedDimension
 13
2537665.357367714
 23
-27683.86573607609
 33
0.0
 14
2537665.357367714
 24
-28283.8657360762
 34
0.0
 50
90.0
100
AcDbRotatedDimension
  0
DIMENSION
  5
637
330
17
100
AcDbEntity
  8
门窗尺寸
100
AcDbDimension
280
0
  3
DIMN
 10
2541265.35736771
 20
-38035.12443592318
 30
0.0
 11
2540365.35736771
 21
-37735.12443592318
 31
0.0
 70
33
 71
5
 42
-1.0
 73
0
 74
0
 75
0
100
AcDbAlignedDimension
 13
2539465.35736771
 23
-36835.1244359233
 33
0.0
 14
2541265.35736771
 24
-36835.1244359233
 34
0.0
 50
0.0
  0
DIMENSION
  5
638
330
17
100
AcDbEntity
  8
门窗尺寸
100
AcDbDimension
280
0
  3
DIMB
 10
2542465.357367717
 20
-38035.12443592318
 30
0.0
 11
2541865.357367713
 21
-37735.12443592318
 31
0.0
 70
33
 71
5
 42
-1.0
 73
0
 74
0
 75
0
100
AcDbAlignedDimension
 13
2541265.357367709
 23
-36835.1244359233
 33
0.0
 14
2542465.357367717
 24
-36835.1244359233
 34
0.0
 50
0.0
  0
DIMENSION
  5
639
330
17
100
AcDbEntity
  8
门窗尺寸
100
AcDbDimension
280
0
  3
DIMA
 10
2543215.35736771
 20
-38035.12443592318
 30
0.0
 11
2542840.357367713
 21
-37735.12443592318
 31
0.0
 70
33
 71
5
 42
-1.0
 73
0
 74
0
 75
0
100
AcDbAlignedDimension
 13
2542465.357367717
 23
-36835.1244359233
 33
0.0
 14
2543215.35736771
 24
-36835.1244359233
 34
0.0
 50
0.0
  0
DIMENSION
  5
63A
330
17
100
AcDbEntity
  8
门窗尺寸
100
AcDbDimension
280
0
  3
DIMN
 10
2544715.35736771
 20
-38035.12443592318
 30
0.0
 11
2543965.35736771
 21
-37735.12443592318
 31
0.0
 70
33
 71
5
 42
-1.0
 73
0
 74
0
 75
0
100
AcDbAlignedDimension
 13
2543215.35736771
 23
-36835.1244359233
 33
0.0
 14
2544715.35736771
 24
-36835.1244359233
 34
0.0
 50
0.0
  0
DIMENSION
  5
63B
330
17
100
AcDbEntity
  8
门窗尺寸
100
AcDbDimension
280
0
  3
DIMB
 10
2545465.356632089
 20
-38035.12443592318
 30
0.0
 11
2545090.3569999
 21
-37735.12443592318
 31
0.0
 70
33
 71
5
 42
-1.0
 73
0
 74
0
 75
0
100
AcDbAlignedDimension
 13
2544715.35736771
 23
-36835.1244359233
 33
0.0
 14
2545465.356632089
 24
-36835.1244359233
 34
0.0
 50
0.0
  0
DIMENSION
  5
63C
330
17
100
AcDbEntity
  8
门窗尺寸
100
AcDbDimension
280
0
  3
DIMA
 10
2546065.35736771
 20
-38035.12443592318
 30
0.0
 11
2545765.3569999
 21
-37735.12443592318
 31
0.0
 70
33
 71
5
 42
-1.0
 73
0
 74
0
 75
0
100
AcDbAlignedDimension
 13
2545465.35663209
 23
-36835.1244359233
 33
0.0
 14
2546065.35736771
 24
-36835.1244359233
 34
0.0
 50
0.0
  0
DIMENSION
  5
63D
330
17
100
AcDbEntity
  8
门窗尺寸
100
AcDbDimension
280
0
  3
DIMN
 10
2548465.35736771
 20
-38035.12443592318
 30
0.0
 11
2547265.357367711
 21
-37735.12443592318
 31
0.0
 70
33
 71
5
 42
-1.0
 73
0
 74
0
 75
0
100
AcDbAlignedDimension
 13
2546065.357367713
 23
-36835.1244359233
 33
0.0
 14
2548465.35736771
 24
-36835.1244359233
 34
0.0
 50
0.0
  0
DIMENSION
  5
63E
330
17
100
AcDbEntity
  8
门窗尺寸
100
AcDbDimension
280
0
  3
DIMB
 10
2549665.357367708
 20
-38035.12443592318
 30
0.0
 11
2549065.35736771
 21
-37735.12443592318
 31
0.0
 70
33
 71
5
 42
-1.0
 73
0
 74
0
 75
0
100
AcDbAlignedDimension
 13
2548465.357367711
 23
-36835.1244359233
 33
0.0
 14
2549665.357367708
 24
-36835.1244359233
 34
0.0
 50
0.0
  0
DIMENSION
  5
63F
330
17
100
AcDbEntity
  8
门窗尺寸
100
AcDbDimension
280
0
  3
DIMA
 10
2550865.195982947
 20
-38035.36676649831
 30
0.0
 11
2550265.216083326
 21
-37735.24558042673
 31
0.0
 70
33
 71
5
 42
-1.0
 73
0
 74
0
 75
0
100
AcDbAlignedDimension
 13
2549665.357367708
 23
-36835.1244359233
 33
0.0
 14
2550865.43835096
 24
-36835.36682030442
 34
0.0
 50
0.0
  0
DIMENSION
  5
640
330
17
100
AcDbEntity
  8
门窗尺寸
100
AcDbDimension
280
0
  3
DIMN
 10
2553265.438350959
 20
-38035.36682030431
 30
0.0
 11
2552065.43835096
 21
-37735.36682030431
 31
0.0
 70
33
 71
5
 42
-1.0
 73
0
 74
0
 75
0
100
AcDbAlignedDimension
 13
2550865.43835096
 23
-36835.36682030442
 33
0.0
 14
2553265.438350959
 24
-36835.36682030442
 34
0.0
 50
0.0
  0
DIMENSION
  5
641
330
17
100
AcDbEntity
  8
门窗尺寸
100
AcDbDimension
280
0
  3
DIMB
 10
2553865.84305093
 20
-38035.40671518917
 30
0.0
 11
2553565.761966381
 21
-37735.52793186552
 31
0.0
 70
33
 71
5
 42
-1.0
 73
0
 74
0
 75
0
100
AcDbAlignedDimension
 13
2553265.43835096
 23
-36835.36682030442
 33
0.0
 14
2553865.358103274
 24
-36835.1244359233
 34
0.0
 50
0.0
  0
DIMENSION
  5
642
330
17
100
AcDbEntity
  8
门窗尺寸
100
AcDbDimension
280
0
  3
DIMA
 10
2554615.408531259
 20
-38035.12443592318
 30
0.0
 11
2554240.383317267
 21
-37735.12443592318
 31
0.0
 70
33
 71
5
 42
-1.0
 73
0
 74
0
 75
0
100
AcDbAlignedDimension
 13
2553865.358103275
 23
-36835.1244359233
 33
0.0
 14
2554615.408531259
 24
-36835.1244359233
 34
0.0
 50
0.0
  0
DIMENSION
  5
643
330
17
100
AcDbEntity
  8
门窗尺寸
100
AcDbDimension
280
0
  3
DIMN
 10
2556115.408531259
 20
-38035.12443592318
 30
0.0
 11
2555365.408531259
 21
-37735.12443592318
 31
0.0
 70
33
 71
5
 42
-1.0
 73
0
 74
0
 75
0
100
AcDbAlignedDimension
 13
2554615.408531259
 23
-36835.1244359233
 33
0.0
 14
2556115.408531259
 24
-36835.1244359233
 34
0.0
 50
0.0
  0
DIMENSION
  5
644
330
17
100
AcDbEntity
  8
门窗尺寸
100
AcDbDimension
280
0
  3
DIMB
 10
2556865.35736768
 20
-38035.12443592318
 30
0.0
 11
2556490.38294947
 21
-37735.12443592318
 31
0.0
 70
33
 71
5
 42
-1.0
 73
0
 74
0
 75
0
100
AcDbAlignedDimension
 13
2556115.40853126
 23
-36835.1244359233
 33
0.0
 14
2556865.35736768
 24
-36835.1244359233
 34
0.0
 50
0.0
  0
DIMENSION
  5
645
330
17
100
AcDbEntity
  8
门窗尺寸
100
AcDbDimension
280
0
  3
DIMA
 10
2558065.408531259
 20
-38035.12443592318
 30
0.0
 11
2557465.38294947
 21
-37735.12443592318
 31
0.0
 70
33
 71
5
 42
-1.0
 73
0
 74
0
 75
0
100
AcDbAlignedDimension
 13
2556865.357367682
 23
-36835.1244359233
 33
0.0
 14
2558065.408531259
 24
-36835.1244359233
 34
0.0
 50
0.0
  0
DIMENSION
  5
646
330
17
100
AcDbEntity
  8
门窗尺寸
100
AcDbDimension
280
0
  3
DIMN
 10
2559865.408531259
 20
-38035.12443592318
 30
0.0
 11
2558965.408531259
 21
-37735.12443592318
 31
0.0
 70
33
 71
5
 42
-1.0
 73
0
 74
0
 75
0
100
AcDbAlignedDimension
 13
2558065.408531258
 23
-36835.1244359233
 33
0.0
 14
2559865.408531259
 24
-36835.1244359233
 34
0.0
 50
0.0
  0
DIMENSION
  5
647
330
17
100
AcDbEntity
  8
门窗尺寸
100
AcDbDimension
280
0
  3
DIMB
 10
2560465.357367681
 20
-38035.12443592318
 30
0.0
 11
2560165.382949471
 21
-37735.12443592318
 31
0.0
 70
33
 71
5
 42
-1.0
 73
0
 74
0
 75
0
100
AcDbAlignedDimension
 13
2559865.408531262
 23
-36835.1244359233
 33
0.0
 14
2560465.357367681
 24
-36835.1244359233
 34
0.0
 50
0.0
  0
DIMENSION
  5
648
330
17
100
AcDbEntity
  8
门窗尺寸
100
AcDbDimension
280
0
  3
AXIS
 10
2560765.35736768
 20
-38035.12443592318
 30
0.0
 11
2560631.637345814
 21
-37269.09326422808
 31
0.0
 70
161
 71
5
 42
-1.0
 73
0
 74
0
 75
0
100
AcDbAlignedDimension
 13
2560465.357367681
 23
-36835.1244359233
 33
0.0
 14
2560765.35736768
 24
-36835.1244359233
 34
0.0
 50
0.0
  0
DIMENSION
  5
649
330
17
100
AcDbEntity
  8
门窗尺寸
100
AcDbDimension
280
0
  3
DIMA
 10
2561365.354329814
 20
-38035.12443592318
 30
0.0
 11
2561065.355848747
 21
-37735.12443592318
 31
0.0
 70
33
 71
5
 42
-1.0
 73
0
 74
0
 75
0
100
AcDbAlignedDimension
 13
2560765.35736768
 23
-36835.1244359233
 33
0.0
 14
2561365.354329814
 24
-36835.1244359233
 34
0.0
 50
0.0
  0
DIMENSION
  5
64A
330
17
100
AcDbEntity
  8
门窗尺寸
100
AcDbDimension
280
0
  3
DIMN
 10
2563165.354329814
 20
-38035.12443592318
 30
0.0
 11
2562265.354329815
 21
-37735.12443592318
 31
0.0
 70
33
 71
5
 42
-1.0
 73
0
 74
0
 75
0
100
AcDbAlignedDimension
 13
2561365.354329815
 23
-36835.1244359233
 33
0.0
 14
2563165.354329814
 24
-36835.1244359233
 34
0.0
 50
0.0
  0
DIMENSION
  5
64B
330
17
100
AcDbEntity
  8
门窗尺寸
100
AcDbDimension
280
0
  3
DIMB
 10
2564365.357367682
 20
-38035.12443592318
 30
0.0
 11
2563765.355848748
 21
-37735.12443592318
 31
0.0
 70
33
 71
5
 42
-1.0
 73
0
 74
0
 75
0
100
AcDbAlignedDimension
 13
2563165.354329815
 23
-36835.1244359233
 33
0.0
 14
2564365.357367682
 24
-36835.1244359233
 34
0.0
 50
0.0
  0
DIMENSION
  5
64C
330
17
100
AcDbEntity
  8
门窗尺寸
100
AcDbDimension
280
0
  3
DIMA
 10
2565115.354329815
 20
-38035.12443592318
 30
0.0
 11
2564740.355848749
 21
-37735.12443592318
 31
0.0
 70
33
 71
5
 42
-1.0
 73
0
 74
0
 75
0
100
AcDbAlignedDimension
 13
2564365.357367683
 23
-36835.1244359233
 33
0.0
 14
2565115.354329815
 24
-36835.1244359233
 34
0.0
 50
0.0
  0
DIMENSION
  5
64D
330
17
100
AcDbEntity
  8
门窗尺寸
100
AcDbDimension
280
0
  3
DIMN
 10
2566615.354329815
 20
-38035.12443592318
 30
0.0
 11
2565865.354329815
 21
-37735.12443592318
 31
0.0
 70
33
 71
5
 42
-1.0
 73
0
 74
0
 75
0
100
AcDbAlignedDimension
 13
2565115.354329815
 23
-36835.1244359233
 33
0.0
 14
2566615.354329815
 24
-36835.1244359233
 34
0.0
 50
0.0
  0
DIMENSION
  5
64E
330
17
100
AcDbEntity
  8
门窗尺寸
100
AcDbDimension
280
0
  3
DIMB
 10
2567365.356632086
 20
-38035.12443592318
 30
0.0
 11
2566990.355480951
 21
-37735.12443592318
 31
0.0
 70
33
 71
5
 42
-1.0
 73
0
 74
0
 75
0
100
AcDbAlignedDimension
 13
2566615.354329815
 23
-36835.1244359233
 33
0.0
 14
2567365.356632086
 24
-36835.1244359233
 34
0.0
 50
0.0
  0
DIMENSION
  5
64F
330
17
100
AcDbEntity
  8
门窗尺寸
100
AcDbDimension
280
0
  3
DIMA
 10
2567965.354329816
 20
-38035.12443592318
 30
0.0
 11
2567848.468963495
 21
-37735.12443592318
 31
0.0
 70
161
 71
5
 42
-1.0
 73
0
 74
0
 75
0
100
AcDbAlignedDimension
 13
2567365.356632087
 23
-36835.1244359233
 33
0.0
 14
2567965.354329816
 24
-36835.1244359233
 34
0.0
 50
0.0
  0
DIMENSION
  5
650
330
17
100
AcDbEntity
  8
门窗尺寸
100
AcDbDimension
280
0
  3
DIMN
 10
2570365.354329816
 20
-38035.12443592318
 30
0.0
 11
2569165.354329816
 21
-37735.12443592318
 31
0.0
 70
33
 71
5
 42
-1.0
 73
0
 74
0
 75
0
100
AcDbAlignedDimension
 13
2567965.354329817
 23
-36835.1244359233
 33
0.0
 14
2570365.354329816
 24
-36835.1244359233
 34
0.0
 50
0.0
  0
DIMENSION
  5
651
330
17
100
AcDbEntity
  8
门窗尺寸
100
AcDbDimension
280
0
  3
DIMB
 10
2571565.357367679
 20
-38035.12443592318
 30
0.0
 11
2570965.355848748
 21
-37735.12443592318
 31
0.0
 70
33
 71
5
 42
-1.0
 73
0
 74
0
 75
0
100
AcDbAlignedDimension
 13
2570365.354329817
 23
-36835.1244359233
 33
0.0
 14
2571565.357367679
 24
-36835.1244359233
 34
0.0
 50
0.0
  0
DIMENSION
  5
652
330
17
100
AcDbEntity
  8
门窗尺寸
100
AcDbDimension
280
0
  3
DIMA
 10
2572815.360405603
 20
-38035.12443592318
 30
0.0
 11
2572190.358886641
 21
-37735.12443592318
 31
0.0
 70
33
 71
5
 42
-1.0
 73
0
 74
0
 75
0
100
AcDbAlignedDimension
 13
2571565.357367679
 23
-36835.1244359233
 33
0.0
 14
2572815.360405603
 24
-36835.1244359233
 34
0.0
 50
0.0
  0
DIMENSION
  5
653
330
17
100
AcDbEntity
  8
门窗尺寸
100
AcDbDimension
280
0
  3
DIMN
 10
2574615.360405603
 20
-38035.12443592318
 30
0.0
 11
2573715.360405604
 21
-37735.12443592318
 31
0.0
 70
33
 71
5
 42
-1.0
 73
0
 74
0
 75
0
100
AcDbAlignedDimension
 13
2572815.360405605
 23
-36835.1244359233
 33
0.0
 14
2574615.360405603
 24
-36835.1244359233
 34
0.0
 50
0.0
  0
DIMENSION
  5
654
330
17
100
AcDbEntity
  8
门窗尺寸
100
AcDbDimension
280
0
  3
DIMB
 10
2574865.358103269
 20
-38035.12443592318
 30
0.0
 11
2574640.895117358
 21
-37330.4995100376
 31
0.0
 70
161
 71
5
 42
-1.0
 73
0
 74
0
 75
0
100
AcDbAlignedDimension
 13
2574615.360405604
 23
-36835.1244359233
 33
0.0
 14
2574865.358103269
 24
-36835.1244359233
 34
0.0
 50
0.0
  0
DIMENSION
  5
655
330
17
100
AcDbEntity
  8
门窗尺寸
100
AcDbDimension
280
0
  3
DIMA
 10
2575615.357367704
 20
-38035.12443592318
 30
0.0
 11
2575240.357735487
 21
-37735.12443592318
 31
0.0
 70
33
 71
5
 42
-1.0
 73
0
 74
0
 75
0
100
AcDbAlignedDimension
 13
2574865.35810327
 23
-36835.1244359233
 33
0.0
 14
2575615.357367704
 24
-36835.1244359233
 34
0.0
 50
0.0
  0
DIMENSION
  5
656
330
17
100
AcDbEntity
  8
门窗尺寸
100
AcDbDimension
280
0
  3
DIMN
 10
2577415.357367704
 20
-38035.12443592318
 30
0.0
 11
2576515.357367705
 21
-37735.12443592318
 31
0.0
 70
33
 71
5
 42
-1.0
 73
0
 74
0
 75
0
100
AcDbAlignedDimension
 13
2575615.357367705
 23
-36835.1244359233
 33
0.0
 14
2577415.357367704
 24
-36835.1244359233
 34
0.0
 50
0.0
  0
DIMENSION
  5
657
330
17
100
AcDbEntity
  8
门窗尺寸
100
AcDbDimension
280
0
  3
DIMB
 10
2578165.357367702
 20
-38035.12443592318
 30
0.0
 11
2577790.357367703
 21
-37735.12443592318
 31
0.0
 70
33
 71
5
 42
-1.0
 73
0
 74
0
 75
0
100
AcDbAlignedDimension
 13
2577415.357367705
 23
-36835.1244359233
 33
0.0
 14
2578165.357367702
 24
-36835.1244359233
 34
0.0
 50
0.0
  0
DIMENSION
  5
658
330
17
100
AcDbEntity
  8
门窗尺寸
100
AcDbDimension
280
0
  3
DIMA
 10
2579365.357367704
 20
-38035.12443592318
 30
0.0
 11
2578765.357367704
 21
-37735.12443592318
 31
0.0
 70
33
 71
5
 42
-1.0
 73
0
 74
0
 75
0
100
AcDbAlignedDimension
 13
2578165.357367703
 23
-36835.1244359233
 33
0.0
 14
2579365.357367704
 24
-36835.1244359233
 34
0.0
 50
0.0
  0
DIMENSION
  5
659
330
17
100
AcDbEntity
  8
门窗尺寸
100
AcDbDimension
280
0
  3
DIMN
 10
2581165.357367704
 20
-38035.12443592318
 30
0.0
 11
2580265.357367705
 21
-37735.12443592318
 31
0.0
 70
33
 71
5
 42
-1.0
 73
0
 74
0
 75
0
100
AcDbAlignedDimension
 13
2579365.357367705
 23
-36835.1244359233
 33
0.0
 14
2581165.357367704
 24
-36835.1244359233
 34
0.0
 50
0.0
  0
DIMENSION
  5
65A
330
17
100
AcDbEntity
  8
门窗尺寸
100
AcDbDimension
280
0
  3
DIMN
 10
2581765.357367708
 20
-38035.12443592318
 30
0.0
 11
2581465.357367707
 21
-37735.12443592318
 31
0.0
 70
33
 71
5
 42
-1.0
 73
0
 74
0
 75
0
100
AcDbAlignedDimension
 13
2581165.357367705
 23
-36835.1244359233
 33
0.0
 14
2581765.357367708
 24
-36835.1244359233
 34
0.0
 50
0.0
  0
DIMENSION
  5
65B
330
17
100
AcDbEntity
  8
门窗尺寸
100
AcDbDimension
280
0
  3
DIMA
 10
2536465.357367713
 20
-35183.86573607376
 30
0.0
 11
2536773.780733174
 21
-35047.27505637741
 31
0.0
 70
160
 71
5
 42
-1.0
 73
0
 74
0
 75
0
100
AcDbAlignedDimension
 13
2537665.357367714
 23
-34583.86573607364
 33
0.0
 14
2537765.357367714
 24
-35183.86573607376
 34
0.0
 50
90.0
100
AcDbRotatedDimension
  0
DIMENSION
  5
65C
330
17
100
AcDbEntity
  8
门窗尺寸
100
AcDbDimension
280
0
  3
DIMN
 10
2536465.357367713
 20
-36183.86573607376
 30
0.0
 11
2536165.357367713
 21
-35683.86573607492
 31
0.0
 70
32
 71
5
 42
-1.0
 73
0
 74
0
 75
0
100
AcDbAlignedDimension
 13
2537665.357367714
 23
-35183.86573607609
 33
0.0
 14
2537765.357367714
 24
-36183.86573607376
 34
0.0
 50
90.0
100
AcDbRotatedDimension
  0
DIMENSION
  5
65D
330
17
100
AcDbEntity
  8
门窗尺寸
100
AcDbDimension
280
0
  3
DIMN
 10
2539665.357367712
 20
-15325.98445333401
 30
0.0
 11
2539390.357367711
 21
-15025.98445333401
 31
0.0
 70
33
 71
5
 42
-1.0
 73
0
 74
0
 75
0
100
AcDbAlignedDimension
 13
2539115.357367711
 23
-16525.98445333348
 33
0.0
 14
2539665.357367712
 24
-16525.98445333354
 34
0.0
 50
0.0
  0
DIMENSION
  5
65E
330
17
100
AcDbEntity
  8
门窗尺寸
100
AcDbDimension
280
0
  3
DIMA
 10
2540015.35736771
 20
-15325.98445333401
 30
0.0
 11
2540136.184521568
 21
-15735.470638489
 31
0.0
 70
161
 71
5
 42
-1.0
 73
0
 74
0
 75
0
100
AcDbAlignedDimension
 13
2539765.352700071
 23
-16525.98445333354
 33
0.0
 14
2540015.35736771
 24
-16525.98445333354
 34
0.0
 50
0.0
  0
DIMENSION
  5
65F
330
17
100
AcDbEntity
  8
门窗尺寸
100
AcDbDimension
280
0
  3
DIMB
 10
2539765.35270007
 20
-15325.98445333401
 30
0.0
 11
2539453.418914938
 21
-15726.12348854088
 31
0.0
 70
161
 71
5
 42
-1.0
 73
0
 74
0
 75
0
100
AcDbAlignedDimension
 13
2539665.357367712
 23
-16525.98445333354
 33
0.0
 14
2539765.35270007
 24
-16525.98445333354
 34
0.0
 50
0.0
  0
DIMENSION
  5
660
330
17
100
AcDbEntity
  8
门窗尺寸
100
AcDbDimension
280
0
  3
DIMN
 10
2541815.35736771
 20
-15325.98445333401
 30
0.0
 11
2540915.35736771
 21
-15025.98445333401
 31
0.0
 70
33
 71
5
 42
-1.0
 73
0
 74
0
 75
0
100
AcDbAlignedDimension
 13
2540015.357367711
 23
-16525.98445333354
 33
0.0
 14
2541815.35736771
 24
-16525.98445333366
 34
0.0
 50
0.0
  0
DIMENSION
  5
661
330
17
100
AcDbEntity
  8
门窗尺寸
100
AcDbDimension
280
0
  3
DIMB
 10
2543065.357367714
 20
-15325.98445333401
 30
0.0
 11
2542440.357367712
 21
-15025.98445333401
 31
0.0
 70
33
 71
5
 42
-1.0
 73
0
 74
0
 75
0
100
AcDbAlignedDimension
 13
2541815.357367711
 23
-16525.98445333366
 33
0.0
 14
2543065.357367714
 24
-16525.98445333372
 34
0.0
 50
0.0
  0
DIMENSION
  5
662
330
17
100
AcDbEntity
  8
门窗尺寸
100
AcDbDimension
280
0
  3
DIMA
 10
2543665.604732197
 20
-15325.98445333401
 30
0.0
 11
2543400.842668433
 21
-15669.90210807743
 31
0.0
 70
161
 71
5
 42
-1.0
 73
0
 74
0
 75
0
100
AcDbAlignedDimension
 13
2543065.357367715
 23
-16525.98445333372
 33
0.0
 14
2543665.604732197
 24
-16525.98445333372
 34
0.0
 50
0.0
  0
DIMENSION
  5
663
330
17
100
AcDbEntity
  8
门窗尺寸
100
AcDbDimension
280
0
  3
DIMN
 10
2544865.604732196
 20
-15325.98445333401
 30
0.0
 11
2544265.604732197
 21
-15025.98445333401
 31
0.0
 70
33
 71
5
 42
-1.0
 73
0
 74
0
 75
0
100
AcDbAlignedDimension
 13
2543665.604732197
 23
-16525.98445333378
 33
0.0
 14
2544865.604732196
 24
-16525.98445333383
 34
0.0
 50
0.0
  0
DIMENSION
  5
664
330
17
100
AcDbEntity
  8
门窗尺寸
100
AcDbDimension
280
0
  3
DIMB
 10
2545465.352700071
 20
-15325.98445333401
 30
0.0
 11
2545162.543845888
 21
-15684.02472824231
 31
0.0
 70
161
 71
5
 42
-1.0
 73
0
 74
0
 75
0
100
AcDbAlignedDimension
 13
2544865.604732195
 23
-16525.98445333383
 33
0.0
 14
2545465.352700071
 24
-16525.98445333383
 34
0.0
 50
0.0
  0
DIMENSION
  5
665
330
17
100
AcDbEntity
  8
门窗尺寸
100
AcDbDimension
280
0
  3
DIMA
 10
2546015.357367711
 20
-15325.98445333401
 30
0.0
 11
2545871.879824277
 21
-15698.14734840708
 31
0.0
 70
161
 71
5
 42
-1.0
 73
0
 74
0
 75
0
100
AcDbAlignedDimension
 13
2545465.352700072
 23
-16525.98445333389
 33
0.0
 14
2546015.357367711
 24
-16525.98445333389
 34
0.0
 50
0.0
  0
DIMENSION
  5
666
330
17
100
AcDbEntity
  8
门窗尺寸
100
AcDbDimension
280
0
  3
DIMN
 10
2547815.357367711
 20
-15325.98445333401
 30
0.0
 11
2546915.357367711
 21
-15025.98445333401
 31
0.0
 70
33
 71
5
 42
-1.0
 73
0
 74
0
 75
0
100
AcDbAlignedDimension
 13
2546015.357367711
 23
-16525.98445333395
 33
0.0
 14
2547815.357367711
 24
-16525.98445333407
 34
0.0
 50
0.0
  0
DIMENSION
  5
667
330
17
100
AcDbEntity
  8
门窗尺寸
100
AcDbDimension
280
0
  3
DIMB
 10
2548365.357367694
 20
-15325.98445333401
 30
0.0
 11
2547906.872309603
 21
-15698.14734840708
 31
0.0
 70
161
 71
5
 42
-1.0
 73
0
 74
0
 75
0
100
AcDbAlignedDimension
 13
2547815.357367711
 23
-16525.98445333407
 33
0.0
 14
2548365.357367694
 24
-16525.98445333413
 34
0.0
 50
0.0
  0
DIMENSION
  5
668
330
17
100
AcDbEntity
  8
门窗尺寸
100
AcDbDimension
280
0
  3
DIMA
 10
2548915.382949485
 20
-15325.98445333401
 30
0.0
 11
2548754.785448171
 21
-15726.39258873672
 31
0.0
 70
161
 71
5
 42
-1.0
 73
0
 74
0
 75
0
100
AcDbAlignedDimension
 13
2548365.357367694
 23
-16525.98445333413
 33
0.0
 14
2548915.382949485
 24
-16525.98445333413
 34
0.0
 50
0.0
  0
DIMENSION
  5
669
330
17
100
AcDbEntity
  8
门窗尺寸
100
AcDbDimension
280
0
  3
DIMN
 10
2550415.382949486
 20
-15325.98445333401
 30
0.0
 11
2549665.382949486
 21
-15025.98445333401
 31
0.0
 70
33
 71
5
 42
-1.0
 73
0
 74
0
 75
0
100
AcDbAlignedDimension
 13
2548915.382949485
 23
-16525.98445333418
 33
0.0
 14
2550415.382949486
 24
-16525.9844533343
 34
0.0
 50
0.0
  0
DIMENSION
  5
66A
330
17
100
AcDbEntity
  8
门窗尺寸
100
AcDbDimension
280
0
  3
DIMB
 10
2550965.357367693
 20
-15325.98445333401
 30
0.0
 11
2550526.078857685
 21
-15698.60391166073
 31
0.0
 70
161
 71
5
 42
-1.0
 73
0
 74
0
 75
0
100
AcDbAlignedDimension
 13
2550415.382949487
 23
-16525.9844533343
 33
0.0
 14
2550965.357367693
 24
-16525.98445333436
 34
0.0
 50
0.0
  0
DIMENSION
  5
66B
330
17
100
AcDbEntity
  8
门窗尺寸
100
AcDbDimension
280
0
  3
DIMN
 10
2560215.40853126
 20
-15325.98445333401
 30
0.0
 11
2560085.316436472
 21
-15721.91524525383
 31
0.0
 70
161
 71
5
 42
-1.0
 73
0
 74
0
 75
0
100
AcDbAlignedDimension
 13
2560465.408531256
 23
-16525.98445333348
 33
0.0
 14
2560215.40853126
 24
-16525.98445333348
 34
0.0
 50
0.0
  0
DIMENSION
  5
66C
330
17
100
AcDbEntity
  8
门窗尺寸
100
AcDbDimension
280
0
  3
DIMN
 10
2559665.408531258
 20
-15325.98445333401
 30
0.0
 11
2559940.408531259
 21
-15025.98445333398
 31
0.0
 70
33
 71
5
 42
-1.0
 73
0
 74
0
 75
0
100
AcDbAlignedDimension
 13
2560215.40853126
 23
-16525.98445333348
 33
0.0
 14
2559665.408531259
 24
-16525.98445333354
 34
0.0
 50
0.0
  0
DIMENSION
  5
66D
330
17
100
AcDbEntity
  8
门窗尺寸
100
AcDbDimension
280
0
  3
DIMA
 10
2559315.40853126
 20
-15325.98445333401
 30
0.0
 11
2559194.581377403
 21
-15735.470638489
 31
0.0
 70
161
 71
5
 42
-1.0
 73
0
 74
0
 75
0
100
AcDbAlignedDimension
 13
2559565.4131989
 23
-16525.98445333354
 33
0.0
 14
2559315.40853126
 24
-16525.98445333354
 34
0.0
 50
0.0
  0
DIMENSION
  5
66E
330
17
100
AcDbEntity
  8
门窗尺寸
100
AcDbDimension
280
0
  3
DIMB
 10
2559565.4131989
 20
-15325.98445333401
 30
0.0
 11
2559616.821692188
 21
-16437.96667756757
 31
0.0
 70
161
 71
5
 42
-1.0
 73
0
 74
0
 75
0
100
AcDbAlignedDimension
 13
2559665.408531258
 23
-16525.98445333354
 33
0.0
 14
2559565.4131989
 24
-16525.98445333354
 34
0.0
 50
0.0
  0
DIMENSION
  5
66F
330
17
100
AcDbEntity
  8
门窗尺寸
100
AcDbDimension
280
0
  3
DIMN
 10
2557515.40853126
 20
-15325.98445333401
 30
0.0
 11
2558415.40853126
 21
-15025.98445333395
 31
0.0
 70
33
 71
5
 42
-1.0
 73
0
 74
0
 75
0
100
AcDbAlignedDimension
 13
2559315.40853126
 23
-16525.98445333354
 33
0.0
 14
2557515.40853126
 24
-16525.98445333366
 34
0.0
 50
0.0
  0
DIMENSION
  5
670
330
17
100
AcDbEntity
  8
门窗尺寸
100
AcDbDimension
280
0
  3
DIMB
 10
2556265.408531256
 20
-15325.98445333401
 30
0.0
 11
2556890.408531258
 21
-15025.98445333398
 31
0.0
 70
33
 71
5
 42
-1.0
 73
0
 74
0
 75
0
100
AcDbAlignedDimension
 13
2557515.40853126
 23
-16525.98445333366
 33
0.0
 14
2556265.408531256
 24
-16525.98445333372
 34
0.0
 50
0.0
  0
DIMENSION
  5
671
330
17
100
AcDbEntity
  8
门窗尺寸
100
AcDbDimension
280
0
  3
DIMA
 10
2553315.408531259
 20
-15325.98445333401
 30
0.0
 11
2553458.886074694
 21
-15698.14734840708
 31
0.0
 70
161
 71
5
 42
-1.0
 73
0
 74
0
 75
0
100
AcDbAlignedDimension
 13
2553865.413198899
 23
-16525.98445333389
 33
0.0
 14
2553315.408531259
 24
-16525.98445333389
 34
0.0
 50
0.0
  0
DIMENSION
  5
672
330
17
100
AcDbEntity
  8
门窗尺寸
100
AcDbDimension
280
0
  3
DIMN
 10
2551515.408531259
 20
-15325.98445333401
 30
0.0
 11
2552415.408531259
 21
-15025.98445333395
 31
0.0
 70
33
 71
5
 42
-1.0
 73
0
 74
0
 75
0
100
AcDbAlignedDimension
 13
2553315.408531259
 23
-16525.98445333395
 33
0.0
 14
2551515.408531259
 24
-16525.98445333407
 34
0.0
 50
0.0
  0
DIMENSION
  5
673
330
17
100
AcDbEntity
  8
门窗尺寸
100
AcDbDimension
280
0
  3
DIMB
 10
2550965.408531276
 20
-15325.98445333401
 30
0.0
 11
2551423.893589368
 21
-15698.14734840708
 31
0.0
 70
161
 71
5
 42
-1.0
 73
0
 74
0
 75
0
100
AcDbAlignedDimension
 13
2551515.40853126
 23
-16525.98445333407
 33
0.0
 14
2550965.408531277
 24
-16525.98445333413
 34
0.0
 50
0.0
  0
LINE
  5
674
330
17
100
AcDbEntity
  8
WALL
100
AcDbLine
 10
2543165.357367712
 20
-23383.86573607486
 30
0.0
 11
2543165.357367712
 21
-23633.86573607486
 31
0.0
  0
LINE
  5
675
330
17
100
AcDbEntity
  8
WALL
100
AcDbLine
 10
2543165.357367712
 20
-23633.86573607486
 30
0.0
 11
2543065.357367712
 21
-23633.86573607481
 31
0.0
  0
LINE
  5
676
330
17
100
AcDbEntity
  8
WALL
100
AcDbLine
 10
2556265.40853126
 20
-23633.86573607481
 30
0.0
 11
2556265.40853126
 21
-26383.86573607475
 31
0.0
  0
LINE
  5
677
330
17
100
AcDbEntity
  8
WALL
100
AcDbLine
 10
2554465.161166775
 20
-23383.86573607463
 30
0.0
 11
2553865.40853126
 21
-23383.86573607452
 31
0.0
  0
LINE
  5
678
330
17
100
AcDbEntity
  8
WALL
100
AcDbLine
 10
2555665.161166775
 20
-23383.86573607475
 30
0.0
 11
2555665.161166775
 21
-23183.86573607475
 31
0.0
  0
LINE
  5
679
330
17
100
AcDbEntity
  8
WALL
100
AcDbLine
 10
2554465.161166775
 20
-23383.86573607463
 30
0.0
 11
2554465.161166775
 21
-23183.86573607463
 31
0.0
  0
INSERT
  5
67A
330
17
100
AcDbEntity
  8
WINDOW
100
AcDbBlockReference
 66
1
  2
_WBLK
 10
2555065.161166775
 20
-23283.86573607178
 30
0.0
 41
-1200.0
 42
200.0
 43
1200.0
 50
359.9999999999968
  0
ATTRIB
  5
67B
330
67A
100
AcDbEntity
  8
WINDOW_TEXT
100
AcDbText
 10
2555065.161166775
 20
-22883.86573607178
 30
0.0
 40
300.0
  1

 50
359.9999999999968
  7
SIMPLEX
 41
0.8
 72
4
 11
2555065.161166775
 21
-22883.86573607178
 31
0.0
 71
2
100
AcDbAttribute
  2
A
 70
9
 71
1
 72
0
 11
2555065.161166775
 21
-22883.86573607178
 31
0.0
  0
SEQEND
  5
67C
330
67A
100
AcDbEntity
  8
WINDOW
  0
LINE
  5
67D
330
17
100
AcDbEntity
  8
WALL
100
AcDbLine
 10
2556165.408531258
 20
-23383.86573607486
 30
0.0
 11
2555665.161166775
 21
-23383.86573607475
 31
0.0
  0
LINE
  5
67E
330
17
100
AcDbEntity
  8
LVTRY
100
AcDbLine
 10
2555665.40853126
 20
-24183.86573607463
 30
0.0
 11
2553865.40853126
 21
-24183.86573607428
 31
0.0
  0
LINE
  5
67F
330
17
100
AcDbEntity
  8
LVTRY
100
AcDbLine
 10
2555665.40853126
 20
-24183.86573607463
 30
0.0
 11
2555665.40853126
 21
-26383.90573607467
 31
0.0
  0
INSERT
  5
680
330
17
100
AcDbEntity
  8
LVTRY
100
AcDbBlockReference
 66
1
  2
A$C5BFC3B48
 10
2555728.480132051
 20
-25250.77453787695
 30
0.0
 41
-1.0
 50
269.9999999999969
  0
ATTRIB
  5
681
330
680
100
AcDbEntity
  8
LVTRY
100
AcDbText
 10
2556228.479836415
 20
-24900.7735424554
 30
0.0
 40
0.5
  1
500
 50
269.9999999999969
 41
0.8
 71
2
100
AcDbAttribute
  2
YSIZE
 70
9
 71
1
 72
0
  0
ATTRIB
  5
682
330
680
100
AcDbEntity
  8
LVTRY
100
AcDbText
 10
2556228.479836415
 20
-24900.7735424554
 30
0.0
 40
0.5
  1
700
 50
269.9999999999969
 41
0.8
 71
2
100
AcDbAttribute
  2
XSIZE
 70
9
 71
1
 72
0
  0
SEQEND
  5
683
330
680
100
AcDbEntity
  8
LVTRY
  0
INSERT
  5
684
330
17
100
AcDbEntity
  8
LVTRY
100
AcDbBlockReference
 66
1
  2
A$C5516744B
 10
2555494.649618104
 20
-24101.91384635668
 30
0.0
 50
89.99999999999689
  0
ATTRIB
  5
685
330
684
100
AcDbEntity
  8
LVTRY
100
AcDbText
 10
2555045.67766507
 20
-23631.30165124836
 30
0.0
 40
0.5
  1
470
 50
359.9999999999968
 41
0.8
 71
2
100
AcDbAttribute
  2
YSIZE
 70
9
 71
1
 72
0
  0
ATTRIB
  5
686
330
684
100
AcDbEntity
  8
LVTRY
100
AcDbText
 10
2555045.67766507
 20
-23631.30165124836
 30
0.0
 40
0.5
  1
900
 50
359.9999999999968
 41
0.8
 71
2
100
AcDbAttribute
  2
XSIZE
 70
9
 71
1
 72
0
  0
SEQEND
  5
687
330
684
100
AcDbEntity
  8
LVTRY
  0
LINE
  5
688
330
17
100
AcDbEntity
  8
WALL
100
AcDbLine
 10
2553315.40853126
 20
-23183.86573607457
 30
0.0
 11
2554465.161166774
 21
-23183.86573607172
 31
0.0
  0
INSERT
  5
689
330
17
100
AcDbEntity
  8
LVTRY
100
AcDbBlockReference
 66
1
  2
A$C24072D83
 10
2555706.282515548
 20
-26383.86584518227
 30
0.0
 41
-1.0
 50
269.9999999999969
  0
ATTRIB
  5
68A
330
689
100
AcDbEntity
  8
0
100
AcDbText
 10
2556265.40853126
 20
-25833.90573607461
 30
0.0
 40
0.4582999999984168
  1
600
 39
900.0
 50
359.999999999997
  7
DIM_FONT
 41
0.7999999999883585
 71
6
100
AcDbAttribute
  2
YSIZE
 70
9
 71
1
 72
0
  0
ATTRIB
  5
68B
330
689
100
AcDbEntity
  8
0
100
AcDbText
 10
2556265.40853126
 20
-25833.90573607461
 30
0.0
 40
0.4582999999984168
  1
610
 39
900.0
 50
359.999999999997
  7
DIM_FONT
 41
0.7999999999883585
 71
6
100
AcDbAttribute
  2
XSIZE
 70
9
 71
1
 72
0
  0
ATTRIB
  5
68C
330
689
100
AcDbEntity
  8
0
100
AcDbText
 10
2556265.40853126
 20
-25833.90573607461
 30
0.0
 40
0.5
  1
500
 39
900.0
 50
89.99999999999689
  7
DIM_FONT
 41
0.7999999999883585
 71
2
100
AcDbAttribute
  2
YSIZE
 70
9
 71
1
 72
0
  0
ATTRIB
  5
68D
330
689
100
AcDbEntity
  8
0
100
AcDbText
 10
2556265.40853126
 20
-25833.90573607461
 30
0.0
 40
0.5
  1
500
 39
900.0
 50
89.99999999999689
  7
DIM_FONT
 41
0.7999999999883585
 71
2
100
AcDbAttribute
  2
XSIZE
 70
9
 71
1
 72
0
  0
SEQEND
  5
68E
330
689
100
AcDbEntity
  8
WINDOW
  0
LINE
  5
68F
330
17
100
AcDbEntity
  8
WALL
100
AcDbLine
 10
2555665.161166775
 20
-23183.8657360716
 30
0.0
 11
2556165.40853126
 21
-23183.8657360716
 31
0.0
  0
LINE
  5
690
330
17
100
AcDbEntity
  8
WALL
100
AcDbLine
 10
2556165.408531258
 20
-23383.86573607486
 30
0.0
 11
2556165.408531258
 21
-23633.86573607486
 31
0.0
  0
LINE
  5
691
330
17
100
AcDbEntity
  8
WALL
100
AcDbLine
 10
2556165.408531258
 20
-23633.86573607486
 30
0.0
 11
2556265.408531258
 21
-23633.86573607481
 31
0.0
  0
DIMENSION
  5
692
330
17
100
AcDbEntity
  8
门窗尺寸
100
AcDbDimension
280
0
  3
DIMA
 10
2555665.161166774
 20
-15325.98445333401
 30
0.0
 11
2555785.19757524
 21
-15669.90210807743
 31
0.0
 70
161
 71
5
 42
-1.0
 73
0
 74
0
 75
0
100
AcDbAlignedDimension
 13
2556265.408531256
 23
-16525.98445333372
 33
0.0
 14
2555665.161166774
 24
-16525.98445333372
 34
0.0
 50
0.0
  0
DIMENSION
  5
693
330
17
100
AcDbEntity
  8
门窗尺寸
100
AcDbDimension
280
0
  3
DIMN
 10
2554465.161166774
 20
-15325.98445333402
 30
0.0
 11
2555065.161166774
 21
-15025.98445333399
 31
0.0
 70
33
 71
5
 42
-1.0
 73
0
 74
0
 75
0
100
AcDbAlignedDimension
 13
2555665.161166773
 23
-16525.98445333378
 33
0.0
 14
2554465.161166774
 24
-16525.98445333383
 34
0.0
 50
0.0
  0
DIMENSION
  5
694
330
17
100
AcDbEntity
  8
门窗尺寸
100
AcDbDimension
280
0
  3
DIMB
 10
2553865.4131989
 20
-15325.98445333401
 30
0.0
 11
2554210.447697999
 21
-15684.02472824231
 31
0.0
 70
161
 71
5
 42
-1.0
 73
0
 74
0
 75
0
100
AcDbAlignedDimension
 13
2554465.161166775
 23
-16525.98445333383
 33
0.0
 14
2553865.4131989
 24
-16525.98445333383
 34
0.0
 50
0.0
  0
LINE
  5
695
330
17
100
AcDbEntity
  8
空调
100
AcDbLine
 10
2557415.408531253
 20
-22033.86573589733
 30
0.0
 11
2556365.357367701
 21
-22033.86573589471
 31
0.0
  0
LINE
  5
696
330
17
100
AcDbEntity
  8
空调
100
AcDbLine
 10
2557415.40853126
 20
-21983.86573589704
 30
0.0
 11
2556365.357367707
 21
-21983.86573589419
 31
0.0
  0
LINE
  5
697
330
17
100
AcDbEntity
  8
WALL
100
AcDbLine
 10
2564965.354329815
 20
-20633.86573607446
 30
0.0
 11
2564965.354329815
 21
-23383.86573607597
 31
0.0
  0
LINE
  5
698
330
17
100
AcDbEntity
  8
WALL
100
AcDbLine
 10
2566765.6016943
 20
-20383.86573607585
 30
0.0
 11
2567365.354329815
 21
-20383.86573607574
 31
0.0
  0
LINE
  5
699
330
17
100
AcDbEntity
  8
WALL
100
AcDbLine
 10
2565565.601694301
 20
-20383.86573607597
 30
0.0
 11
2565565.601694301
 21
-20183.86573607597
 31
0.0
  0
LINE
  5
69A
330
17
100
AcDbEntity
  8
WALL
100
AcDbLine
 10
2566765.6016943
 20
-20383.86573607585
 30
0.0
 11
2566765.6016943
 21
-20183.86573607585
 31
0.0
  0
INSERT
  5
69B
330
17
100
AcDbEntity
  8
WINDOW
100
AcDbBlockReference
 66
1
  2
_WBLK
 10
2566165.6016943
 20
-20283.865736073
 30
0.0
 41
1200.0
 42
200.0
 43
1200.0
 50
3.1175e-12
  0
ATTRIB
  5
69C
330
69B
100
AcDbEntity
  8
WINDOW_TEXT
100
AcDbText
 10
2566165.6016943
 20
-19883.865736073
 30
0.0
 40
300.0
  1

 50
3.1175e-12
  7
SIMPLEX
 41
0.8
 72
4
 11
2566165.6016943
 21
-19883.865736073
 31
0.0
 71
2
100
AcDbAttribute
  2
A
 70
9
 71
1
 72
0
 11
2566165.6016943
 21
-19883.865736073
 31
0.0
  0
SEQEND
  5
69D
330
69B
100
AcDbEntity
  8
WINDOW
  0
LINE
  5
69E
330
17
100
AcDbEntity
  8
WALL
100
AcDbLine
 10
2565065.354329817
 20
-20383.86573607609
 30
0.0
 11
2565565.6016943
 21
-20383.86573607597
 31
0.0
  0
LINE
  5
69F
330
17
100
AcDbEntity
  8
LVTRY
100
AcDbLine
 10
2565565.354329815
 20
-21183.86573607585
 30
0.0
 11
2567365.354329815
 21
-21183.8657360755
 31
0.0
  0
LINE
  5
6A0
330
17
100
AcDbEntity
  8
LVTRY
100
AcDbLine
 10
2565565.354329815
 20
-21183.86573607585
 30
0.0
 11
2565565.354329815
 21
-23383.90573607589
 31
0.0
  0
INSERT
  5
6A1
330
17
100
AcDbEntity
  8
LVTRY
100
AcDbBlockReference
 66
1
  2
A$C5BFC3B48
 10
2565502.282729024
 20
-22250.77453787817
 30
0.0
 50
90.00000000000311
  0
ATTRIB
  5
6A2
330
6A1
100
AcDbEntity
  8
LVTRY
100
AcDbText
 10
2565001.783024661
 20
-21900.77354245662
 30
0.0
 40
0.5
  1
500
 50
270.0000000000031
 41
0.8
 71
2
100
AcDbAttribute
  2
YSIZE
 70
9
 71
1
 72
0
  0
ATTRIB
  5
6A3
330
6A1
100
AcDbEntity
  8
LVTRY
100
AcDbText
 10
2565001.783024661
 20
-21900.77354245662
 30
0.0
 40
0.5
  1
700
 50
270.0000000000031
 41
0.8
 71
2
100
AcDbAttribute
  2
XSIZE
 70
9
 71
1
 72
0
  0
SEQEND
  5
6A4
330
6A1
100
AcDbEntity
  8
LVTRY
  0
INSERT
  5
6A5
330
17
100
AcDbEntity
  8
LVTRY
100
AcDbBlockReference
 66
1
  2
A$C5516744B
 10
2565736.113242971
 20
-21101.9138463579
 30
0.0
 41
-1.0
 50
270.0000000000031
  0
ATTRIB
  5
6A6
330
6A5
100
AcDbEntity
  8
LVTRY
100
AcDbText
 10
2566186.113767434
 20
-20631.30165124958
 30
0.0
 40
0.5
  1
470
 50
3.1175e-12
 41
0.8
 71
2
100
AcDbAttribute
  2
YSIZE
 70
9
 71
1
 72
0
  0
ATTRIB
  5
6A7
330
6A5
100
AcDbEntity
  8
LVTRY
100
AcDbText
 10
2566186.113767434
 20
-20631.30165124958
 30
0.0
 40
0.5
  1
900
 50
3.1175e-12
 41
0.8
 71
2
100
AcDbAttribute
  2
XSIZE
 70
9
 71
1
 72
0
  0
SEQEND
  5
6A8
330
6A5
100
AcDbEntity
  8
LVTRY
  0
LINE
  5
6A9
330
17
100
AcDbEntity
  8
WALL
100
AcDbLine
 10
2567915.354329816
 20
-20183.86573607579
 30
0.0
 11
2566765.601694301
 21
-20183.86573607294
 31
0.0
  0
LINE
  5
6AA
330
17
100
AcDbEntity
  8
WALL
100
AcDbLine
 10
2565565.601694301
 20
-20183.86573607283
 30
0.0
 11
2565065.354329815
 21
-20183.86573607283
 31
0.0
  0
LINE
  5
6AB
330
17
100
AcDbEntity
  8
WALL
100
AcDbLine
 10
2565065.354329817
 20
-20383.86573607609
 30
0.0
 11
2565065.354329817
 21
-20633.86573607451
 31
0.0
  0
LINE
  5
6AC
330
17
100
AcDbEntity
  8
WALL
100
AcDbLine
 10
2565065.354329817
 20
-20633.86573607451
 30
0.0
 11
2564965.354329817
 21
-20633.86573607446
 31
0.0
  0
DIMENSION
  5
6AD
330
17
100
AcDbEntity
  8
门窗尺寸
100
AcDbDimension
280
0
  3
DIMN
 10
2580815.31804584
 20
-15325.98445336888
 30
0.0
 11
2581290.337706776
 21
-15025.98445337027
 31
0.0
 70
33
 71
5
 42
-1.0
 73
0
 74
0
 75
0
100
AcDbAlignedDimension
 13
2581765.357367708
 23
-16525.98445337196
 33
0.0
 14
2580815.318045837
 24
-16525.98445336917
 34
0.0
 50
0.0
  0
DIMENSION
  5
6AE
330
17
100
AcDbEntity
  8
门窗尺寸
100
AcDbDimension
280
0
  3
DIMB
 10
2570265.366702968
 20
-15325.98445333401
 30
0.0
 11
2570704.645212976
 21
-15698.60391166073
 31
0.0
 70
161
 71
5
 42
-1.0
 73
0
 74
0
 75
0
100
AcDbAlignedDimension
 13
2570815.341121175
 23
-16525.9844533343
 33
0.0
 14
2570265.366702969
 24
-16525.98445333436
 34
0.0
 50
0.0
  0
DIMENSION
  5
6AF
330
17
100
AcDbEntity
  8
门窗尺寸
100
AcDbDimension
280
0
  3
DIMN
 10
2561015.315539401
 20
-15325.98445333401
 30
0.0
 11
2561145.407634189
 21
-15721.91524525383
 31
0.0
 70
161
 71
5
 42
-1.0
 73
0
 74
0
 75
0
100
AcDbAlignedDimension
 13
2560765.315539405
 23
-16525.98445333348
 33
0.0
 14
2561015.315539401
 24
-16525.98445333348
 34
0.0
 50
0.0
  0
DIMENSION
  5
6B0
330
17
100
AcDbEntity
  8
门窗尺寸
100
AcDbDimension
280
0
  3
DIMN
 10
2561565.315539403
 20
-15325.98445333401
 30
0.0
 11
2561290.315539402
 21
-15025.98445333401
 31
0.0
 70
33
 71
5
 42
-1.0
 73
0
 74
0
 75
0
100
AcDbAlignedDimension
 13
2561015.315539402
 23
-16525.98445333348
 33
0.0
 14
2561565.315539403
 24
-16525.98445333354
 34
0.0
 50
0.0
  0
DIMENSION
  5
6B1
330
17
100
AcDbEntity
  8
门窗尺寸
100
AcDbDimension
280
0
  3
DIMA
 10
2561915.315539401
 20
-15325.98445333401
 30
0.0
 11
2562036.142693259
 21
-15735.470638489
 31
0.0
 70
161
 71
5
 42
-1.0
 73
0
 74
0
 75
0
100
AcDbAlignedDimension
 13
2561665.310871762
 23
-16525.98445333354
 33
0.0
 14
2561915.315539401
 24
-16525.98445333354
 34
0.0
 50
0.0
  0
DIMENSION
  5
6B2
330
17
100
AcDbEntity
  8
门窗尺寸
100
AcDbDimension
280
0
  3
DIMB
 10
2561665.310871761
 20
-15325.98445333401
 30
0.0
 11
2561613.902378474
 21
-16437.96667756757
 31
0.0
 70
161
 71
5
 42
-1.0
 73
0
 74
0
 75
0
100
AcDbAlignedDimension
 13
2561565.315539403
 23
-16525.98445333354
 33
0.0
 14
2561665.310871761
 24
-16525.98445333354
 34
0.0
 50
0.0
  0
DIMENSION
  5
6B3
330
17
100
AcDbEntity
  8
门窗尺寸
100
AcDbDimension
280
0
  3
DIMN
 10
2563715.315539401
 20
-15325.98445333401
 30
0.0
 11
2562815.315539401
 21
-15025.98445333401
 31
0.0
 70
33
 71
5
 42
-1.0
 73
0
 74
0
 75
0
100
AcDbAlignedDimension
 13
2561915.315539402
 23
-16525.98445333354
 33
0.0
 14
2563715.315539401
 24
-16525.98445333366
 34
0.0
 50
0.0
  0
DIMENSION
  5
6B4
330
17
100
AcDbEntity
  8
门窗尺寸
100
AcDbDimension
280
0
  3
DIMB
 10
2564965.315539405
 20
-15325.98445333401
 30
0.0
 11
2564340.315539403
 21
-15025.98445333401
 31
0.0
 70
33
 71
5
 42
-1.0
 73
0
 74
0
 75
0
100
AcDbAlignedDimension
 13
2563715.315539402
 23
-16525.98445333366
 33
0.0
 14
2564965.315539405
 24
-16525.98445333372
 34
0.0
 50
0.0
  0
DIMENSION
  5
6B5
330
17
100
AcDbEntity
  8
门窗尺寸
100
AcDbDimension
280
0
  3
DIMA
 10
2567915.315539402
 20
-15325.98445333401
 30
0.0
 11
2567771.837995968
 21
-15698.14734840708
 31
0.0
 70
161
 71
5
 42
-1.0
 73
0
 74
0
 75
0
100
AcDbAlignedDimension
 13
2567365.310871762
 23
-16525.98445333389
 33
0.0
 14
2567915.315539402
 24
-16525.98445333389
 34
0.0
 50
0.0
  0
DIMENSION
  5
6B6
330
17
100
AcDbEntity
  8
门窗尺寸
100
AcDbDimension
280
0
  3
DIMN
 10
2569715.315539402
 20
-15325.98445333401
 30
0.0
 11
2568815.315539402
 21
-15025.98445333401
 31
0.0
 70
33
 71
5
 42
-1.0
 73
0
 74
0
 75
0
100
AcDbAlignedDimension
 13
2567915.315539402
 23
-16525.98445333395
 33
0.0
 14
2569715.315539402
 24
-16525.98445333407
 34
0.0
 50
0.0
  0
DIMENSION
  5
6B7
330
17
100
AcDbEntity
  8
门窗尺寸
100
AcDbDimension
280
0
  3
DIMB
 10
2570265.315539385
 20
-15325.98445333401
 30
0.0
 11
2569806.830481293
 21
-15698.14734840708
 31
0.0
 70
161
 71
5
 42
-1.0
 73
0
 74
0
 75
0
100
AcDbAlignedDimension
 13
2569715.315539402
 23
-16525.98445333407
 33
0.0
 14
2570265.315539385
 24
-16525.98445333413
 34
0.0
 50
0.0
  0
DIMENSION
  5
6B8
330
17
100
AcDbEntity
  8
门窗尺寸
100
AcDbDimension
280
0
  3
DIMA
 10
2565565.562903887
 20
-15325.98445333401
 30
0.0
 11
2565445.526495421
 21
-15669.90210807743
 31
0.0
 70
161
 71
5
 42
-1.0
 73
0
 74
0
 75
0
100
AcDbAlignedDimension
 13
2564965.315539405
 23
-16525.98445333372
 33
0.0
 14
2565565.562903887
 24
-16525.98445333372
 34
0.0
 50
0.0
  0
DIMENSION
  5
6B9
330
17
100
AcDbEntity
  8
门窗尺寸
100
AcDbDimension
280
0
  3
DIMN
 10
2566765.562903887
 20
-15325.98445333401
 30
0.0
 11
2566165.562903887
 21
-15025.98445333401
 31
0.0
 70
33
 71
5
 42
-1.0
 73
0
 74
0
 75
0
100
AcDbAlignedDimension
 13
2565565.562903888
 23
-16525.98445333378
 33
0.0
 14
2566765.562903887
 24
-16525.98445333383
 34
0.0
 50
0.0
  0
DIMENSION
  5
6BA
330
17
100
AcDbEntity
  8
门窗尺寸
100
AcDbDimension
280
0
  3
DIMB
 10
2567365.310871762
 20
-15325.98445333401
 30
0.0
 11
2566674.446838846
 21
-15684.02472824231
 31
0.0
 70
161
 71
5
 42
-1.0
 73
0
 74
0
 75
0
100
AcDbAlignedDimension
 13
2566765.562903886
 23
-16525.98445333383
 33
0.0
 14
2567365.310871762
 24
-16525.98445333383
 34
0.0
 50
0.0
  0
DIMENSION
  5
6BB
330
17
100
AcDbEntity
  8
门窗尺寸
100
AcDbDimension
280
0
  3
DIMN
 10
2560765.315539405
 20
-15325.98445333401
 30
0.0
 11
2560615.362035331
 21
-16431.06113694026
 31
0.0
 70
161
 71
5
 42
-1.0
 73
0
 74
0
 75
0
100
AcDbAlignedDimension
 13
2560465.408531256
 23
-16525.98445333348
 33
0.0
 14
2560765.315539405
 24
-16525.98445333348
 34
0.0
 50
0.0
  0
DIMENSION
  5
6BC
330
17
100
AcDbEntity
  8
门窗尺寸
100
AcDbDimension
280
0
  3
DIMN
 10
2570815.34112118
 20
-15325.98445333401
 30
0.0
 11
2571565.349244452
 21
-15025.98445333666
 31
0.0
 70
33
 71
5
 42
-1.0
 73
0
 74
0
 75
0
100
AcDbAlignedDimension
 13
2572315.357367719
 23
-16525.9844533396
 33
0.0
 14
2570815.341121176
 24
-16525.9844533343
 34
0.0
 50
0.0
  0
DIMENSION
  5
6BD
330
17
100
AcDbEntity
  8
门窗尺寸
100
AcDbDimension
280
0
  3
DIMA
 10
2572315.357367722
 20
-15325.98445333931
 30
0.0
 11
2572432.954871983
 21
-15697.60405394703
 31
0.0
 70
161
 71
5
 42
-1.0
 73
0
 74
0
 75
0
100
AcDbAlignedDimension
 13
2572865.357367692
 23
-16525.98445334152
 33
0.0
 14
2572315.357367718
 24
-16525.9844533396
 34
0.0
 50
0.0
  0
DIMENSION
  5
6BE
330
17
100
AcDbEntity
  8
门窗尺寸
100
AcDbDimension
280
0
  3
DIMB
 10
2572865.357367696
 20
-15325.98445334123
 30
0.0
 11
2573165.357367709
 21
-15025.98445334227
 31
0.0
 70
33
 71
5
 42
-1.0
 73
0
 74
0
 75
0
100
AcDbAlignedDimension
 13
2573465.357367716
 23
-16525.98445334361
 33
0.0
 14
2572865.357367692
 24
-16525.98445334152
 34
0.0
 50
0.0
  0
DIMENSION
  5
6BF
330
17
100
AcDbEntity
  8
门窗尺寸
100
AcDbDimension
280
0
  3
DIMN
 10
2573465.35736772
 20
-15325.98445334338
 30
0.0
 11
2574065.357367722
 21
-15025.9844533455
 31
0.0
 70
33
 71
5
 42
-1.0
 73
0
 74
0
 75
0
100
AcDbAlignedDimension
 13
2574665.357367716
 23
-16525.98445334786
 33
0.0
 14
2573465.357367716
 24
-16525.98445334361
 34
0.0
 50
0.0
  0
DIMENSION
  5
6C0
330
17
100
AcDbEntity
  8
门窗尺寸
100
AcDbDimension
280
0
  3
DIMA
 10
2574665.357367721
 20
-15325.98445334763
 30
0.0
 11
2574765.357367709
 21
-15761.13322547474
 31
0.0
 70
161
 71
5
 42
-1.0
 73
0
 74
0
 75
0
100
AcDbAlignedDimension
 13
2574865.35736769
 23
-16525.98445334856
 33
0.0
 14
2574665.357367717
 24
-16525.98445334786
 34
0.0
 50
0.0
  0
LINE
  5
6C1
330
17
100
AcDbEntity
  8
BALCONY
100
AcDbLine
 10
2574765.357367704
 20
-18983.86573607481
 30
3.1e-14
 11
2574765.357367704
 21
-20183.86573607451
 31
0.0
  0
LINE
  5
6C2
330
17
100
AcDbEntity
  8
BALCONY
100
AcDbLine
 10
2574865.357367704
 20
-19083.86573607481
 30
2.28e-14
 11
2578564.936011468
 21
-19083.86573607463
 31
-5.91e-14
  0
LINE
  5
6C3
330
17
100
AcDbEntity
  8
BALCONY
100
AcDbLine
 10
2575965.357367704
 20
-19033.86573607475
 30
-3.3e-15
 11
2578614.936011468
 21
-19033.86573607463
 31
-6.2e-14
  0
LINE
  5
6C4
330
17
100
AcDbEntity
  8
BALCONY
100
AcDbLine
 10
2578614.936011468
 20
-19492.86573607463
 30
8.59e-14
 11
2578614.936011468
 21
-19033.86573607463
 31
-1.422e-13
  0
DIMENSION
  5
6C5
330
17
100
AcDbEntity
  8
门窗尺寸
100
AcDbDimension
280
0
  3
DIMB
 10
2574865.357367693
 20
-15325.98445334781
 30
0.0
 11
2575355.797870119
 21
-15025.98445334914
 31
0.0
 70
161
 71
5
 42
-1.0
 73
0
 74
0
 75
0
100
AcDbAlignedDimension
 13
2575515.357367719
 23
-16525.98445335013
 33
0.0
 14
2574865.35736769
 24
-16525.98445334856
 34
0.0
 50
0.0
  0
DIMENSION
  5
6C6
330
17
100
AcDbEntity
  8
门窗尺寸
100
AcDbDimension
280
0
  3
DIMN
 10
2575515.357367725
 20
-15325.98445334996
 30
0.0
 11
2576415.357367725
 21
-15025.98445335316
 31
0.0
 70
33
 71
5
 42
-1.0
 73
0
 74
0
 75
0
100
AcDbAlignedDimension
 13
2577315.357367719
 23
-16525.98445335654
 33
0.0
 14
2575515.357367721
 24
-16525.98445335013
 34
0.0
 50
0.0
  0
DIMENSION
  5
6C7
330
17
100
AcDbEntity
  8
门窗尺寸
100
AcDbDimension
280
0
  3
DIMA
 10
2577315.357367726
 20
-15325.98445335568
 30
0.0
 11
2577431.150618551
 21
-15714.25474995072
 31
0.0
 70
161
 71
5
 42
-1.0
 73
0
 74
0
 75
0
100
AcDbAlignedDimension
 13
2577965.357367691
 23
-16525.98445335846
 33
0.0
 14
2577315.357367722
 24
-16525.98445335654
 34
0.0
 50
0.0
  0
DIMENSION
  5
6C8
330
17
100
AcDbEntity
  8
门窗尺寸
100
AcDbDimension
280
0
  3
DIMB
 10
2577965.357367695
 20
-15325.98445335828
 30
0.0
 11
2578315.357367712
 21
-15025.98445335953
 31
0.0
 70
33
 71
5
 42
-1.0
 73
0
 74
0
 75
0
100
AcDbAlignedDimension
 13
2578665.357367721
 23
-16525.98445336102
 33
0.0
 14
2577965.357367691
 24
-16525.98445335851
 34
0.0
 50
0.0
  0
DIMENSION
  5
6C9
330
17
100
AcDbEntity
  8
门窗尺寸
100
AcDbDimension
280
0
  3
DIMN
 10
2578665.357367727
 20
-15325.98445336154
 30
0.0
 11
2579140.337706785
 21
-15025.98445336349
 31
0.0
 70
33
 71
5
 42
-1.0
 73
0
 74
0
 75
0
100
AcDbAlignedDimension
 13
2579615.318045835
 23
-16525.98445336492
 33
0.0
 14
2578665.357367722
 24
-16525.98445336102
 34
0.0
 50
0.0
  0
DIMENSION
  5
6CA
330
17
100
AcDbEntity
  8
门窗尺寸
100
AcDbDimension
280
0
  3
DIMN
 10
2579615.318045839
 20
-15325.98445336468
 30
0.0
 11
2580215.31804584
 21
-15025.98445336681
 31
0.0
 70
33
 71
5
 42
-1.0
 73
0
 74
0
 75
0
100
AcDbAlignedDimension
 13
2580815.318045835
 23
-16525.98445336917
 33
0.0
 14
2579615.318045834
 24
-16525.98445336492
 34
0.0
 50
0.0
  0
DIMENSION
  5
6CB
330
17
100
AcDbEntity
  8
AXIS
100
AcDbDimension
280
0
  3
DIMN
 10
2579620.306735219
 20
-20538.81510358234
 30
0.0
 11
2579058.174700863
 21
-20676.6830692275
 31
0.0
 70
33
 71
5
 42
-1.0
 73
0
 74
0
 75
0
100
AcDbAlignedDimension
 13
2578252.43340691
 23
-20570.94177527639
 33
0.0
 14
2578952.43340691
 24
-19870.94177527476
 34
0.0
 50
0.0
  0
LINE
  5
6CC
330
17
100
AcDbEntity
  8
BALCONY
100
AcDbLine
 10
2582865.357367706
 20
-23033.86573607475
 30
0.0
 11
2583015.357367705
 21
-23033.86573607475
 31
0.0
  0
LINE
  5
6CD
330
17
100
AcDbEntity
  8
BALCONY
100
AcDbLine
 10
2583015.357367705
 20
-23033.86573607475
 30
0.0
 11
2583015.357367705
 21
-26183.86573607545
 31
0.0
  0
LINE
  5
6CE
330
17
100
AcDbEntity
  8
LVTRY
100
AcDbLine
 10
2579615.357367705
 20
-26433.86573607475
 30
0.0
 11
2579365.357367705
 21
-26433.86573607469
 31
0.0
  0
LINE
  5
6CF
330
17
100
AcDbEntity
  8
LVTRY
100
AcDbLine
 10
2579915.357367705
 20
-25283.86573607498
 30
0.0
 11
2579915.357367705
 21
-26133.86573607475
 31
0.0
  0
ARC
  5
6D0
330
17
100
AcDbEntity
  8
LVTRY
100
AcDbCircle
 10
2579615.357367705
 20
-26133.86573607475
 30
0.0
 40
300.0
100
AcDbArc
 50
269.9999999999949
 51
0.0
  0
LINE
  5
6D1
330
17
100
AcDbEntity
  8
WALL
100
AcDbLine
 10
2581923.936011467
 20
-19825.28709231207
 30
0.0
 11
2582065.357367704
 21
-19683.86573607469
 31
0.0
  0
DIMENSION
  5
6D2
330
17
100
AcDbEntity
  8
门窗尺寸
100
AcDbDimension
280
0
  3
DIMA
 10
2585165.272588525
 20
-20525.28709231702
 30
0.0
 11
2584348.461173596
 21
-20447.65169974533
 31
0.0
 70
160
 71
5
 42
-1.0
 73
0
 74
0
 75
0
100
AcDbAlignedDimension
 13
2583965.272588525
 23
-20283.86573606945
 33
0.0
 14
2583965.272588525
 24
-20525.28709231701
 34
0.0
 50
270.0
100
AcDbRotatedDimension
  0
DIMENSION
  5
6D3
330
17
100
AcDbEntity
  8
门窗尺寸
100
AcDbDimension
280
0
  3
DIMA
 10
2585165.272588525
 20
-24083.86573607679
 30
0.0
 11
2584865.272588525
 21
-23783.86573607629
 31
0.0
 70
32
 71
5
 42
-1.0
 73
0
 74
0
 75
0
100
AcDbAlignedDimension
 13
2583965.272588525
 23
-23483.8657360758
 33
0.0
 14
2583965.272588525
 24
-24083.86573607679
 34
0.0
 50
270.0
100
AcDbRotatedDimension
  0
LINE
  5
6D4
330
17
100
AcDbEntity
  8
DOTE
100
AcDbLine
 10
2584265.272588525
 20
-24083.86573607679
 30
0.0
 11
2581765.357367708
 21
-24083.86573607719
 31
1.12465e-11
  0
LINE
  5
6D5
330
17
100
AcDbEntity
  8
WALL
100
AcDbLine
 10
2581865.357367705
 20
-24125.28709231812
 30
7.6336e-12
 11
2581865.357367705
 21
-24283.86573607498
 31
0.0
  0
LINE
  5
6D6
330
17
100
AcDbEntity
  8
DOTE
100
AcDbLine
 10
2582765.357367709
 20
-23083.86573607475
 30
0.0
 11
2581765.357367708
 21
-24083.86573607725
 31
0.0
  0
LINE
  5
6D7
330
17
100
AcDbEntity
  8
WALL
100
AcDbLine
 10
2582865.357367707
 20
-20483.865736079
 30
0.0
 11
2582631.042792652
 21
-20249.55116102396
 31
0.0
  0
LINE
  5
6D8
330
17
100
AcDbEntity
  8
WALL
100
AcDbLine
 10
2582665.357367709
 20
-23042.44437983737
 30
0.0
 11
2582489.621436415
 21
-23218.18031113141
 31
5.04e-14
  0
LINE
  5
6D9
330
17
100
AcDbEntity
  8
WALL
100
AcDbLine
 10
2582865.35736771
 20
-23125.28709231067
 30
0.0
 11
2582631.042792653
 21
-23359.60166736861
 31
-5.4e-14
  0
LINE
  5
6DA
330
17
100
AcDbEntity
  8
DOTE
100
AcDbLine
 10
2582794.646689591
 20
-20554.57641420019
 30
0.0
 11
2581794.646689586
 21
-19554.57641419344
 31
0.0
  0
LINE
  5
6DB
330
17
100
AcDbEntity
  8
WALL
100
AcDbLine
 10
2582665.35736771
 20
-20566.70844855748
 30
0.0
 11
2582489.621436414
 21
-20390.97251726117
 31
0.0
  0
LINE
  5
6DC
330
17
100
AcDbEntity
  8
WALL
100
AcDbLine
 10
2582065.357367704
 20
-19683.86573607428
 30
0.0
 11
2581865.357367704
 21
-19483.86573607486
 31
0.0
  0
INSERT
  5
6DD
330
17
100
AcDbEntity
  8
WINDOW
100
AcDbBlockReference
 66
1
  2
M_B6KVE
 10
2582277.489402059
 20
-20037.41912666778
 30
0.0
 41
800.0
 42
-200.0000000000543
 43
800.0
 50
315.0
  0
ATTRIB
  5
6DE
330
6DD
100
AcDbEntity
  8
WINDOW_TEXT
100
AcDbText
 10
2582560.332114534
 20
-19754.57641419338
 30
0.0
 40
300.0
  1

 50
315.0
  7
SIMPLEX
 41
0.8
 72
4
 11
2582560.332114534
 21
-19754.57641419338
 31
0.0
100
AcDbAttribute
  2
A
 70
9
 71
1
 72
0
 11
2582560.332114534
 21
-19754.57641419338
 31
0.0
  0
SEQEND
  5
6DF
330
6DD
100
AcDbEntity
  8
WINDOW
  0
LINE
  5
6E0
330
17
100
AcDbEntity
  8
WALL
100
AcDbLine
 10
2582631.042792653
 20
-20249.55116102379
 30
0.0
 11
2582489.621436415
 21
-20390.97251726134
 31
0.0
  0
LINE
  5
6E1
330
17
100
AcDbEntity
  8
WALL
100
AcDbLine
 10
2582065.357367703
 20
-23925.28709231876
 30
-1.843e-13
 11
2581865.357367705
 21
-24125.28709231812
 31
-2.303e-13
  0
LINE
  5
6E2
330
17
100
AcDbEntity
  8
WALL
100
AcDbLine
 10
2581923.936011466
 20
-23783.8657360815
 30
2.126e-13
 11
2581665.357367705
 21
-24042.44437984331
 31
2.868e-13
  0
INSERT
  5
6E3
330
17
100
AcDbEntity
  8
WINDOW
100
AcDbBlockReference
 66
1
  2
M_B6KVE
 10
2582277.489402059
 20
-23571.73370172503
 30
7.93e-14
 41
800.0
 42
-200.0000000000543
 43
800.0
 50
225.0
  0
ATTRIB
  5
6E4
330
6E3
100
AcDbEntity
  8
WINDOW_TEXT
100
AcDbText
 10
2582560.332114534
 20
-23854.57641419932
 30
7.93e-14
 40
300.0
  1

 50
45.0
  7
SIMPLEX
 41
0.8
 72
4
 11
2582560.332114534
 21
-23854.57641419932
 31
7.93e-14
100
AcDbAttribute
  2
A
 70
9
 71
1
 72
0
 11
2582560.332114534
 21
-23854.57641419932
 31
7.93e-14
  0
SEQEND
  5
6E5
330
6E3
100
AcDbEntity
  8
WINDOW
  0
LINE
  5
6E6
330
17
100
AcDbEntity
  8
WALL
100
AcDbLine
 10
2582631.042792653
 20
-23359.60166736855
 30
-5.4e-14
 11
2582489.621436415
 21
-23218.18031113135
 31
5.04e-14
  0
LINE
  5
6E7
330
17
100
AcDbEntity
  8
WALL
100
AcDbLine
 10
2582065.357367703
 20
-23925.28709231847
 30
-1.843e-13
 11
2581923.936011466
 21
-23783.8657360815
 31
2.126e-13
  0
LINE
  5
6E8
330
17
100
AcDbEntity
  8
WALL
100
AcDbLine
 10
2582665.357367709
 20
-22404.57641419745
 30
0.0
 11
2582665.357367709
 21
-23042.44437983737
 31
0.0
  0
LINE
  5
6E9
330
17
100
AcDbEntity
  8
WALL
100
AcDbLine
 10
2582865.357367709
 20
-22404.57641419763
 30
0.0
 11
2582865.35736771
 21
-23125.28709231067
 31
0.0
  0
INSERT
  5
6EA
330
17
100
AcDbEntity
  8
WINDOW
100
AcDbBlockReference
 66
1
  2
M_B6KVE
 10
2582765.35736771
 20
-21804.57641419757
 30
0.0
 41
1200.0
 42
-199.9999999976717
 43
1200.0
 50
270.0
  0
ATTRIB
  5
6EB
330
6EA
100
AcDbEntity
  8
WINDOW_TEXT
100
AcDbText
 10
2583165.357367708
 20
-21804.57641419716
 30
0.0
 40
300.0
  1

 50
90.0
  7
SIMPLEX
 41
0.8
 72
4
 11
2583165.357367708
 21
-21804.57641419716
 31
0.0
100
AcDbAttribute
  2
A
 70
9
 71
1
 72
0
 11
2583165.357367708
 21
-21804.57641419716
 31
0.0
  0
SEQEND
  5
6EC
330
6EA
100
AcDbEntity
  8
WINDOW
  0
LINE
  5
6ED
330
17
100
AcDbEntity
  8
WALL
100
AcDbLine
 10
2582665.35736771
 20
-21204.57641419745
 30
0.0
 11
2582865.357367708
 21
-21204.57641419757
 31
0.0
  0
LINE
  5
6EE
330
17
100
AcDbEntity
  8
WALL
100
AcDbLine
 10
2582665.357367709
 20
-22404.57641419745
 30
0.0
 11
2582865.357367709
 21
-22404.57641419763
 31
0.0
  0
DIMENSION
  5
6EF
330
17
100
AcDbEntity
  8
门窗尺寸
100
AcDbDimension
280
0
  3
DIMN
 10
2585165.272588525
 20
-21204.57641419693
 30
0.0
 11
2584865.272588525
 21
-20864.93175325697
 31
0.0
 70
32
 71
5
 42
-1.0
 73
0
 74
0
 75
0
100
AcDbAlignedDimension
 13
2583965.272588525
 23
-20525.28709231701
 33
0.0
 14
2583965.272588525
 24
-21204.57641419693
 34
0.0
 50
270.0
100
AcDbRotatedDimension
  0
DIMENSION
  5
6F0
330
17
100
AcDbEntity
  8
门窗尺寸
100
AcDbDimension
280
0
  3
DIMN
 10
2585165.272588525
 20
-22404.57641419693
 30
0.0
 11
2584865.272588525
 21
-21804.57641419812
 31
0.0
 70
32
 71
5
 42
-1.0
 73
0
 74
0
 75
0
100
AcDbAlignedDimension
 13
2583965.272588525
 23
-21204.57641419931
 33
0.0
 14
2583965.272588525
 24
-22404.57641419693
 34
0.0
 50
270.0
100
AcDbRotatedDimension
  0
DIMENSION
  5
6F1
330
17
100
AcDbEntity
  8
门窗尺寸
100
AcDbDimension
280
0
  3
DIMN
 10
2585165.272588525
 20
-23083.86573607434
 30
0.0
 11
2584865.272588525
 21
-22744.22107513683
 31
0.0
 70
32
 71
5
 42
-1.0
 73
0
 74
0
 75
0
100
AcDbAlignedDimension
 13
2583965.272588525
 23
-22404.57641419931
 33
0.0
 14
2583965.272588525
 24
-23083.86573607434
 34
0.0
 50
270.0
100
AcDbRotatedDimension
  0
DIMENSION
  5
6F2
330
17
100
AcDbEntity
  8
门窗尺寸
100
AcDbDimension
280
0
  3
DIMB
 10
2585165.272588525
 20
-23483.86573607679
 30
0.0
 11
2584386.360944082
 21
-23184.10588405736
 31
0.0
 70
160
 71
5
 42
-1.0
 73
0
 74
0
 75
0
100
AcDbAlignedDimension
 13
2583965.272588525
 23
-23083.86573607679
 33
0.0
 14
2583965.272588525
 24
-23483.86573607679
 34
0.0
 50
270.0
100
AcDbRotatedDimension
  0
DIMENSION
  5
6F3
330
17
100
AcDbEntity
  8
门窗尺寸
100
AcDbDimension
280
0
  3
DIMN
 10
2585165.272588525
 20
-24283.86573607679
 30
0.0
 11
2584418.002726597
 21
-24183.86573607632
 31
0.0
 70
160
 71
5
 42
-1.0
 73
0
 74
0
 75
0
100
AcDbAlignedDimension
 13
2583965.272588525
 23
-24083.8657360758
 33
0.0
 14
2583965.272588525
 24
-24283.86573607679
 34
0.0
 50
270.0
100
AcDbRotatedDimension
  0
DIMENSION
  5
6F4
330
17
100
AcDbEntity
  8
门窗尺寸
100
AcDbDimension
280
0
  3
DIMN
 10
2585165.272588525
 20
-25183.86573607679
 30
0.0
 11
2584865.272588525
 21
-24733.86573607629
 31
0.0
 70
32
 71
5
 42
-1.0
 73
0
 74
0
 75
0
100
AcDbAlignedDimension
 13
2583965.272588525
 23
-24283.8657360758
 33
0.0
 14
2583965.272588525
 24
-25183.86573607679
 34
0.0
 50
270.0
100
AcDbRotatedDimension
  0
DIMENSION
  5
6F5
330
17
100
AcDbEntity
  8
门窗尺寸
100
AcDbDimension
280
0
  3
DIMB
 10
2585165.272588525
 20
-25283.86573608168
 30
0.0
 11
2584445.02143679
 21
-25233.86573607876
 31
0.0
 70
160
 71
5
 42
-1.0
 73
0
 74
0
 75
0
100
AcDbAlignedDimension
 13
2583965.272588525
 23
-25183.8657360758
 33
0.0
 14
2583965.272588525
 24
-25283.86573608167
 34
0.0
 50
270.0
100
AcDbRotatedDimension
  0
DIMENSION
  5
6F6
330
17
100
AcDbEntity
  8
门窗尺寸
100
AcDbDimension
280
0
  3
DIMA
 10
2585165.272588525
 20
-25883.86573607679
 30
0.0
 11
2584865.272588525
 21
-25583.86573607752
 31
0.0
 70
32
 71
5
 42
-1.0
 73
0
 74
0
 75
0
100
AcDbAlignedDimension
 13
2583965.272588525
 23
-25283.86573607824
 33
0.0
 14
2583965.272588525
 24
-25883.86573607679
 34
0.0
 50
270.0
100
AcDbRotatedDimension
  0
LINE
  5
6F7
330
17
100
AcDbEntity
  8
DOTE
100
AcDbLine
 10
2578665.357367723
 20
-16225.98445336102
 30
0.0
 11
2578665.357367723
 21
-19634.50082662504
 31
0.0
  0
LINE
  5
6F8
330
17
100
AcDbEntity
  8
DOTE
100
AcDbLine
 10
2584265.272588525
 20
-20525.28709231701
 30
0.0
 11
2581765.357367708
 21
-20525.28709231701
 31
0.0
  0
LINE
  5
6F9
330
17
100
AcDbEntity
  8
DOTE
100
AcDbLine
 10
2584265.272588525
 20
-23083.86573607434
 30
0.0
 11
2581765.357367708
 21
-23083.86573607434
 31
0.0
  0
LINE
  5
6FA
330
17
100
AcDbEntity
  8
DOTE
100
AcDbLine
 10
2578665.357367709
 20
-19583.86573607481
 30
0.0
 11
2579164.565441266
 21
-20083.07380963053
 31
0.0
  0
LINE
  5
6FB
330
17
100
AcDbEntity
  8
DOTE
100
AcDbLine
 10
2577965.35736771
 20
-20283.86573607504
 30
0.0
 11
2578464.565441266
 21
-20783.07380963193
 31
0.0
  0
DIMENSION
  5
6FC
330
17
100
AcDbEntity
  8
门窗尺寸
100
AcDbDimension
280
0
  3
DIMN
 10
2585165.272588525
 20
-26783.86573607679
 30
0.0
 11
2584865.272588525
 21
-26333.86573607507
 31
0.0
 70
32
 71
5
 42
-1.0
 73
0
 74
0
 75
0
100
AcDbAlignedDimension
 13
2583965.272588525
 23
-25883.86573607335
 33
0.0
 14
2583965.272588525
 24
-26783.86573607679
 34
0.0
 50
270.0
100
AcDbRotatedDimension
  0
DIMENSION
  5
6FD
330
17
100
AcDbEntity
  8
门窗尺寸
100
AcDbDimension
280
0
  3
DIMB
 10
2585165.272588525
 20
-26983.86573607679
 30
0.0
 11
2584412.969672362
 21
-26883.86573607632
 31
0.0
 70
160
 71
5
 42
-1.0
 73
0
 74
0
 75
0
100
AcDbAlignedDimension
 13
2583965.272588525
 23
-26783.8657360758
 33
0.0
 14
2583965.272588525
 24
-26983.86573607679
 34
0.0
 50
270.0
100
AcDbRotatedDimension
  0
DIMENSION
  5
6FE
330
17
100
AcDbEntity
  8
门窗尺寸
100
AcDbDimension
280
0
  3
DIMA
 10
2585165.272588525
 20
-27383.86573607679
 30
0.0
 11
2584865.272588525
 21
-27183.86573607629
 31
0.0
 70
32
 71
5
 42
-1.0
 73
0
 74
0
 75
0
100
AcDbAlignedDimension
 13
2583965.272588525
 23
-26983.8657360758
 33
0.0
 14
2583965.272588525
 24
-27383.86573607679
 34
0.0
 50
270.0
100
AcDbRotatedDimension
  0
DIMENSION
  5
6FF
330
17
100
AcDbEntity
  8
门窗尺寸
100
AcDbDimension
280
0
  3
DIMB
 10
2585165.272588525
 20
-31583.86573607923
 30
0.0
 11
2584865.272588525
 21
-29483.86573607752
 31
0.0
 70
32
 71
5
 42
-1.0
 73
0
 74
0
 75
0
100
AcDbAlignedDimension
 13
2583965.272588525
 23
-27383.8657360758
 33
0.0
 14
2583965.272588525
 24
-31583.86573607923
 34
0.0
 50
270.0
100
AcDbRotatedDimension
  0
DIMENSION
  5
700
330
17
100
AcDbEntity
  8
门窗尺寸
100
AcDbDimension
280
0
  3
DIMA
 10
2585165.272588525
 20
-32183.86573607679
 30
0.0
 11
2584865.272588525
 21
-31883.86573607752
 31
0.0
 70
32
 71
5
 42
-1.0
 73
0
 74
0
 75
0
100
AcDbAlignedDimension
 13
2583965.272588525
 23
-31583.86573607824
 33
0.0
 14
2583965.272588525
 24
-32183.86573607679
 34
0.0
 50
270.0
100
AcDbRotatedDimension
  0
DIMENSION
  5
701
330
17
100
AcDbEntity
  8
门窗尺寸
100
AcDbDimension
280
0
  3
DIMN
 10
2585165.272588525
 20
-33183.86573607679
 30
0.0
 11
2584865.272588525
 21
-32683.86573607629
 31
0.0
 70
32
 71
5
 42
-1.0
 73
0
 74
0
 75
0
100
AcDbAlignedDimension
 13
2583965.272588525
 23
-32183.8657360758
 33
0.0
 14
2583965.272588525
 24
-33183.86573607679
 34
0.0
 50
270.0
100
AcDbRotatedDimension
  0
DIMENSION
  5
702
330
17
100
AcDbEntity
  8
内墙尺寸
100
AcDbDimension
280
0
  3
DIMN
 10
2546248.566844024
 20
-23283.86573607585
 30
7.071e-13
 11
2545948.566844024
 21
-22633.86573607521
 31
7.071e-13
 70
32
 71
5
 42
-1.0
 73
0
 74
0
 75
0
100
AcDbAlignedDimension
 13
2545311.364432193
 23
-21983.86573607457
 33
-1.52e-14
 14
2545311.364432197
 24
-23283.86573607585
 34
0.0
 50
90.0
100
AcDbRotatedDimension
  0
DIMENSION
  5
703
330
17
100
AcDbEntity
  8
内墙尺寸
100
AcDbDimension
280
0
  3
DIMN
 10
2541865.35736771
 20
-25287.11159735895
 30
0.0
 11
2540815.357367712
 21
-24987.11159735895
 31
0.0
 70
32
 71
5
 42
-1.0
 73
0
 74
0
 75
0
100
AcDbAlignedDimension
 13
2539765.357367714
 23
-25901.68370325526
 33
0.0
 14
2541865.35736771
 24
-25901.6837032552
 34
0.0
 50
0.0
100
AcDbRotatedDimension
  0
DIMENSION
  5
704
330
17
100
AcDbEntity
  8
内墙尺寸
100
AcDbDimension
280
0
  3
DIMN
 10
2543065.357367706
 20
-25287.11159735895
 30
0.0
 11
2542465.357367709
 21
-24987.11159735895
 31
0.0
 70
32
 71
5
 42
-1.0
 73
0
 74
0
 75
0
100
AcDbAlignedDimension
 13
2541865.357367711
 23
-25901.68370325526
 33
0.0
 14
2543065.357367706
 24
-25901.6837032552
 34
-8.1751e-12
 50
0.0
100
AcDbRotatedDimension
  0
DIMENSION
  5
705
330
17
100
AcDbEntity
  8
内墙尺寸
100
AcDbDimension
280
0
  3
DIMN
 10
2546248.566844024
 20
-28283.86573608686
 30
7.071e-13
 11
2545948.566844024
 21
-27683.86573608144
 31
7.071e-13
 70
32
 71
5
 42
-1.0
 73
0
 74
0
 75
0
100
AcDbAlignedDimension
 13
2545311.364432193
 23
-27083.86573607603
 33
0.0
 14
2545311.364432197
 24
-28283.86573608686
 34
0.0
 50
90.0
100
AcDbRotatedDimension
  0
DIMENSION
  5
706
330
17
100
AcDbEntity
  8
内墙尺寸
100
AcDbDimension
280
0
  3
DIMN
 10
2546248.566844024
 20
-29983.86573608197
 30
7.071e-13
 11
2545948.566844024
 21
-29133.8657360845
 31
7.071e-13
 70
32
 71
5
 42
-1.0
 73
0
 74
0
 75
0
100
AcDbAlignedDimension
 13
2545311.364432193
 23
-28283.86573608703
 33
0.0
 14
2545311.364432198
 24
-29983.86573608197
 34
0.0
 50
90.0
100
AcDbRotatedDimension
  0
DIMENSION
  5
707
330
17
100
AcDbEntity
  8
内墙尺寸
100
AcDbDimension
280
0
  3
DIMN
 10
2546248.566844024
 20
-26483.86573607463
 30
7.071e-13
 11
2545948.566844024
 21
-24883.8657360746
 31
7.071e-13
 70
32
 71
5
 42
-1.0
 73
0
 74
0
 75
0
100
AcDbAlignedDimension
 13
2545311.364432193
 23
-23283.86573607457
 33
0.0
 14
2545311.364432197
 24
-26483.86573607463
 34
0.0
 50
90.0
100
AcDbRotatedDimension
  0
DIMENSION
  5
708
330
17
100
AcDbEntity
  8
内墙尺寸
100
AcDbDimension
280
0
  3
DIMN
 10
2546248.566844024
 20
-36183.86573607463
 30
7.071e-13
 11
2545948.566844024
 21
-35233.86573607533
 31
7.071e-13
 70
32
 71
5
 42
-1.0
 73
0
 74
0
 75
0
100
AcDbAlignedDimension
 13
2545311.364432193
 23
-34283.86573607603
 33
0.0
 14
2545311.364432198
 24
-36183.86573607463
 34
0.0
 50
90.0
100
AcDbRotatedDimension
  0
DIMENSION
  5
709
330
17
100
AcDbEntity
  8
内墙尺寸
100
AcDbDimension
280
0
  3
DIMN
 10
2546248.566844024
 20
-34283.86573607463
 30
7.071e-13
 11
2545948.566844024
 21
-32133.86573607839
 31
7.071e-13
 70
32
 71
5
 42
-1.0
 73
0
 74
0
 75
0
100
AcDbAlignedDimension
 13
2545311.364432193
 23
-29983.86573608214
 33
0.0
 14
2545311.364432198
 24
-34283.86573607463
 34
0.0
 50
90.0
100
AcDbRotatedDimension
  0
DIMENSION
  5
70A
330
17
100
AcDbEntity
  8
内墙尺寸
100
AcDbDimension
280
0
  3
DIMN
 10
2541265.35736771
 20
-31724.27582111594
 30
0.0
 11
2540065.35736771
 21
-31424.27582111594
 31
0.0
 70
33
 71
5
 42
-1.0
 73
0
 74
0
 75
0
100
AcDbAlignedDimension
 13
2538865.35736771
 23
-30524.27582111606
 33
0.0
 14
2541265.35736771
 24
-30524.27582111606
 34
0.0
 50
0.0
  0
DIMENSION
  5
70B
330
17
100
AcDbEntity
  8
内墙尺寸
100
AcDbDimension
280
0
  3
DIMN
 10
2542465.357367711
 20
-31724.27582111594
 30
0.0
 11
2541865.35736771
 21
-31424.27582111594
 31
0.0
 70
33
 71
5
 42
-1.0
 73
0
 74
0
 75
0
100
AcDbAlignedDimension
 13
2541265.35736771
 23
-30524.27582111606
 33
0.0
 14
2542465.357367711
 24
-30524.27582111606
 34
0.0
 50
0.0
  0
LINE
  5
70C
330
17
100
AcDbEntity
  8
PUB_DIM
100
AcDbLine
 10
2553955.912709188
 20
-43736.67498848308
 30
0.0
 11
2553655.912709188
 21
-43436.67498848308
 31
0.0
  0
LINE
  5
70D
330
17
100
AcDbEntity
  8
PUB_DIM
100
AcDbLine
 10
2553655.912709188
 20
-43436.67498848308
 30
0.0
 11
2554255.912709188
 21
-43436.67498848308
 31
0.0
  0
LINE
  5
70E
330
17
100
AcDbEntity
  8
PUB_DIM
100
AcDbLine
 10
2554255.912709188
 20
-43436.67498848308
 30
0.0
 11
2553955.912709188
 21
-43736.67498848308
 31
0.0
  0
LINE
  5
70F
330
17
100
AcDbEntity
  8
PUB_DIM
100
AcDbLine
 10
2554255.912709188
 20
-43436.67498848308
 30
0.0
 11
2555398.769852045
 21
-43436.67498848308
 31
0.0
  0
TEXT
  5
710
330
17
100
AcDbEntity
  8
PUB_DIM
100
AcDbText
 10
2553939.188163029
 20
-43353.65051495657
 30
0.0
 40
300.0
  1
2.400
  7
DIM_FONT
 41
0.8
 72
2
 11
2554899.188163029
 21
-43353.65051495657
 31
0.0
100
AcDbText
  0
TEXT
  5
711
330
17
100
AcDbEntity
  8
PUB_DIM
100
AcDbText
 10
2553939.188163029
 20
-42821.88973256806
 30
0.0
 40
300.0
  1
5.300
  7
DIM_FONT
 41
0.8
 72
2
 11
2554899.188163029
 21
-42821.88973256806
 31
0.0
100
AcDbText
  0
TEXT
  5
712
330
17
100
AcDbEntity
  8
PUB_DIM
100
AcDbText
 10
2553939.188163029
 20
-42318.80744308769
 30
0.0
 40
300.0
  1
8.200
  7
DIM_FONT
 41
0.8
 72
2
 11
2554899.188163029
 21
-42318.80744308769
 31
0.0
100
AcDbText
  0
TEXT
  5
713
330
17
100
AcDbEntity
  8
TEXT
  6
Continuous
100
AcDbText
 10
2540383.177889223
 20
-27434.09315528116
 30
-4.36557e-11
 40
400.0
  1
卫
  7
_HZTXT
 41
0.8
100
AcDbText
  0
TEXT
  5
714
330
17
100
AcDbEntity
  8
TEXT
  6
Continuous
100
AcDbText
 10
2540171.917559296
 20
-29819.7663036054
 30
-4.36557e-11
 40
400.0
  1
卫
  7
_HZTXT
 41
0.8
100
AcDbText
  0
LINE
  5
715
330
17
100
AcDbEntity
  8
STAIR
100
AcDbLine
 10
2571515.408531263
 20
-23743.86573607335
 30
0.0
 11
2571515.408531263
 21
-21583.86573607032
 31
0.0
  0
LINE
  5
716
330
17
100
AcDbEntity
  8
STAIR
100
AcDbLine
 10
2571455.408531263
 20
-23803.86573607335
 30
0.0
 11
2571455.408531263
 21
-21523.86573607032
 31
0.0
  0
LINE
  5
717
330
17
100
AcDbEntity
  8
STAIR
100
AcDbLine
 10
2571615.408531254
 20
-23743.86573607335
 30
0.0
 11
2571615.408531254
 21
-21583.86573607032
 31
0.0
  0
LINE
  5
718
330
17
100
AcDbEntity
  8
STAIR
100
AcDbLine
 10
2571675.408531254
 20
-23803.86573607335
 30
0.0
 11
2571675.408531254
 21
-21523.86573607032
 31
0.0
  0
LINE
  5
719
330
17
100
AcDbEntity
  8
STAIR
100
AcDbLine
 10
2571455.408531263
 20
-23803.86573607452
 30
0.0
 11
2571675.408531254
 21
-23803.86573607452
 31
0.0
  0
LINE
  5
71A
330
17
100
AcDbEntity
  8
STAIR
100
AcDbLine
 10
2571515.408531262
 20
-23743.86573607452
 30
0.0
 11
2571615.408531254
 21
-23743.86573607452
 31
0.0
  0
LINE
  5
71B
330
17
100
AcDbEntity
  8
STAIR
100
AcDbLine
 10
2571675.408531254
 20
-23743.86573607452
 30
0.0
 11
2572765.408531254
 21
-23743.86573607452
 31
0.0
  0
LINE
  5
71C
330
17
100
AcDbEntity
  8
STAIR
100
AcDbLine
 10
2571455.408531262
 20
-21523.86573607149
 30
0.0
 11
2571675.408531256
 21
-21523.86573607149
 31
0.0
  0
LINE
  5
71D
330
17
100
AcDbEntity
  8
STAIR
100
AcDbLine
 10
2571515.408531261
 20
-21583.86573607568
 30
0.0
 11
2571615.408531256
 21
-21583.86573607568
 31
0.0
  0
LINE
  5
71E
330
17
100
AcDbEntity
  8
STAIR
100
AcDbLine
 10
2571455.408531263
 20
-22724.6222467745
 30
0.0
 11
2570981.025118128
 21
-22481.60054165329
 31
0.0
  0
LINE
  5
71F
330
17
100
AcDbEntity
  8
STAIR
100
AcDbLine
 10
2570981.025118128
 20
-22481.60054165329
 30
0.0
 11
2570872.911463744
 21
-22561.04509927501
 31
0.0
  0
LINE
  5
720
330
17
100
AcDbEntity
  8
STAIR
100
AcDbLine
 10
2570872.911463744
 20
-22561.04509927501
 30
0.0
 11
2570982.337664661
 21
-22347.44288357295
 31
0.0
  0
LINE
  5
721
330
17
100
AcDbEntity
  8
STAIR
100
AcDbLine
 10
2570982.337664661
 20
-22347.44288357295
 30
0.0
 11
2570874.224010277
 21
-22426.88744119468
 31
0.0
  0
LINE
  5
722
330
17
100
AcDbEntity
  8
STAIR
100
AcDbLine
 10
2570874.224010277
 20
-22426.88744119468
 30
0.0
 11
2570399.840597142
 21
-22183.86573607347
 31
0.0
  0
LWPOLYLINE
  5
723
330
17
100
AcDbEntity
  8
STAIR
100
AcDbPolyline
 90
2
 70
0
 10
2570906.106764091
 20
-22617.5924055432
 10
2570906.106764091
 20
-24106.2505138577
  0
INSERT
  5
724
330
17
100
AcDbEntity
  8
STAIR
100
AcDbBlockReference
  2
_ARROW
 10
2570906.106764091
 20
-22617.5924055432
 30
0.0
 41
-400.0
 42
400.0
 43
400.0
 50
270.0
  0
LWPOLYLINE
  5
726
330
17
100
AcDbEntity
  8
STAIR
100
AcDbPolyline
 90
4
 70
0
 10
2570906.106764091
 20
-22238.13201825461
 10
2570906.106764091
 20
-20953.80179687543
 10
2572220.408531254
 20
-20953.80179687543
 10
2572220.408531254
 20
-24106.2505138577
  0
INSERT
  5
727
330
17
100
AcDbEntity
  8
STAIR
100
AcDbBlockReference
  2
_ARROW
 10
2570906.106764091
 20
-22238.13201825461
 30
0.0
 41
-400.0
 42
400.0
 43
400.0
 50
90.0
  0
TEXT
  5
729
330
17
100
AcDbEntity
  8
STAIR
100
AcDbText
 10
2570979.292568883
 20
-24085.28706973675
 30
-4.36557e-11
 40
300.0
  1
上
  7
HZ
100
AcDbText
  0
TEXT
  5
72A
330
17
100
AcDbEntity
  8
STAIR
100
AcDbText
 10
2571885.94887477
 20
-24138.68079418806
 30
-4.36557e-11
 40
300.0
  1
下
  7
HZ
100
AcDbText
  0
TEXT
  5
72B
330
17
100
AcDbEntity
  8
STAIR
100
AcDbText
 10
2570819.050280068
 20
-23822.70847339084
 30
-4.36557e-11
 40
300.0
  1
18级@260x161.11
 50
90.0
  7
HZ
100
AcDbText
  0
LINE
  5
72C
330
17
100
AcDbEntity
  8
STAIR
100
AcDbLine
 10
2571675.408531254
 20
-23473.86573607452
 30
0.0
 11
2572765.408531254
 21
-23473.86573607452
 31
0.0
  0
LINE
  5
72D
330
17
100
AcDbEntity
  8
STAIR
100
AcDbLine
 10
2571675.408531254
 20
-23203.86573607452
 30
0.0
 11
2572765.408531254
 21
-23203.86573607452
 31
0.0
  0
LINE
  5
72E
330
17
100
AcDbEntity
  8
STAIR
100
AcDbLine
 10
2571675.408531254
 20
-22933.86573607452
 30
0.0
 11
2572765.408531254
 21
-22933.86573607452
 31
0.0
  0
LINE
  5
72F
330
17
100
AcDbEntity
  8
STAIR
100
AcDbLine
 10
2571675.408531254
 20
-22663.86573607452
 30
0.0
 11
2572765.408531254
 21
-22663.86573607452
 31
0.0
  0
LINE
  5
730
330
17
100
AcDbEntity
  8
STAIR
100
AcDbLine
 10
2571675.408531254
 20
-22393.86573607451
 30
0.0
 11
2572765.408531254
 21
-22393.86573607451
 31
0.0
  0
LINE
  5
731
330
17
100
AcDbEntity
  8
STAIR
100
AcDbLine
 10
2571675.408531254
 20
-22123.86573607451
 30
0.0
 11
2572765.408531254
 21
-22123.86573607451
 31
0.0
  0
LINE
  5
732
330
17
100
AcDbEntity
  8
STAIR
100
AcDbLine
 10
2571675.408531254
 20
-21853.86573607451
 30
0.0
 11
2572765.408531254
 21
-21853.86573607451
 31
0.0
  0
LINE
  5
733
330
17
100
AcDbEntity
  8
STAIR
100
AcDbLine
 10
2571675.408531254
 20
-21583.86573607451
 30
0.0
 11
2572765.408531254
 21
-21583.86573607451
 31
0.0
  0
LINE
  5
734
330
17
100
AcDbEntity
  8
STAIR
100
AcDbLine
 10
2571455.408531263
 20
-23743.86573607452
 30
0.0
 11
2570365.408531263
 21
-23743.86573607452
 31
0.0
  0
LINE
  5
735
330
17
100
AcDbEntity
  8
STAIR
100
AcDbLine
 10
2571455.408531263
 20
-23473.86573607452
 30
0.0
 11
2570365.408531263
 21
-23473.86573607452
 31
0.0
  0
LINE
  5
736
330
17
100
AcDbEntity
  8
STAIR
100
AcDbLine
 10
2571455.408531263
 20
-23203.86573607452
 30
0.0
 11
2570365.408531263
 21
-23203.86573607452
 31
0.0
  0
LINE
  5
737
330
17
100
AcDbEntity
  8
STAIR
100
AcDbLine
 10
2571455.408531263
 20
-22933.86573607452
 30
0.0
 11
2570365.408531263
 21
-22933.86573607452
 31
0.0
  0
LINE
  5
738
330
17
100
AcDbEntity
  8
STAIR
100
AcDbLine
 10
2571455.408531263
 20
-22663.86573607452
 30
0.0
 11
2570365.408531263
 21
-22663.86573607452
 31
0.0
  0
LINE
  5
739
330
17
100
AcDbEntity
  8
STAIR
100
AcDbLine
 10
2571455.408531263
 20
-22393.86573607451
 30
0.0
 11
2570365.408531263
 21
-22393.86573607451
 31
0.0
  0
LINE
  5
73A
330
17
100
AcDbEntity
  8
STAIR
100
AcDbLine
 10
2571455.408531263
 20
-22123.86573607451
 30
0.0
 11
2570365.408531263
 21
-22123.86573607451
 31
0.0
  0
LINE
  5
73B
330
17
100
AcDbEntity
  8
STAIR
100
AcDbLine
 10
2571455.408531263
 20
-21853.86573607451
 30
0.0
 11
2570365.408531263
 21
-21853.86573607451
 31
0.0
  0
LINE
  5
73C
330
17
100
AcDbEntity
  8
STAIR
100
AcDbLine
 10
2571455.408531263
 20
-21583.86573607451
 30
0.0
 11
2570365.408531263
 21
-21583.86573607451
 31
0.0
  0
LINE
  5
73D
330
17
100
AcDbEntity
  8
空调
100
AcDbLine
 10
2550665.357367705
 20
-34809.67505125806
 30
0.0
 11
2548665.357367712
 21
-34809.6750512583
 31
0.0
  0
LINE
  5
73E
330
17
100
AcDbEntity
  8
空调
100
AcDbLine
 10
2572565.360405604
 20
-31833.8657360762
 30
0.0
 11
2570565.354329816
 21
-31833.8657360762
 31
0.0
  0
TEXT
  5
73F
330
17
100
AcDbEntity
  8
TEXT
  6
Continuous
100
AcDbText
 10
2558512.814721388
 20
-32523.43629033445
 30
-4.36557e-11
 40
400.0
  1
主卧室
  7
_HZTXT
 41
0.8
100
AcDbText
  0
TEXT
  5
740
330
17
100
AcDbEntity
  8
TEXT
  6
Continuous
100
AcDbText
 10
2557554.114768579
 20
-24457.27952115622
 30
-4.36557e-11
 40
400.0
  1
卧室
  7
_HZTXT
 41
0.8
100
AcDbText
  0
TEXT
  5
741
330
17
100
AcDbEntity
  8
TEXT
  6
Continuous
100
AcDbText
 10
2551581.404178095
 20
-31522.18628193625
 30
0.0
 40
400.0
  1
客厅
  7
_HZTXT
 41
0.8
100
AcDbText
  0
TEXT
  5
742
330
17
100
AcDbEntity
  8
TEXT
  6
Continuous
100
AcDbText
 10
2555353.617808464
 20
-32365.14010420628
 30
-4.36557e-11
 40
400.0
  1
卧室
  7
_HZTXT
 41
0.8
100
AcDbText
  0
TEXT
  5
743
330
17
100
AcDbEntity
  8
TEXT
  6
Continuous
100
AcDbText
 10
2551818.358431508
 20
-25223.40334986244
 30
-4.36557e-11
 40
400.0
  1
餐厅
  7
_HZTXT
 41
0.8
100
AcDbText
  0
TEXT
  5
744
330
17
100
AcDbEntity
  8
TEXT
  6
Continuous
100
AcDbText
 10
2554772.915489006
 20
-25255.20356780966
 30
-4.36557e-11
 40
400.0
  1
厨房
  7
_HZTXT
 41
0.8
100
AcDbText
  0
TEXT
  5
745
330
17
100
AcDbEntity
  8
TEXT
  6
Continuous
100
AcDbText
 10
2551365.360001539
 20
-22691.66537499335
 30
-4.799e-13
 40
400.0
  1
阳台
  7
_HZTXT
 41
0.8
100
AcDbText
  0
TEXT
  5
746
330
17
100
AcDbEntity
  8
TEXT
  6
Continuous
100
AcDbText
 10
2551427.412201593
 20
-35500.32158674288
 30
-4.799e-13
 40
400.0
  1
阳台
  7
_HZTXT
 41
0.8
100
AcDbText
  0
TEXT
  5
747
330
17
100
AcDbEntity
  8
TEXT
  6
Continuous
100
AcDbText
 10
2555087.708598501
 20
-29531.01241247519
 30
-4.7938e-11
 40
400.0
  1
过厅
  7
_HZTXT
 41
0.8
100
AcDbText
  0
TEXT
  5
748
330
17
100
AcDbEntity
  8
TEXT
  6
Continuous
100
AcDbText
 10
2558666.485647543
 20
-27434.09315528116
 30
-4.36557e-11
 40
400.0
  1
卫
  7
_HZTXT
 41
0.8
100
AcDbText
  0
TEXT
  5
749
330
17
100
AcDbEntity
  8
TEXT
  6
Continuous
100
AcDbText
 10
2558877.74597747
 20
-29819.7663036054
 30
-4.36557e-11
 40
400.0
  1
卫
  7
_HZTXT
 41
0.8
100
AcDbText
  0
TEXT
  5
74A
330
17
100
AcDbEntity
  8
TEXT
  6
Continuous
100
AcDbText
 10
2561756.137116065
 20
-29523.43629033567
 30
-4.36557e-11
 40
400.0
  1
主卧室
  7
_HZTXT
 41
0.8
100
AcDbText
  0
TEXT
  5
74B
330
17
100
AcDbEntity
  8
TEXT
  6
Continuous
100
AcDbText
 10
2563064.837068874
 20
-21457.27952115744
 30
-4.36557e-11
 40
400.0
  1
卧室
  7
_HZTXT
 41
0.8
100
AcDbText
  0
TEXT
  5
74C
330
17
100
AcDbEntity
  8
TEXT
  6
Continuous
100
AcDbText
 10
2569015.500415263
 20
-28522.18628193747
 30
0.0
 40
400.0
  1
客厅
  7
_HZTXT
 41
0.8
100
AcDbText
  0
TEXT
  5
74D
330
17
100
AcDbEntity
  8
TEXT
  6
Continuous
100
AcDbText
 10
2565265.33402899
 20
-29365.1401042075
 30
-4.36557e-11
 40
400.0
  1
卧室
  7
_HZTXT
 41
0.8
100
AcDbText
  0
TEXT
  5
74E
330
17
100
AcDbEntity
  8
TEXT
  6
Continuous
100
AcDbText
 10
2568770.278445315
 20
-22223.40334986366
 30
-4.36557e-11
 40
400.0
  1
餐厅
  7
_HZTXT
 41
0.8
100
AcDbText
  0
TEXT
  5
74F
330
17
100
AcDbEntity
  8
TEXT
  6
Continuous
100
AcDbText
 10
2565815.721387817
 20
-22255.20356781088
 30
-4.36557e-11
 40
400.0
  1
厨房
  7
_HZTXT
 41
0.8
100
AcDbText
  0
TEXT
  5
750
330
17
100
AcDbEntity
  8
TEXT
  6
Continuous
100
AcDbText
 10
2569283.906796544
 20
-19691.66537499457
 30
-4.799e-13
 40
400.0
  1
阳台
  7
_HZTXT
 41
0.8
100
AcDbText
  0
TEXT
  5
751
330
17
100
AcDbEntity
  8
TEXT
  6
Continuous
100
AcDbText
 10
2569221.85459649
 20
-32500.32158674411
 30
-4.799e-13
 40
400.0
  1
阳台
  7
_HZTXT
 41
0.8
100
AcDbText
  0
TEXT
  5
752
330
17
100
AcDbEntity
  8
TEXT
  6
Continuous
100
AcDbText
 10
2565495.416467299
 20
-26531.01241247641
 30
-4.7938e-11
 40
400.0
  1
过厅
  7
_HZTXT
 41
0.8
100
AcDbText
  0
TEXT
  5
753
330
17
100
AcDbEntity
  8
TEXT
  6
Continuous
100
AcDbText
 10
2562283.174851327
 20
-24434.09315528238
 30
-4.36557e-11
 40
400.0
  1
卫
  7
_HZTXT
 41
0.8
100
AcDbText
  0
TEXT
  5
754
330
17
100
AcDbEntity
  8
TEXT
  6
Continuous
100
AcDbText
 10
2562071.914521401
 20
-26819.76630360662
 30
-4.36557e-11
 40
400.0
  1
卫
  7
_HZTXT
 41
0.8
100
AcDbText
  0
TEXT
  5
755
330
17
100
AcDbEntity
  8
TEXT
  6
Continuous
100
AcDbText
 10
2573215.102188112
 20
-32500.32158674411
 30
-4.799e-13
 40
400.0
  1
阳台
  7
_HZTXT
 41
0.8
100
AcDbText
  0
TEXT
  5
756
330
17
100
AcDbEntity
  8
TEXT
  6
Continuous
100
AcDbText
 10
2572886.286442188
 20
-29365.1401042075
 30
-4.36557e-11
 40
400.0
  1
卧室
  7
_HZTXT
 41
0.8
100
AcDbText
  0
TEXT
  5
757
330
17
100
AcDbEntity
  8
TEXT
  6
Continuous
100
AcDbText
 10
2576055.530466981
 20
-29365.1401042075
 30
-4.36557e-11
 40
400.0
  1
卧室
  7
_HZTXT
 41
0.8
100
AcDbText
  0
DIMENSION
  5
758
330
17
100
AcDbEntity
  8
内墙尺寸
100
AcDbDimension
280
0
  3
DIMN
 10
2553082.199054947
 20
-23283.86573607585
 30
7.071e-13
 11
2552782.199054947
 21
-22633.86573607521
 31
7.071e-13
 70
32
 71
5
 42
-1.0
 73
0
 74
0
 75
0
100
AcDbAlignedDimension
 13
2554319.401466777
 23
-21983.86573607457
 33
-1.52e-14
 14
2554319.401466773
 24
-23283.86573607585
 34
0.0
 50
270.0
100
AcDbRotatedDimension
  0
DIMENSION
  5
759
330
17
100
AcDbEntity
  8
内墙尺寸
100
AcDbDimension
280
0
  3
DIMN
 10
2557465.40853126
 20
-25287.11159735895
 30
0.0
 11
2558515.408531258
 21
-24987.11159735895
 31
0.0
 70
32
 71
5
 42
-1.0
 73
0
 74
0
 75
0
100
AcDbAlignedDimension
 13
2559565.408531257
 23
-25901.68370325526
 33
0.0
 14
2557465.40853126
 24
-25901.6837032552
 34
0.0
 50
0.0
100
AcDbRotatedDimension
  0
DIMENSION
  5
75A
330
17
100
AcDbEntity
  8
内墙尺寸
100
AcDbDimension
280
0
  3
DIMN
 10
2556265.408531265
 20
-25287.11159735895
 30
0.0
 11
2556865.408531262
 21
-24987.11159735895
 31
0.0
 70
32
 71
5
 42
-1.0
 73
0
 74
0
 75
0
100
AcDbAlignedDimension
 13
2557465.408531259
 23
-25901.68370325526
 33
0.0
 14
2556265.408531265
 24
-25901.6837032552
 34
-8.1751e-12
 50
0.0
100
AcDbRotatedDimension
  0
DIMENSION
  5
75B
330
17
100
AcDbEntity
  8
内墙尺寸
100
AcDbDimension
280
0
  3
DIMN
 10
2553082.199054947
 20
-28283.86573608686
 30
7.071e-13
 11
2552782.199054947
 21
-27683.86573608144
 31
7.071e-13
 70
32
 71
5
 42
-1.0
 73
0
 74
0
 75
0
100
AcDbAlignedDimension
 13
2554019.401466777
 23
-27083.86573607603
 33
0.0
 14
2554019.401466773
 24
-28283.86573608686
 34
0.0
 50
270.0
100
AcDbRotatedDimension
  0
DIMENSION
  5
75C
330
17
100
AcDbEntity
  8
内墙尺寸
100
AcDbDimension
280
0
  3
DIMN
 10
2553082.199054947
 20
-29983.86573608197
 30
7.071e-13
 11
2552782.199054947
 21
-29133.8657360845
 31
7.071e-13
 70
32
 71
5
 42
-1.0
 73
0
 74
0
 75
0
100
AcDbAlignedDimension
 13
2554019.401466777
 23
-28283.86573608703
 33
0.0
 14
2554019.401466773
 24
-29983.86573608197
 34
0.0
 50
270.0
100
AcDbRotatedDimension
  0
DIMENSION
  5
75D
330
17
100
AcDbEntity
  8
内墙尺寸
100
AcDbDimension
280
0
  3
DIMN
 10
2553082.199054947
 20
-26483.86573607708
 30
7.071e-13
 11
2552782.199054947
 21
-24883.86573607582
 31
7.071e-13
 70
32
 71
5
 42
-1.0
 73
0
 74
0
 75
0
100
AcDbAlignedDimension
 13
2554319.401466777
 23
-23283.86573607457
 33
0.0
 14
2554019.401466773
 24
-26483.86573607708
 34
0.0
 50
270.0
100
AcDbRotatedDimension
  0
DIMENSION
  5
75E
330
17
100
AcDbEntity
  8
内墙尺寸
100
AcDbDimension
280
0
  3
DIMN
 10
2553082.199054947
 20
-36183.86573607463
 30
7.071e-13
 11
2552782.199054947
 21
-35233.86573607533
 31
7.071e-13
 70
32
 71
5
 42
-1.0
 73
0
 74
0
 75
0
100
AcDbAlignedDimension
 13
2554019.401466777
 23
-34283.86573607603
 33
0.0
 14
2554019.401466773
 24
-36183.86573607463
 34
0.0
 50
270.0
100
AcDbRotatedDimension
  0
DIMENSION
  5
75F
330
17
100
AcDbEntity
  8
内墙尺寸
100
AcDbDimension
280
0
  3
DIMN
 10
2553082.199054947
 20
-34283.86573607463
 30
7.071e-13
 11
2552782.199054947
 21
-32133.86573607839
 31
7.071e-13
 70
32
 71
5
 42
-1.0
 73
0
 74
0
 75
0
100
AcDbAlignedDimension
 13
2554019.401466777
 23
-29983.86573608214
 33
0.0
 14
2554019.401466773
 24
-34283.86573607463
 34
0.0
 50
270.0
100
AcDbRotatedDimension
  0
DIMENSION
  5
760
330
17
100
AcDbEntity
  8
内墙尺寸
100
AcDbDimension
280
0
  3
DIMN
 10
2558065.408531261
 20
-31724.27582111594
 30
0.0
 11
2559265.40853126
 21
-31424.27582111594
 31
0.0
 70
33
 71
5
 42
-1.0
 73
0
 74
0
 75
0
100
AcDbAlignedDimension
 13
2560465.40853126
 23
-30524.27582111606
 33
0.0
 14
2558065.408531261
 24
-30524.27582111606
 34
0.0
 50
0.0
  0
DIMENSION
  5
761
330
17
100
AcDbEntity
  8
内墙尺寸
100
AcDbDimension
280
0
  3
DIMN
 10
2556865.40853126
 20
-31724.27582111594
 30
0.0
 11
2557465.40853126
 21
-31424.27582111594
 31
0.0
 70
33
 71
5
 42
-1.0
 73
0
 74
0
 75
0
100
AcDbAlignedDimension
 13
2558065.40853126
 23
-30524.27582111606
 33
0.0
 14
2556865.40853126
 24
-30524.27582111606
 34
0.0
 50
0.0
  0
DIMENSION
  5
762
330
17
100
AcDbEntity
  8
内墙尺寸
100
AcDbDimension
280
0
  3
DIMN
 10
2568148.563806128
 20
-20283.86573607708
 30
7.071e-13
 11
2567848.563806128
 21
-19633.86573607643
 31
7.071e-13
 70
32
 71
5
 42
-1.0
 73
0
 74
0
 75
0
100
AcDbAlignedDimension
 13
2567211.361394298
 23
-18983.86573607579
 33
-1.52e-14
 14
2567211.361394302
 24
-20283.86573607708
 34
0.0
 50
90.0
100
AcDbRotatedDimension
  0
DIMENSION
  5
763
330
17
100
AcDbEntity
  8
内墙尺寸
100
AcDbDimension
280
0
  3
DIMN
 10
2563765.354329815
 20
-22287.11159736017
 30
0.0
 11
2562715.354329817
 21
-21987.11159736017
 31
0.0
 70
32
 71
5
 42
-1.0
 73
0
 74
0
 75
0
100
AcDbAlignedDimension
 13
2561665.354329819
 23
-22901.68370325648
 33
0.0
 14
2563765.354329815
 24
-22901.68370325642
 34
0.0
 50
0.0
100
AcDbRotatedDimension
  0
DIMENSION
  5
764
330
17
100
AcDbEntity
  8
内墙尺寸
100
AcDbDimension
280
0
  3
DIMN
 10
2564965.354329811
 20
-22287.11159736017
 30
0.0
 11
2564365.354329814
 21
-21987.11159736017
 31
0.0
 70
32
 71
5
 42
-1.0
 73
0
 74
0
 75
0
100
AcDbAlignedDimension
 13
2563765.354329816
 23
-22901.68370325648
 33
0.0
 14
2564965.354329811
 24
-22901.68370325642
 34
-8.1751e-12
 50
0.0
100
AcDbRotatedDimension
  0
DIMENSION
  5
765
330
17
100
AcDbEntity
  8
内墙尺寸
100
AcDbDimension
280
0
  3
DIMN
 10
2568148.563806128
 20
-25283.86573608808
 30
7.071e-13
 11
2567848.563806128
 21
-24683.86573608266
 31
7.071e-13
 70
32
 71
5
 42
-1.0
 73
0
 74
0
 75
0
100
AcDbAlignedDimension
 13
2567211.361394298
 23
-24083.86573607725
 33
0.0
 14
2567211.361394302
 24
-25283.86573608808
 34
0.0
 50
90.0
100
AcDbRotatedDimension
  0
DIMENSION
  5
766
330
17
100
AcDbEntity
  8
内墙尺寸
100
AcDbDimension
280
0
  3
DIMN
 10
2568148.563806128
 20
-26983.86573608319
 30
7.071e-13
 11
2567848.563806128
 21
-26133.86573608572
 31
7.071e-13
 70
32
 71
5
 42
-1.0
 73
0
 74
0
 75
0
100
AcDbAlignedDimension
 13
2567211.361394298
 23
-25283.86573608825
 33
0.0
 14
2567211.361394303
 24
-26983.86573608319
 34
0.0
 50
90.0
100
AcDbRotatedDimension
  0
DIMENSION
  5
767
330
17
100
AcDbEntity
  8
内墙尺寸
100
AcDbDimension
280
0
  3
DIMN
 10
2568148.563806128
 20
-23483.86573607585
 30
7.071e-13
 11
2567848.563806128
 21
-21883.86573607582
 31
7.071e-13
 70
32
 71
5
 42
-1.0
 73
0
 74
0
 75
0
100
AcDbAlignedDimension
 13
2567211.361394298
 23
-20283.86573607579
 33
0.0
 14
2567211.361394302
 24
-23483.86573607585
 34
0.0
 50
90.0
100
AcDbRotatedDimension
  0
DIMENSION
  5
768
330
17
100
AcDbEntity
  8
内墙尺寸
100
AcDbDimension
280
0
  3
DIMN
 10
2568148.563806128
 20
-33183.86573607585
 30
7.071e-13
 11
2567848.563806128
 21
-32233.86573607655
 31
7.071e-13
 70
32
 71
5
 42
-1.0
 73
0
 74
0
 75
0
100
AcDbAlignedDimension
 13
2567211.361394298
 23
-31283.86573607725
 33
0.0
 14
2567211.361394303
 24
-33183.86573607585
 34
0.0
 50
90.0
100
AcDbRotatedDimension
  0
DIMENSION
  5
769
330
17
100
AcDbEntity
  8
内墙尺寸
100
AcDbDimension
280
0
  3
DIMN
 10
2568148.563806128
 20
-27383.86573395669
 30
7.071e-13
 11
2567848.563806128
 21
-27183.86573502003
 31
7.071e-13
 70
32
 71
5
 42
-1.0
 73
0
 74
0
 75
0
100
AcDbAlignedDimension
 13
2567211.361394298
 23
-26983.86573608336
 33
0.0
 14
2567211.361394303
 24
-27383.86573395669
 34
0.0
 50
90.0
100
AcDbRotatedDimension
  0
DIMENSION
  5
76A
330
17
100
AcDbEntity
  8
内墙尺寸
100
AcDbDimension
280
0
  3
DIMN
 10
2563165.354329814
 20
-28724.27582111716
 30
0.0
 11
2561965.354329815
 21
-28424.27582111716
 31
0.0
 70
33
 71
5
 42
-1.0
 73
0
 74
0
 75
0
100
AcDbAlignedDimension
 13
2560765.354329815
 23
-27524.27582111728
 33
0.0
 14
2563165.354329814
 24
-27524.27582111728
 34
0.0
 50
0.0
  0
DIMENSION
  5
76B
330
17
100
AcDbEntity
  8
内墙尺寸
100
AcDbDimension
280
0
  3
DIMN
 10
2564365.354329816
 20
-28724.27582111716
 30
0.0
 11
2563765.354329815
 21
-28424.27582111716
 31
0.0
 70
33
 71
5
 42
-1.0
 73
0
 74
0
 75
0
100
AcDbAlignedDimension
 13
2563165.354329815
 23
-27524.27582111728
 33
0.0
 14
2564365.354329816
 24
-27524.27582111728
 34
0.0
 50
0.0
  0
DIMENSION
  5
76C
330
17
100
AcDbEntity
  8
内墙尺寸
100
AcDbDimension
280
0
  3
DIMN
 10
2568148.563806128
 20
-31283.86573607585
 30
7.071e-13
 11
2567848.563806128
 21
-29333.86573501578
 31
7.071e-13
 70
32
 71
5
 42
-1.0
 73
0
 74
0
 75
0
100
AcDbAlignedDimension
 13
2567211.361394298
 23
-27383.8657339557
 33
0.0
 14
2567211.361394303
 24
-31283.86573607585
 34
0.0
 50
90.0
100
AcDbRotatedDimension
  0
TEXT
  5
76D
330
17
100
AcDbEntity
  8
TEXT
  6
Continuous
100
AcDbText
 10
2576232.947526104
 20
-22223.40334986366
 30
-4.36557e-11
 40
400.0
  1
餐厅
  7
_HZTXT
 41
0.8
100
AcDbText
  0
TEXT
  5
76E
330
17
100
AcDbEntity
  8
TEXT
  6
Continuous
100
AcDbText
 10
2579763.490933693
 20
-22552.06405410607
 30
0.0
 40
400.0
  1
客厅
  7
_HZTXT
 41
0.8
100
AcDbText
  0
TEXT
  5
76F
330
17
100
AcDbEntity
  8
TEXT
  6
Continuous
100
AcDbText
 10
2582110.9682158
 20
-26766.39148826356
 30
-4.799e-13
 40
400.0
  1
阳台
  7
_HZTXT
 41
0.8
100
AcDbText
  0
TEXT
  5
770
330
17
100
AcDbEntity
  8
TEXT
  6
Continuous
100
AcDbText
 10
2572688.317512044
 20
-26530.46524051175
 30
-4.36557e-11
 40
400.0
  1
卫
  7
_HZTXT
 41
0.8
100
AcDbText
  0
TEXT
  5
771
330
17
100
AcDbEntity
  8
TEXT
  6
Continuous
100
AcDbText
 10
2580304.541923273
 20
-26530.46524051175
 30
-4.36557e-11
 40
400.0
  1
卫
  7
_HZTXT
 41
0.8
100
AcDbText
  0
TEXT
  5
772
330
17
100
AcDbEntity
  8
TEXT
  6
Continuous
100
AcDbText
 10
2573879.341387153
 20
-22255.20356781088
 30
-4.36557e-11
 40
400.0
  1
厨房
  7
_HZTXT
 41
0.8
100
AcDbText
  0
TEXT
  5
773
330
17
100
AcDbEntity
  8
TEXT
  6
Continuous
100
AcDbText
 10
2579330.831894921
 20
-29523.43629033567
 30
-4.36557e-11
 40
400.0
  1
主卧室
  7
_HZTXT
 41
0.8
100
AcDbText
  0
TEXT
  5
774
330
17
100
AcDbEntity
  8
TEXT
  6
Continuous
100
AcDbText
 10
2576059.237951164
 20
-19691.66537499457
 30
-4.799e-13
 40
400.0
  1
阳台
  7
_HZTXT
 41
0.8
100
AcDbText
  0
DIMENSION
  5
775
330
17
100
AcDbEntity
  8
内墙尺寸
100
AcDbDimension
280
0
  3
DIMN
 10
2546248.566844024
 20
-27083.86573607463
 30
7.071e-13
 11
2545948.566844024
 21
-26783.8657360746
 31
7.071e-13
 70
32
 71
5
 42
-1.0
 73
0
 74
0
 75
0
100
AcDbAlignedDimension
 13
2545311.364432193
 23
-26483.86573607457
 33
0.0
 14
2545311.364432197
 24
-27083.86573607463
 34
0.0
 50
90.0
100
AcDbRotatedDimension
  0
DIMENSION
  5
776
330
17
100
AcDbEntity
  8
内墙尺寸
100
AcDbDimension
280
0
  3
DIMN
 10
2553082.199054947
 20
-27083.86573607463
 30
7.071e-13
 11
2552782.199054947
 21
-26783.86573607582
 31
7.071e-13
 70
32
 71
5
 42
-1.0
 73
0
 74
0
 75
0
100
AcDbAlignedDimension
 13
2554019.401466777
 23
-26483.86573607702
 33
0.0
 14
2554019.401466773
 24
-27083.86573607463
 34
0.0
 50
270.0
100
AcDbRotatedDimension
  0
DIMENSION
  5
777
330
17
100
AcDbEntity
  8
内墙尺寸
100
AcDbDimension
280
0
  3
DIMN
 10
2568148.563806128
 20
-24083.86573607585
 30
7.071e-13
 11
2567848.563806128
 21
-23783.86573607521
 31
7.071e-13
 70
32
 71
5
 42
-1.0
 73
0
 74
0
 75
0
100
AcDbAlignedDimension
 13
2567211.361394298
 23
-23483.86573607457
 33
0.0
 14
2567211.361394302
 24
-24083.86573607585
 34
0.0
 50
90.0
100
AcDbRotatedDimension
  0
DIMENSION
  5
778
330
17
100
AcDbEntity
  8
内墙尺寸
100
AcDbDimension
280
0
  3
DIMN
 10
2575841.653010952
 20
-20283.86573607708
 30
7.071e-13
 11
2575541.653010952
 21
-19633.86573607643
 31
7.071e-13
 70
32
 71
5
 42
-1.0
 73
0
 74
0
 75
0
100
AcDbAlignedDimension
 13
2574904.450599122
 23
-18983.86573607579
 33
-1.52e-14
 14
2574904.450599126
 24
-20283.86573607708
 34
0.0
 50
90.0
100
AcDbRotatedDimension
  0
DIMENSION
  5
779
330
17
100
AcDbEntity
  8
内墙尺寸
100
AcDbDimension
280
0
  3
DIMN
 10
2575841.653010952
 20
-25283.86573608808
 30
7.071e-13
 11
2575541.653010952
 21
-24583.86573608266
 31
7.071e-13
 70
32
 71
5
 42
-1.0
 73
0
 74
0
 75
0
100
AcDbAlignedDimension
 13
2574904.450599122
 23
-23883.86573607725
 33
0.0
 14
2574904.450599126
 24
-25283.86573608808
 34
0.0
 50
90.0
100
AcDbRotatedDimension
  0
DIMENSION
  5
77A
330
17
100
AcDbEntity
  8
内墙尺寸
100
AcDbDimension
280
0
  3
DIMN
 10
2575841.653010952
 20
-26983.86573608319
 30
7.071e-13
 11
2575541.653010952
 21
-26133.86573608572
 31
7.071e-13
 70
32
 71
5
 42
-1.0
 73
0
 74
0
 75
0
100
AcDbAlignedDimension
 13
2574904.450599122
 23
-25283.86573608825
 33
0.0
 14
2574904.450599126
 24
-26983.86573608319
 34
0.0
 50
90.0
100
AcDbRotatedDimension
  0
DIMENSION
  5
77B
330
17
100
AcDbEntity
  8
内墙尺寸
100
AcDbDimension
280
0
  3
DIMN
 10
2575841.653010952
 20
-21683.86573607341
 30
7.071e-13
 11
2575541.653010952
 21
-20983.8657360746
 31
7.071e-13
 70
32
 71
5
 42
-1.0
 73
0
 74
0
 75
0
100
AcDbAlignedDimension
 13
2574904.450599122
 23
-20283.86573607579
 33
0.0
 14
2574904.450599126
 24
-21683.86573607341
 34
0.0
 50
90.0
100
AcDbRotatedDimension
  0
DIMENSION
  5
77C
330
17
100
AcDbEntity
  8
内墙尺寸
100
AcDbDimension
280
0
  3
DIMN
 10
2575841.653010952
 20
-33183.86573607585
 30
7.071e-13
 11
2575541.653010952
 21
-32233.86573607655
 31
7.071e-13
 70
32
 71
5
 42
-1.0
 73
0
 74
0
 75
0
100
AcDbAlignedDimension
 13
2574904.450599122
 23
-31283.86573607725
 33
0.0
 14
2574904.450599126
 24
-33183.86573607585
 34
0.0
 50
90.0
100
AcDbRotatedDimension
  0
DIMENSION
  5
77D
330
17
100
AcDbEntity
  8
内墙尺寸
100
AcDbDimension
280
0
  3
DIMN
 10
2575841.653010952
 20
-27383.86573395669
 30
7.071e-13
 11
2575541.653010952
 21
-27183.86573502003
 31
7.071e-13
 70
32
 71
5
 42
-1.0
 73
0
 74
0
 75
0
100
AcDbAlignedDimension
 13
2574904.450599122
 23
-26983.86573608336
 33
0.0
 14
2574904.450599126
 24
-27383.86573395669
 34
0.0
 50
90.0
100
AcDbRotatedDimension
  0
DIMENSION
  5
77E
330
17
100
AcDbEntity
  8
内墙尺寸
100
AcDbDimension
280
0
  3
DIMN
 10
2575841.653010952
 20
-31283.86573607585
 30
7.071e-13
 11
2575541.653010952
 21
-29333.86573501578
 31
7.071e-13
 70
32
 71
5
 42
-1.0
 73
0
 74
0
 75
0
100
AcDbAlignedDimension
 13
2574904.450599122
 23
-27383.8657339557
 33
0.0
 14
2574904.450599126
 24
-31283.86573607585
 34
0.0
 50
90.0
100
AcDbRotatedDimension
  0
DIMENSION
  5
77F
330
17
100
AcDbEntity
  8
内墙尺寸
100
AcDbDimension
280
0
  3
DIMN
 10
2575841.653010952
 20
-23883.86573607585
 30
7.071e-13
 11
2575541.653010952
 21
-23683.86573607521
 31
7.071e-13
 70
32
 71
5
 42
-1.0
 73
0
 74
0
 75
0
100
AcDbAlignedDimension
 13
2574904.450599122
 23
-23483.86573607457
 33
0.0
 14
2574904.450599126
 24
-23883.86573607585
 34
0.0
 50
90.0
100
AcDbRotatedDimension
  0
DIMENSION
  5
780
330
17
100
AcDbEntity
  8
内墙尺寸
100
AcDbDimension
280
0
  3
DIMN
 10
2575841.653010952
 20
-23283.86573607341
 30
7.071e-13
 11
2575541.653010952
 21
-22483.86573607399
 31
7.071e-13
 70
32
 71
5
 42
-1.0
 73
0
 74
0
 75
0
100
AcDbAlignedDimension
 13
2574904.450599122
 23
-21683.86573607457
 33
0.0
 14
2574904.450599126
 24
-23283.86573607341
 34
0.0
 50
90.0
100
AcDbRotatedDimension
  0
DIMENSION
  5
781
330
17
100
AcDbEntity
  8
内墙尺寸
100
AcDbDimension
280
0
  3
DIMN
 10
2575841.653010952
 20
-23483.86573607585
 30
7.071e-13
 11
2576244.607432817
 21
-23383.86573607457
 31
7.071e-13
 70
160
 71
5
 42
-1.0
 73
0
 74
0
 75
0
100
AcDbAlignedDimension
 13
2574904.450599122
 23
-23283.86573607335
 33
0.0
 14
2574904.450599126
 24
-23483.86573607585
 34
0.0
 50
90.0
100
AcDbRotatedDimension
  0
DIMENSION
  5
782
330
17
100
AcDbEntity
  8
内墙尺寸
100
AcDbDimension
280
0
  3
DIMN
 10
2573665.357367704
 20
-28724.27582111716
 30
0.0
 11
2572615.357367707
 21
-28424.27582111716
 31
0.0
 70
33
 71
5
 42
-1.0
 73
0
 74
0
 75
0
100
AcDbAlignedDimension
 13
2571565.35736771
 23
-27524.27582111728
 33
0.0
 14
2573665.357367704
 24
-27524.27582111745
 34
0.0
 50
0.0
  0
DIMENSION
  5
783
330
17
100
AcDbEntity
  8
内墙尺寸
100
AcDbDimension
280
0
  3
DIMN
 10
2574865.357367709
 20
-28724.27582111716
 30
0.0
 11
2574265.357367707
 21
-28424.27582111716
 31
0.0
 70
33
 71
5
 42
-1.0
 73
0
 74
0
 75
0
100
AcDbAlignedDimension
 13
2573665.357367704
 23
-27524.27582111745
 33
0.0
 14
2574865.357367709
 24
-27524.27582111751
 34
0.0
 50
0.0
  0
DIMENSION
  5
784
330
17
100
AcDbEntity
  8
内墙尺寸
100
AcDbDimension
280
0
  3
DIMN
 10
2579365.35736771
 20
-28724.27582111716
 30
0.0
 11
2580565.357367709
 21
-28424.2758211171
 31
0.0
 70
33
 71
5
 42
-1.0
 73
0
 74
0
 75
0
100
AcDbAlignedDimension
 13
2581765.357367708
 23
-27524.27582111734
 33
0.0
 14
2579365.35736771
 24
-27524.27582111745
 34
0.0
 50
0.0
  0
DIMENSION
  5
785
330
17
100
AcDbEntity
  8
内墙尺寸
100
AcDbDimension
280
0
  3
DIMN
 10
2578165.357367705
 20
-28724.27582111716
 30
0.0
 11
2578765.357367707
 21
-28424.27582111713
 31
0.0
 70
33
 71
5
 42
-1.0
 73
0
 74
0
 75
0
100
AcDbAlignedDimension
 13
2579365.35736771
 23
-27524.27582111745
 33
0.0
 14
2578165.357367705
 24
-27524.27582111751
 34
0.0
 50
0.0
  0
DIMENSION
  5
786
330
17
100
AcDbEntity
  8
内墙尺寸
100
AcDbDimension
280
0
  3
DIMN
 10
2582880.783844359
 20
-18868.43925941922
 30
0.0
 11
2582395.133175926
 21
-18789.89834283106
 31
0.0
 70
161
 71
5
 42
-1.0
 73
0
 74
0
 75
0
100
AcDbAlignedDimension
 13
2581865.357367704
 23
-19483.86573607521
 33
0.0
 14
2582065.357367703
 24
-19683.86573607446
 34
0.0
 50
0.0
  0
DIMENSION
  5
787
330
17
100
AcDbEntity
  8
内墙尺寸
100
AcDbDimension
280
0
  3
DIMN
 10
2583486.566868046
 20
-24215.12574275723
 30
0.0
 11
2583547.516693739
 21
-23668.14415172348
 31
0.0
 70
161
 71
5
 42
-1.0
 73
0
 74
0
 75
0
100
AcDbAlignedDimension
 13
2582865.35736771
 23
-23125.28709231061
 33
0.0
 14
2582631.042792653
 24
-23359.60166736832
 34
0.0
 50
0.0
  0
DIMENSION
  5
788
330
17
100
AcDbEntity
  8
内墙尺寸
100
AcDbDimension
280
0
  3
DIMN
 10
2583446.469269309
 20
-19434.12468436943
 30
0.0
 11
2583375.758591189
 21
-18939.1499375382
 31
0.0
 70
33
 71
5
 42
-1.0
 73
0
 74
0
 75
0
100
AcDbAlignedDimension
 13
2582065.357367703
 23
-19683.86573607364
 33
0.0
 14
2582631.042792653
 24
-20249.55116102449
 34
0.0
 50
0.0
  0
DIMENSION
  5
789
330
17
100
AcDbEntity
  8
内墙尺寸
100
AcDbDimension
280
0
  3
DIMN
 10
2583680.783844364
 20
-19668.43925942341
 30
0.0
 11
2583502.143725119
 21
-19953.15847263718
 31
0.0
 70
161
 71
5
 42
-1.0
 73
0
 74
0
 75
0
100
AcDbAlignedDimension
 13
2582631.042792653
 23
-20249.55116102472
 33
0.0
 14
2582865.357367707
 24
-20483.86573607917
 34
0.0
 50
0.0
  0
DIMENSION
  5
78A
330
17
100
AcDbEntity
  8
内墙尺寸
100
AcDbDimension
280
0
  3
DIMN
 10
2582920.881443091
 20
-24780.81116770697
 30
0.0
 11
2582991.59212121
 21
-24285.83642087505
 31
0.0
 70
33
 71
5
 42
-1.0
 73
0
 74
0
 75
0
100
AcDbAlignedDimension
 13
2582631.042792653
 23
-23359.60166736826
 33
0.0
 14
2582065.357367703
 24
-23925.28709232062
 34
0.0
 50
0.0
  0
DIMENSION
  5
78B
330
17
100
AcDbEntity
  8
内墙尺寸
100
AcDbDimension
280
0
  3
DIMN
 10
2582720.881443094
 20
-24980.81116770534
 30
0.0
 11
2582391.469551229
 21
-24837.35127923312
 31
0.0
 70
161
 71
5
 42
-1.0
 73
0
 74
0
 75
0
100
AcDbAlignedDimension
 13
2582065.357367703
 23
-23925.28709231987
 33
0.0
 14
2581865.357367705
 24
-24125.28709231806
 34
-2.303e-13
 50
0.0
  0
LINE
  5
78C
330
17
100
AcDbEntity
  8
GROUND
100
AcDbLine
 10
2581865.357367705
 20
-24283.86573607498
 30
0.0
 11
2581865.357367705
 21
-25183.86573607481
 31
0.0
  0
INSERT
  5
78D
330
17
100
AcDbEntity
  8
空调
100
AcDbBlockReference
 66
1
  2
U_A95JFC
 10
2560921.782405974
 20
-30367.39536353521
 30
1.368e-13
 41
-1.0
 50
180.0000000000478
  0
ATTRIB
  5
78E
330
78D
100
AcDbEntity
  8
0
100
AcDbText
 10
2560921.782405974
 20
-30367.89536353521
 30
1.368e-13
 40
0.5
  1
0
 50
4.78228e-11
  7
DIM_FONT
 41
0.8
100
AcDbAttribute
  2
XSIZE
 70
9
 71
1
 72
0
  0
ATTRIB
  5
78F
330
78D
100
AcDbEntity
  8
0
100
AcDbText
 10
2560921.782405974
 20
-30367.89536353521
 30
1.368e-13
 40
0.5
  1
500
 50
4.78228e-11
  7
DIM_FONT
 41
0.8
100
AcDbAttribute
  2
YSIZE
 70
9
 71
1
 72
0
  0
SEQEND
  5
790
330
78D
100
AcDbEntity
  8
空调
  0
INSERT
  5
791
330
17
100
AcDbEntity
  8
空调
100
AcDbBlockReference
 66
1
  2
U_A95JFC
 10
2560308.980455102
 20
-33405.58285681368
 30
1.368e-13
 50
179.9999999999522
  0
ATTRIB
  5
792
330
791
100
AcDbEntity
  8
0
100
AcDbText
 10
2560308.713788435
 20
-33406.08285681368
 30
1.368e-13
 40
0.5
  1
0
 50
359.9999999999521
  7
DIM_FONT
 41
0.8
100
AcDbAttribute
  2
XSIZE
 70
9
 71
1
 72
0
  0
ATTRIB
  5
793
330
791
100
AcDbEntity
  8
0
100
AcDbText
 10
2560307.951883673
 20
-33406.08285681368
 30
1.368e-13
 40
0.5
  1
500
 50
359.9999999999521
  7
DIM_FONT
 41
0.8
100
AcDbAttribute
  2
YSIZE
 70
9
 71
1
 72
0
  0
SEQEND
  5
794
330
791
100
AcDbEntity
  8
空调
  0
INSERT
  5
795
330
17
100
AcDbEntity
  8
空调
100
AcDbBlockReference
 66
1
  2
U_A95JFC
 10
2539059.99668831
 20
-33424.67564836843
 30
1.368e-13
 41
-1.0
 50
180.0000000000478
  0
ATTRIB
  5
796
330
795
100
AcDbEntity
  8
0
100
AcDbText
 10
2539059.99668831
 20
-33425.17564836843
 30
1.368e-13
 40
0.5
  1
0
 50
4.78228e-11
  7
DIM_FONT
 41
0.8
100
AcDbAttribute
  2
XSIZE
 70
9
 71
1
 72
0
  0
ATTRIB
  5
797
330
795
100
AcDbEntity
  8
0
100
AcDbText
 10
2539059.99668831
 20
-33425.17564836843
 30
1.368e-13
 40
0.5
  1
500
 50
4.78228e-11
  7
DIM_FONT
 41
0.8
100
AcDbAttribute
  2
YSIZE
 70
9
 71
1
 72
0
  0
SEQEND
  5
798
330
795
100
AcDbEntity
  8
空调
  0
INSERT
  5
799
330
17
100
AcDbEntity
  8
空调
100
AcDbBlockReference
 66
1
  2
U_A95JFC
 10
2557368.49761847
 20
-22935.37628282944
 30
0.0
 50
89.9999999999522
  0
ATTRIB
  5
79A
330
799
100
AcDbEntity
  8
0
100
AcDbText
 10
2557367.99761847
 20
-22935.10961616284
 30
0.0
 40
0.5
  1
0
 50
269.9999999999521
  7
DIM_FONT
 41
0.8
100
AcDbAttribute
  2
XSIZE
 70
9
 71
1
 72
0
  0
ATTRIB
  5
79B
330
799
100
AcDbEntity
  8
0
100
AcDbText
 10
2557367.99761847
 20
-22934.34771140071
 30
0.0
 40
0.5
  1
500
 50
269.9999999999521
  7
DIM_FONT
 41
0.8
100
AcDbAttribute
  2
YSIZE
 70
9
 71
1
 72
0
  0
SEQEND
  5
79C
330
799
100
AcDbEntity
  8
空调
  0
INSERT
  5
79D
330
17
100
AcDbEntity
  8
空调
100
AcDbBlockReference
 66
1
  2
U_A95JFC
 10
2564593.538438852
 20
-19718.20752030588
 30
0.0
 41
-1.0
 50
90.0000000000478
  0
ATTRIB
  5
79E
330
79D
100
AcDbEntity
  8
0
100
AcDbText
 10
2564593.038438852
 20
-19718.20752030588
 30
0.0
 40
0.5
  1
0
 50
270.0000000000479
  7
DIM_FONT
 41
0.8
100
AcDbAttribute
  2
XSIZE
 70
9
 71
1
 72
0
  0
ATTRIB
  5
79F
330
79D
100
AcDbEntity
  8
0
100
AcDbText
 10
2564593.038438852
 20
-19718.20752030588
 30
0.0
 40
0.5
  1
500
 50
270.0000000000479
  7
DIM_FONT
 41
0.8
100
AcDbAttribute
  2
YSIZE
 70
9
 71
1
 72
0
  0
SEQEND
  5
7A0
330
79D
100
AcDbEntity
  8
空调
  0
LINE
  5
7A1
330
17
100
AcDbEntity
  8
LVTRY
100
AcDbLine
 10
2577965.357367717
 20
-25833.8657360744
 30
0.0
 11
2579265.357367705
 21
-25283.86573607987
 31
2.52958e-11
  0
LINE
  5
7A2
330
17
100
AcDbEntity
  8
LVTRY
100
AcDbLine
 10
2577965.357367717
 20
-25283.86573607463
 30
0.0
 11
2579265.357367705
 21
-25833.86573607452
 31
0.0
  0
TEXT
  5
7A3
330
17
100
AcDbEntity
  8
TEXT
  6
Continuous
100
AcDbText
 10
2543404.187321887
 20
-26988.3324349504
 30
-4.7938e-11
 40
400.0
  1
储
  7
_HZTXT
 41
0.8
100
AcDbText
  0
TEXT
  5
7A4
330
17
100
AcDbEntity
  8
TEXT
  6
Continuous
100
AcDbText
 10
2555844.94028037
 20
-26988.3324349504
 30
-4.7938e-11
 40
400.0
  1
储
  7
_HZTXT
 41
0.8
100
AcDbText
  0
TEXT
  5
7A5
330
17
100
AcDbEntity
  8
TEXT
  6
Continuous
100
AcDbText
 10
2565070.634053156
 20
-24068.21010388073
 30
-4.7938e-11
 40
400.0
  1
储
  7
_HZTXT
 41
0.8
100
AcDbText
  0
LWPOLYLINE
  5
7A6
330
17
100
AcDbEntity
  8
COLUMN1
100
AcDbPolyline
 90
5
 70
0
 10
2539665.352700086
 20
-22483.86573607486
 10
2540015.352700086
 20
-22483.86573607486
 10
2540015.352700086
 20
-22883.86573607486
 10
2539665.352700086
 20
-22883.86573607486
 10
2539665.352700086
 20
-22483.86573607486
  0
HATCH
  5
7A7
330
17
100
AcDbEntity
  8
COLUMN
100
AcDbHatch
 10
0.0
 20
0.0
 30
0.0
210
0.0
220
0.0
230
1.0
  2
SOLID
 70
1
 71
0
 91
1
 92
1
 93
4
 72
1
 10
2539665.352700086
 20
-22483.86573607486
 11
2540015.352700086
 21
-22483.86573607486
 72
1
 10
2540015.352700086
 20
-22483.86573607486
 11
2540015.352700086
 21
-22883.86573607486
 72
1
 10
2540015.352700086
 20
-22883.86573607486
 11
2539665.352700086
 21
-22883.86573607486
 72
1
 10
2539665.352700086
 20
-22883.86573607486
 11
2539665.352700086
 21
-22483.86573607486
 97
1
330
13F6E7
 75
0
 76
1
 98
1
 10
-505214.0824736678
 20
342314.766972975
  0
LWPOLYLINE
  5
7A8
330
17
100
AcDbEntity
  8
COLUMN1
100
AcDbPolyline
 90
5
 70
0
 10
2539665.352700086
 20
-26383.86573607486
 10
2540015.352700086
 20
-26383.86573607486
 10
2540015.352700086
 20
-26783.86573607486
 10
2539665.352700086
 20
-26783.86573607486
 10
2539665.352700086
 20
-26383.86573607486
  0
HATCH
  5
7A9
330
17
100
AcDbEntity
  8
COLUMN
100
AcDbHatch
 10
0.0
 20
0.0
 30
-4.29884e-11
210
0.0
220
0.0
230
1.0
  2
SOLID
 70
1
 71
0
 91
1
 92
1
 93
4
 72
1
 10
2539665.352700086
 20
-26383.86573607486
 11
2540015.352700086
 21
-26383.86573607486
 72
1
 10
2540015.352700086
 20
-26383.86573607486
 11
2540015.352700086
 21
-26783.86573607486
 72
1
 10
2540015.352700086
 20
-26783.86573607486
 11
2539665.352700086
 21
-26783.86573607486
 72
1
 10
2539665.352700086
 20
-26783.86573607486
 11
2539665.352700086
 21
-26383.86573607486
 97
1
330
13F6E9
 75
0
 76
1
 98
1
 10
-505214.0824736678
 20
338414.766972975
  0
LWPOLYLINE
  5
7AA
330
17
100
AcDbEntity
  8
COLUMN1
100
AcDbPolyline
 90
5
 70
0
 10
2538765.35736771
 20
-28183.86573607498
 10
2539115.35736771
 20
-28183.86573607498
 10
2539115.35736771
 20
-28583.86573607498
 10
2538765.35736771
 20
-28583.86573607498
 10
2538765.35736771
 20
-28183.86573607498
  0
HATCH
  5
7AB
330
17
100
AcDbEntity
  8
COLUMN
100
AcDbHatch
 10
0.0
 20
0.0
 30
-4.29884e-11
210
0.0
220
0.0
230
1.0
  2
SOLID
 70
1
 71
0
 91
1
 92
1
 93
4
 72
1
 10
2538765.35736771
 20
-28183.86573607498
 11
2539115.35736771
 21
-28183.86573607498
 72
1
 10
2539115.35736771
 20
-28183.86573607498
 11
2539115.35736771
 21
-28583.86573607498
 72
1
 10
2539115.35736771
 20
-28583.86573607498
 11
2538765.35736771
 21
-28583.86573607498
 72
1
 10
2538765.35736771
 20
-28583.86573607498
 11
2538765.35736771
 21
-28183.86573607498
 97
1
330
13F6EB
 75
0
 76
1
 98
1
 10
-506114.0778060434
 20
336614.7669729749
  0
LWPOLYLINE
  5
7AC
330
17
100
AcDbEntity
  8
COLUMN1
100
AcDbPolyline
 90
5
 70
0
 10
2538765.35736771
 20
-34283.86573607521
 10
2539115.35736771
 20
-34283.86573607521
 10
2539115.35736771
 20
-34683.86573607521
 10
2538765.35736771
 20
-34683.86573607521
 10
2538765.35736771
 20
-34283.86573607521
  0
HATCH
  5
7AD
330
17
100
AcDbEntity
  8
COLUMN
100
AcDbHatch
 10
0.0
 20
0.0
 30
-4.29884e-11
210
0.0
220
0.0
230
1.0
  2
SOLID
 70
1
 71
0
 91
1
 92
1
 93
4
 72
1
 10
2538765.35736771
 20
-34283.86573607521
 11
2539115.35736771
 21
-34283.86573607521
 72
1
 10
2539115.35736771
 20
-34283.86573607521
 11
2539115.35736771
 21
-34683.86573607521
 72
1
 10
2539115.35736771
 20
-34683.86573607521
 11
2538765.35736771
 21
-34683.86573607521
 72
1
 10
2538765.35736771
 20
-34683.86573607521
 11
2538765.35736771
 21
-34283.86573607521
 97
1
330
13F6ED
 75
0
 76
1
 98
1
 10
-506114.0778060434
 20
330514.7669729747
  0
LWPOLYLINE
  5
7AE
330
17
100
AcDbEntity
  8
COLUMN1
100
AcDbPolyline
 90
5
 70
0
 10
2542865.357367711
 20
-22483.86573608325
 10
2543165.357367711
 20
-22483.86573608325
 10
2543165.357367712
 20
-23383.86573607486
 10
2542865.357367712
 20
-23383.86573607486
 10
2542865.357367711
 20
-22483.86573608325
  0
HATCH
  5
7AF
330
17
100
AcDbEntity
  8
COLUMN
100
AcDbHatch
 10
0.0
 20
0.0
 30
0.0
210
0.0
220
0.0
230
1.0
  2
SOLID
 70
1
 71
0
 91
1
 92
1
 93
4
 72
1
 10
2542865.357367711
 20
-22483.86573608325
 11
2543165.357367711
 21
-22483.86573608325
 72
1
 10
2543165.357367711
 20
-22483.86573608325
 11
2543165.357367712
 21
-23383.86573607486
 72
1
 10
2543165.357367712
 20
-23383.86573607486
 11
2542865.357367712
 21
-23383.86573607486
 72
1
 10
2542865.357367712
 20
-23383.86573607486
 11
2542865.357367711
 21
-22483.86573608325
 97
1
330
13F6EF
 75
0
 76
1
 98
1
 10
-502064.077806043
 20
342314.7669729666
  0
LWPOLYLINE
  5
7B0
330
17
100
AcDbEntity
  8
COLUMN1
100
AcDbPolyline
 90
5
 70
0
 10
2542215.35736771
 20
-28183.86573607422
 10
2542565.35736771
 20
-28183.86573607422
 10
2542565.35736771
 20
-28583.86573607422
 10
2542215.35736771
 20
-28583.86573607422
 10
2542215.35736771
 20
-28183.86573607422
  0
HATCH
  5
7B1
330
17
100
AcDbEntity
  8
COLUMN
100
AcDbHatch
 10
0.0
 20
0.0
 30
-4.29884e-11
210
0.0
220
0.0
230
1.0
  2
SOLID
 70
1
 71
0
 91
1
 92
1
 93
4
 72
1
 10
2542215.35736771
 20
-28183.86573607422
 11
2542565.35736771
 21
-28183.86573607422
 72
1
 10
2542565.35736771
 20
-28183.86573607422
 11
2542565.35736771
 21
-28583.86573607422
 72
1
 10
2542565.35736771
 20
-28583.86573607422
 11
2542215.35736771
 21
-28583.86573607422
 72
1
 10
2542215.35736771
 20
-28583.86573607422
 11
2542215.35736771
 21
-28183.86573607422
 97
1
330
13F6F1
 75
0
 76
1
 98
1
 10
-502664.0778060434
 20
336614.7669729757
  0
LWPOLYLINE
  5
7B2
330
17
100
AcDbEntity
  8
COLUMN1
100
AcDbPolyline
 90
5
 70
0
 10
2542365.357367711
 20
-34183.86573607475
 10
2542665.357367711
 20
-34183.86573607475
 10
2542665.357367711
 20
-34683.86573607475
 10
2542365.357367711
 20
-34683.86573607475
 10
2542365.357367711
 20
-34183.86573607475
  0
HATCH
  5
7B3
330
17
100
AcDbEntity
  8
COLUMN
100
AcDbHatch
 10
0.0
 20
0.0
 30
-7.58642e-11
210
0.0
220
0.0
230
1.0
  2
SOLID
 70
1
 71
0
 91
1
 92
1
 93
4
 72
1
 10
2542365.357367711
 20
-34183.86573607475
 11
2542665.357367711
 21
-34183.86573607475
 72
1
 10
2542665.357367711
 20
-34183.86573607475
 11
2542665.357367711
 21
-34683.86573607475
 72
1
 10
2542665.357367711
 20
-34683.86573607475
 11
2542365.357367711
 21
-34683.86573607475
 72
1
 10
2542365.357367711
 20
-34683.86573607475
 11
2542365.357367711
 21
-34183.86573607475
 97
1
330
13F6F3
 75
0
 76
1
 98
1
 10
-502564.0778060425
 20
330214.7669729751
  0
LWPOLYLINE
  5
7B4
330
17
100
AcDbEntity
  8
COLUMN1
100
AcDbPolyline
 90
5
 70
0
 10
2545215.357367707
 20
-26383.86573607446
 10
2545565.357367707
 20
-26383.86573607446
 10
2545565.357367707
 20
-26783.86573607446
 10
2545215.357367707
 20
-26783.86573607446
 10
2545215.357367707
 20
-26383.86573607446
  0
HATCH
  5
7B5
330
17
100
AcDbEntity
  8
COLUMN
100
AcDbHatch
 10
0.0
 20
0.0
 30
0.0
210
0.0
220
0.0
230
1.0
  2
SOLID
 70
1
 71
0
 91
1
 92
1
 93
4
 72
1
 10
2545215.357367707
 20
-26383.86573607446
 11
2545565.357367707
 21
-26383.86573607446
 72
1
 10
2545565.357367707
 20
-26383.86573607446
 11
2545565.357367707
 21
-26783.86573607446
 72
1
 10
2545565.357367707
 20
-26783.86573607446
 11
2545215.357367707
 21
-26783.86573607446
 72
1
 10
2545215.357367707
 20
-26783.86573607446
 11
2545215.357367707
 21
-26383.86573607446
 97
1
330
13F6F5
 75
0
 76
1
 98
1
 10
-499664.0778060467
 20
338414.7669729754
  0
LWPOLYLINE
  5
7B6
330
17
100
AcDbEntity
  8
COLUMN1
100
AcDbPolyline
 90
5
 70
0
 10
2545365.357367708
 20
-29883.86573607452
 10
2545715.357367708
 20
-29883.86573607452
 10
2545715.357367708
 20
-30283.86573607452
 10
2545365.357367708
 20
-30283.86573607452
 10
2545365.357367708
 20
-29883.86573607452
  0
HATCH
  5
7B7
330
17
100
AcDbEntity
  8
COLUMN
100
AcDbHatch
 10
0.0
 20
0.0
 30
0.0
210
0.0
220
0.0
230
1.0
  2
SOLID
 70
1
 71
0
 91
1
 92
1
 93
4
 72
1
 10
2545365.357367708
 20
-29883.86573607452
 11
2545715.357367708
 21
-29883.86573607452
 72
1
 10
2545715.357367708
 20
-29883.86573607452
 11
2545715.357367708
 21
-30283.86573607452
 72
1
 10
2545715.357367708
 20
-30283.86573607452
 11
2545365.357367708
 21
-30283.86573607452
 72
1
 10
2545365.357367708
 20
-30283.86573607452
 11
2545365.357367708
 21
-29883.86573607452
 97
1
330
13F6F7
 75
0
 76
1
 98
1
 10
-499514.0778060458
 20
334914.7669729754
  0
LWPOLYLINE
  5
7B8
330
17
100
AcDbEntity
  8
COLUMN1
100
AcDbPolyline
 90
5
 70
0
 10
2545365.357367706
 20
-33983.86573607486
 10
2545715.357367706
 20
-33983.86573607486
 10
2545715.357367706
 20
-34383.86573607486
 10
2545365.357367706
 20
-34383.86573607486
 10
2545365.357367706
 20
-33983.86573607486
  0
HATCH
  5
7B9
330
17
100
AcDbEntity
  8
COLUMN
100
AcDbHatch
 10
0.0
 20
0.0
 30
0.0
210
0.0
220
0.0
230
1.0
  2
SOLID
 70
1
 71
0
 91
1
 92
1
 93
4
 72
1
 10
2545365.357367706
 20
-33983.86573607486
 11
2545715.357367706
 21
-33983.86573607486
 72
1
 10
2545715.357367706
 20
-33983.86573607486
 11
2545715.357367706
 21
-34383.86573607486
 72
1
 10
2545715.357367706
 20
-34383.86573607486
 11
2545365.357367706
 21
-34383.86573607486
 72
1
 10
2545365.357367706
 20
-34383.86573607486
 11
2545365.357367706
 21
-33983.86573607486
 97
1
330
13F6F9
 75
0
 76
1
 98
1
 10
-499514.0778060481
 20
330814.766972975
  0
LWPOLYLINE
  5
7BA
330
17
100
AcDbEntity
  8
COLUMN1
100
AcDbPolyline
 90
5
 70
0
 10
2559665.40853126
 20
-26383.86573607486
 10
2559315.40853126
 20
-26383.86573607486
 10
2559315.40853126
 20
-26783.86573607486
 10
2559665.40853126
 20
-26783.86573607486
 10
2559665.40853126
 20
-26383.86573607486
  0
HATCH
  5
7BB
330
17
100
AcDbEntity
  8
COLUMN
100
AcDbHatch
 10
0.0
 20
0.0
 30
-3.28758e-11
210
0.0
220
0.0
230
1.0
  2
SOLID
 70
1
 71
0
 91
1
 92
1
 93
4
 72
1
 10
2559665.40853126
 20
-26383.86573607486
 11
2559315.40853126
 21
-26383.86573607486
 72
1
 10
2559315.40853126
 20
-26383.86573607486
 11
2559315.40853126
 21
-26783.86573607486
 72
1
 10
2559315.40853126
 20
-26783.86573607486
 11
2559665.40853126
 21
-26783.86573607486
 72
1
 10
2559665.40853126
 20
-26783.86573607486
 11
2559665.40853126
 21
-26383.86573607486
 97
0
 75
0
 76
1
 98
1
 10
5608104.373878242
 20
426549.0835739034
  0
LWPOLYLINE
  5
7BC
330
17
100
AcDbEntity
  8
COLUMN1
100
AcDbPolyline
 90
5
 70
0
 10
2560565.40853126
 20
-28183.86573607422
 10
2560215.40853126
 20
-28183.86573607422
 10
2560215.40853126
 20
-28583.86573607422
 10
2560565.40853126
 20
-28583.86573607422
 10
2560565.40853126
 20
-28183.86573607422
  0
HATCH
  5
7BD
330
17
100
AcDbEntity
  8
COLUMN
100
AcDbHatch
 10
0.0
 20
0.0
 30
-3.28758e-11
210
0.0
220
0.0
230
1.0
  2
SOLID
 70
1
 71
0
 91
1
 92
1
 93
4
 72
1
 10
2560565.40853126
 20
-28183.86573607422
 11
2560215.40853126
 21
-28183.86573607422
 72
1
 10
2560215.40853126
 20
-28183.86573607422
 11
2560215.40853126
 21
-28583.86573607422
 72
1
 10
2560215.40853126
 20
-28583.86573607422
 11
2560565.40853126
 21
-28583.86573607422
 72
1
 10
2560565.40853126
 20
-28583.86573607422
 11
2560565.40853126
 21
-28183.86573607422
 97
1
330
13F6FD
 75
0
 76
1
 98
1
 10
5609004.373878242
 20
424749.0835739041
  0
LWPOLYLINE
  5
7BE
330
17
100
AcDbEntity
  8
COLUMN1
100
AcDbPolyline
 90
5
 70
0
 10
2560565.40853126
 20
-34283.86573607521
 10
2560215.40853126
 20
-34283.86573607521
 10
2560215.40853126
 20
-34683.86573607521
 10
2560565.40853126
 20
-34683.86573607521
 10
2560565.40853126
 20
-34283.86573607521
  0
HATCH
  5
7BF
330
17
100
AcDbEntity
  8
COLUMN
100
AcDbHatch
 10
0.0
 20
0.0
 30
-3.28758e-11
210
0.0
220
0.0
230
1.0
  2
SOLID
 70
1
 71
0
 91
1
 92
1
 93
4
 72
1
 10
2560565.40853126
 20
-34283.86573607521
 11
2560215.40853126
 21
-34283.86573607521
 72
1
 10
2560215.40853126
 20
-34283.86573607521
 11
2560215.40853126
 21
-34683.86573607521
 72
1
 10
2560215.40853126
 20
-34683.86573607521
 11
2560565.40853126
 21
-34683.86573607521
 72
1
 10
2560565.40853126
 20
-34683.86573607521
 11
2560565.40853126
 21
-34283.86573607521
 97
1
330
13F6FF
 75
0
 76
1
 98
1
 10
5609004.373878242
 20
418649.0835739031
  0
LWPOLYLINE
  5
7C0
330
17
100
AcDbEntity
  8
COLUMN1
100
AcDbPolyline
 90
5
 70
0
 10
2561565.354329815
 20
-23383.86573607603
 10
2561915.354329815
 20
-23383.86573607603
 10
2561915.354329815
 20
-23783.86573607603
 10
2561565.354329815
 20
-23783.86573607603
 10
2561565.354329815
 20
-23383.86573607603
  0
HATCH
  5
7C1
330
17
100
AcDbEntity
  8
COLUMN
100
AcDbHatch
 10
0.0
 20
0.0
 30
-4.29884e-11
210
0.0
220
0.0
230
1.0
  2
SOLID
 70
1
 71
0
 91
1
 92
1
 93
4
 72
1
 10
2561565.354329815
 20
-23383.86573607603
 11
2561915.354329815
 21
-23383.86573607603
 72
1
 10
2561915.354329815
 20
-23383.86573607603
 11
2561915.354329815
 21
-23783.86573607603
 72
1
 10
2561915.354329815
 20
-23783.86573607603
 11
2561565.354329815
 21
-23783.86573607603
 72
1
 10
2561565.354329815
 20
-23783.86573607603
 11
2561565.354329815
 21
-23383.86573607603
 97
1
330
13F701
 75
0
 76
1
 98
1
 10
-486873.6110171685
 20
429549.0835739023
  0
DIMENSION
  5
7C2
330
17
100
AcDbEntity
  8
内墙尺寸
100
AcDbDimension
280
0
  3
DIMN
 10
2581794.646689587
 20
-19554.57641419361
 30
0.0
 11
2581862.895885121
 21
-20186.97993618541
 31
0.0
 70
162
 71
5
 42
-1.0
 73
0
 74
0
 75
0
100
AcDb2LineAngularDimension
 13
2584265.272588525
 23
-20525.28709231701
 33
0.0
 14
2581765.357367708
 24
-20525.28709231701
 34
0.0
 15
2582794.64668959
 25
-20554.57641420071
 35
0.0
 16
2582165.161553378
 26
-20178.76387734618
 36
0.0
  0
DIMENSION
  5
7C3
330
17
100
AcDbEntity
  8
内墙尺寸
100
AcDbDimension
280
0
  3
DIMN
 10
2581765.357367708
 20
-24083.86573607731
 30
0.0
 11
2581994.854128781
 21
-22764.71284465818
 31
0.0
 70
34
 71
5
 42
-1.0
 73
0
 74
0
 75
0
100
AcDb2LineAngularDimension
 13
2582765.357367709
 23
-23083.86573607475
 33
-4.1e-15
 14
2582765.357367709
 24
-16525.98445333628
 34
-1.05e-14
 15
2582765.357367708
 25
-23083.86573607533
 35
0.0
 16
2582387.771753821
 26
-22706.28012218699
 36
0.0
  0
LINE
  5
7C4
330
17
100
AcDbEntity
  8
BALCONY
100
AcDbLine
 10
2544865.604732196
 20
-22033.86573607463
 30
1.33e-14
 11
2548265.35736771
 21
-22033.86573607446
 31
-1.246e-13
  0
LINE
  5
7C5
330
17
100
AcDbEntity
  8
BALCONY
100
AcDbLine
 10
2544865.604732196
 20
-22083.86573607457
 30
0.0
 11
2544865.604732196
 21
-21983.86573607457
 31
0.0
  0
LINE
  5
7C6
330
17
100
AcDbEntity
  8
BALCONY
100
AcDbLine
 10
2556165.357367714
 20
-22083.86573607469
 30
8.9e-14
 11
2551065.40853126
 21
-22083.86573607446
 31
-1.246e-13
  0
LINE
  5
7C7
330
17
100
AcDbEntity
  8
BALCONY
100
AcDbLine
 10
2556165.357367715
 20
-21983.86573607463
 30
1.11e-13
 11
2550865.40853126
 21
-21983.86573607446
 31
-1.811e-13
  0
LINE
  5
7C8
330
17
100
AcDbEntity
  8
BALCONY
100
AcDbLine
 10
2554465.161166774
 20
-22033.86573607463
 30
1.33e-14
 11
2551065.40853126
 21
-22033.86573607446
 31
-1.246e-13
  0
LINE
  5
7C9
330
17
100
AcDbEntity
  8
BALCONY
100
AcDbLine
 10
2554465.161166774
 20
-22083.86573607457
 30
0.0
 11
2554465.161166775
 21
-21983.86573607457
 31
0.0
  0
LINE
  5
7CA
330
17
100
AcDbEntity
  8
BALCONY
100
AcDbLine
 10
2565065.382949479
 20
-19083.86573608226
 30
8.9e-14
 11
2570165.331785932
 21
-19083.86573608202
 31
-1.246e-13
  0
LINE
  5
7CB
330
17
100
AcDbEntity
  8
BALCONY
100
AcDbLine
 10
2565065.382949478
 20
-18983.8657360822
 30
1.11e-13
 11
2570365.331785932
 21
-18983.86573608202
 31
-1.811e-13
  0
LINE
  5
7CC
330
17
100
AcDbEntity
  8
BALCONY
100
AcDbLine
 10
2566765.579150418
 20
-19033.8657360822
 30
1.33e-14
 11
2570165.331785932
 21
-19033.86573608202
 31
-1.246e-13
  0
LINE
  5
7CD
330
17
100
AcDbEntity
  8
BALCONY
100
AcDbLine
 10
2566765.579150418
 20
-19083.86573608214
 30
0.0
 11
2566765.579150418
 21
-18983.86573608214
 31
0.0
  0
INSERT
  5
7CE
330
17
100
AcDbEntity
  8
空调
100
AcDbBlockReference
 66
1
  2
U_C15DRB
 10
2539544.139792869
 20
-35084.30819072295
 30
0.0
  0
ATTRIB
  5
7CF
330
7CE
100
AcDbEntity
  8
0
  6
Continuous
100
AcDbText
 10
2539544.139792869
 20
-35084.30819072295
 30
0.0
 40
0.5
  1
500
  7
DIM_FONT
 41
0.8
100
AcDbAttribute
  2
XSIZE
 70
9
 71
1
 72
0
  0
ATTRIB
  5
7D0
330
7CE
100
AcDbEntity
  8
0
  6
Continuous
100
AcDbText
 10
2539544.139792869
 20
-35084.30819072295
 30
0.0
 40
0.5
  1
0
  7
DIM_FONT
 41
0.8
100
AcDbAttribute
  2
YSIZE
 70
9
 71
1
 72
0
  0
SEQEND
  5
7D1
330
7CE
100
AcDbEntity
  8
LVTRY
  6
Continuous
  0
INSERT
  5
7D2
330
17
100
AcDbEntity
  8
空调
100
AcDbBlockReference
 66
1
  2
U_C15DRB
 10
2559803.353170006
 20
-35084.30819072295
 30
0.0
 41
-1.0
  0
ATTRIB
  5
7D3
330
7D2
100
AcDbEntity
  8
0
  6
Continuous
100
AcDbText
 10
2559802.324598578
 20
-35084.30819072295
 30
0.0
 40
0.5
  1
500
  7
DIM_FONT
 41
0.8
100
AcDbAttribute
  2
XSIZE
 70
9
 71
1
 72
0
  0
ATTRIB
  5
7D4
330
7D2
100
AcDbEntity
  8
0
  6
Continuous
100
AcDbText
 10
2559803.08650334
 20
-35084.30819072295
 30
0.0
 40
0.5
  1
0
  7
DIM_FONT
 41
0.8
100
AcDbAttribute
  2
YSIZE
 70
9
 71
1
 72
0
  0
SEQEND
  5
7D5
330
7D2
100
AcDbEntity
  8
LVTRY
  6
Continuous
  0
INSERT
  5
7D6
330
17
100
AcDbEntity
  8
空调
100
AcDbBlockReference
 66
1
  2
U_C15DRB
 10
2561402.316858376
 20
-32084.30819072417
 30
0.0
  0
ATTRIB
  5
7D7
330
7D6
100
AcDbEntity
  8
0
  6
Continuous
100
AcDbText
 10
2561402.316858376
 20
-32084.30819072417
 30
0.0
 40
0.5
  1
500
  7
DIM_FONT
 41
0.8
100
AcDbAttribute
  2
XSIZE
 70
9
 71
1
 72
0
  0
ATTRIB
  5
7D8
330
7D6
100
AcDbEntity
  8
0
  6
Continuous
100
AcDbText
 10
2561402.316858376
 20
-32084.30819072417
 30
0.0
 40
0.5
  1
0
  7
DIM_FONT
 41
0.8
100
AcDbAttribute
  2
YSIZE
 70
9
 71
1
 72
0
  0
SEQEND
  5
7D9
330
7D6
100
AcDbEntity
  8
LVTRY
  6
Continuous
  0
INSERT
  5
7DA
330
17
100
AcDbEntity
  8
空调
100
AcDbBlockReference
 66
1
  2
U_C15DRB
 10
2580284.553922008
 20
-32059.48853119137
 30
0.0
 50
359.9999999996423
  0
ATTRIB
  5
7DB
330
7DA
100
AcDbEntity
  8
0
  6
Continuous
100
AcDbText
 10
2580285.582493437
 20
-32059.48853119137
 30
0.0
 40
0.5
  1
500
 50
359.9999999996423
  7
DIM_FONT
 41
0.8
 71
2
100
AcDbAttribute
  2
XSIZE
 70
9
 71
1
 72
0
  0
ATTRIB
  5
7DC
330
7DA
100
AcDbEntity
  8
0
  6
Continuous
100
AcDbText
 10
2580284.820588675
 20
-32059.48853119137
 30
0.0
 40
0.5
  1
0
 50
359.9999999996423
  7
DIM_FONT
 41
0.8
 71
2
100
AcDbAttribute
  2
YSIZE
 70
9
 71
1
 72
0
  0
SEQEND
  5
7DD
330
7DA
100
AcDbEntity
  8
LVTRY
  6
Continuous
  0
INSERT
  5
7DE
330
17
100
AcDbEntity
  8
空调
100
AcDbBlockReference
 66
1
  2
U_A95JFC
 10
2541962.2682805
 20
-22935.37628282944
 30
0.0
 41
-1.0
 50
270.0000000000478
  0
ATTRIB
  5
7DF
330
7DE
100
AcDbEntity
  8
0
100
AcDbText
 10
2541962.2682805
 20
-22935.10961616284
 30
0.0
 40
0.5
  1
0
 50
270.0000000000479
  7
DIM_FONT
 41
0.8
100
AcDbAttribute
  2
XSIZE
 70
9
 71
1
 72
0
  0
ATTRIB
  5
7E0
330
7DE
100
AcDbEntity
  8
0
100
AcDbText
 10
2541962.2682805
 20
-22934.34771140071
 30
0.0
 40
0.5
  1
500
 50
270.0000000000479
  7
DIM_FONT
 41
0.8
100
AcDbAttribute
  2
YSIZE
 70
9
 71
1
 72
0
  0
SEQEND
  5
7E1
330
7DE
100
AcDbEntity
  8
空调
  0
LWPOLYLINE
  5
7E2
330
17
100
AcDbEntity
  8
空调
100
AcDbPolyline
 90
4
 70
1
 10
2542690.357367711
 20
-22483.86573607492
 10
2542690.357367711
 20
-22683.86573607492
 10
2542765.357367711
 20
-22683.86573607492
 10
2542765.357367711
 20
-22483.86573607492
  0
LINE
  5
7E3
330
17
100
AcDbEntity
  8
空调
100
AcDbLine
 10
2542765.357367711
 20
-22483.86573607492
 30
0.0
 11
2542690.357367711
 21
-22683.86573607492
 31
0.0
  0
HATCH
  5
7E4
330
17
100
AcDbEntity
  8
空调
100
AcDbHatch
 10
0.0
 20
0.0
 30
0.0
210
0.0
220
0.0
230
1.0
  2
SOLID
 70
1
 71
0
 91
1
 92
7
 72
0
 73
1
 93
3
 10
2542765.357367711
 20
-22483.86573607566
 10
2542690.357367712
 20
-22683.86573607492
 10
2542765.357367711
 20
-22683.86573607493
 97
2
330
141614
330
141613
 75
0
 76
1
 47
0.4771022983012417
 98
1
 10
2542744.692364944
 20
-22622.99324863911
  0
LWPOLYLINE
  5
7E5
330
17
100
AcDbEntity
  8
空调
100
AcDbPolyline
 90
4
 70
1
 10
2556640.408531259
 20
-22483.86573607492
 10
2556640.408531259
 20
-22683.86573607492
 10
2556565.408531259
 20
-22683.86573607492
 10
2556565.408531259
 20
-22483.86573607492
  0
LINE
  5
7E6
330
17
100
AcDbEntity
  8
空调
100
AcDbLine
 10
2556565.408531259
 20
-22483.86573607492
 30
0.0
 11
2556640.408531259
 21
-22683.86573607492
 31
0.0
  0
HATCH
  5
7E7
330
17
100
AcDbEntity
  8
空调
100
AcDbHatch
 10
0.0
 20
0.0
 30
0.0
210
0.0
220
0.0
230
1.0
  2
SOLID
 70
1
 71
0
 91
1
 92
7
 72
0
 73
1
 93
3
 10
2556565.408531259
 20
-22683.86573607492
 10
2556640.408531259
 20
-22683.86573607492
 10
2556565.408531259
 20
-22483.86573607483
 97
2
330
14161A
330
141619
 75
0
 76
1
 47
0.4771022983012417
 98
1
 10
2556586.073534027
 20
-22622.99324863911
  0
LWPOLYLINE
  5
7E8
330
17
100
AcDbEntity
  8
空调
100
AcDbPolyline
 90
4
 70
1
 10
2564590.354329816
 20
-19483.86573607614
 10
2564590.354329816
 20
-19683.86573607614
 10
2564665.354329816
 20
-19683.86573607614
 10
2564665.354329816
 20
-19483.86573607614
  0
LINE
  5
7E9
330
17
100
AcDbEntity
  8
空调
100
AcDbLine
 10
2564665.354329816
 20
-19483.86573607614
 30
0.0
 11
2564590.354329816
 21
-19683.86573607614
 31
0.0
  0
HATCH
  5
7EA
330
17
100
AcDbEntity
  8
空调
100
AcDbHatch
 10
0.0
 20
0.0
 30
0.0
210
0.0
220
0.0
230
1.0
  2
SOLID
 70
1
 71
0
 91
1
 92
7
 72
0
 73
1
 93
3
 10
2564665.354329816
 20
-19483.86573607542
 10
2564590.354329816
 20
-19683.86573607614
 10
2564665.354329816
 20
-19683.86573607614
 97
2
330
14161D
330
14161C
 75
0
 76
1
 47
0.4771022983012417
 98
1
 10
2564644.689327049
 20
-19622.99324864033
  0
LWPOLYLINE
  5
7EB
330
17
100
AcDbEntity
  8
空调
100
AcDbPolyline
 90
4
 70
1
 10
2578122.679698181
 20
-19985.12204936321
 10
2578264.101054418
 20
-20126.54340560048
 10
2578317.134063007
 20
-20073.51039701153
 10
2578175.71270677
 20
-19932.08904077427
  0
LINE
  5
7EC
330
17
100
AcDbEntity
  8
空调
100
AcDbLine
 10
2578180.002028649
 20
-19936.37836265372
 30
0.0
 11
2578268.390376298
 21
-20130.83272747992
 31
0.0
  0
HATCH
  5
7ED
330
17
100
AcDbEntity
  8
空调
100
AcDbHatch
 10
0.0
 20
0.0
 30
0.0
210
0.0
220
0.0
230
1.0
  2
SOLID
 70
1
 71
0
 91
1
 92
7
 72
0
 73
1
 93
3
 10
2578175.71270677
 20
-19932.08904077369
 10
2578264.101054418
 20
-20126.54340560048
 10
2578317.134063008
 20
-20073.51039701194
 97
0
 75
0
 76
1
 47
0.4771022983012417
 98
1
 10
2578259.478350763
 20
-20045.07941194845
  0
LWPOLYLINE
  5
7EE
330
17
100
AcDbEntity
  8
空调
100
AcDbPolyline
 90
4
 70
1
 10
2581340.357367704
 20
-31483.86573607615
 10
2581340.357367704
 20
-31683.86573607615
 10
2581415.357367704
 20
-31683.86573607615
 10
2581415.357367704
 20
-31483.86573607615
  0
LINE
  5
7EF
330
17
100
AcDbEntity
  8
空调
100
AcDbLine
 10
2581415.357367704
 20
-31483.86573607615
 30
0.0
 11
2581340.357367704
 21
-31683.86573607615
 31
0.0
  0
HATCH
  5
7F0
330
17
100
AcDbEntity
  8
空调
100
AcDbHatch
 10
0.0
 20
0.0
 30
0.0
210
0.0
220
0.0
230
1.0
  2
SOLID
 70
1
 71
0
 91
1
 92
7
 72
0
 73
1
 93
3
 10
2581415.357367704
 20
-31483.86573607645
 10
2581340.357367705
 20
-31683.86573607615
 10
2581415.357367704
 20
-31683.86573607614
 97
2
330
141623
330
141622
 75
0
 76
1
 47
0.4771022983012417
 98
1
 10
2581394.692364937
 20
-31622.99324864033
  0
LWPOLYLINE
  5
7F1
330
17
100
AcDbEntity
  8
空调
100
AcDbPolyline
 90
4
 70
1
 10
2577790.357367704
 20
-31183.86573607527
 10
2577790.357367704
 20
-31383.86573607527
 10
2577865.357367704
 20
-31383.86573607527
 10
2577865.357367704
 20
-31183.86573607527
  0
LINE
  5
7F2
330
17
100
AcDbEntity
  8
空调
100
AcDbLine
 10
2577865.357367704
 20
-31183.86573607527
 30
0.0
 11
2577790.357367704
 21
-31383.86573607527
 31
0.0
  0
HATCH
  5
7F3
330
17
100
AcDbEntity
  8
空调
100
AcDbHatch
 10
0.0
 20
0.0
 30
0.0
210
0.0
220
0.0
230
1.0
  2
SOLID
 70
1
 71
0
 91
1
 92
7
 72
0
 73
1
 93
3
 10
2577865.357367704
 20
-31183.86573607529
 10
2577790.357367704
 20
-31383.86573607527
 10
2577865.357367704
 20
-31383.86573607527
 97
2
330
141626
330
141625
 75
0
 76
1
 47
0.4771022983012417
 98
1
 10
2577844.692364936
 20
-31322.99324863946
  0
LWPOLYLINE
  5
7F4
330
17
100
AcDbEntity
  8
空调
100
AcDbPolyline
 90
4
 70
1
 10
2571215.35736771
 20
-31183.86573607638
 10
2571215.35736771
 20
-31383.86573607638
 10
2571290.35736771
 20
-31383.86573607638
 10
2571290.35736771
 20
-31183.86573607638
  0
LINE
  5
7F5
330
17
100
AcDbEntity
  8
空调
100
AcDbLine
 10
2571290.35736771
 20
-31183.86573607638
 30
0.0
 11
2571215.35736771
 21
-31383.86573607638
 31
0.0
  0
HATCH
  5
7F6
330
17
100
AcDbEntity
  8
空调
100
AcDbHatch
 10
0.0
 20
0.0
 30
0.0
210
0.0
220
0.0
230
1.0
  2
SOLID
 70
1
 71
0
 91
1
 92
7
 72
0
 73
1
 93
3
 10
2571290.35736771
 20
-31183.86573607529
 10
2571215.35736771
 20
-31383.86573607637
 10
2571290.35736771
 20
-31383.86573607637
 97
2
330
141629
330
141628
 75
0
 76
1
 47
0.4771022983012417
 98
1
 10
2571269.692364942
 20
-31322.99324864056
  0
LWPOLYLINE
  5
7F7
330
17
100
AcDbEntity
  8
空调
100
AcDbPolyline
 90
4
 70
1
 10
2571915.351291917
 20
-31183.86573607638
 10
2571915.351291917
 20
-31383.86573607638
 10
2571840.351291917
 20
-31383.86573607638
 10
2571840.351291917
 20
-31183.86573607638
  0
LINE
  5
7F8
330
17
100
AcDbEntity
  8
空调
100
AcDbLine
 10
2571840.351291917
 20
-31183.86573607638
 30
0.0
 11
2571915.351291917
 21
-31383.86573607638
 31
0.0
  0
HATCH
  5
7F9
330
17
100
AcDbEntity
  8
空调
100
AcDbHatch
 10
0.0
 20
0.0
 30
0.0
210
0.0
220
0.0
230
1.0
  2
SOLID
 70
1
 71
0
 91
1
 92
7
 72
0
 73
1
 93
3
 10
2571840.351291917
 20
-31383.86573607637
 10
2571915.351291917
 20
-31383.86573607638
 10
2571840.351291917
 20
-31183.86573607585
 97
2
330
14162C
330
14162B
 75
0
 76
1
 47
0.4771022983012417
 98
1
 10
2571861.016294684
 20
-31322.99324864056
  0
LWPOLYLINE
  5
7FA
330
17
100
AcDbEntity
  8
空调
100
AcDbPolyline
 90
4
 70
1
 10
2564740.348254023
 20
-31183.86573607684
 10
2564740.348254023
 20
-31383.86573607684
 10
2564665.348254023
 20
-31383.86573607684
 10
2564665.348254023
 20
-31183.86573607684
  0
LINE
  5
7FB
330
17
100
AcDbEntity
  8
空调
100
AcDbLine
 10
2564665.348254023
 20
-31183.86573607684
 30
0.0
 11
2564740.348254023
 21
-31383.86573607684
 31
0.0
  0
HATCH
  5
7FC
330
17
100
AcDbEntity
  8
空调
100
AcDbHatch
 10
0.0
 20
0.0
 30
0.0
210
0.0
220
0.0
230
1.0
  2
SOLID
 70
1
 71
0
 91
1
 92
7
 72
0
 73
1
 93
3
 10
2564665.348254023
 20
-31383.86573607685
 10
2564740.348254022
 20
-31383.86573607684
 10
2564665.348254023
 20
-31183.8657360772
 97
2
330
141631
330
141630
 75
0
 76
1
 47
0.4771022983012417
 98
1
 10
2564686.01325679
 20
-31322.99324864103
  0
LWPOLYLINE
  5
7FD
330
17
100
AcDbEntity
  8
空调
100
AcDbPolyline
 90
4
 70
1
 10
2561190.348254022
 20
-31483.86573607655
 10
2561190.348254022
 20
-31683.86573607655
 10
2561115.348254022
 20
-31683.86573607655
 10
2561115.348254022
 20
-31483.86573607655
  0
LINE
  5
7FE
330
17
100
AcDbEntity
  8
空调
100
AcDbLine
 10
2561115.348254022
 20
-31483.86573607655
 30
0.0
 11
2561190.348254022
 21
-31683.86573607655
 31
0.0
  0
HATCH
  5
7FF
330
17
100
AcDbEntity
  8
空调
100
AcDbHatch
 10
0.0
 20
0.0
 30
0.0
210
0.0
220
0.0
230
1.0
  2
SOLID
 70
1
 71
0
 91
1
 92
7
 72
0
 73
1
 93
3
 10
2561115.348254022
 20
-31683.86573607656
 10
2561190.348254022
 20
-31683.86573607656
 10
2561115.348254022
 20
-31483.86573607601
 97
2
330
141634
330
141633
 75
0
 76
1
 47
0.4771022983012417
 98
1
 10
2561136.013256789
 20
-31622.99324864074
  0
LWPOLYLINE
  5
800
330
17
100
AcDbEntity
  8
空调
100
AcDbPolyline
 90
4
 70
1
 10
2539290.351291917
 20
-34483.86573607533
 10
2539290.351291917
 20
-34683.86573607533
 10
2539215.351291917
 20
-34683.86573607533
 10
2539215.351291917
 20
-34483.86573607533
  0
LINE
  5
801
330
17
100
AcDbEntity
  8
空调
100
AcDbLine
 10
2539215.351291917
 20
-34483.86573607533
 30
0.0
 11
2539290.351291917
 21
-34683.86573607533
 31
0.0
  0
HATCH
  5
802
330
17
100
AcDbEntity
  8
空调
100
AcDbHatch
 10
0.0
 20
0.0
 30
0.0
210
0.0
220
0.0
230
1.0
  2
SOLID
 70
1
 71
0
 91
1
 92
7
 72
0
 73
1
 93
3
 10
2539215.351291917
 20
-34683.86573607533
 10
2539290.351291917
 20
-34683.86573607533
 10
2539215.351291917
 20
-34483.86573607483
 97
2
330
141637
330
141636
 75
0
 76
1
 47
0.4771022983012417
 98
1
 10
2539236.016294685
 20
-34622.99324863951
  0
LWPOLYLINE
  5
803
330
17
100
AcDbEntity
  8
空调
100
AcDbPolyline
 90
4
 70
1
 10
2542840.351291918
 20
-34183.86573607562
 10
2542840.351291918
 20
-34383.86573607562
 10
2542765.351291918
 20
-34383.86573607562
 10
2542765.351291918
 20
-34183.86573607562
  0
LINE
  5
804
330
17
100
AcDbEntity
  8
空调
100
AcDbLine
 10
2542765.351291918
 20
-34183.86573607562
 30
0.0
 11
2542840.351291918
 21
-34383.86573607562
 31
0.0
  0
HATCH
  5
805
330
17
100
AcDbEntity
  8
空调
100
AcDbHatch
 10
0.0
 20
0.0
 30
0.0
210
0.0
220
0.0
230
1.0
  2
SOLID
 70
1
 71
0
 91
1
 92
7
 72
0
 73
1
 93
3
 10
2542765.351291918
 20
-34383.86573607562
 10
2542840.351291918
 20
-34383.86573607562
 10
2542765.351291918
 20
-34183.86573607585
 97
2
330
14163A
330
141639
 75
0
 76
1
 47
0.4771022983012417
 98
1
 10
2542786.016294685
 20
-34322.99324863981
  0
LWPOLYLINE
  5
806
330
17
100
AcDbEntity
  8
空调
100
AcDbPolyline
 90
4
 70
1
 10
2550015.351291914
 20
-34183.8657360751
 10
2550015.351291914
 20
-34383.8657360751
 10
2549940.351291914
 20
-34383.8657360751
 10
2549940.351291914
 20
-34183.8657360751
  0
LINE
  5
807
330
17
100
AcDbEntity
  8
空调
100
AcDbLine
 10
2549940.351291914
 20
-34183.8657360751
 30
0.0
 11
2550015.351291914
 21
-34383.8657360751
 31
0.0
  0
HATCH
  5
808
330
17
100
AcDbEntity
  8
空调
100
AcDbHatch
 10
0.0
 20
0.0
 30
0.0
210
0.0
220
0.0
230
1.0
  2
SOLID
 70
1
 71
0
 91
1
 92
7
 72
0
 73
1
 93
3
 10
2549940.351291914
 20
-34383.86573607509
 10
2550015.351291914
 20
-34383.86573607509
 10
2549940.351291914
 20
-34183.86573607483
 97
2
330
14163D
330
14163C
 75
0
 76
1
 47
0.4771022983012417
 98
1
 10
2549961.016294682
 20
-34322.99324863928
  0
LWPOLYLINE
  5
809
330
17
100
AcDbEntity
  8
空调
100
AcDbPolyline
 90
4
 70
1
 10
2549315.46577061
 20
-34183.8657360751
 10
2549315.46577061
 20
-34383.8657360751
 10
2549390.46577061
 20
-34383.8657360751
 10
2549390.46577061
 20
-34183.8657360751
  0
LINE
  5
80A
330
17
100
AcDbEntity
  8
空调
100
AcDbLine
 10
2549390.46577061
 20
-34183.8657360751
 30
0.0
 11
2549315.46577061
 21
-34383.8657360751
 31
0.0
  0
HATCH
  5
80B
330
17
100
AcDbEntity
  8
空调
100
AcDbHatch
 10
0.0
 20
0.0
 30
0.0
210
0.0
220
0.0
230
1.0
  2
SOLID
 70
1
 71
0
 91
1
 92
7
 72
0
 73
1
 93
3
 10
2549390.46577061
 20
-34183.86573607612
 10
2549315.465770611
 20
-34383.8657360751
 10
2549390.46577061
 20
-34383.8657360751
 97
2
330
141640
330
14163F
 75
0
 76
1
 47
0.4771022983012417
 98
1
 10
2549369.800767843
 20
-34322.99324863928
  0
LWPOLYLINE
  5
80C
330
17
100
AcDbEntity
  8
空调
100
AcDbPolyline
 90
4
 70
1
 10
2560040.363443442
 20
-34483.86573607533
 10
2560040.363443442
 20
-34683.86573607533
 10
2560115.363443442
 20
-34683.86573607533
 10
2560115.363443442
 20
-34483.86573607533
  0
LINE
  5
80D
330
17
100
AcDbEntity
  8
空调
100
AcDbLine
 10
2560115.363443442
 20
-34483.86573607533
 30
0.0
 11
2560040.363443442
 21
-34683.86573607533
 31
0.0
  0
HATCH
  5
80E
330
17
100
AcDbEntity
  8
空调
100
AcDbHatch
 10
0.0
 20
0.0
 30
0.0
210
0.0
220
0.0
230
1.0
  2
SOLID
 70
1
 71
0
 91
1
 92
7
 72
0
 73
1
 93
3
 10
2560115.363443442
 20
-34483.86573607518
 10
2560040.363443442
 20
-34683.86573607533
 10
2560115.363443442
 20
-34683.86573607534
 97
2
330
141643
330
141642
 75
0
 76
1
 47
0.4771022983012417
 98
1
 10
2560094.698440675
 20
-34622.99324863951
  0
LWPOLYLINE
  5
80F
330
17
100
AcDbEntity
  8
空调
100
AcDbPolyline
 90
4
 70
1
 10
2556490.363443442
 20
-34183.86573607562
 10
2556490.363443442
 20
-34383.86573607562
 10
2556565.363443442
 20
-34383.86573607562
 10
2556565.363443442
 20
-34183.86573607562
  0
LINE
  5
810
330
17
100
AcDbEntity
  8
空调
100
AcDbLine
 10
2556565.363443442
 20
-34183.86573607562
 30
0.0
 11
2556490.363443442
 21
-34383.86573607562
 31
0.0
  0
HATCH
  5
811
330
17
100
AcDbEntity
  8
空调
100
AcDbHatch
 10
0.0
 20
0.0
 30
0.0
210
0.0
220
0.0
230
1.0
  2
SOLID
 70
1
 71
0
 91
1
 92
7
 72
0
 73
1
 93
3
 10
2556565.363443442
 20
-34183.86573607612
 10
2556490.363443442
 20
-34383.86573607562
 10
2556565.363443442
 20
-34383.86573607562
 97
2
330
141646
330
141645
 75
0
 76
1
 47
0.4771022983012417
 98
1
 10
2556544.698440674
 20
-34322.99324863981
  0
INSERT
  5
812
330
17
100
AcDbEntity
  8
PAIQI
100
AcDbBlockReference
  2
A$C49C63E30
 10
2571665.354855565
 20
-25633.86578122637
 30
0.0
  0
INSERT
  5
814
330
17
100
AcDbEntity
  8
PAIQI
100
AcDbBlockReference
  2
A$C60216E34
 10
2573115.356906082
 20
-20633.86587906291
 30
0.0
  0
LINE
  5
816
330
17
100
AcDbEntity
  8
WALL
100
AcDbLine
 10
2574665.357367704
 20
-20383.86573607446
 30
0.0
 11
2574765.357367704
 21
-20383.86573607446
 31
0.0
  0
INSERT
  5
817
330
17
100
AcDbEntity
  8
PAIQI
100
AcDbBlockReference
  2
A$C60216E34
 10
2565065.353868188
 20
-20633.86587906291
 30
0.0
  0
INSERT
  5
819
330
17
100
AcDbEntity
  8
PAIQI
100
AcDbBlockReference
  2
A$C60216E34
 10
2555845.408069629
 20
-23633.86587906326
 30
0.0
  0
INSERT
  5
81B
330
17
100
AcDbEntity
  8
PAIQI
100
AcDbBlockReference
  2
A$C60216E34
 10
2543165.356906083
 20
-23633.86587906326
 30
0.0
  0
CIRCLE
  5
81D
330
17
100
AcDbEntity
  8
PAISHUI
100
AcDbCircle
 10
2542865.408531253
 20
-22383.86573607481
 30
0.0
 40
50.0
  0
CIRCLE
  5
81E
330
17
100
AcDbEntity
  8
PAISHUI
100
AcDbCircle
 10
2556465.306204165
 20
-22383.86573607481
 30
0.0
 40
50.0
  0
CIRCLE
  5
81F
330
17
100
AcDbEntity
  8
PAISHUI
100
AcDbCircle
 10
2564765.354329814
 20
-19383.86573607603
 30
0.0
 40
50.0
  0
CIRCLE
  5
820
330
17
100
AcDbEntity
  8
PAISHUI
100
AcDbCircle
 10
2542265.35736771
 20
-34783.86573607521
 30
0.0
 40
50.0
  0
CIRCLE
  5
821
330
17
100
AcDbEntity
  8
PAISHUI
100
AcDbCircle
 10
2557065.357367706
 20
-34783.86573607521
 30
0.0
 40
50.0
  0
CIRCLE
  5
822
330
17
100
AcDbEntity
  8
PAISHUI
100
AcDbCircle
 10
2564165.354329816
 20
-31783.86573607644
 30
0.0
 40
50.0
  0
CIRCLE
  5
823
330
17
100
AcDbEntity
  8
PAISHUI
100
AcDbCircle
 10
2548066.547103271
 20
-23097.2799900173
 30
0.0
 40
50.0
  0
HATCH
  5
824
330
17
100
AcDbEntity
  8
PAISHUI
100
AcDbHatch
 10
0.0
 20
0.0
 30
0.0
210
0.0
220
0.0
230
1.0
  2
ANSI31
 70
0
 71
0
 91
1
 92
1
 93
1
 72
2
 10
2548066.547103271
 20
-23097.2799900173
 40
50.0
 50
0.0
 51
360.0
 73
1
 97
1
330
143EFC
 75
0
 76
1
 52
180.0
 41
200.0
 77
0
 78
1
 53
225.0
 43
-507815.1649407153
 44
426314.7669729749
 45
17.67766952966368
 46
-17.67766952966369
 79
0
 98
1
 10
-507815.1649407153
 20
426314.7669729749
  0
CIRCLE
  5
825
330
17
100
AcDbEntity
  8
PAISHUI
100
AcDbCircle
 10
2551148.59935332
 20
-23104.08926163975
 30
0.0
 40
50.0
  0
CIRCLE
  5
826
330
17
100
AcDbEntity
  8
PAISHUI
100
AcDbCircle
 10
2551264.218795702
 20
-23097.2799900173
 30
0.0
 40
50.0
  0
HATCH
  5
827
330
17
100
AcDbEntity
  8
PAISHUI
100
AcDbHatch
 10
0.0
 20
0.0
 30
0.0
210
0.0
220
0.0
230
1.0
  2
ANSI31
 70
0
 71
0
 91
1
 92
1
 93
1
 72
2
 10
2551264.218795702
 20
-23097.2799900173
 40
50.0
 50
0.0
 51
360.0
 73
1
 97
1
330
143EFF
 75
0
 76
1
 52
180.0
 41
200.0
 77
0
 78
1
 53
315.0
 43
5607145.930839688
 44
426314.7669729749
 45
-17.67766952966368
 46
-17.67766952966369
 79
0
 98
1
 10
5607145.930839688
 20
426314.7669729749
  0
CIRCLE
  5
828
330
17
100
AcDbEntity
  8
PAISHUI
100
AcDbCircle
 10
2569968.178264577
 20
-20097.2799900184
 30
-3.28758e-11
 40
50.0
  0
HATCH
  5
829
330
17
100
AcDbEntity
  8
PAISHUI
100
AcDbHatch
 10
0.0
 20
0.0
 30
-3.28758e-11
210
0.0
220
0.0
230
1.0
  2
ANSI31
 70
0
 71
0
 91
1
 92
1
 93
1
 72
2
 10
2569968.178264577
 20
-20097.2799900184
 40
50.0
 50
0.0
 51
360.0
 73
1
 97
1
330
143F01
 75
0
 76
1
 52
180.0
 41
200.0
 77
0
 78
1
 53
225.0
 43
-485913.5337794088
 44
429314.7669729738
 45
17.67766952966368
 46
-17.67766952966369
 79
0
 98
1
 10
-485913.5337794088
 20
429314.7669729738
  0
CIRCLE
  5
82A
330
17
100
AcDbEntity
  8
PAISHUI
100
AcDbCircle
 10
2550779.084678161
 20
-23089.64965252008
 30
0.0
 40
50.0
  0
CIRCLE
  5
82B
330
17
100
AcDbEntity
  8
PAISHUI
100
AcDbCircle
 10
2548195.983514684
 20
-23104.08926163975
 30
0.0
 40
50.0
  0
CIRCLE
  5
82C
330
17
100
AcDbEntity
  8
PAISHUI
100
AcDbCircle
 10
2570092.80914012
 20
-20097.2799900184
 30
-3.28758e-11
 40
50.0
  0
CIRCLE
  5
82D
330
17
100
AcDbEntity
  8
PAISHUI
100
AcDbCircle
 10
2570435.547042356
 20
-20097.2799900184
 30
-3.28758e-11
 40
50.0
  0
CIRCLE
  5
82E
330
17
100
AcDbEntity
  8
PAISHUI
100
AcDbCircle
 10
2577681.417583619
 20
-20097.2799900184
 30
-3.28758e-11
 40
50.0
  0
HATCH
  5
82F
330
17
100
AcDbEntity
  8
PAISHUI
100
AcDbHatch
 10
0.0
 20
0.0
 30
-3.28758e-11
210
0.0
220
0.0
230
1.0
  2
ANSI31
 70
0
 71
0
 91
1
 92
1
 93
1
 72
2
 10
2577681.417583619
 20
-20097.2799900184
 40
50.0
 50
0.0
 51
360.0
 73
1
 97
1
330
143F07
 75
0
 76
1
 52
180.0
 41
200.0
 77
0
 78
1
 53
225.0
 43
-478200.2944603665
 44
429314.7669729738
 45
17.67766952966368
 46
-17.67766952966369
 79
0
 98
1
 10
-478200.2944603665
 20
429314.7669729738
  0
CIRCLE
  5
830
330
17
100
AcDbEntity
  8
PAISHUI
100
AcDbCircle
 10
2577806.048459162
 20
-20097.2799900184
 30
-3.28758e-11
 40
50.0
  0
CIRCLE
  5
831
330
17
100
AcDbEntity
  8
PAISHUI
100
AcDbCircle
 10
2581926.706025086
 20
-25406.54557914904
 30
0.0
 40
50.0
  0
HATCH
  5
832
330
17
100
AcDbEntity
  8
PAISHUI
100
AcDbHatch
 10
0.0
 20
0.0
 30
0.0
210
0.0
220
0.0
230
1.0
  2
ANSI31
 70
0
 71
0
 91
1
 92
1
 93
1
 72
2
 10
2581926.706025086
 20
-25406.54557914904
 40
50.0
 50
0.0
 51
360.0
 73
1
 97
1
330
143F0A
 75
0
 76
1
 52
89.99999999999999
 41
200.0
 77
0
 78
1
 53
135.0
 43
3031338.752988079
 44
3030475.166464837
 45
-17.6776695296637
 46
-17.67766952966368
 79
0
 98
1
 10
3031338.752988079
 20
3030475.166464837
  0
CIRCLE
  5
833
330
17
100
AcDbEntity
  8
PAISHUI
100
AcDbCircle
 10
2581926.706025086
 20
-25531.1764546918
 30
0.0
 40
50.0
  0
CIRCLE
  5
834
330
17
100
AcDbEntity
  8
PAISHUI
100
AcDbCircle
 10
2577779.788735681
 20
-31481.72505156423
 30
-3.28758e-11
 40
50.0
  0
HATCH
  5
835
330
17
100
AcDbEntity
  8
PAISHUI
100
AcDbHatch
 10
0.0
 20
0.0
 30
-3.28758e-11
210
0.0
220
0.0
230
1.0
  2
ANSI31
 70
0
 71
0
 91
1
 92
1
 93
1
 72
2
 10
2577779.788735681
 20
-31481.72505156423
 40
50.0
 50
0.0
 51
360.0
 73
1
 97
1
330
143F0D
 75
0
 76
1
 52
180.0
 41
200.0
 77
0
 78
1
 53
225.0
 43
-478101.9233083045
 44
417930.321911428
 45
17.67766952966368
 46
-17.67766952966369
 79
0
 98
1
 10
-478101.9233083045
 20
417930.321911428
  0
CIRCLE
  5
836
330
17
100
AcDbEntity
  8
PAISHUI
100
AcDbCircle
 10
2577902.752675759
 20
-31481.72505156423
 30
-3.28758e-11
 40
50.0
  0
CIRCLE
  5
837
330
17
100
AcDbEntity
  8
PAISHUI
100
AcDbCircle
 10
2564766.386975535
 20
-31481.72505156423
 30
-3.28758e-11
 40
50.0
  0
HATCH
  5
838
330
17
100
AcDbEntity
  8
PAISHUI
100
AcDbHatch
 10
0.0
 20
0.0
 30
-3.28758e-11
210
0.0
220
0.0
230
1.0
  2
ANSI31
 70
0
 71
0
 91
1
 92
1
 93
1
 72
2
 10
2564766.386975535
 20
-31481.72505156423
 40
50.0
 50
0.0
 51
360.0
 73
1
 97
1
330
143F10
 75
0
 76
1
 52
180.0
 41
200.0
 77
0
 78
1
 53
315.0
 43
5620648.09901952
 44
417930.321911428
 45
-17.67766952966368
 46
-17.67766952966369
 79
0
 98
1
 10
5620648.09901952
 20
417930.321911428
  0
CIRCLE
  5
839
330
17
100
AcDbEntity
  8
PAISHUI
100
AcDbCircle
 10
2564643.423035458
 20
-31481.72505156423
 30
-3.28758e-11
 40
50.0
  0
CIRCLE
  5
83A
330
17
100
AcDbEntity
  8
PAISHUI
100
AcDbCircle
 10
2542866.390013431
 20
-34481.72505156294
 30
-3.28758e-11
 40
50.0
  0
HATCH
  5
83B
330
17
100
AcDbEntity
  8
PAISHUI
100
AcDbHatch
 10
0.0
 20
0.0
 30
-3.28758e-11
210
0.0
220
0.0
230
1.0
  2
ANSI31
 70
0
 71
0
 91
1
 92
1
 93
1
 72
2
 10
2542866.390013431
 20
-34481.72505156294
 40
50.0
 50
0.0
 51
360.0
 73
1
 97
1
330
143F13
 75
0
 76
1
 52
180.0
 41
200.0
 77
0
 78
1
 53
315.0
 43
5598748.102057416
 44
414930.3219114293
 45
-17.67766952966368
 46
-17.67766952966369
 79
0
 98
1
 10
5598748.102057416
 20
414930.3219114293
  0
CIRCLE
  5
83C
330
17
100
AcDbEntity
  8
PAISHUI
100
AcDbCircle
 10
2542743.426073353
 20
-34481.72505156294
 30
-3.28758e-11
 40
50.0
  0
CIRCLE
  5
83D
330
17
100
AcDbEntity
  8
PAISHUI
100
AcDbCircle
 10
2556464.324721983
 20
-34481.72505155386
 30
-3.28758e-11
 40
50.0
  0
HATCH
  5
83E
330
17
100
AcDbEntity
  8
PAISHUI
100
AcDbHatch
 10
0.0
 20
0.0
 30
-3.28758e-11
210
0.0
220
0.0
230
1.0
  2
ANSI31
 70
0
 71
0
 91
1
 92
1
 93
1
 72
2
 10
2556464.324721983
 20
-34481.72505155386
 40
50.0
 50
0.0
 51
360.0
 73
1
 97
1
330
143F16
 75
0
 76
1
 52
180.0
 41
200.0
 77
0
 78
1
 53
225.0000000000803
 43
-499417.3873226331
 44
414930.321907154
 45
17.67766952968847
 46
-17.67766952963891
 79
0
 98
1
 10
-499417.3873226331
 20
414930.321907154
  0
CIRCLE
  5
83F
330
17
100
AcDbEntity
  8
PAISHUI
100
AcDbCircle
 10
2556587.28866206
 20
-34481.72505155369
 30
-3.28758e-11
 40
50.0
  0
LINE
  5
840
330
17
100
AcDbEntity
  8
WALL
100
AcDbLine
 10
2574765.357367703
 20
-31183.86573607917
 30
0.0
 11
2574615.357367704
 21
-31183.86573608016
 31
0.0
  0
LINE
  5
841
330
17
100
AcDbEntity
  8
WALL
100
AcDbLine
 10
2581923.936011467
 20
-19825.28709231207
 30
0.0
 11
2581782.51465523
 21
-19683.86573607469
 31
0.0
  0
LINE
  5
842
330
17
100
AcDbEntity
  8
WALL
100
AcDbLine
 10
2578165.360405604
 20
-31683.86573607498
 30
0.0
 11
2578065.357367704
 21
-31683.86573607498
 31
0.0
  0
LINE
  5
843
330
17
100
AcDbEntity
  8
WALL
100
AcDbLine
 10
2564465.354329816
 20
-31683.86573607597
 30
-3.28758e-11
 11
2564365.354329815
 21
-31683.86573607597
 31
0.0
  0
LINE
  5
844
330
17
100
AcDbEntity
  8
WALL
100
AcDbLine
 10
2556765.408531259
 20
-34683.86573607475
 30
-3.28758e-11
 11
2556865.40853126
 21
-34683.86573607475
 31
0.0
  0
LINE
  5
845
330
17
100
AcDbEntity
  8
WALL
100
AcDbLine
 10
2542565.357367711
 20
-34683.86573607475
 30
-3.28758e-11
 11
2542465.35736771
 21
-34683.86573607475
 31
0.0
  0
LINE
  5
846
330
17
100
AcDbEntity
  8
BALCONY
100
AcDbLine
 10
2548465.357367713
 20
-21983.86573607248
 30
0.0
 11
2550865.357367706
 21
-21983.86573607457
 31
-1.871e-12
  0
LINE
  5
847
330
17
100
AcDbEntity
  8
BALCONY
100
AcDbLine
 10
2548465.357367713
 20
-22183.86573607248
 30
0.0
 11
2550865.357367706
 21
-22183.86573607457
 31
-1.871e-12
  0
CIRCLE
  5
848
330
17
100
AcDbEntity
  8
PAISHUI
100
AcDbCircle
 10
2550645.248355651
 20
-23097.2799900173
 30
0.0
 40
50.0
  0
HATCH
  5
849
330
17
100
AcDbEntity
  8
PAISHUI
100
AcDbHatch
 10
0.0
 20
0.0
 30
0.0
210
0.0
220
0.0
230
1.0
  2
ANSI31
 70
0
 71
0
 91
1
 92
1
 93
1
 72
2
 10
2550645.248355651
 20
-23097.2799900173
 40
50.0
 50
0.0
 51
360.0
 73
1
 97
1
330
143FEA
 75
0
 76
1
 52
180.0
 41
200.0
 77
0
 78
1
 53
225.0
 43
-505236.4636883349
 44
426314.7669729749
 45
17.67766952966368
 46
-17.67766952966369
 79
0
 98
1
 10
-505236.4636883349
 20
426314.7669729749
  0
LWPOLYLINE
  5
84A
330
17
100
AcDbEntity
  8
PAISHUI
100
AcDbPolyline
 90
2
 70
0
 10
2550375.20997207
 20
-22942.83547945507
 10
2549377.198740393
 20
-22461.35256725643
  0
INSERT
  5
84B
330
17
100
AcDbEntity
  8
PAISHUI
100
AcDbBlockReference
  2
_ARROW
 10
2550375.20997207
 20
-22942.83547945507
 30
0.0
 41
400.0
 42
400.0
 43
400.0
 50
334.245368868
  0
LINE
  5
84D
330
17
100
AcDbEntity
  8
BALCONY
100
AcDbLine
 10
2572765.357367712
 20
-20183.86573607073
 30
0.0
 11
2572765.357367711
 21
-19183.8657360737
 31
0.0
  0
LINE
  5
84E
330
17
100
AcDbEntity
  8
BALCONY
100
AcDbLine
 10
2570365.354329818
 20
-18983.8657360737
 30
0.0
 11
2572965.357367712
 21
-18983.8657360737
 31
0.0
  0
LINE
  5
84F
330
17
100
AcDbEntity
  8
BALCONY
100
AcDbLine
 10
2572965.357367712
 20
-20183.86573607073
 30
0.0
 11
2572965.357367712
 21
-18983.8657360737
 31
0.0
  0
LINE
  5
850
330
17
100
AcDbEntity
  8
BALCONY
100
AcDbLine
 10
2570365.354329818
 20
-19183.8657360737
 30
0.0
 11
2572765.357367711
 21
-19183.8657360737
 31
0.0
  0
CIRCLE
  5
851
330
17
100
AcDbEntity
  8
PAISHUI
100
AcDbCircle
 10
2570567.398643138
 20
-20097.2799900184
 30
-3.28758e-11
 40
50.0
  0
HATCH
  5
852
330
17
100
AcDbEntity
  8
PAISHUI
100
AcDbHatch
 10
0.0
 20
0.0
 30
-3.28758e-11
210
0.0
220
0.0
230
1.0
  2
ANSI31
 70
0
 71
0
 91
1
 92
1
 93
1
 72
2
 10
2570567.398643138
 20
-20097.2799900184
 40
50.0
 50
0.0
 51
360.0
 73
1
 97
1
330
143FF2
 75
0
 76
1
 52
180.0
 41
200.0
 77
0
 78
1
 53
225.0
 43
-485314.3134008478
 44
429314.7669729738
 45
17.67766952966368
 46
-17.67766952966369
 79
0
 98
1
 10
-485314.3134008478
 20
429314.7669729738
  0
LWPOLYLINE
  5
853
330
17
100
AcDbEntity
  8
PAISHUI
100
AcDbPolyline
 90
2
 70
0
 10
2571030.781317889
 20
-19870.70854017208
 10
2572105.511507553
 20
-19386.30754971784
  0
INSERT
  5
854
330
17
100
AcDbEntity
  8
PAISHUI
100
AcDbBlockReference
  2
_ARROW
 10
2571030.781317889
 20
-19870.70854017208
 30
0.0
 41
400.0
 42
400.0
 43
400.0
 50
203.314427752
  0
LINE
  5
856
330
17
100
AcDbEntity
  8
内隔墙
100
AcDbLine
 10
2579265.357367705
 20
-25183.86573607486
 30
0.0
 11
2577865.357367717
 21
-25183.86573607475
 31
0.0
  0
LINE
  5
857
330
17
100
AcDbEntity
  8
内隔墙
100
AcDbLine
 10
2578265.357367705
 20
-31183.86573612085
 30
0.0
 11
2578265.357367706
 21
-26883.86573607475
 31
0.0
  0
LINE
  5
858
330
17
100
AcDbEntity
  8
内隔墙
100
AcDbLine
 10
2573765.357367704
 20
-25283.86573607463
 30
0.0
 11
2574965.357367705
 21
-25283.86573607638
 31
-3.3562e-11
  0
LINE
  5
859
330
17
100
AcDbEntity
  8
WALL
100
AcDbLine
 10
2564365.354329815
 20
-25383.86573607597
 30
0.0
 11
2563865.354329815
 21
-25383.86573607597
 31
0.0
  0
LINE
  5
85A
330
17
100
AcDbEntity
  8
WALL
100
AcDbLine
 10
2539665.35736771
 20
-27083.86573607486
 30
0.0
 11
2539665.35736771
 21
-22483.86573607498
 31
0.0
  0
LINE
  5
85B
330
17
100
AcDbEntity
  8
WALL
100
AcDbLine
 10
2539865.35736771
 20
-27683.86573607486
 30
-1.45519e-11
 11
2539865.35736771
 21
-28283.86573607486
 31
0.0
  0
LINE
  5
85C
330
17
100
AcDbEntity
  8
WALL
100
AcDbLine
 10
2539665.35736771
 20
-27683.86573607486
 30
-4.36557e-11
 11
2539865.35736771
 21
-27683.86573607486
 31
-1.45519e-11
  0
LINE
  5
85D
330
17
100
AcDbEntity
  8
WALL
100
AcDbLine
 10
2539665.35736771
 20
-27083.86573607486
 30
-4.36557e-11
 11
2539865.35736771
 21
-27083.86573607486
 31
-2.91038e-11
  0
LINE
  5
85E
330
17
100
AcDbEntity
  8
WALL
100
AcDbLine
 10
2539665.35736771
 20
-28383.86573607492
 30
0.0
 11
2541265.35736771
 21
-28383.86573607475
 31
0.0
  0
LINE
  5
85F
330
17
100
AcDbEntity
  8
WALL
100
AcDbLine
 10
2539665.35736771
 20
-28183.86573607486
 30
0.0
 11
2539665.35736771
 21
-28383.86573607486
 31
0.0
  0
LINE
  5
860
330
17
100
AcDbEntity
  8
WALL
100
AcDbLine
 10
2539065.35736771
 20
-28183.86573607486
 30
0.0
 11
2539065.35736771
 21
-28383.86573607486
 31
0.0
  0
LINE
  5
861
330
17
100
AcDbEntity
  8
WALL
100
AcDbLine
 10
2581665.357367705
 20
-26783.86573607498
 30
0.0
 11
2581665.357367705
 21
-27283.86573607498
 31
0.0
  0
LINE
  5
862
330
17
100
AcDbEntity
  8
WALL
100
AcDbLine
 10
2581865.357367705
 20
-26783.86573607498
 30
0.0
 11
2581865.357367705
 21
-31683.86573607615
 31
0.0
  0
LINE
  5
863
330
17
100
AcDbEntity
  8
WALL
100
AcDbLine
 10
2581665.357367705
 20
-26783.86573607498
 30
0.0
 11
2581865.357367705
 21
-26783.86573607498
 31
-1.66308e-11
  0
LINE
  5
864
330
17
100
AcDbEntity
  8
WALL
100
AcDbLine
 10
2581665.357367705
 20
-25883.86573607498
 30
-1.66308e-11
 11
2581865.357367705
 21
-25883.86573607498
 31
0.0
  0
LWPOLYLINE
  5
865
330
17
100
AcDbEntity
  8
AREA
100
AcDbPolyline
 90
35
 70
1
 10
2539665.352700086
 20
-22483.86573607184
 10
2543165.357367715
 20
-22483.86573606409
 10
2543165.357367711
 20
-23183.86573607603
 10
2548265.357367715
 20
-23183.86573607603
 10
2556165.408531258
 20
-23183.86573607996
 10
2556165.408531259
 20
-22483.865736073
 10
2559665.40853126
 20
-22483.865736073
 10
2559665.408531262
 20
-28183.86573607335
 10
2560565.359333033
 20
-28183.86573607342
 10
2560665.359356016
 20
-28183.86575905628
 10
2560665.354329815
 20
-25183.8657360744
 10
2561565.357367709
 20
-25183.8657360744
 10
2561565.354329814
 20
-19483.86573607312
 10
2565065.357367709
 20
-19483.86573607306
 10
2565065.354329817
 20
-20183.86573607189
 10
2577923.936011471
 20
-20183.86573607347
 10
2578623.928098644
 20
-19483.87364890118
 10
2581865.357367706
 20
-19483.86573607306
 10
2582865.357367708
 20
-20483.86573607742
 10
2582865.357367709
 20
-23125.2870923105
 10
2581865.357367707
 20
-24125.2870923137
 10
2581865.357367704
 20
-31683.86573607434
 10
2577965.357367705
 20
-31683.86573607323
 10
2577965.357367704
 20
-31383.86573607385
 10
2564565.354329816
 20
-31383.86573607297
 10
2564565.354329816
 20
-31683.8657360744
 10
2560565.359333033
 20
-31683.86573607412
 10
2560565.40853126
 20
-34683.86573607341
 10
2556665.408531259
 20
-34683.86573607318
 10
2556665.408531259
 20
-34383.86573607388
 10
2542665.357367711
 20
-34383.86573607388
 10
2542665.357367711
 20
-34683.86573607294
 10
2538765.35736771
 20
-34683.86573607201
 10
2538765.35736771
 20
-28183.86573607318
 10
2539665.357367714
 20
-28183.86573607318
  0
LWPOLYLINE
  5
866
330
17
100
AcDbEntity
  8
AREA
100
AcDbPolyline
 90
6
 70
1
 10
2550865.408531259
 20
-23183.86573606322
 10
2550865.408531259
 20
-21983.86573607259
 10
2556365.357367707
 20
-21983.86573589419
 10
2556365.357367707
 20
-22483.865736073
 10
2556165.357367714
 20
-22483.86573607481
 10
2556165.40853126
 20
-23183.8657360716
  0
LWPOLYLINE
  5
867
330
17
100
AcDbEntity
  8
AREA
100
AcDbPolyline
 90
6
 70
1
 10
2564865.405493358
 20
-19483.86573607306
 10
2564865.405493358
 20
-18983.86573607591
 10
2570365.331785932
 20
-18983.86573608202
 10
2570365.331785932
 20
-20183.86573607574
 10
2565065.354329911
 20
-20183.84403694964
 10
2565065.405493362
 20
-19483.86573607603
  0
LWPOLYLINE
  5
868
330
17
100
AcDbEntity
  8
AREA
100
AcDbPolyline
 90
5
 70
1
 10
2574765.357367704
 20
-18983.86573607481
 10
2574765.357367704
 20
-20183.8657360731
 10
2577923.936011471
 20
-20183.86573607347
 10
2578614.936011468
 20
-19492.86573607677
 10
2578614.936011468
 20
-18983.86573607469
  0
LWPOLYLINE
  5
869
330
17
100
AcDbEntity
  8
AREA
100
AcDbPolyline
 90
6
 70
1
 10
2582865.35736771
 20
-22983.86573607475
 10
2583065.357367705
 20
-22983.86573607475
 10
2583065.357367705
 20
-27483.86573607545
 10
2581865.357367706
 20
-27483.86573607545
 10
2581865.357367707
 20
-24125.28709231626
 10
2582865.357367709
 20
-23125.2870923116
  0
LWPOLYLINE
  5
86A
330
17
100
AcDbEntity
  8
AREA
100
AcDbPolyline
 90
6
 70
1
 10
2577965.357367704
 20
-31383.86573607385
 10
2577965.357367704
 20
-31683.86573607504
 10
2578265.357367705
 20
-31683.86573607332
 10
2578265.357367705
 20
-33183.86573607603
 10
2572565.360405605
 20
-33183.86573607562
 10
2572565.360405603
 20
-31383.86573609089
  0
LWPOLYLINE
  5
86B
330
17
100
AcDbEntity
  8
AREA
100
AcDbPolyline
 90
6
 70
1
 10
2570565.354329817
 20
-31383.86573608933
 10
2570564.354329816
 20
-33183.86573607568
 10
2564265.354329815
 20
-33183.86573607603
 10
2564265.354329816
 20
-31683.86573607626
 10
2564565.354329816
 20
-31683.8657360744
 10
2564565.354329815
 20
-31383.86573607673
  0
LWPOLYLINE
  5
86C
330
17
100
AcDbEntity
  8
AREA
100
AcDbPolyline
 90
6
 70
1
 10
2550665.408531258
 20
-34383.86573607494
 10
2550665.408531258
 20
-36183.86573607446
 10
2556965.40853126
 20
-36183.86573607481
 10
2556965.40853126
 20
-34683.86573607505
 10
2556665.408531259
 20
-34683.86573607318
 10
2556665.408531259
 20
-34383.86573607388
  0
LWPOLYLINE
  5
86D
330
17
100
AcDbEntity
  8
AREA
100
AcDbPolyline
 90
6
 70
1
 10
2542365.35736771
 20
-34683.86573607504
 10
2542365.35736771
 20
-36183.86573607481
 10
2548664.357367711
 20
-36183.86573607481
 10
2548664.357367711
 20
-34383.86573607494
 10
2542665.357367711
 20
-34383.86573607388
 10
2542665.357367711
 20
-34683.86573607294
  0
LWPOLYLINE
  5
86E
330
17
100
AcDbEntity
  8
AREA
100
AcDbPolyline
 90
6
 70
1
 10
2548465.30620416
 20
-23183.86573606322
 10
2548465.30620416
 20
-21983.86573607259
 10
2542965.357367712
 20
-21983.86573589419
 10
2542965.357367712
 20
-22483.865736073
 10
2543165.357367705
 20
-22483.86573607481
 10
2543165.306204159
 20
-23183.8657360716
  0
LWPOLYLINE
  5
86F
330
17
100
AcDbEntity
  8
XIANJIAO
100
AcDbPolyline
 90
6
 70
0
 10
2539865.35736771
 20
-22383.86573607498
 10
2539565.35736771
 20
-22383.86573607501
 10
2539565.357367711
 20
-28083.86573607486
 10
2538665.35736771
 20
-28083.86573607486
 10
2538665.35736771
 20
-34783.86573607521
 10
2539315.35736771
 20
-34783.86573607521
  0
LWPOLYLINE
  5
870
330
17
100
AcDbEntity
  8
XIANJIAO
100
AcDbPolyline
 90
4
 70
0
 10
2560015.40853126
 20
-34783.86573607521
 10
2560665.35566221
 20
-34783.86573607522
 10
2560665.408531246
 20
-31883.8657360762
 10
2560565.40853126
 20
-31883.8657360762
  0
LWPOLYLINE
  5
871
330
17
100
AcDbEntity
  8
XIANJIAO
100
AcDbPolyline
 90
3
 70
0
 10
2560665.354329815
 20
-31683.86573607644
 10
2560665.354329815
 20
-31783.8657360762
 10
2561215.354329815
 20
-31783.86573607644
  0
LWPOLYLINE
  5
872
330
17
100
AcDbEntity
  8
XIANJIAO
100
AcDbPolyline
 90
3
 70
0
 10
2581315.357367705
 20
-31783.86573607596
 10
2581965.357367704
 20
-31783.86573607596
 10
2581965.357367705
 20
-27483.86573607545
  0
LWPOLYLINE
  5
873
330
17
100
AcDbEntity
  8
XIANJIAO
100
AcDbPolyline
 90
4
 70
0
 10
2578623.936011468
 20
-19383.86573607481
 10
2581906.778723942
 20
-19383.86573607533
 10
2582965.357367707
 20
-20442.44437984059
 10
2582965.35736771
 20
-22983.86573607464
  0
LINE
  5
874
330
17
100
AcDbEntity
  8
PUB_DIM
100
AcDbLine
 10
2540307.330752434
 20
-24517.89717173495
 30
0.0
 11
2537672.808522689
 21
-24517.89717173495
 31
0.0
  0
INSERT
  5
875
330
17
100
AcDbEntity
  8
PUB_DIM
100
AcDbBlockReference
 66
1
  2
_INDEX
 10
2537172.808522689
 20
-24517.89717173495
 30
0.0
 41
1000.0
 42
1000.0
 43
1000.0
  0
ATTRIB
  5
876
330
875
100
AcDbEntity
  8
0
100
AcDbText
 10
2537002.808522689
 20
-24467.89717173495
 30
0.0
 40
340.0
  1
3
  7
COMP
 41
1.5
 72
5
 11
2537342.808522689
 21
-24467.89717173495
 31
0.0
100
AcDbAttribute
  2
1
 70
0
 71
1
 72
0
 11
2537342.808522689
 21
-24467.89717173495
 31
0.0
  0
ATTRIB
  5
877
330
875
100
AcDbEntity
  8
0
100
AcDbText
 10
2537002.808522689
 20
-24907.89717173495
 30
0.0
 40
340.0
  1
15
  7
COMP
 41
0.7241379310344829
 72
5
 11
2537342.808522689
 21
-24907.89717173495
 31
0.0
100
AcDbAttribute
  2
-
 70
0
 71
1
 72
0
 11
2537342.808522689
 21
-24907.89717173495
 31
0.0
  0
SEQEND
  5
878
330
875
100
AcDbEntity
  8
PUB_DIM
  0
LWPOLYLINE
  5
879
330
17
100
AcDbEntity
  8
PUB_DIM
100
AcDbPolyline
 90
2
 70
0
 43
50.0
 10
2540307.330752434
 20
-24617.89717173495
 10
2539307.330752434
 20
-24617.89717173495
  0
TEXT
  5
87A
330
17
100
AcDbEntity
  8
PUB_TEXT
100
AcDbText
 10
2537736.327189735
 20
-24449.54722950707
 30
-4.36557e-11
 40
300.0
  1
线角1（仅二层设）
  7
_HZTXT
 41
0.8
100
AcDbText
  0
TEXT
  5
87B
330
17
100
AcDbEntity
  8
PUB_TEXT
100
AcDbText
 10
2537755.50464919
 20
-24851.10657343472
 30
-4.36557e-11
 40
300.0
  1
详建施(余同)
  7
_HZTXT
 41
0.8
100
AcDbText
  0
TEXT
  5
87C
330
17
100
AcDbEntity
  8
门窗名
100
AcDbText
 10
2548108.937426693
 20
-27785.41730377373
 30
0.0
 40
300.0
  1
AM-1021
 50
90.00000000000703
  7
_HZTXT
 41
0.7
100
AcDbText
  0
TEXT
  5
87D
330
17
100
AcDbEntity
  8
门窗名
100
AcDbText
 10
2542292.916066961
 20
-27483.95579122104
 30
0.0
 40
300.0
  1
JM-0721
 50
90.00000000000703
  7
_HZTXT
 41
0.7
100
AcDbText
  0
TEXT
  5
87E
330
17
100
AcDbEntity
  8
门窗名
100
AcDbText
 10
2541696.814121513
 20
-30461.30480410524
 30
1.21036e-11
 40
300.0
  1
JM-0721
 50
90.00000000000703
  7
_HZTXT
 41
0.7
100
AcDbText
  0
TEXT
  5
87F
330
17
100
AcDbEntity
  8
门窗名
100
AcDbText
 10
2545388.409076257
 20
-26166.19878457887
 30
0.0
 40
300.0
  1
TLM-1625
 50
90.00000000000703
  7
_HZTXT
 41
0.7
100
AcDbText
  0
TEXT
  5
880
330
17
100
AcDbEntity
  8
门窗名
100
AcDbText
 10
2546458.790874766
 20
-23108.3300934271
 30
0.0
 40
300.0
  1
TLM-1824
 50
7.0344e-12
  7
_HZTXT
 41
0.7
100
AcDbText
  0
LINE
  5
881
330
17
100
AcDbEntity
  8
WALL
100
AcDbLine
 10
2548465.408531265
 20
-26983.86573607608
 30
0.0
 11
2548265.408531266
 21
-26983.86573607608
 31
0.0
  0
LINE
  5
882
330
17
100
AcDbEntity
  8
WALL
100
AcDbLine
 10
2548265.357367712
 20
-26983.86573607643
 30
0.0
 11
2548465.357367712
 21
-26983.86573607643
 31
0.0
  0
TEXT
  5
883
330
17
100
AcDbEntity
  8
门窗名
100
AcDbText
 10
2543357.883093492
 20
-34138.61712929525
 30
0.0
 40
300.0
  1
TLM-1525
 50
7.0344e-12
  7
_HZTXT
 41
0.7
100
AcDbText
  0
TEXT
  5
884
330
17
100
AcDbEntity
  8
门窗名
100
AcDbText
 10
2546605.289703366
 20
-34138.61712929525
 30
0.0
 40
300.0
  1
TLM-2425
 50
7.0344e-12
  7
_HZTXT
 41
0.7
100
AcDbText
  0
TEXT
  5
885
330
17
100
AcDbEntity
  8
门窗名
100
AcDbText
 10
2543743.955856964
 20
-23108.3300934271
 30
0.0
 40
300.0
  1
TC-1215
 50
7.0344e-12
  7
_HZTXT
 41
0.7
100
AcDbText
  0
TEXT
  5
886
330
17
100
AcDbEntity
  8
门窗名
100
AcDbText
 10
2540209.262571063
 20
-27928.13471462559
 30
0.0
 40
300.0
  1
HC-0612
 50
90.00000000000703
  7
_HZTXT
 41
0.7
100
AcDbText
  0
TEXT
  5
887
330
17
100
AcDbEntity
  8
门窗名
100
AcDbText
 10
2538398.675999642
 20
-28024.84826586792
 30
0.0
 40
300.0
  1
HC-05512
 50
7.0227e-12
  7
_HZTXT
 41
0.7
100
AcDbText
  0
TEXT
  5
888
330
17
100
AcDbEntity
  8
门窗名
100
AcDbText
 10
2540738.513563395
 20
-21889.41070122982
 30
0.0
 40
300.0
  1
C1
 50
7.0344e-12
  7
_HZTXT
 41
0.7
100
AcDbText
  0
TEXT
  5
889
330
17
100
AcDbEntity
  8
门窗名
100
AcDbText
 10
2540163.56051246
 20
-35623.14280942432
 30
0.0
 40
300.0
  1
C1
 50
7.0344e-12
  7
_HZTXT
 41
0.7
100
AcDbText
  0
TEXT
  5
88A
330
17
100
AcDbEntity
  8
门窗名
100
AcDbText
 10
2549083.56242656
 20
-23810.34225961892
 30
0.0
 40
300.0
  1
TC-1512
 50
7.0344e-12
  7
_HZTXT
 41
0.7
100
AcDbText
  0
TEXT
  5
88B
330
17
100
AcDbEntity
  8
门窗名
100
AcDbText
 10
2551521.777308726
 20
-27785.41730377377
 30
0.0
 40
300.0
  1
AM-1021
 50
89.99999999999298
  7
_HZTXT
 41
0.7
100
AcDbText
  0
TEXT
  5
88C
330
17
100
AcDbEntity
  8
门窗名
100
AcDbText
 10
2557337.798668458
 20
-27483.95579122108
 30
0.0
 40
300.0
  1
JM-0721
 50
89.99999999999298
  7
_HZTXT
 41
0.7
100
AcDbText
  0
TEXT
  5
88D
330
17
100
AcDbEntity
  8
门窗名
100
AcDbText
 10
2557933.900613906
 20
-30461.30480410527
 30
1.21036e-11
 40
300.0
  1
JM-0721
 50
89.99999999999298
  7
_HZTXT
 41
0.7
100
AcDbText
  0
TEXT
  5
88E
330
17
100
AcDbEntity
  8
门窗名
100
AcDbText
 10
2554242.305659162
 20
-26166.1987845789
 30
0.0
 40
300.0
  1
TLM-1625
 50
89.99999999999298
  7
_HZTXT
 41
0.7
100
AcDbText
  0
TEXT
  5
88F
330
17
100
AcDbEntity
  8
门窗名
100
AcDbText
 10
2551716.923860653
 20
-23108.33009342696
 30
0.0
 40
300.0
  1
TLM-1824
 50
359.999999999993
  7
_HZTXT
 41
0.7
100
AcDbText
  0
TEXT
  5
890
330
17
100
AcDbEntity
  8
门窗名
100
AcDbText
 10
2554817.831641927
 20
-34138.61712929511
 30
0.0
 40
300.0
  1
TLM-1525
 50
359.999999999993
  7
_HZTXT
 41
0.7
100
AcDbText
  0
TEXT
  5
891
330
17
100
AcDbEntity
  8
门窗名
100
AcDbText
 10
2551517.925032053
 20
-34138.61712929511
 30
0.0
 40
300.0
  1
TLM-2425
 50
359.999999999993
  7
_HZTXT
 41
0.7
100
AcDbText
  0
TEXT
  5
892
330
17
100
AcDbEntity
  8
门窗名
100
AcDbText
 10
2554641.758878455
 20
-23108.33009342698
 30
0.0
 40
300.0
  1
TC-1215
 50
359.999999999993
  7
_HZTXT
 41
0.7
100
AcDbText
  0
TEXT
  5
893
330
17
100
AcDbEntity
  8
门窗名
100
AcDbText
 10
2559421.452164356
 20
-27928.13471462562
 30
0.0
 40
300.0
  1
HC-0609
 50
89.99999999999298
  7
_HZTXT
 41
0.7
100
AcDbText
  0
TEXT
  5
894
330
17
100
AcDbEntity
  8
门窗名
100
AcDbText
 10
2559163.009988178
 20
-28952.35590077127
 30
0.0
 40
300.0
  1
HC-05509
 50
359.999999999993
  7
_HZTXT
 41
0.7
100
AcDbText
  0
TEXT
  5
895
330
17
100
AcDbEntity
  8
门窗名
100
AcDbText
 10
2558382.201172024
 20
-21889.41070122979
 30
0.0
 40
300.0
  1
C1
 50
359.999999999993
  7
_HZTXT
 41
0.7
100
AcDbText
  0
TEXT
  5
896
330
17
100
AcDbEntity
  8
门窗名
100
AcDbText
 10
2558957.154222959
 20
-35623.14280942429
 30
0.0
 40
300.0
  1
C1
 50
359.999999999993
  7
_HZTXT
 41
0.7
100
AcDbText
  0
TEXT
  5
897
330
17
100
AcDbEntity
  8
门窗名
100
AcDbText
 10
2570008.939056422
 20
-24927.67627836122
 30
0.0
 40
300.0
  1
AM-1021
 50
90.00000000000703
  7
_HZTXT
 41
0.7
100
AcDbText
  0
TEXT
  5
898
330
17
100
AcDbEntity
  8
门窗名
100
AcDbText
 10
2564192.91769669
 20
-24483.95579122238
 30
0.0
 40
300.0
  1
JM-0721
 50
90.00000000000703
  7
_HZTXT
 41
0.7
100
AcDbText
  0
TEXT
  5
899
330
17
100
AcDbEntity
  8
门窗名
100
AcDbText
 10
2563596.815751242
 20
-27461.30480410658
 30
1.21036e-11
 40
300.0
  1
JM-0721
 50
90.00000000000703
  7
_HZTXT
 41
0.7
100
AcDbText
  0
TEXT
  5
89A
330
17
100
AcDbEntity
  8
门窗名
100
AcDbText
 10
2567288.410705986
 20
-23166.19878458021
 30
0.0
 40
300.0
  1
TLM-1625
 50
90.00000000000703
  7
_HZTXT
 41
0.7
100
AcDbText
  0
TEXT
  5
89B
330
17
100
AcDbEntity
  8
门窗名
100
AcDbText
 10
2568358.792504495
 20
-20108.33009342844
 30
0.0
 40
300.0
  1
TLM-1824
 50
7.0344e-12
  7
_HZTXT
 41
0.7
100
AcDbText
  0
TEXT
  5
89C
330
17
100
AcDbEntity
  8
门窗名
100
AcDbText
 10
2565257.884723221
 20
-31138.61712929659
 30
0.0
 40
300.0
  1
TLM-1525
 50
7.0344e-12
  7
_HZTXT
 41
0.7
100
AcDbText
  0
TEXT
  5
89D
330
17
100
AcDbEntity
  8
门窗名
100
AcDbText
 10
2568505.291333094
 20
-31138.61712929659
 30
0.0
 40
300.0
  1
TLM-2425
 50
7.0344e-12
  7
_HZTXT
 41
0.7
100
AcDbText
  0
TEXT
  5
89E
330
17
100
AcDbEntity
  8
门窗名
100
AcDbText
 10
2565943.957486693
 20
-20108.33009342844
 30
0.0
 40
300.0
  1
TC-1215
 50
7.0344e-12
  7
_HZTXT
 41
0.7
100
AcDbText
  0
TEXT
  5
89F
330
17
100
AcDbEntity
  8
门窗名
100
AcDbText
 10
2562109.264200792
 20
-24928.13471462692
 30
0.0
 40
300.0
  1
HC-0609
 50
90.00000000000703
  7
_HZTXT
 41
0.7
100
AcDbText
  0
TEXT
  5
8A0
330
17
100
AcDbEntity
  8
门窗名
100
AcDbText
 10
2560298.67762937
 20
-25024.84826586925
 30
0.0
 40
300.0
  1
HC-05509
 50
7.0227e-12
  7
_HZTXT
 41
0.7
100
AcDbText
  0
TEXT
  5
8A1
330
17
100
AcDbEntity
  8
门窗名
100
AcDbText
 10
2562638.515193124
 20
-18889.41070123116
 30
0.0
 40
300.0
  1
C1
 50
7.0344e-12
  7
_HZTXT
 41
0.7
100
AcDbText
  0
TEXT
  5
8A2
330
17
100
AcDbEntity
  8
门窗名
100
AcDbText
 10
2562063.562142189
 20
-32623.14280942566
 30
0.0
 40
300.0
  1
C1
 50
7.0344e-12
  7
_HZTXT
 41
0.7
100
AcDbText
  0
TEXT
  5
8A3
330
17
100
AcDbEntity
  8
门窗名
100
AcDbText
 10
2570983.564056289
 20
-20810.34225962026
 30
0.0
 40
300.0
  1
TC-1512
 50
7.0344e-12
  7
_HZTXT
 41
0.7
100
AcDbText
  0
TEXT
  5
8A4
330
17
100
AcDbEntity
  8
门窗名
100
AcDbText
 10
2573421.775678988
 20
-24927.67627836126
 30
0.0
 40
300.0
  1
AM-1021
 50
89.99999999999298
  7
_HZTXT
 41
0.7
100
AcDbText
  0
TEXT
  5
8A5
330
17
100
AcDbEntity
  8
门窗名
100
AcDbText
 10
2574146.112849739
 20
-26484.98276820067
 30
0.0
 40
300.0
  1
JM-0721
 50
90.00000000000703
  7
_HZTXT
 41
0.7
100
AcDbText
  0
TEXT
  5
8A6
330
17
100
AcDbEntity
  8
门窗名
100
AcDbText
 10
2579213.124094802
 20
-27366.38737206916
 30
0.0
 40
300.0
  1
JM-0721
 50
90.00000000000703
  7
_HZTXT
 41
0.7
100
AcDbText
  0
TEXT
  5
8A7
330
17
100
AcDbEntity
  8
门窗名
100
AcDbText
 10
2573531.386675521
 20
-20108.33009342844
 30
0.0
 40
300.0
  1
TC-1215
 50
7.0344e-12
  7
_HZTXT
 41
0.7
100
AcDbText
  0
TEXT
  5
8A8
330
17
100
AcDbEntity
  8
门窗名
100
AcDbText
 10
2575935.994999531
 20
-20108.33009342844
 30
0.0
 40
300.0
  1
TLM-1824
 50
7.0344e-12
  7
_HZTXT
 41
0.7
100
AcDbText
  0
TEXT
  5
8A9
330
17
100
AcDbEntity
  8
门窗名
100
AcDbText
 10
2575221.250012253
 20
-23166.19878458021
 30
0.0
 40
300.0
  1
TLM-1625
 50
90.00000000000703
  7
_HZTXT
 41
0.7
100
AcDbText
  0
TEXT
  5
8AA
330
17
100
AcDbEntity
  8
门窗名
100
AcDbText
 10
2573140.830915207
 20
-31138.61712929659
 30
0.0
 40
300.0
  1
TLM-1825
 50
7.0344e-12
  7
_HZTXT
 41
0.7
100
AcDbText
  0
TEXT
  5
8AB
330
17
100
AcDbEntity
  8
门窗名
100
AcDbText
 10
2576157.250653635
 20
-31138.61712929659
 30
0.0
 40
300.0
  1
TLM-1825
 50
7.0344e-12
  7
_HZTXT
 41
0.7
100
AcDbText
  0
TEXT
  5
8AC
330
17
100
AcDbEntity
  8
门窗名
100
AcDbText
 10
2579662.762153633
 20
-19300.98503986147
 30
0.0
 40
300.0
  1
TC-1215
 50
7.0344e-12
  7
_HZTXT
 41
0.7
100
AcDbText
  0
TEXT
  5
8AD
330
17
100
AcDbEntity
  8
门窗名
100
AcDbText
 10
2582123.861679589
 20
-19403.07006585994
 30
0.0
 40
300.0
  1
GC-0815
 50
310.8312341202694
  7
_HZTXT
 41
0.7
100
AcDbText
  0
TEXT
  5
8AE
330
17
100
AcDbEntity
  8
门窗名
100
AcDbText
 10
2582650.152549974
 20
-22343.26550640496
 30
0.0
 40
300.0
  1
TC-1215
 50
90.00000000000703
  7
_HZTXT
 41
0.7
100
AcDbText
  0
TEXT
  5
8AF
330
17
100
AcDbEntity
  8
门窗名
100
AcDbText
 10
2582350.853301178
 20
-24402.23271468416
 30
0.0
 40
300.0
  1
GC-0815
 50
49.16876587973057
  7
_HZTXT
 41
0.7
100
AcDbText
  0
TEXT
  5
8B0
330
17
100
AcDbEntity
  8
门窗名
100
AcDbText
 10
2582168.406890242
 20
-26847.61903541685
 30
0.0
 40
300.0
  1
TC-0909
 50
90.00000000000703
  7
_HZTXT
 41
0.7
100
AcDbText
  0
TEXT
  5
8B1
330
17
100
AcDbEntity
  8
门窗名
100
AcDbText
 10
2581521.211891305
 20
-25065.04805154416
 30
0.0
 40
300.0
  1
PM-0924
 50
90.00000000000703
  7
_HZTXT
 41
0.7
100
AcDbText
  0
TEXT
  5
8B2
330
17
100
AcDbEntity
  8
门窗名
100
AcDbText
 10
2580270.640393456
 20
-32623.14280942566
 30
0.0
 40
300.0
  1
C1
 50
7.0344e-12
  7
_HZTXT
 41
0.7
100
AcDbText
  0
TEXT
  5
8B3
330
17
100
AcDbEntity
  8
PUB_TEXT
100
AcDbText
 10
2557100.50639426
 20
-45853.28636627865
 30
0.0
 40
300.0
  1
卫生间排气道详03J930-1，6/406；楼板予留洞尺寸350X300；
  7
_HZTXT
 41
0.8
100
AcDbText
  0
LINE
  5
8B4
330
17
100
AcDbEntity
  8
PUB_DIM
100
AcDbLine
 10
2549767.247640231
 20
-24195.25105821993
 30
0.0
 11
2547952.199311517
 21
-20434.44554896315
 31
0.0
  0
LINE
  5
8B5
330
17
100
AcDbEntity
  8
PUB_DIM
100
AcDbLine
 10
2547952.199311517
 20
-20434.44554896315
 30
0.0
 11
2545356.413368172
 21
-20434.44554896315
 31
0.0
  0
INSERT
  5
8B6
330
17
100
AcDbEntity
  8
PUB_DIM
100
AcDbBlockReference
 66
1
  2
_INDEX
 10
2544856.413368172
 20
-20434.44554896315
 30
0.0
 41
1000.0
 42
1000.0
 43
1000.0
  0
ATTRIB
  5
8B7
330
8B6
100
AcDbEntity
  8
0
100
AcDbText
 10
2544686.413368172
 20
-20384.44554896315
 30
0.0
 40
340.0
  1
2
  7
COMP
 41
1.5
 72
5
 11
2545026.413368172
 21
-20384.44554896315
 31
0.0
100
AcDbAttribute
  2
1
 70
0
 71
1
 72
0
 11
2545026.413368172
 21
-20384.44554896315
 31
0.0
  0
ATTRIB
  5
8B8
330
8B6
100
AcDbEntity
  8
0
100
AcDbText
 10
2544686.413368172
 20
-20824.44554896315
 30
0.0
 40
340.0
  1
13
  7
COMP
 41
0.7241379310344829
 72
5
 11
2545026.413368172
 21
-20824.44554896315
 31
0.0
100
AcDbAttribute
  2
-
 70
0
 71
1
 72
0
 11
2545026.413368172
 21
-20824.44554896315
 31
0.0
  0
SEQEND
  5
8B9
330
8B6
100
AcDbEntity
  8
PUB_DIM
  0
TEXT
  5
8BA
330
17
100
AcDbEntity
  8
PUB_TEXT
100
AcDbText
 10
2545882.765857196
 20
-20391.91566114844
 30
-4.36557e-11
 40
300.0
  1
楼梯大样
  7
_HZTXT
 41
0.8
100
AcDbText
  0
TEXT
  5
8BB
330
17
100
AcDbEntity
  8
PUB_TEXT
100
AcDbText
 10
2545590.920653457
 20
-20793.47500507609
 30
-4.36557e-11
 40
300.0
  1
详建施(余同)
  7
_HZTXT
 41
0.8
100
AcDbText
  0
TEXT
  5
8BC
330
17
100
AcDbEntity
  8
PUB_TEXT
100
AcDbText
 10
2540188.741249016
 20
-20391.91566114844
 30
-4.36557e-11
 40
300.0
  1
空调百页大样
  7
_HZTXT
 41
0.8
100
AcDbText
  0
TEXT
  5
8BD
330
17
100
AcDbEntity
  8
PUB_TEXT
100
AcDbText
 10
2540193.378528241
 20
-20793.47500507609
 30
-4.36557e-11
 40
300.0
  1
详建施(余同)
  7
_HZTXT
 41
0.8
100
AcDbText
  0
LINE
  5
8BE
330
17
100
AcDbEntity
  8
PUB_DIM
100
AcDbLine
 10
2542663.364118851
 20
-22225.64713263931
 30
0.0
 11
2542399.761786531
 21
-20469.84531455313
 31
0.0
  0
LINE
  5
8BF
330
17
100
AcDbEntity
  8
PUB_DIM
100
AcDbLine
 10
2542399.761786531
 20
-20469.84531455313
 30
0.0
 11
2539847.503437734
 21
-20469.84531455313
 31
0.0
  0
INSERT
  5
8C0
330
17
100
AcDbEntity
  8
PUB_DIM
100
AcDbBlockReference
 66
1
  2
_INDEX
 10
2539347.503437734
 20
-20469.84531455313
 30
0.0
 41
1000.0
 42
1000.0
 43
1000.0
  0
ATTRIB
  5
8C1
330
8C0
100
AcDbEntity
  8
0
100
AcDbText
 10
2539177.503437734
 20
-20419.84531455313
 30
0.0
 40
340.0
  1
2
  7
COMP
 41
1.5
 72
5
 11
2539517.503437734
 21
-20419.84531455313
 31
0.0
100
AcDbAttribute
  2
1
 70
0
 71
1
 72
0
 11
2539517.503437734
 21
-20419.84531455313
 31
0.0
  0
ATTRIB
  5
8C2
330
8C0
100
AcDbEntity
  8
0
100
AcDbText
 10
2539177.503437734
 20
-20859.84531455313
 30
0.0
 40
340.0
  1
15
  7
COMP
 41
0.7241379310344829
 72
5
 11
2539517.503437734
 21
-20859.84531455313
 31
0.0
100
AcDbAttribute
  2
-
 70
0
 71
1
 72
0
 11
2539517.503437734
 21
-20859.84531455313
 31
0.0
  0
SEQEND
  5
8C3
330
8C0
100
AcDbEntity
  8
PUB_DIM
  0
LINE
  5
8C4
330
17
100
AcDbEntity
  8
PUB_DIM
100
AcDbLine
 10
2540831.355863195
 20
-34428.71557349095
 30
0.0
 11
2540831.355863195
 21
-36590.76289116557
 31
0.0
  0
LINE
  5
8C5
330
17
100
AcDbEntity
  8
PUB_DIM
100
AcDbLine
 10
2540831.355863195
 20
-36590.76289116557
 30
0.0
 11
2538769.250956547
 21
-36590.76289116557
 31
0.0
  0
INSERT
  5
8C6
330
17
100
AcDbEntity
  8
PUB_DIM
100
AcDbBlockReference
 66
1
  2
_INDEX
 10
2538269.250956547
 20
-36590.76289116557
 30
0.0
 41
1000.0
 42
1000.0
 43
1000.0
  0
ATTRIB
  5
8C7
330
8C6
100
AcDbEntity
  8
0
100
AcDbText
 10
2538099.250956547
 20
-36540.76289116557
 30
0.0
 40
340.0
  1
6
  7
COMP
 41
1.5
 72
5
 11
2538439.250956547
 21
-36540.76289116557
 31
0.0
100
AcDbAttribute
  2
1
 70
0
 71
1
 72
0
 11
2538439.250956547
 21
-36540.76289116557
 31
0.0
  0
ATTRIB
  5
8C8
330
8C6
100
AcDbEntity
  8
0
100
AcDbText
 10
2538099.250956547
 20
-36980.76289116557
 30
0.0
 40
340.0
  1
15
  7
COMP
 41
0.7241379310344829
 72
5
 11
2538439.250956547
 21
-36980.76289116557
 31
0.0
100
AcDbAttribute
  2
-
 70
0
 71
1
 72
0
 11
2538439.250956547
 21
-36980.76289116557
 31
0.0
  0
SEQEND
  5
8C9
330
8C6
100
AcDbEntity
  8
PUB_DIM
  0
LWPOLYLINE
  5
8CA
330
17
100
AcDbEntity
  8
PUB_DIM
100
AcDbPolyline
 90
2
 70
0
 43
50.0
 10
2540931.355863195
 20
-34428.71557349095
 10
2540931.355863195
 20
-35428.71557349095
  0
TEXT
  5
8CB
330
17
100
AcDbEntity
  8
PUB_TEXT
100
AcDbText
 10
2539068.43391144
 20
-36512.83323776088
 30
-4.36557e-11
 40
300.0
  1
凸窗大样
  7
_HZTXT
 41
0.8
100
AcDbText
  0
TEXT
  5
8CC
330
17
100
AcDbEntity
  8
PUB_TEXT
100
AcDbText
 10
2539073.071190664
 20
-36914.39258168853
 30
-4.36557e-11
 40
300.0
  1
详建施(余同)
  7
_HZTXT
 41
0.8
100
AcDbText
  0
LINE
  5
8CD
330
17
100
AcDbEntity
  8
PUB_DIM
100
AcDbLine
 10
2566293.297426272
 20
-19383.1403474593
 30
0.0
 11
2565385.773261916
 21
-17502.73759283091
 31
0.0
  0
LINE
  5
8CE
330
17
100
AcDbEntity
  8
PUB_DIM
100
AcDbLine
 10
2565385.773261916
 20
-17502.73759283091
 30
0.0
 11
2562789.987318571
 21
-17502.73759283091
 31
0.0
  0
INSERT
  5
8CF
330
17
100
AcDbEntity
  8
PUB_DIM
100
AcDbBlockReference
 66
1
  2
_INDEX
 10
2562289.987318571
 20
-17502.73759283091
 30
0.0
 41
1000.0
 42
1000.0
 43
1000.0
  0
ATTRIB
  5
8D0
330
8CF
100
AcDbEntity
  8
0
100
AcDbText
 10
2562119.987318571
 20
-17452.73759283091
 30
0.0
 40
340.0
  1
1
  7
COMP
 41
2.333333333333333
 72
5
 11
2562459.987318571
 21
-17452.73759283091
 31
0.0
100
AcDbAttribute
  2
1
 70
0
 71
1
 72
0
 11
2562459.987318571
 21
-17452.73759283091
 31
0.0
  0
ATTRIB
  5
8D1
330
8CF
100
AcDbEntity
  8
0
100
AcDbText
 10
2562119.987318571
 20
-17892.73759283091
 30
0.0
 40
340.0
  1
14
  7
COMP
 41
0.6774193548387096
 72
5
 11
2562459.987318571
 21
-17892.73759283091
 31
0.0
100
AcDbAttribute
  2
-
 70
0
 71
1
 72
0
 11
2562459.987318571
 21
-17892.73759283091
 31
0.0
  0
SEQEND
  5
8D2
330
8CF
100
AcDbEntity
  8
PUB_DIM
  0
TEXT
  5
8D3
330
17
100
AcDbEntity
  8
PUB_TEXT
100
AcDbText
 10
2563316.339807594
 20
-17460.20770501619
 30
-4.36557e-11
 40
300.0
  1
阳台（一）大样
  7
_HZTXT
 41
0.8
100
AcDbText
  0
TEXT
  5
8D4
330
17
100
AcDbEntity
  8
PUB_TEXT
100
AcDbText
 10
2563579.610853581
 20
-17861.76704894385
 30
-4.36557e-11
 40
300.0
  1
详建施(余同)
  7
_HZTXT
 41
0.8
100
AcDbText
  0
LINE
  5
8D5
330
17
100
AcDbEntity
  8
PUB_DIM
100
AcDbLine
 10
2576570.33133727
 20
-19409.96037539299
 30
0.0
 11
2575662.807172913
 21
-17529.55762076459
 31
0.0
  0
LINE
  5
8D6
330
17
100
AcDbEntity
  8
PUB_DIM
100
AcDbLine
 10
2575662.807172913
 20
-17529.55762076459
 30
0.0
 11
2573067.021229568
 21
-17529.55762076459
 31
0.0
  0
INSERT
  5
8D7
330
17
100
AcDbEntity
  8
PUB_DIM
100
AcDbBlockReference
 66
1
  2
_INDEX
 10
2572567.021229568
 20
-17529.55762076459
 30
0.0
 41
1000.0
 42
1000.0
 43
1000.0
  0
ATTRIB
  5
8D8
330
8D7
100
AcDbEntity
  8
0
100
AcDbText
 10
2572397.021229568
 20
-17479.55762076459
 30
0.0
 40
340.0
  1
2
  7
COMP
 41
1.5
 72
5
 11
2572737.021229568
 21
-17479.55762076459
 31
0.0
100
AcDbAttribute
  2
1
 70
0
 71
1
 72
0
 11
2572737.021229568
 21
-17479.55762076459
 31
0.0
  0
ATTRIB
  5
8D9
330
8D7
100
AcDbEntity
  8
0
100
AcDbText
 10
2572397.021229568
 20
-17919.55762076459
 30
0.0
 40
340.0
  1
14
  7
COMP
 41
0.6774193548387096
 72
5
 11
2572737.021229568
 21
-17919.55762076459
 31
0.0
100
AcDbAttribute
  2
-
 70
0
 71
1
 72
0
 11
2572737.021229568
 21
-17919.55762076459
 31
0.0
  0
SEQEND
  5
8DA
330
8D7
100
AcDbEntity
  8
PUB_DIM
  0
TEXT
  5
8DB
330
17
100
AcDbEntity
  8
PUB_TEXT
100
AcDbText
 10
2573593.373718592
 20
-17487.02773294988
 30
-4.36557e-11
 40
300.0
  1
阳台（二）大样
  7
_HZTXT
 41
0.8
100
AcDbText
  0
TEXT
  5
8DC
330
17
100
AcDbEntity
  8
PUB_TEXT
100
AcDbText
 10
2573856.644764579
 20
-17888.58707687754
 30
-4.36557e-11
 40
300.0
  1
详建施
  7
_HZTXT
 41
0.8
100
AcDbText
  0
LINE
  5
8DD
330
17
100
AcDbEntity
  8
PUB_DIM
100
AcDbLine
 10
2582304.205621898
 20
-27154.08746997093
 30
0.0
 11
2582857.182801264
 21
-28477.14294467971
 31
0.0
  0
LINE
  5
8DE
330
17
100
AcDbEntity
  8
PUB_DIM
100
AcDbLine
 10
2582857.182801264
 20
-28477.14294467971
 30
0.0
 11
2584267.468197752
 21
-28477.14294467971
 31
0.0
  0
INSERT
  5
8DF
330
17
100
AcDbEntity
  8
PUB_DIM
100
AcDbBlockReference
 66
1
  2
_INDEX
 10
2584583.142907664
 20
-28477.14294467971
 30
0.0
 41
1000.0
 42
1000.0
 43
1000.0
  0
ATTRIB
  5
8E0
330
8DF
100
AcDbEntity
  8
0
100
AcDbText
 10
2584413.142907664
 20
-28427.14294467971
 30
0.0
 40
340.0
  1
3
  7
COMP
 41
1.5
 72
5
 11
2584753.142907664
 21
-28427.14294467971
 31
0.0
100
AcDbAttribute
  2
1
 70
0
 71
1
 72
0
 11
2584753.142907664
 21
-28427.14294467971
 31
0.0
  0
ATTRIB
  5
8E1
330
8DF
100
AcDbEntity
  8
0
100
AcDbText
 10
2584413.142907664
 20
-28867.14294467971
 30
0.0
 40
340.0
  1
14
  7
COMP
 41
0.6774193548387096
 72
5
 11
2584753.142907664
 21
-28867.14294467971
 31
0.0
100
AcDbAttribute
  2
-
 70
0
 71
1
 72
0
 11
2584753.142907664
 21
-28867.14294467971
 31
0.0
  0
SEQEND
  5
8E2
330
8DF
100
AcDbEntity
  8
PUB_DIM
  0
TEXT
  5
8E3
330
17
100
AcDbEntity
  8
PUB_TEXT
100
AcDbText
 10
2582886.782175304
 20
-28434.613056865
 30
-4.36557e-11
 40
300.0
  1
阳台（三）
  7
_HZTXT
 41
0.8
100
AcDbText
  0
TEXT
  5
8E4
330
17
100
AcDbEntity
  8
PUB_TEXT
100
AcDbText
 10
2582867.22073016
 20
-28836.17240079266
 30
-4.36557e-11
 40
300.0
  1
大样详建施
  7
_HZTXT
 41
0.8
100
AcDbText
  0
LINE
  5
8E5
330
17
100
AcDbEntity
  8
PUB_DIM
100
AcDbLine
 10
2576723.280759016
 20
-32392.30728386133
 30
0.0
 11
2577879.562144508
 21
-33921.82741433895
 31
0.0
  0
LINE
  5
8E6
330
17
100
AcDbEntity
  8
PUB_DIM
100
AcDbLine
 10
2577879.562144508
 20
-33921.82741433895
 30
0.0
 11
2579693.341142422
 21
-33921.82741433895
 31
0.0
  0
INSERT
  5
8E7
330
17
100
AcDbEntity
  8
PUB_DIM
100
AcDbBlockReference
 66
1
  2
_INDEX
 10
2580193.341142422
 20
-33921.82741433895
 30
0.0
 41
1000.0
 42
1000.0
 43
1000.0
  0
ATTRIB
  5
8E8
330
8E7
100
AcDbEntity
  8
0
100
AcDbText
 10
2580023.341142422
 20
-33871.82741433895
 30
0.0
 40
340.0
  1
4
  7
COMP
 41
1.3125
 72
5
 11
2580363.341142422
 21
-33871.82741433895
 31
0.0
100
AcDbAttribute
  2
1
 70
0
 71
1
 72
0
 11
2580363.341142422
 21
-33871.82741433895
 31
0.0
  0
ATTRIB
  5
8E9
330
8E7
100
AcDbEntity
  8
0
100
AcDbText
 10
2580023.341142422
 20
-34311.82741433895
 30
0.0
 40
340.0
  1
14
  7
COMP
 41
0.6774193548387096
 72
5
 11
2580363.341142422
 21
-34311.82741433895
 31
0.0
100
AcDbAttribute
  2
-
 70
0
 71
1
 72
0
 11
2580363.341142422
 21
-34311.82741433895
 31
0.0
  0
SEQEND
  5
8EA
330
8E7
100
AcDbEntity
  8
PUB_DIM
  0
TEXT
  5
8EB
330
17
100
AcDbEntity
  8
PUB_TEXT
100
AcDbText
 10
2578295.659067041
 20
-33879.29752652423
 30
-4.36557e-11
 40
300.0
  1
阳台（四）
  7
_HZTXT
 41
0.8
100
AcDbText
  0
TEXT
  5
8EC
330
17
100
AcDbEntity
  8
PUB_TEXT
100
AcDbText
 10
2578276.097621897
 20
-34280.85687045189
 30
-4.36557e-11
 40
300.0
  1
大样详建施
  7
_HZTXT
 41
0.8
100
AcDbText
  0
LINE
  5
8ED
330
17
100
AcDbEntity
  8
PUB_DIM
100
AcDbLine
 10
2567265.013301717
 20
-32392.30728386133
 30
0.0
 11
2568121.294687209
 21
-33921.82741433895
 31
0.0
  0
LINE
  5
8EE
330
17
100
AcDbEntity
  8
PUB_DIM
100
AcDbLine
 10
2568121.294687209
 20
-33921.82741433895
 30
0.0
 11
2569935.073685123
 21
-33921.82741433895
 31
0.0
  0
INSERT
  5
8EF
330
17
100
AcDbEntity
  8
PUB_DIM
100
AcDbBlockReference
 66
1
  2
_INDEX
 10
2570435.073685123
 20
-33921.82741433895
 30
0.0
 41
1000.0
 42
1000.0
 43
1000.0
  0
ATTRIB
  5
8F0
330
8EF
100
AcDbEntity
  8
0
100
AcDbText
 10
2570265.073685123
 20
-33871.82741433895
 30
0.0
 40
340.0
  1
5
  7
COMP
 41
1.5
 72
5
 11
2570605.073685123
 21
-33871.82741433895
 31
0.0
100
AcDbAttribute
  2
1
 70
0
 71
1
 72
0
 11
2570605.073685123
 21
-33871.82741433895
 31
0.0
  0
ATTRIB
  5
8F1
330
8EF
100
AcDbEntity
  8
0
100
AcDbText
 10
2570265.073685123
 20
-34311.82741433895
 30
0.0
 40
340.0
  1
14
  7
COMP
 41
0.6774193548387096
 72
5
 11
2570605.073685123
 21
-34311.82741433895
 31
0.0
100
AcDbAttribute
  2
-
 70
0
 71
1
 72
0
 11
2570605.073685123
 21
-34311.82741433895
 31
0.0
  0
SEQEND
  5
8F2
330
8EF
100
AcDbEntity
  8
PUB_DIM
  0
TEXT
  5
8F3
330
17
100
AcDbEntity
  8
PUB_TEXT
100
AcDbText
 10
2568224.881808282
 20
-33879.29752652423
 30
-4.36557e-11
 40
300.0
  1
阳台（五）大样
  7
_HZTXT
 41
0.8
100
AcDbText
  0
TEXT
  5
8F4
330
17
100
AcDbEntity
  8
PUB_TEXT
100
AcDbText
 10
2568350.414526804
 20
-34280.85687045189
 30
-4.36557e-11
 40
300.0
  1
详建施(余同)
  7
_HZTXT
 41
0.8
100
AcDbText
  0
LINE
  5
8F5
330
17
100
AcDbEntity
  8
PUB_DIM
100
AcDbLine
 10
2549195.373593879
 20
-34105.70395154204
 30
0.0
 11
2549195.373593879
 21
-36819.87025973003
 31
0.0
  0
LINE
  5
8F6
330
17
100
AcDbEntity
  8
PUB_DIM
100
AcDbLine
 10
2549195.373593879
 20
-36819.87025973003
 30
0.0
 11
2551266.389548229
 21
-36819.87025973003
 31
0.0
  0
INSERT
  5
8F7
330
17
100
AcDbEntity
  8
PUB_DIM
100
AcDbBlockReference
 66
1
  2
_INDEX
 10
2551766.389548229
 20
-36819.87025973003
 30
0.0
 41
1000.0
 42
1000.0
 43
1000.0
  0
ATTRIB
  5
8F8
330
8F7
100
AcDbEntity
  8
0
100
AcDbText
 10
2551596.389548229
 20
-36769.87025973003
 30
0.0
 40
340.0
  1
7
  7
COMP
 41
1.5
 72
5
 11
2551936.389548229
 21
-36769.87025973003
 31
0.0
100
AcDbAttribute
  2
1
 70
0
 71
1
 72
0
 11
2551936.389548229
 21
-36769.87025973003
 31
0.0
  0
ATTRIB
  5
8F9
330
8F7
100
AcDbEntity
  8
0
100
AcDbText
 10
2551596.389548229
 20
-37209.87025973003
 30
0.0
 40
340.0
  1
15
  7
COMP
 41
0.7241379310344829
 72
5
 11
2551936.389548229
 21
-37209.87025973003
 31
0.0
100
AcDbAttribute
  2
-
 70
0
 71
1
 72
0
 11
2551936.389548229
 21
-37209.87025973003
 31
0.0
  0
SEQEND
  5
8FA
330
8F7
100
AcDbEntity
  8
PUB_DIM
  0
LWPOLYLINE
  5
8FB
330
17
100
AcDbEntity
  8
PUB_DIM
100
AcDbPolyline
 90
2
 70
0
 43
50.0
 10
2549095.373593879
 20
-34105.70395154204
 10
2549095.373593879
 20
-35105.70395154204
  0
TEXT
  5
8FC
330
17
100
AcDbEntity
  8
PUB_TEXT
100
AcDbText
 10
2549670.514474066
 20
-36741.94060632534
 30
-4.36557e-11
 40
300.0
  1
空调板大样
  7
_HZTXT
 41
0.8
100
AcDbText
  0
TEXT
  5
8FD
330
17
100
AcDbEntity
  8
PUB_TEXT
100
AcDbText
 10
2549675.151753291
 20
-37143.499950253
 30
-4.36557e-11
 40
300.0
  1
详建施(余同)
  7
_HZTXT
 41
0.8
100
AcDbText
  0
TEXT
  5
8FE
330
17
100
AcDbEntity
  8
PUB_TEXT
100
AcDbText
 10
2561959.53249054
 20
-33657.26996177565
 30
-4.36557e-11
 40
300.0
  1
外墙变形缝做法参
  7
_HZTXT
 41
0.8
100
AcDbText
  0
LINE
  5
8FF
330
17
100
AcDbEntity
  8
PUB_DIM
100
AcDbLine
 10
2560621.589901577
 20
-31683.87042695741
 30
0.0
 11
2561949.663280455
 21
-33703.74368052344
 31
0.0
  0
LINE
  5
900
330
17
100
AcDbEntity
  8
PUB_DIM
100
AcDbLine
 10
2561949.663280455
 20
-33703.74368052344
 30
0.0
 11
2564226.487405794
 21
-33703.74368052344
 31
0.0
  0
INSERT
  5
901
330
17
100
AcDbEntity
  8
PUB_DIM
100
AcDbBlockReference
 66
1
  2
_INDEX
 10
2564726.487405794
 20
-33703.74368052344
 30
0.0
 41
1000.0
 42
1000.0
 43
1000.0
  0
ATTRIB
  5
902
330
901
100
AcDbEntity
  8
0
100
AcDbText
 10
2564556.487405794
 20
-33653.74368052344
 30
0.0
 40
340.0
  1
2
  7
COMP
 41
1.5
 72
5
 11
2564896.487405794
 21
-33653.74368052344
 31
0.0
100
AcDbAttribute
  2
1
 70
0
 71
1
 72
0
 11
2564896.487405794
 21
-33653.74368052344
 31
0.0
  0
ATTRIB
  5
903
330
901
100
AcDbEntity
  8
0
100
AcDbText
 10
2564556.487405794
 20
-34093.74368052344
 30
0.0
 40
340.0
  1
218
  7
COMP
 41
0.4285714285714287
 72
5
 11
2564896.487405794
 21
-34093.74368052344
 31
0.0
100
AcDbAttribute
  2
-
 70
0
 71
1
 72
0
 11
2564896.487405794
 21
-34093.74368052344
 31
0.0
  0
SEQEND
  5
904
330
901
100
AcDbEntity
  8
PUB_DIM
  0
TEXT
  5
905
330
17
100
AcDbEntity
  8
PUB_TEXT
100
AcDbText
 10
2562070.83066583
 20
-34051.18019887854
 30
-4.36557e-11
 40
300.0
  1
03J930-1(余同)
  7
_HZTXT
 41
0.8
100
AcDbText
  0
LINE
  5
906
330
17
100
AcDbEntity
  8
PUB_DIM
100
AcDbLine
 10
2550031.464721002
 20
-22479.45554403309
 30
0.0
 11
2550031.464721002
 21
-20442.55693346798
 31
0.0
  0
LINE
  5
907
330
17
100
AcDbEntity
  8
PUB_DIM
100
AcDbLine
 10
2550031.464721002
 20
-20442.55693346798
 30
0.0
 11
2553115.978495956
 21
-20442.55693346798
 31
0.0
  0
INSERT
  5
908
330
17
100
AcDbEntity
  8
PUB_DIM
100
AcDbBlockReference
 66
1
  2
_INDEX
 10
2553615.978495956
 20
-20442.55693346798
 30
0.0
 41
1000.0
 42
1000.0
 43
1000.0
  0
ATTRIB
  5
909
330
908
100
AcDbEntity
  8
0
100
AcDbText
 10
2553445.978495956
 20
-20392.55693346798
 30
0.0
 40
340.0
  1
5
  7
COMP
 41
1.5
 72
5
 11
2553785.978495956
 21
-20392.55693346798
 31
0.0
100
AcDbAttribute
  2
1
 70
0
 71
1
 72
0
 11
2553785.978495956
 21
-20392.55693346798
 31
0.0
  0
ATTRIB
  5
90A
330
908
100
AcDbEntity
  8
0
100
AcDbText
 10
2553445.978495956
 20
-20832.55693346798
 30
0.0
 40
340.0
  1
15
  7
COMP
 41
0.7241379310344829
 72
5
 11
2553785.978495956
 21
-20832.55693346798
 31
0.0
100
AcDbAttribute
  2
-
 70
0
 71
1
 72
0
 11
2553785.978495956
 21
-20832.55693346798
 31
0.0
  0
SEQEND
  5
90B
330
908
100
AcDbEntity
  8
PUB_DIM
  0
LWPOLYLINE
  5
90C
330
17
100
AcDbEntity
  8
PUB_DIM
100
AcDbPolyline
 90
2
 70
0
 43
50.0
 10
2549931.464721002
 20
-22479.45554403309
 10
2549931.464721002
 20
-21479.45554403309
  0
TEXT
  5
90D
330
17
100
AcDbEntity
  8
PUB_TEXT
100
AcDbText
 10
2550311.543068078
 20
-20400.02704565326
 30
-4.36557e-11
 40
300.0
  1
入口雨蓬大样（仅一层设）
  7
_HZTXT
 41
0.8
100
AcDbText
  0
TEXT
  5
90E
330
17
100
AcDbEntity
  8
PUB_TEXT
100
AcDbText
 10
2550364.187684064
 20
-20801.58638958092
 30
-4.36557e-11
 40
300.0
  1
详建施(余同)
  7
_HZTXT
 41
0.8
100
AcDbText
  0
LINE
  5
90F
330
17
100
AcDbEntity
  8
PUB_DIM
100
AcDbLine
 10
2571530.342510302
 20
-19409.96037539299
 30
0.0
 11
2570622.818345946
 21
-17529.55762076459
 31
0.0
  0
LINE
  5
910
330
17
100
AcDbEntity
  8
PUB_DIM
100
AcDbLine
 10
2570622.818345946
 20
-17529.55762076459
 30
0.0
 11
2568027.0324026
 21
-17529.55762076459
 31
0.0
  0
TEXT
  5
911
330
17
100
AcDbEntity
  8
PUB_TEXT
100
AcDbText
 10
2568151.849704678
 20
-17487.02773294988
 30
-4.36557e-11
 40
300.0
  1
入口雨蓬（仅一层设）
  7
_HZTXT
 41
0.8
100
AcDbText
  0
LWPOLYLINE
  5
912
330
17
100
AcDbEntity
  8
XIANJIAO
100
AcDbPolyline
 90
3
 70
0
 10
2559765.40853126
 20
-22383.86573607487
 10
2559765.40853126
 20
-28083.86573607488
 10
2560565.357367706
 20
-28083.86573607498
  0
LINE
  5
913
330
17
100
AcDbEntity
  8
XIANJIAO
100
AcDbLine
 10
2559765.40853126
 20
-22383.86573607487
 30
0.0
 11
2559465.40853126
 21
-22383.86573607459
 31
0.0
  0
LINE
  5
914
330
17
100
AcDbEntity
  8
XIANJIAO
100
AcDbLine
 10
2560565.357367706
 20
-28183.86573607422
 30
0.0
 11
2560565.357367706
 21
-28083.86573607498
 31
0.0
  0
LWPOLYLINE
  5
915
330
17
100
AcDbEntity
  8
XIANJIAO
100
AcDbPolyline
 90
5
 70
0
 10
2561765.354329815
 20
-19383.86573607618
 10
2561465.354329814
 20
-19383.86573607603
 10
2561465.354329815
 20
-25083.8657360761
 10
2560565.354329815
 20
-25083.86573607622
 10
2560565.354329815
 20
-27983.8657360762
  0
LINE
  5
916
330
17
100
AcDbEntity
  8
XIANJIAO
100
AcDbLine
 10
2560565.354329815
 20
-27983.8657360762
 30
0.0
 11
2560665.354329815
 21
-27983.8657360762
 31
0.0
  0
LINE
  5
917
330
17
100
AcDbEntity
  8
XIANJIAO
100
AcDbLine
 10
2572965.357367712
 20
-20083.86573607073
 30
0.0
 11
2574765.357367704
 21
-20083.86573607449
 31
0.0
  0
LWPOLYLINE
  5
918
330
17
100
AcDbEntity
  8
AREA
100
AcDbPolyline
 90
12
 70
1
 10
2571565.357367707
 20
-20183.86573607521
 10
2577923.936011475
 20
-20183.86573606898
 10
2578614.936011468
 20
-19492.86573607677
 10
2578623.93601147
 20
-19483.86573607481
 10
2581865.357367705
 20
-19483.86573607213
 10
2582865.357367708
 20
-20483.86573607946
 10
2582865.357367709
 20
-23125.28709231166
 10
2581865.357367705
 20
-24125.28709231812
 10
2581865.357367703
 20
-31683.86573607434
 10
2577965.357367705
 20
-31683.86573608039
 10
2577965.357367705
 20
-31383.86573607385
 10
2571565.360405607
 20
-31383.86573607626
  0
LWPOLYLINE
  5
919
330
17
100
AcDbEntity
  8
AREA
100
AcDbPolyline
 90
10
 70
1
 10
2571565.357367707
 20
-20183.86573607269
 10
2571565.357367706
 20
-31383.86573607343
 10
2564565.354329815
 20
-31383.86573609516
 10
2564565.354329817
 20
-31683.8657360744
 10
2560665.354329817
 20
-31683.8657360744
 10
2560665.354329815
 20
-25183.8657360744
 10
2561565.357367709
 20
-25183.8657360744
 10
2561565.354329814
 20
-19483.86573607312
 10
2565065.405474663
 20
-19484.12156499345
 10
2565065.402609864
 20
-20183.84403714731
  0
TEXT
  5
91A
330
17
100
AcDbEntity
  8
PUB_TEXT
100
AcDbText
 10
2596870.721012838
 20
-7614.751409385353
 30
-1.45196845e-08
 40
500.0
  1
03/16
  7
_HZTXT
 41
0.8
100
AcDbText
  0
INSERT
  5
91B
330
17
100
AcDbEntity
  8
TK
100
AcDbBlockReference
  2
A$C3A595512
 10
2526477.091488594
 20
-9459.713965896037
 30
0.0
  0
TEXT
  5
91D
330
17
100
AcDbEntity
  8
PUB_TEXT
100
AcDbText
 10
2594936.490154823
 20
-46540.47617777743
 30
-1.45196845e-08
 40
700.0
  1
一～三层平面图
  7
_HZTXT
 41
0.8
100
AcDbText
  0
INSERT
  5
91E
330
17
100
AcDbEntity
  8
TK
100
AcDbBlockReference
  2
A$C3A595512
 10
2604523.583863996
 20
-9459.713965896037
 30
0.0
  0
INSERT
  5
920
330
17
100
AcDbEntity
  8
PUB_DIM
100
AcDbBlockReference
 66
1
  2
_INDEX
 10
2543856.413368172
 20
-20434.44554896315
 30
0.0
 41
1000.0
 42
1000.0
 43
1000.0
  0
ATTRIB
  5
921
330
920
100
AcDbEntity
  8
0
100
AcDbText
 10
2543686.413368172
 20
-20384.44554896315
 30
0.0
 40
340.0
  1
3
  7
COMP
 41
1.5
 72
5
 11
2544026.413368172
 21
-20384.44554896315
 31
0.0
100
AcDbAttribute
  2
1
 70
0
 71
1
 72
0
 11
2544026.413368172
 21
-20384.44554896315
 31
0.0
  0
ATTRIB
  5
922
330
920
100
AcDbEntity
  8
0
100
AcDbText
 10
2543686.413368172
 20
-20824.44554896315
 30
0.0
 40
340.0
  1
13
  7
COMP
 41
0.7241379310344829
 72
5
 11
2544026.413368172
 21
-20824.44554896315
 31
0.0
100
AcDbAttribute
  2
-
 70
0
 71
1
 72
0
 11
2544026.413368172
 21
-20824.44554896315
 31
0.0
  0
SEQEND
  5
923
330
920
100
AcDbEntity
  8
PUB_DIM
  0
ENDSEC
  0
SECTION
  2
OBJECTS
  0
DICTIONARY
  5
A
330
0
100
AcDbDictionary
281
1
  3
ACAD_COLOR
350
B
  3
ACAD_GROUP
350
C
  3
ACAD_LAYOUT
350
D
  3
ACAD_MATERIAL
350
E
  3
ACAD_MLEADERSTYLE
350
F
  3
ACAD_MLINESTYLE
350
10
  3
ACAD_PLOTSETTINGS
350
11
  3
ACAD_PLOTSTYLENAME
350
12
  3
ACAD_SCALELIST
350
14
  3
ACAD_TABLESTYLE
350
15
  3
ACAD_VISUALSTYLE
350
16
  3
EZDXF_META
350
2D
  0
DICTIONARY
  5
B
330
A
100
AcDbDictionary
281
1
  0
DICTIONARY
  5
C
330
A
100
AcDbDictionary
281
1
  0
DICTIONARY
  5
D
330
A
100
AcDbDictionary
281
1
  3
Model
350
1A
  3
Layout1
350
1E
  0
DICTIONARY
  5
E
330
A
100
AcDbDictionary
281
1
  3
ByBlock
350
1F
  3
ByLayer
350
20
  3
Global
350
21
  0
DICTIONARY
  5
F
330
A
100
AcDbDictionary
281
1
  3
Standard
350
2C
  0
DICTIONARY
  5
10
330
A
100
AcDbDictionary
281
1
  3
Standard
350
22
  0
DICTIONARY
  5
11
330
A
100
AcDbDictionary
281
1
  0
ACDBDICTIONARYWDFLT
  5
12
330
A
100
AcDbDictionary
281
1
  3
Normal
350
13
100
AcDbDictionaryWithDefault
340
13
  0
ACDBPLACEHOLDER
  5
13
330
12
  0
DICTIONARY
  5
14
330
A
100
AcDbDictionary
281
1
  0
DICTIONARY
  5
15
330
A
100
AcDbDictionary
281
1
  0
DICTIONARY
  5
16
330
A
100
AcDbDictionary
281
1
  0
LAYOUT
  5
1A
330
D
100
AcDbPlotSettings
  1

  4
A3
  6

 40
7.5
 41
20.0
 42
7.5
 43
20.0
 44
420.0
 45
297.0
 46
0.0
 47
0.0
 48
0.0
 49
0.0
140
0.0
141
0.0
142
1.0
143
1.0
 70
1024
 72
1
 73
0
 74
5
  7

 75
16
 76
0
 77
2
 78
300
147
1.0
148
0.0
149
0.0
100
AcDbLayout
  1
Model
 70
1
 71
0
 10
0.0
 20
0.0
 11
420.0
 21
297.0
 12
0.0
 22
0.0
 32
0.0
 14
1e+20
 24
1e+20
 34
1e+20
 15
-1e+20
 25
-1e+20
 35
-1e+20
146
0.0
 13
0.0
 23
0.0
 33
0.0
 16
1.0
 26
0.0
 36
0.0
 17
0.0
 27
1.0
 37
0.0
 76
1
330
17
  0
LAYOUT
  5
1E
330
D
100
AcDbPlotSettings
  1

  4
A3
  6

 40
7.5
 41
20.0
 42
7.5
 43
20.0
 44
420.0
 45
297.0
 46
0.0
 47
0.0
 48
0.0
 49
0.0
140
0.0
141
0.0
142
1.0
143
1.0
 70
0
 72
1
 73
0
 74
5
  7

 75
16
 76
0
 77
2
 78
300
147
1.0
148
0.0
149
0.0
100
AcDbLayout
  1
Layout1
 70
1
 71
1
 10
0.0
 20
0.0
 11
420.0
 21
297.0
 12
0.0
 22
0.0
 32
0.0
 14
1e+20
 24
1e+20
 34
1e+20
 15
-1e+20
 25
-1e+20
 35
-1e+20
146
0.0
 13
0.0
 23
0.0
 33
0.0
 16
1.0
 26
0.0
 36
0.0
 17
0.0
 27
1.0
 37
0.0
 76
1
330
1B
  0
MATERIAL
  5
1F
102
{ACAD_REACTORS
330
E
102
}
330
E
100
AcDbMaterial
  1
ByBlock
  2

 70
0
 40
1.0
 71
1
 41
1.0
 91
-1023410177
 42
1.0
 72
1
  3

 73
1
 74
1
 75
1
 44
0.5
 73
0
 45
1.0
 46
1.0
 77
1
  4

 78
1
 79
1
170
1
 48
1.0
171
1
  6

172
1
173
1
174
1
140
1.0
141
1.0
175
1
  7

176
1
177
1
178
1
143
1.0
179
1
  8

270
1
271
1
272
1
145
1.0
146
1.0
273
1
  9

274
1
275
1
276
1
 42
1.0
 72
1
  3

 73
1
 74
1
 75
1
 94
63
  0
MATERIAL
  5
20
102
{ACAD_REACTORS
330
E
102
}
330
E
100
AcDbMaterial
  1
ByLayer
  2

 70
0
 40
1.0
 71
1
 41
1.0
 91
-1023410177
 42
1.0
 72
1
  3

 73
1
 74
1
 75
1
 44
0.5
 73
0
 45
1.0
 46
1.0
 77
1
  4

 78
1
 79
1
170
1
 48
1.0
171
1
  6

172
1
173
1
174
1
140
1.0
141
1.0
175
1
  7

176
1
177
1
178
1
143
1.0
179
1
  8

270
1
271
1
272
1
145
1.0
146
1.0
273
1
  9

274
1
275
1
276
1
 42
1.0
 72
1
  3

 73
1
 74
1
 75
1
 94
63
  0
MATERIAL
  5
21
102
{ACAD_REACTORS
330
E
102
}
330
E
100
AcDbMaterial
  1
Global
  2

 70
0
 40
1.0
 71
1
 41
1.0
 91
-1023410177
 42
1.0
 72
1
  3

 73
1
 74
1
 75
1
 44
0.5
 73
0
 45
1.0
 46
1.0
 77
1
  4

 78
1
 79
1
170
1
 48
1.0
171
1
  6

172
1
173
1
174
1
140
1.0
141
1.0
175
1
  7

176
1
177
1
178
1
143
1.0
179
1
  8

270
1
271
1
272
1
145
1.0
146
1.0
273
1
  9

274
1
275
1
276
1
 42
1.0
 72
1
  3

 73
1
 74
1
 75
1
 94
63
  0
MLINESTYLE
  5
22
102
{ACAD_REACTORS
330
10
102
}
330
10
100
AcDbMlineStyle
  2
Standard
 70
0
  3

 62
256
 51
90.0
 52
90.0
 71
2
 49
0.5
 62
256
  6
BYLAYER
 49
-0.5
 62
256
  6
BYLAYER
  0
MLEADERSTYLE
  5
2C
102
{ACAD_REACTORS
330
F
102
}
330
F
100
AcDbMLeaderStyle
179
2
170
2
171
1
172
0
 90
2
 40
0.0
 41
0.0
173
1
 91
-1056964608
 92
-2
290
1
 42
2.0
291
1
 43
8.0
  3
Standard
 44
4.0
300

342
29
174
1
175
1
176
0
178
1
 93
-1056964608
 45
4.0
292
0
297
0
 46
4.0
 94
-1056964608
 47
1.0
 49
1.0
140
1.0
294
1
141
0.0
177
0
142
1.0
295
0
296
0
143
3.75
271
0
272
9
273
9
  0
DICTIONARY
  5
2D
330
A
100
AcDbDictionary
280
1
281
1
  3
CREATED_BY_EZDXF
350
2E
  3
WRITTEN_BY_EZDXF
350
B8B
  0
DICTIONARYVAR
  5
2E
330
2D
100
DictionaryVariables
280
0
  1
1.4.4 @ 2026-08-12T07:16:28.630664+00:00
  0
DICTIONARYVAR
  5
B8B
330
2D
100
DictionaryVariables
280
0
  1
1.4.4 @ 2026-08-12T07:16:28.795861+00:00
  0
ENDSEC
  0
EOF
